[INFO] Scanning for projects...
[INFO] Downloading from central: https://repo.maven.apache.org/maven2/org/springframework/boot/spring-boot-starter-parent/3.3.2/spring-boot-starter-parent-3.3.2.pom
[INFO] Downloaded from central: https://repo.maven.apache.org/maven2/org/springframework/boot/spring-boot-starter-parent/3.3.2/spring-boot-starter-parent-3.3.2.pom (13 kB at 27 kB/s)
[INFO] Downloading from central: https://repo.maven.apache.org/maven2/org/springframework/boot/spring-boot-dependencies/3.3.2/spring-boot-dependencies-3.3.2.pom
[INFO] Downloaded from central: https://repo.maven.apache.org/maven2/org/springframework/boot/spring-boot-dependencies/3.3.2/spring-boot-dependencies-3.3.2.pom (103 kB at 1.6 MB/s)
[INFO] Downloading from central: https://repo.maven.apache.org/maven2/org/apache/activemq/artemis-bom/2.33.0/artemis-bom-2.33.0.pom
[INFO] Downloaded from central: https://repo.maven.apache.org/maven2/org/apache/activemq/artemis-bom/2.33.0/artemis-bom-2.33.0.pom (9.6 kB at 260 kB/s)
[INFO] Downloading from central: https://repo.maven.apache.org/maven2/org/apache/activemq/artemis-project/2.33.0/artemis-project-2.33.0.pom
[INFO] Downloaded from central: https://repo.maven.apache.org/maven2/org/apache/activemq/artemis-project/2.33.0/artemis-project-2.33.0.pom (64 kB at 1.4 MB/s)
[INFO] Downloading from central: https://repo.maven.apache.org/maven2/org/apache/apache/31/apache-31.pom
[INFO] Downloaded from central: https://repo.maven.apache.org/maven2/org/apache/apache/31/apache-31.pom (24 kB at 672 kB/s)
[INFO] Downloading from central: https://repo.maven.apache.org/maven2/org/assertj/assertj-bom/3.25.3/assertj-bom-3.25.3.pom
[INFO] Downloaded from central: https://repo.maven.apache.org/maven2/org/assertj/assertj-bom/3.25.3/assertj-bom-3.25.3.pom (3.7 kB at 36 kB/s)
[INFO] Downloading from central: https://repo.maven.apache.org/maven2/io/zipkin/reporter2/zipkin-reporter-bom/3.4.0/zipkin-reporter-bom-3.4.0.pom
[INFO] Downloaded from central: https://repo.maven.apache.org/maven2/io/zipkin/reporter2/zipkin-reporter-bom/3.4.0/zipkin-reporter-bom-3.4.0.pom (6.4 kB at 183 kB/s)
[INFO] Downloading from central: https://repo.maven.apache.org/maven2/io/zipkin/brave/brave-bom/6.0.3/brave-bom-6.0.3.pom
[INFO] Downloaded from central: https://repo.maven.apache.org/maven2/io/zipkin/brave/brave-bom/6.0.3/brave-bom-6.0.3.pom (11 kB at 343 kB/s)
[INFO] Downloading from central: https://repo.maven.apache.org/maven2/org/apache/cassandra/java-driver-bom/4.18.1/java-driver-bom-4.18.1.pom
[INFO] Downloaded from central: https://repo.maven.apache.org/maven2/org/apache/cassandra/java-driver-bom/4.18.1/java-driver-bom-4.18.1.pom (5.5 kB at 161 kB/s)
[INFO] Downloading from central: https://repo.maven.apache.org/maven2/org/glassfish/jaxb/jaxb-bom/4.0.5/jaxb-bom-4.0.5.pom
[INFO] Downloaded from central: https://repo.maven.apache.org/maven2/org/glassfish/jaxb/jaxb-bom/4.0.5/jaxb-bom-4.0.5.pom (12 kB at 323 kB/s)
[INFO] Downloading from central: https://repo.maven.apache.org/maven2/org/eclipse/ee4j/project/1.0.9/project-1.0.9.pom
[INFO] Downloaded from central: https://repo.maven.apache.org/maven2/org/eclipse/ee4j/project/1.0.9/project-1.0.9.pom (16 kB at 475 kB/s)
[INFO] Downloading from central: https://repo.maven.apache.org/maven2/org/apache/groovy/groovy-bom/4.0.22/groovy-bom-4.0.22.pom
[INFO] Downloaded from central: https://repo.maven.apache.org/maven2/org/apache/groovy/groovy-bom/4.0.22/groovy-bom-4.0.22.pom (27 kB at 758 kB/s)
[INFO] Downloading from central: https://repo.maven.apache.org/maven2/org/infinispan/infinispan-bom/15.0.5.Final/infinispan-bom-15.0.5.Final.pom
[INFO] Downloaded from central: https://repo.maven.apache.org/maven2/org/infinispan/infinispan-bom/15.0.5.Final/infinispan-bom-15.0.5.Final.pom (18 kB at 379 kB/s)
[INFO] Downloading from central: https://repo.maven.apache.org/maven2/org/infinispan/infinispan-build-configuration-parent/15.0.5.Final/infinispan-build-configuration-parent-15.0.5.Final.pom
[INFO] Downloaded from central: https://repo.maven.apache.org/maven2/org/infinispan/infinispan-build-configuration-parent/15.0.5.Final/infinispan-build-configuration-parent-15.0.5.Final.pom (19 kB at 162 kB/s)
[INFO] Downloading from central: https://repo.maven.apache.org/maven2/org/jboss/jboss-parent/43/jboss-parent-43.pom
[INFO] Downloaded from central: https://repo.maven.apache.org/maven2/org/jboss/jboss-parent/43/jboss-parent-43.pom (75 kB at 640 kB/s)
[INFO] Downloading from central: https://repo.maven.apache.org/maven2/com/fasterxml/jackson/jackson-bom/2.17.2/jackson-bom-2.17.2.pom
[INFO] Downloaded from central: https://repo.maven.apache.org/maven2/com/fasterxml/jackson/jackson-bom/2.17.2/jackson-bom-2.17.2.pom (19 kB at 467 kB/s)
[INFO] Downloading from central: https://repo.maven.apache.org/maven2/com/fasterxml/jackson/jackson-parent/2.17/jackson-parent-2.17.pom
[INFO] Downloaded from central: https://repo.maven.apache.org/maven2/com/fasterxml/jackson/jackson-parent/2.17/jackson-parent-2.17.pom (6.5 kB at 186 kB/s)
[INFO] Downloading from central: https://repo.maven.apache.org/maven2/com/fasterxml/oss-parent/58/oss-parent-58.pom
[INFO] Downloaded from central: https://repo.maven.apache.org/maven2/com/fasterxml/oss-parent/58/oss-parent-58.pom (24 kB at 696 kB/s)
[INFO] Downloading from central: https://repo.maven.apache.org/maven2/org/glassfish/jersey/jersey-bom/3.1.7/jersey-bom-3.1.7.pom
[INFO] Downloaded from central: https://repo.maven.apache.org/maven2/org/glassfish/jersey/jersey-bom/3.1.7/jersey-bom-3.1.7.pom (21 kB at 507 kB/s)
[INFO] Downloading from central: https://repo.maven.apache.org/maven2/org/eclipse/jetty/ee10/jetty-ee10-bom/12.0.11/jetty-ee10-bom-12.0.11.pom
[INFO] Downloaded from central: https://repo.maven.apache.org/maven2/org/eclipse/jetty/ee10/jetty-ee10-bom/12.0.11/jetty-ee10-bom-12.0.11.pom (9.3 kB at 272 kB/s)
[INFO] Downloading from central: https://repo.maven.apache.org/maven2/org/eclipse/jetty/jetty-bom/12.0.11/jetty-bom-12.0.11.pom
[INFO] Downloaded from central: https://repo.maven.apache.org/maven2/org/eclipse/jetty/jetty-bom/12.0.11/jetty-bom-12.0.11.pom (14 kB at 429 kB/s)
[INFO] Downloading from central: https://repo.maven.apache.org/maven2/org/junit/junit-bom/5.10.3/junit-bom-5.10.3.pom
[INFO] Downloaded from central: https://repo.maven.apache.org/maven2/org/junit/junit-bom/5.10.3/junit-bom-5.10.3.pom (5.6 kB at 157 kB/s)
[INFO] Downloading from central: https://repo.maven.apache.org/maven2/org/jetbrains/kotlin/kotlin-bom/1.9.24/kotlin-bom-1.9.24.pom
[INFO] Downloaded from central: https://repo.maven.apache.org/maven2/org/jetbrains/kotlin/kotlin-bom/1.9.24/kotlin-bom-1.9.24.pom (9.1 kB at 268 kB/s)
[INFO] Downloading from central: https://repo.maven.apache.org/maven2/org/jetbrains/kotlinx/kotlinx-coroutines-bom/1.8.1/kotlinx-coroutines-bom-1.8.1.pom
[INFO] Downloaded from central: https://repo.maven.apache.org/maven2/org/jetbrains/kotlinx/kotlinx-coroutines-bom/1.8.1/kotlinx-coroutines-bom-1.8.1.pom (4.3 kB at 130 kB/s)
[INFO] Downloading from central: https://repo.maven.apache.org/maven2/org/jetbrains/kotlinx/kotlinx-serialization-bom/1.6.3/kotlinx-serialization-bom-1.6.3.pom
[INFO] Downloaded from central: https://repo.maven.apache.org/maven2/org/jetbrains/kotlinx/kotlinx-serialization-bom/1.6.3/kotlinx-serialization-bom-1.6.3.pom (3.7 kB at 29 kB/s)
[INFO] Downloading from central: https://repo.maven.apache.org/maven2/org/apache/logging/log4j/log4j-bom/2.23.1/log4j-bom-2.23.1.pom
[INFO] Downloaded from central: https://repo.maven.apache.org/maven2/org/apache/logging/log4j/log4j-bom/2.23.1/log4j-bom-2.23.1.pom (12 kB at 327 kB/s)
[INFO] Downloading from central: https://repo.maven.apache.org/maven2/org/apache/logging/logging-parent/10.6.0/logging-parent-10.6.0.pom
[INFO] Downloaded from central: https://repo.maven.apache.org/maven2/org/apache/logging/logging-parent/10.6.0/logging-parent-10.6.0.pom (54 kB at 1.3 MB/s)
[INFO] Downloading from central: https://repo.maven.apache.org/maven2/io/micrometer/micrometer-bom/1.13.2/micrometer-bom-1.13.2.pom
[INFO] Downloaded from central: https://repo.maven.apache.org/maven2/io/micrometer/micrometer-bom/1.13.2/micrometer-bom-1.13.2.pom (8.6 kB at 252 kB/s)
[INFO] Downloading from central: https://repo.maven.apache.org/maven2/io/micrometer/micrometer-tracing-bom/1.3.2/micrometer-tracing-bom-1.3.2.pom
[INFO] Downloaded from central: https://repo.maven.apache.org/maven2/io/micrometer/micrometer-tracing-bom/1.3.2/micrometer-tracing-bom-1.3.2.pom (4.5 kB at 150 kB/s)
[INFO] Downloading from central: https://repo.maven.apache.org/maven2/org/mockito/mockito-bom/5.11.0/mockito-bom-5.11.0.pom
[INFO] Downloaded from central: https://repo.maven.apache.org/maven2/org/mockito/mockito-bom/5.11.0/mockito-bom-5.11.0.pom (3.0 kB at 93 kB/s)
[INFO] Downloading from central: https://repo.maven.apache.org/maven2/io/netty/netty-bom/4.1.111.Final/netty-bom-4.1.111.Final.pom
[INFO] Downloaded from central: https://repo.maven.apache.org/maven2/io/netty/netty-bom/4.1.111.Final/netty-bom-4.1.111.Final.pom (14 kB at 123 kB/s)
[INFO] Downloading from central: https://repo.maven.apache.org/maven2/org/sonatype/oss/oss-parent/7/oss-parent-7.pom
[INFO] Downloaded from central: https://repo.maven.apache.org/maven2/org/sonatype/oss/oss-parent/7/oss-parent-7.pom (4.8 kB at 142 kB/s)
[INFO] Downloading from central: https://repo.maven.apache.org/maven2/com/squareup/okhttp3/okhttp-bom/4.12.0/okhttp-bom-4.12.0.pom
[INFO] Downloaded from central: https://repo.maven.apache.org/maven2/com/squareup/okhttp3/okhttp-bom/4.12.0/okhttp-bom-4.12.0.pom (3.1 kB at 29 kB/s)
[INFO] Downloading from central: https://repo.maven.apache.org/maven2/io/opentelemetry/opentelemetry-bom/1.37.0/opentelemetry-bom-1.37.0.pom
[INFO] Downloaded from central: https://repo.maven.apache.org/maven2/io/opentelemetry/opentelemetry-bom/1.37.0/opentelemetry-bom-1.37.0.pom (5.7 kB at 172 kB/s)
[INFO] Downloading from central: https://repo.maven.apache.org/maven2/io/prometheus/prometheus-metrics-bom/1.2.1/prometheus-metrics-bom-1.2.1.pom
[INFO] Downloaded from central: https://repo.maven.apache.org/maven2/io/prometheus/prometheus-metrics-bom/1.2.1/prometheus-metrics-bom-1.2.1.pom (6.1 kB at 178 kB/s)
[INFO] Downloading from central: https://repo.maven.apache.org/maven2/io/prometheus/client_java/1.2.1/client_java-1.2.1.pom
[INFO] Downloaded from central: https://repo.maven.apache.org/maven2/io/prometheus/client_java/1.2.1/client_java-1.2.1.pom (13 kB at 414 kB/s)
[INFO] Downloading from central: https://repo.maven.apache.org/maven2/io/prometheus/simpleclient_bom/0.16.0/simpleclient_bom-0.16.0.pom
[INFO] Downloaded from central: https://repo.maven.apache.org/maven2/io/prometheus/simpleclient_bom/0.16.0/simpleclient_bom-0.16.0.pom (6.0 kB at 207 kB/s)
[INFO] Downloading from central: https://repo.maven.apache.org/maven2/io/prometheus/parent/0.16.0/parent-0.16.0.pom
[INFO] Downloaded from central: https://repo.maven.apache.org/maven2/io/prometheus/parent/0.16.0/parent-0.16.0.pom (13 kB at 358 kB/s)
[INFO] Downloading from central: https://repo.maven.apache.org/maven2/org/apache/pulsar/pulsar-bom/3.2.3/pulsar-bom-3.2.3.pom
[INFO] Downloaded from central: https://repo.maven.apache.org/maven2/org/apache/pulsar/pulsar-bom/3.2.3/pulsar-bom-3.2.3.pom (26 kB at 741 kB/s)
[INFO] Downloading from central: https://repo.maven.apache.org/maven2/org/apache/apache/29/apache-29.pom
[INFO] Downloaded from central: https://repo.maven.apache.org/maven2/org/apache/apache/29/apache-29.pom (21 kB at 531 kB/s)
[INFO] Downloading from central: https://repo.maven.apache.org/maven2/com/querydsl/querydsl-bom/5.1.0/querydsl-bom-5.1.0.pom
[INFO] Downloaded from central: https://repo.maven.apache.org/maven2/com/querydsl/querydsl-bom/5.1.0/querydsl-bom-5.1.0.pom (7.2 kB at 247 kB/s)
[INFO] Downloading from central: https://repo.maven.apache.org/maven2/io/projectreactor/reactor-bom/2023.0.8/reactor-bom-2023.0.8.pom
[INFO] Downloaded from central: https://repo.maven.apache.org/maven2/io/projectreactor/reactor-bom/2023.0.8/reactor-bom-2023.0.8.pom (4.8 kB at 159 kB/s)
[INFO] Downloading from central: https://repo.maven.apache.org/maven2/io/rest-assured/rest-assured-bom/5.4.0/rest-assured-bom-5.4.0.pom
[INFO] Downloaded from central: https://repo.maven.apache.org/maven2/io/rest-assured/rest-assured-bom/5.4.0/rest-assured-bom-5.4.0.pom (4.5 kB at 140 kB/s)
[INFO] Downloading from central: https://repo.maven.apache.org/maven2/io/rsocket/rsocket-bom/1.1.3/rsocket-bom-1.1.3.pom
[INFO] Downloaded from central: https://repo.maven.apache.org/maven2/io/rsocket/rsocket-bom/1.1.3/rsocket-bom-1.1.3.pom (2.6 kB at 23 kB/s)
[INFO] Downloading from central: https://repo.maven.apache.org/maven2/org/seleniumhq/selenium/selenium-bom/4.19.1/selenium-bom-4.19.1.pom
[INFO] Downloaded from central: https://repo.maven.apache.org/maven2/org/seleniumhq/selenium/selenium-bom/4.19.1/selenium-bom-4.19.1.pom (6.0 kB at 144 kB/s)
[INFO] Downloading from central: https://repo.maven.apache.org/maven2/org/springframework/amqp/spring-amqp-bom/3.1.6/spring-amqp-bom-3.1.6.pom
[INFO] Downloaded from central: https://repo.maven.apache.org/maven2/org/springframework/amqp/spring-amqp-bom/3.1.6/spring-amqp-bom-3.1.6.pom (3.9 kB at 111 kB/s)
[INFO] Downloading from central: https://repo.maven.apache.org/maven2/org/springframework/batch/spring-batch-bom/5.1.2/spring-batch-bom-5.1.2.pom
[INFO] Downloaded from central: https://repo.maven.apache.org/maven2/org/springframework/batch/spring-batch-bom/5.1.2/spring-batch-bom-5.1.2.pom (3.2 kB at 83 kB/s)
[INFO] Downloading from central: https://repo.maven.apache.org/maven2/org/springframework/data/spring-data-bom/2024.0.2/spring-data-bom-2024.0.2.pom
[INFO] Downloaded from central: https://repo.maven.apache.org/maven2/org/springframework/data/spring-data-bom/2024.0.2/spring-data-bom-2024.0.2.pom (5.5 kB at 153 kB/s)
[INFO] Downloading from central: https://repo.maven.apache.org/maven2/org/springframework/spring-framework-bom/6.1.11/spring-framework-bom-6.1.11.pom
[INFO] Downloaded from central: https://repo.maven.apache.org/maven2/org/springframework/spring-framework-bom/6.1.11/spring-framework-bom-6.1.11.pom (5.8 kB at 130 kB/s)
[INFO] Downloading from central: https://repo.maven.apache.org/maven2/org/springframework/integration/spring-integration-bom/6.3.2/spring-integration-bom-6.3.2.pom
[INFO] Downloaded from central: https://repo.maven.apache.org/maven2/org/springframework/integration/spring-integration-bom/6.3.2/spring-integration-bom-6.3.2.pom (10 kB at 342 kB/s)
[INFO] Downloading from central: https://repo.maven.apache.org/maven2/org/springframework/pulsar/spring-pulsar-bom/1.1.2/spring-pulsar-bom-1.1.2.pom
[INFO] Downloaded from central: https://repo.maven.apache.org/maven2/org/springframework/pulsar/spring-pulsar-bom/1.1.2/spring-pulsar-bom-1.1.2.pom (2.9 kB at 94 kB/s)
[INFO] Downloading from central: https://repo.maven.apache.org/maven2/org/springframework/restdocs/spring-restdocs-bom/3.0.1/spring-restdocs-bom-3.0.1.pom
[INFO] Downloaded from central: https://repo.maven.apache.org/maven2/org/springframework/restdocs/spring-restdocs-bom/3.0.1/spring-restdocs-bom-3.0.1.pom (2.6 kB at 22 kB/s)
[INFO] Downloading from central: https://repo.maven.apache.org/maven2/org/springframework/security/spring-security-bom/6.3.1/spring-security-bom-6.3.1.pom
[INFO] Downloaded from central: https://repo.maven.apache.org/maven2/org/springframework/security/spring-security-bom/6.3.1/spring-security-bom-6.3.1.pom (5.3 kB at 54 kB/s)
[INFO] Downloading from central: https://repo.maven.apache.org/maven2/org/springframework/session/spring-session-bom/3.3.1/spring-session-bom-3.3.1.pom
[INFO] Downloaded from central: https://repo.maven.apache.org/maven2/org/springframework/session/spring-session-bom/3.3.1/spring-session-bom-3.3.1.pom (2.9 kB at 100 kB/s)
[INFO] Downloading from central: https://repo.maven.apache.org/maven2/org/springframework/ws/spring-ws-bom/4.0.11/spring-ws-bom-4.0.11.pom
[INFO] Downloaded from central: https://repo.maven.apache.org/maven2/org/springframework/ws/spring-ws-bom/4.0.11/spring-ws-bom-4.0.11.pom (3.5 kB at 113 kB/s)
[INFO] Downloading from central: https://repo.maven.apache.org/maven2/org/testcontainers/testcontainers-bom/1.19.8/testcontainers-bom-1.19.8.pom
[INFO] Downloaded from central: https://repo.maven.apache.org/maven2/org/testcontainers/testcontainers-bom/1.19.8/testcontainers-bom-1.19.8.pom (10 kB at 290 kB/s)
[INFO] 
[INFO] -----------------------< com.airline-ticket:api >-----------------------
[INFO] Building api 0.0.1-SNAPSHOT
[INFO]   from pom.xml
[INFO] --------------------------------[ jar ]---------------------------------
[INFO] Downloading from central: https://repo.maven.apache.org/maven2/org/springframework/boot/spring-boot-maven-plugin/3.3.2/spring-boot-maven-plugin-3.3.2.pom
[INFO] Downloaded from central: https://repo.maven.apache.org/maven2/org/springframework/boot/spring-boot-maven-plugin/3.3.2/spring-boot-maven-plugin-3.3.2.pom (4.0 kB at 134 kB/s)
[INFO] Downloading from central: https://repo.maven.apache.org/maven2/org/springframework/boot/spring-boot-maven-plugin/3.3.2/spring-boot-maven-plugin-3.3.2.jar
[INFO] Downloaded from central: https://repo.maven.apache.org/maven2/org/springframework/boot/spring-boot-maven-plugin/3.3.2/spring-boot-maven-plugin-3.3.2.jar (137 kB at 3.1 MB/s)
[INFO] Downloading from central: https://repo.maven.apache.org/maven2/org/apache/maven/plugins/maven-resources-plugin/3.3.1/maven-resources-plugin-3.3.1.pom
[INFO] Downloaded from central: https://repo.maven.apache.org/maven2/org/apache/maven/plugins/maven-resources-plugin/3.3.1/maven-resources-plugin-3.3.1.pom (8.2 kB at 233 kB/s)
[INFO] Downloading from central: https://repo.maven.apache.org/maven2/org/apache/maven/plugins/maven-plugins/39/maven-plugins-39.pom
[INFO] Downloaded from central: https://repo.maven.apache.org/maven2/org/apache/maven/plugins/maven-plugins/39/maven-plugins-39.pom (8.1 kB at 253 kB/s)
[INFO] Downloading from central: https://repo.maven.apache.org/maven2/org/apache/maven/maven-parent/39/maven-parent-39.pom
[INFO] Downloaded from central: https://repo.maven.apache.org/maven2/org/apache/maven/maven-parent/39/maven-parent-39.pom (48 kB at 1.4 MB/s)
[INFO] Downloading from central: https://repo.maven.apache.org/maven2/org/apache/maven/plugins/maven-resources-plugin/3.3.1/maven-resources-plugin-3.3.1.jar
[INFO] Downloaded from central: https://repo.maven.apache.org/maven2/org/apache/maven/plugins/maven-resources-plugin/3.3.1/maven-resources-plugin-3.3.1.jar (31 kB at 272 kB/s)
[INFO] Downloading from central: https://repo.maven.apache.org/maven2/org/apache/maven/plugins/maven-compiler-plugin/3.13.0/maven-compiler-plugin-3.13.0.pom
[INFO] Downloaded from central: https://repo.maven.apache.org/maven2/org/apache/maven/plugins/maven-compiler-plugin/3.13.0/maven-compiler-plugin-3.13.0.pom (10 kB at 261 kB/s)
[INFO] Downloading from central: https://repo.maven.apache.org/maven2/org/apache/maven/plugins/maven-plugins/41/maven-plugins-41.pom
[INFO] Downloaded from central: https://repo.maven.apache.org/maven2/org/apache/maven/plugins/maven-plugins/41/maven-plugins-41.pom (7.4 kB at 163 kB/s)
[INFO] Downloading from central: https://repo.maven.apache.org/maven2/org/apache/maven/maven-parent/41/maven-parent-41.pom
[INFO] Downloaded from central: https://repo.maven.apache.org/maven2/org/apache/maven/maven-parent/41/maven-parent-41.pom (50 kB at 1.4 MB/s)
[INFO] Downloading from central: https://repo.maven.apache.org/maven2/org/apache/maven/plugins/maven-compiler-plugin/3.13.0/maven-compiler-plugin-3.13.0.jar
[INFO] Downloaded from central: https://repo.maven.apache.org/maven2/org/apache/maven/plugins/maven-compiler-plugin/3.13.0/maven-compiler-plugin-3.13.0.jar (83 kB at 2.4 MB/s)
[INFO] Downloading from central: https://repo.maven.apache.org/maven2/org/apache/maven/plugins/maven-surefire-plugin/3.2.5/maven-surefire-plugin-3.2.5.pom
[INFO] Downloaded from central: https://repo.maven.apache.org/maven2/org/apache/maven/plugins/maven-surefire-plugin/3.2.5/maven-surefire-plugin-3.2.5.pom (5.3 kB at 177 kB/s)
[INFO] Downloading from central: https://repo.maven.apache.org/maven2/org/apache/maven/surefire/surefire/3.2.5/surefire-3.2.5.pom
[INFO] Downloaded from central: https://repo.maven.apache.org/maven2/org/apache/maven/surefire/surefire/3.2.5/surefire-3.2.5.pom (22 kB at 578 kB/s)
[INFO] Downloading from central: https://repo.maven.apache.org/maven2/org/junit/junit-bom/5.9.3/junit-bom-5.9.3.pom
[INFO] Downloaded from central: https://repo.maven.apache.org/maven2/org/junit/junit-bom/5.9.3/junit-bom-5.9.3.pom (5.6 kB at 47 kB/s)
[INFO] Downloading from central: https://repo.maven.apache.org/maven2/org/apache/maven/plugins/maven-surefire-plugin/3.2.5/maven-surefire-plugin-3.2.5.jar
[INFO] Downloaded from central: https://repo.maven.apache.org/maven2/org/apache/maven/plugins/maven-surefire-plugin/3.2.5/maven-surefire-plugin-3.2.5.jar (45 kB at 346 kB/s)
[INFO] Downloading from central: https://repo.maven.apache.org/maven2/org/apache/maven/plugins/maven-jar-plugin/3.4.2/maven-jar-plugin-3.4.2.pom
[INFO] Downloaded from central: https://repo.maven.apache.org/maven2/org/apache/maven/plugins/maven-jar-plugin/3.4.2/maven-jar-plugin-3.4.2.pom (7.7 kB at 256 kB/s)
[INFO] Downloading from central: https://repo.maven.apache.org/maven2/org/apache/maven/plugins/maven-plugins/42/maven-plugins-42.pom
[INFO] Downloaded from central: https://repo.maven.apache.org/maven2/org/apache/maven/plugins/maven-plugins/42/maven-plugins-42.pom (7.7 kB at 265 kB/s)
[INFO] Downloading from central: https://repo.maven.apache.org/maven2/org/apache/maven/maven-parent/42/maven-parent-42.pom
[INFO] Downloaded from central: https://repo.maven.apache.org/maven2/org/apache/maven/maven-parent/42/maven-parent-42.pom (50 kB at 1.4 MB/s)
[INFO] Downloading from central: https://repo.maven.apache.org/maven2/org/apache/apache/32/apache-32.pom
[INFO] Downloaded from central: https://repo.maven.apache.org/maven2/org/apache/apache/32/apache-32.pom (24 kB at 711 kB/s)
[INFO] Downloading from central: https://repo.maven.apache.org/maven2/org/junit/junit-bom/5.10.2/junit-bom-5.10.2.pom
[INFO] Downloaded from central: https://repo.maven.apache.org/maven2/org/junit/junit-bom/5.10.2/junit-bom-5.10.2.pom (5.6 kB at 195 kB/s)
[INFO] Downloading from central: https://repo.maven.apache.org/maven2/org/apache/maven/plugins/maven-jar-plugin/3.4.2/maven-jar-plugin-3.4.2.jar
[INFO] Downloaded from central: https://repo.maven.apache.org/maven2/org/apache/maven/plugins/maven-jar-plugin/3.4.2/maven-jar-plugin-3.4.2.jar (34 kB at 709 kB/s)
[INFO] Downloading from central: https://repo.maven.apache.org/maven2/org/apache/maven/plugins/maven-install-plugin/3.1.2/maven-install-plugin-3.1.2.pom
[INFO] Downloaded from central: https://repo.maven.apache.org/maven2/org/apache/maven/plugins/maven-install-plugin/3.1.2/maven-install-plugin-3.1.2.pom (8.5 kB at 326 kB/s)
[INFO] Downloading from central: https://repo.maven.apache.org/maven2/org/apache/maven/plugins/maven-install-plugin/3.1.2/maven-install-plugin-3.1.2.jar
[INFO] Downloaded from central: https://repo.maven.apache.org/maven2/org/apache/maven/plugins/maven-install-plugin/3.1.2/maven-install-plugin-3.1.2.jar (32 kB at 925 kB/s)
[INFO] Downloading from central: https://repo.maven.apache.org/maven2/org/springframework/boot/spring-boot-starter-test/3.3.2/spring-boot-starter-test-3.3.2.pom
[INFO] Downloaded from central: https://repo.maven.apache.org/maven2/org/springframework/boot/spring-boot-starter-test/3.3.2/spring-boot-starter-test-3.3.2.pom (5.1 kB at 163 kB/s)
[INFO] Downloading from central: https://repo.maven.apache.org/maven2/org/springframework/boot/spring-boot-starter/3.3.2/spring-boot-starter-3.3.2.pom
[INFO] Downloaded from central: https://repo.maven.apache.org/maven2/org/springframework/boot/spring-boot-starter/3.3.2/spring-boot-starter-3.3.2.pom (3.0 kB at 28 kB/s)
[INFO] Downloading from central: https://repo.maven.apache.org/maven2/org/springframework/boot/spring-boot/3.3.2/spring-boot-3.3.2.pom
[INFO] Downloaded from central: https://repo.maven.apache.org/maven2/org/springframework/boot/spring-boot/3.3.2/spring-boot-3.3.2.pom (2.2 kB at 48 kB/s)
[INFO] Downloading from central: https://repo.maven.apache.org/maven2/org/springframework/spring-core/6.1.11/spring-core-6.1.11.pom
[INFO] Downloaded from central: https://repo.maven.apache.org/maven2/org/springframework/spring-core/6.1.11/spring-core-6.1.11.pom (2.0 kB at 58 kB/s)
[INFO] Downloading from central: https://repo.maven.apache.org/maven2/org/springframework/spring-jcl/6.1.11/spring-jcl-6.1.11.pom
[INFO] Downloaded from central: https://repo.maven.apache.org/maven2/org/springframework/spring-jcl/6.1.11/spring-jcl-6.1.11.pom (1.8 kB at 60 kB/s)
[INFO] Downloading from central: https://repo.maven.apache.org/maven2/org/springframework/spring-context/6.1.11/spring-context-6.1.11.pom
[INFO] Downloaded from central: https://repo.maven.apache.org/maven2/org/springframework/spring-context/6.1.11/spring-context-6.1.11.pom (2.8 kB at 57 kB/s)
[INFO] Downloading from central: https://repo.maven.apache.org/maven2/org/springframework/spring-aop/6.1.11/spring-aop-6.1.11.pom
[INFO] Downloaded from central: https://repo.maven.apache.org/maven2/org/springframework/spring-aop/6.1.11/spring-aop-6.1.11.pom (2.2 kB at 65 kB/s)
[INFO] Downloading from central: https://repo.maven.apache.org/maven2/org/springframework/spring-beans/6.1.11/spring-beans-6.1.11.pom
[INFO] Downloaded from central: https://repo.maven.apache.org/maven2/org/springframework/spring-beans/6.1.11/spring-beans-6.1.11.pom (2.0 kB at 62 kB/s)
[INFO] Downloading from central: https://repo.maven.apache.org/maven2/org/springframework/spring-expression/6.1.11/spring-expression-6.1.11.pom
[INFO] Downloaded from central: https://repo.maven.apache.org/maven2/org/springframework/spring-expression/6.1.11/spring-expression-6.1.11.pom (2.1 kB at 16 kB/s)
[INFO] Downloading from central: https://repo.maven.apache.org/maven2/io/micrometer/micrometer-observation/1.13.2/micrometer-observation-1.13.2.pom
[INFO] Downloaded from central: https://repo.maven.apache.org/maven2/io/micrometer/micrometer-observation/1.13.2/micrometer-observation-1.13.2.pom (3.8 kB at 32 kB/s)
[INFO] Downloading from central: https://repo.maven.apache.org/maven2/io/micrometer/micrometer-commons/1.13.2/micrometer-commons-1.13.2.pom
[INFO] Downloaded from central: https://repo.maven.apache.org/maven2/io/micrometer/micrometer-commons/1.13.2/micrometer-commons-1.13.2.pom (3.4 kB at 107 kB/s)
[INFO] Downloading from central: https://repo.maven.apache.org/maven2/org/springframework/boot/spring-boot-autoconfigure/3.3.2/spring-boot-autoconfigure-3.3.2.pom
[INFO] Downloaded from central: https://repo.maven.apache.org/maven2/org/springframework/boot/spring-boot-autoconfigure/3.3.2/spring-boot-autoconfigure-3.3.2.pom (2.1 kB at 61 kB/s)
[INFO] Downloading from central: https://repo.maven.apache.org/maven2/org/springframework/boot/spring-boot-starter-logging/3.3.2/spring-boot-starter-logging-3.3.2.pom
[INFO] Downloaded from central: https://repo.maven.apache.org/maven2/org/springframework/boot/spring-boot-starter-logging/3.3.2/spring-boot-starter-logging-3.3.2.pom (2.5 kB at 77 kB/s)
[INFO] Downloading from central: https://repo.maven.apache.org/maven2/ch/qos/logback/logback-classic/1.5.6/logback-classic-1.5.6.pom
[INFO] Downloaded from central: https://repo.maven.apache.org/maven2/ch/qos/logback/logback-classic/1.5.6/logback-classic-1.5.6.pom (13 kB at 396 kB/s)
[INFO] Downloading from central: https://repo.maven.apache.org/maven2/ch/qos/logback/logback-parent/1.5.6/logback-parent-1.5.6.pom
[INFO] Downloaded from central: https://repo.maven.apache.org/maven2/ch/qos/logback/logback-parent/1.5.6/logback-parent-1.5.6.pom (19 kB at 624 kB/s)
[INFO] Downloading from central: https://repo.maven.apache.org/maven2/ch/qos/logback/logback-core/1.5.6/logback-core-1.5.6.pom
[INFO] Downloaded from central: https://repo.maven.apache.org/maven2/ch/qos/logback/logback-core/1.5.6/logback-core-1.5.6.pom (7.5 kB at 220 kB/s)
[INFO] Downloading from central: https://repo.maven.apache.org/maven2/org/slf4j/slf4j-api/2.0.13/slf4j-api-2.0.13.pom
[INFO] Downloaded from central: https://repo.maven.apache.org/maven2/org/slf4j/slf4j-api/2.0.13/slf4j-api-2.0.13.pom (2.8 kB at 66 kB/s)
[INFO] Downloading from central: https://repo.maven.apache.org/maven2/org/slf4j/slf4j-parent/2.0.13/slf4j-parent-2.0.13.pom
[INFO] Downloaded from central: https://repo.maven.apache.org/maven2/org/slf4j/slf4j-parent/2.0.13/slf4j-parent-2.0.13.pom (13 kB at 393 kB/s)
[INFO] Downloading from central: https://repo.maven.apache.org/maven2/org/slf4j/slf4j-bom/2.0.13/slf4j-bom-2.0.13.pom
[INFO] Downloaded from central: https://repo.maven.apache.org/maven2/org/slf4j/slf4j-bom/2.0.13/slf4j-bom-2.0.13.pom (7.3 kB at 237 kB/s)
[INFO] Downloading from central: https://repo.maven.apache.org/maven2/org/apache/logging/log4j/log4j-to-slf4j/2.23.1/log4j-to-slf4j-2.23.1.pom
[INFO] Downloaded from central: https://repo.maven.apache.org/maven2/org/apache/logging/log4j/log4j-to-slf4j/2.23.1/log4j-to-slf4j-2.23.1.pom (4.4 kB at 158 kB/s)
[INFO] Downloading from central: https://repo.maven.apache.org/maven2/org/apache/logging/log4j/log4j/2.23.1/log4j-2.23.1.pom
[INFO] Downloaded from central: https://repo.maven.apache.org/maven2/org/apache/logging/log4j/log4j/2.23.1/log4j-2.23.1.pom (37 kB at 1.2 MB/s)
[INFO] Downloading from central: https://repo.maven.apache.org/maven2/org/codehaus/groovy/groovy-bom/3.0.21/groovy-bom-3.0.21.pom
[INFO] Downloaded from central: https://repo.maven.apache.org/maven2/org/codehaus/groovy/groovy-bom/3.0.21/groovy-bom-3.0.21.pom (26 kB at 247 kB/s)
[INFO] Downloading from central: https://repo.maven.apache.org/maven2/com/fasterxml/jackson/jackson-bom/2.16.1/jackson-bom-2.16.1.pom
[INFO] Downloaded from central: https://repo.maven.apache.org/maven2/com/fasterxml/jackson/jackson-bom/2.16.1/jackson-bom-2.16.1.pom (18 kB at 570 kB/s)
[INFO] Downloading from central: https://repo.maven.apache.org/maven2/com/fasterxml/jackson/jackson-parent/2.16/jackson-parent-2.16.pom
[INFO] Downloaded from central: https://repo.maven.apache.org/maven2/com/fasterxml/jackson/jackson-parent/2.16/jackson-parent-2.16.pom (6.5 kB at 172 kB/s)
[INFO] Downloading from central: https://repo.maven.apache.org/maven2/com/fasterxml/oss-parent/56/oss-parent-56.pom
[INFO] Downloaded from central: https://repo.maven.apache.org/maven2/com/fasterxml/oss-parent/56/oss-parent-56.pom (24 kB at 785 kB/s)
[INFO] Downloading from central: https://repo.maven.apache.org/maven2/jakarta/platform/jakarta.jakartaee-bom/9.1.0/jakarta.jakartaee-bom-9.1.0.pom
[INFO] Downloaded from central: https://repo.maven.apache.org/maven2/jakarta/platform/jakarta.jakartaee-bom/9.1.0/jakarta.jakartaee-bom-9.1.0.pom (9.6 kB at 265 kB/s)
[INFO] Downloading from central: https://repo.maven.apache.org/maven2/jakarta/platform/jakartaee-api-parent/9.1.0/jakartaee-api-parent-9.1.0.pom
[INFO] Downloaded from central: https://repo.maven.apache.org/maven2/jakarta/platform/jakartaee-api-parent/9.1.0/jakartaee-api-parent-9.1.0.pom (15 kB at 362 kB/s)
[INFO] Downloading from central: https://repo.maven.apache.org/maven2/org/eclipse/ee4j/project/1.0.7/project-1.0.7.pom
[INFO] Downloaded from central: https://repo.maven.apache.org/maven2/org/eclipse/ee4j/project/1.0.7/project-1.0.7.pom (14 kB at 473 kB/s)
[INFO] Downloading from central: https://repo.maven.apache.org/maven2/org/eclipse/jetty/jetty-bom/9.4.54.v20240208/jetty-bom-9.4.54.v20240208.pom
[INFO] Downloaded from central: https://repo.maven.apache.org/maven2/org/eclipse/jetty/jetty-bom/9.4.54.v20240208/jetty-bom-9.4.54.v20240208.pom (18 kB at 552 kB/s)
[INFO] Downloading from central: https://repo.maven.apache.org/maven2/io/fabric8/kubernetes-client-bom/5.12.4/kubernetes-client-bom-5.12.4.pom
[INFO] Downloaded from central: https://repo.maven.apache.org/maven2/io/fabric8/kubernetes-client-bom/5.12.4/kubernetes-client-bom-5.12.4.pom (26 kB at 229 kB/s)
[INFO] Downloading from central: https://repo.maven.apache.org/maven2/org/mockito/mockito-bom/4.11.0/mockito-bom-4.11.0.pom
[INFO] Downloaded from central: https://repo.maven.apache.org/maven2/org/mockito/mockito-bom/4.11.0/mockito-bom-4.11.0.pom (3.2 kB at 33 kB/s)
[INFO] Downloading from central: https://repo.maven.apache.org/maven2/io/netty/netty-bom/4.1.107.Final/netty-bom-4.1.107.Final.pom
[INFO] Downloaded from central: https://repo.maven.apache.org/maven2/io/netty/netty-bom/4.1.107.Final/netty-bom-4.1.107.Final.pom (14 kB at 371 kB/s)
[INFO] Downloading from central: https://repo.maven.apache.org/maven2/org/springframework/spring-framework-bom/5.3.32/spring-framework-bom-5.3.32.pom
[INFO] Downloaded from central: https://repo.maven.apache.org/maven2/org/springframework/spring-framework-bom/5.3.32/spring-framework-bom-5.3.32.pom (5.7 kB at 171 kB/s)
[INFO] Downloading from central: https://repo.maven.apache.org/maven2/org/apache/logging/log4j/log4j-api/2.23.1/log4j-api-2.23.1.pom
[INFO] Downloaded from central: https://repo.maven.apache.org/maven2/org/apache/logging/log4j/log4j-api/2.23.1/log4j-api-2.23.1.pom (3.8 kB at 116 kB/s)
[INFO] Downloading from central: https://repo.maven.apache.org/maven2/org/slf4j/jul-to-slf4j/2.0.13/jul-to-slf4j-2.0.13.pom
[INFO] Downloaded from central: https://repo.maven.apache.org/maven2/org/slf4j/jul-to-slf4j/2.0.13/jul-to-slf4j-2.0.13.pom (1.1 kB at 26 kB/s)
[INFO] Downloading from central: https://repo.maven.apache.org/maven2/jakarta/annotation/jakarta.annotation-api/2.1.1/jakarta.annotation-api-2.1.1.pom
[INFO] Downloaded from central: https://repo.maven.apache.org/maven2/jakarta/annotation/jakarta.annotation-api/2.1.1/jakarta.annotation-api-2.1.1.pom (16 kB at 465 kB/s)
[INFO] Downloading from central: https://repo.maven.apache.org/maven2/org/yaml/snakeyaml/2.2/snakeyaml-2.2.pom
[INFO] Downloaded from central: https://repo.maven.apache.org/maven2/org/yaml/snakeyaml/2.2/snakeyaml-2.2.pom (21 kB at 590 kB/s)
[INFO] Downloading from central: https://repo.maven.apache.org/maven2/org/springframework/boot/spring-boot-test/3.3.2/spring-boot-test-3.3.2.pom
[INFO] Downloaded from central: https://repo.maven.apache.org/maven2/org/springframework/boot/spring-boot-test/3.3.2/spring-boot-test-3.3.2.pom (2.2 kB at 76 kB/s)
[INFO] Downloading from central: https://repo.maven.apache.org/maven2/org/springframework/spring-test/6.1.11/spring-test-6.1.11.pom
[INFO] Downloaded from central: https://repo.maven.apache.org/maven2/org/springframework/spring-test/6.1.11/spring-test-6.1.11.pom (2.1 kB at 66 kB/s)
[INFO] Downloading from central: https://repo.maven.apache.org/maven2/org/springframework/boot/spring-boot-test-autoconfigure/3.3.2/spring-boot-test-autoconfigure-3.3.2.pom
[INFO] Downloaded from central: https://repo.maven.apache.org/maven2/org/springframework/boot/spring-boot-test-autoconfigure/3.3.2/spring-boot-test-autoconfigure-3.3.2.pom (2.5 kB at 77 kB/s)
[INFO] Downloading from central: https://repo.maven.apache.org/maven2/com/jayway/jsonpath/json-path/2.9.0/json-path-2.9.0.pom
[INFO] Downloaded from central: https://repo.maven.apache.org/maven2/com/jayway/jsonpath/json-path/2.9.0/json-path-2.9.0.pom (1.9 kB at 55 kB/s)
[INFO] Downloading from central: https://repo.maven.apache.org/maven2/net/minidev/json-smart/2.5.1/json-smart-2.5.1.pom
[INFO] Downloaded from central: https://repo.maven.apache.org/maven2/net/minidev/json-smart/2.5.1/json-smart-2.5.1.pom (9.3 kB at 79 kB/s)
[INFO] Downloading from central: https://repo.maven.apache.org/maven2/net/minidev/accessors-smart/2.5.1/accessors-smart-2.5.1.pom
[INFO] Downloaded from central: https://repo.maven.apache.org/maven2/net/minidev/accessors-smart/2.5.1/accessors-smart-2.5.1.pom (11 kB at 340 kB/s)
[INFO] Downloading from central: https://repo.maven.apache.org/maven2/org/ow2/asm/asm/9.6/asm-9.6.pom
[INFO] Downloaded from central: https://repo.maven.apache.org/maven2/org/ow2/asm/asm/9.6/asm-9.6.pom (2.4 kB at 68 kB/s)
[INFO] Downloading from central: https://repo.maven.apache.org/maven2/org/ow2/ow2/1.5.1/ow2-1.5.1.pom
[INFO] Downloaded from central: https://repo.maven.apache.org/maven2/org/ow2/ow2/1.5.1/ow2-1.5.1.pom (11 kB at 376 kB/s)
[INFO] Downloading from central: https://repo.maven.apache.org/maven2/jakarta/xml/bind/jakarta.xml.bind-api/4.0.2/jakarta.xml.bind-api-4.0.2.pom
[INFO] Downloaded from central: https://repo.maven.apache.org/maven2/jakarta/xml/bind/jakarta.xml.bind-api/4.0.2/jakarta.xml.bind-api-4.0.2.pom (13 kB at 385 kB/s)
[INFO] Downloading from central: https://repo.maven.apache.org/maven2/jakarta/xml/bind/jakarta.xml.bind-api-parent/4.0.2/jakarta.xml.bind-api-parent-4.0.2.pom
[INFO] Downloaded from central: https://repo.maven.apache.org/maven2/jakarta/xml/bind/jakarta.xml.bind-api-parent/4.0.2/jakarta.xml.bind-api-parent-4.0.2.pom (9.1 kB at 286 kB/s)
[INFO] Downloading from central: https://repo.maven.apache.org/maven2/jakarta/activation/jakarta.activation-api/2.1.3/jakarta.activation-api-2.1.3.pom
[INFO] Downloaded from central: https://repo.maven.apache.org/maven2/jakarta/activation/jakarta.activation-api/2.1.3/jakarta.activation-api-2.1.3.pom (19 kB at 463 kB/s)
[INFO] Downloading from central: https://repo.maven.apache.org/maven2/org/assertj/assertj-core/3.25.3/assertj-core-3.25.3.pom
[INFO] Downloaded from central: https://repo.maven.apache.org/maven2/org/assertj/assertj-core/3.25.3/assertj-core-3.25.3.pom (3.8 kB at 123 kB/s)
[INFO] Downloading from central: https://repo.maven.apache.org/maven2/net/bytebuddy/byte-buddy/1.14.18/byte-buddy-1.14.18.pom
[INFO] Downloaded from central: https://repo.maven.apache.org/maven2/net/bytebuddy/byte-buddy/1.14.18/byte-buddy-1.14.18.pom (16 kB at 125 kB/s)
[INFO] Downloading from central: https://repo.maven.apache.org/maven2/net/bytebuddy/byte-buddy-parent/1.14.18/byte-buddy-parent-1.14.18.pom
[INFO] Downloaded from central: https://repo.maven.apache.org/maven2/net/bytebuddy/byte-buddy-parent/1.14.18/byte-buddy-parent-1.14.18.pom (62 kB at 518 kB/s)
[INFO] Downloading from central: https://repo.maven.apache.org/maven2/org/awaitility/awaitility/4.2.1/awaitility-4.2.1.pom
[INFO] Downloaded from central: https://repo.maven.apache.org/maven2/org/awaitility/awaitility/4.2.1/awaitility-4.2.1.pom (3.5 kB at 101 kB/s)
[INFO] Downloading from central: https://repo.maven.apache.org/maven2/org/awaitility/awaitility-parent/4.2.1/awaitility-parent-4.2.1.pom
[INFO] Downloaded from central: https://repo.maven.apache.org/maven2/org/awaitility/awaitility-parent/4.2.1/awaitility-parent-4.2.1.pom (11 kB at 374 kB/s)
[INFO] Downloading from central: https://repo.maven.apache.org/maven2/org/sonatype/oss/oss-parent/9/oss-parent-9.pom
[INFO] Downloaded from central: https://repo.maven.apache.org/maven2/org/sonatype/oss/oss-parent/9/oss-parent-9.pom (6.6 kB at 219 kB/s)
[INFO] Downloading from central: https://repo.maven.apache.org/maven2/org/hamcrest/hamcrest/2.2/hamcrest-2.2.pom
[INFO] Downloaded from central: https://repo.maven.apache.org/maven2/org/hamcrest/hamcrest/2.2/hamcrest-2.2.pom (1.1 kB at 39 kB/s)
[INFO] Downloading from central: https://repo.maven.apache.org/maven2/org/junit/jupiter/junit-jupiter/5.10.3/junit-jupiter-5.10.3.pom
[INFO] Downloaded from central: https://repo.maven.apache.org/maven2/org/junit/jupiter/junit-jupiter/5.10.3/junit-jupiter-5.10.3.pom (3.2 kB at 107 kB/s)
[INFO] Downloading from central: https://repo.maven.apache.org/maven2/org/junit/jupiter/junit-jupiter-api/5.10.3/junit-jupiter-api-5.10.3.pom
[INFO] Downloaded from central: https://repo.maven.apache.org/maven2/org/junit/jupiter/junit-jupiter-api/5.10.3/junit-jupiter-api-5.10.3.pom (3.2 kB at 82 kB/s)
[INFO] Downloading from central: https://repo.maven.apache.org/maven2/org/opentest4j/opentest4j/1.3.0/opentest4j-1.3.0.pom
[INFO] Downloaded from central: https://repo.maven.apache.org/maven2/org/opentest4j/opentest4j/1.3.0/opentest4j-1.3.0.pom (2.0 kB at 55 kB/s)
[INFO] Downloading from central: https://repo.maven.apache.org/maven2/org/junit/platform/junit-platform-commons/1.10.3/junit-platform-commons-1.10.3.pom
[INFO] Downloaded from central: https://repo.maven.apache.org/maven2/org/junit/platform/junit-platform-commons/1.10.3/junit-platform-commons-1.10.3.pom (2.8 kB at 98 kB/s)
[INFO] Downloading from central: https://repo.maven.apache.org/maven2/org/apiguardian/apiguardian-api/1.1.2/apiguardian-api-1.1.2.pom
[INFO] Downloaded from central: https://repo.maven.apache.org/maven2/org/apiguardian/apiguardian-api/1.1.2/apiguardian-api-1.1.2.pom (1.5 kB at 38 kB/s)
[INFO] Downloading from central: https://repo.maven.apache.org/maven2/org/junit/jupiter/junit-jupiter-params/5.10.3/junit-jupiter-params-5.10.3.pom
[INFO] Downloaded from central: https://repo.maven.apache.org/maven2/org/junit/jupiter/junit-jupiter-params/5.10.3/junit-jupiter-params-5.10.3.pom (3.0 kB at 89 kB/s)
[INFO] Downloading from central: https://repo.maven.apache.org/maven2/org/junit/jupiter/junit-jupiter-engine/5.10.3/junit-jupiter-engine-5.10.3.pom
[INFO] Downloaded from central: https://repo.maven.apache.org/maven2/org/junit/jupiter/junit-jupiter-engine/5.10.3/junit-jupiter-engine-5.10.3.pom (3.2 kB at 107 kB/s)
[INFO] Downloading from central: https://repo.maven.apache.org/maven2/org/junit/platform/junit-platform-engine/1.10.3/junit-platform-engine-1.10.3.pom
[INFO] Downloaded from central: https://repo.maven.apache.org/maven2/org/junit/platform/junit-platform-engine/1.10.3/junit-platform-engine-1.10.3.pom (3.2 kB at 31 kB/s)
[INFO] Downloading from central: https://repo.maven.apache.org/maven2/org/mockito/mockito-core/5.11.0/mockito-core-5.11.0.pom
[INFO] Downloaded from central: https://repo.maven.apache.org/maven2/org/mockito/mockito-core/5.11.0/mockito-core-5.11.0.pom (2.5 kB at 69 kB/s)
[INFO] Downloading from central: https://repo.maven.apache.org/maven2/net/bytebuddy/byte-buddy-agent/1.14.18/byte-buddy-agent-1.14.18.pom
[INFO] Downloaded from central: https://repo.maven.apache.org/maven2/net/bytebuddy/byte-buddy-agent/1.14.18/byte-buddy-agent-1.14.18.pom (10 kB at 308 kB/s)
[INFO] Downloading from central: https://repo.maven.apache.org/maven2/org/objenesis/objenesis/3.3/objenesis-3.3.pom
[INFO] Downloaded from central: https://repo.maven.apache.org/maven2/org/objenesis/objenesis/3.3/objenesis-3.3.pom (3.0 kB at 73 kB/s)
[INFO] Downloading from central: https://repo.maven.apache.org/maven2/org/objenesis/objenesis-parent/3.3/objenesis-parent-3.3.pom
[INFO] Downloaded from central: https://repo.maven.apache.org/maven2/org/objenesis/objenesis-parent/3.3/objenesis-parent-3.3.pom (19 kB at 639 kB/s)
[INFO] Downloading from central: https://repo.maven.apache.org/maven2/org/mockito/mockito-junit-jupiter/5.11.0/mockito-junit-jupiter-5.11.0.pom
[INFO] Downloaded from central: https://repo.maven.apache.org/maven2/org/mockito/mockito-junit-jupiter/5.11.0/mockito-junit-jupiter-5.11.0.pom (2.3 kB at 82 kB/s)
[INFO] Downloading from central: https://repo.maven.apache.org/maven2/org/skyscreamer/jsonassert/1.5.3/jsonassert-1.5.3.pom
[INFO] Downloaded from central: https://repo.maven.apache.org/maven2/org/skyscreamer/jsonassert/1.5.3/jsonassert-1.5.3.pom (7.0 kB at 233 kB/s)
[INFO] Downloading from central: https://repo.maven.apache.org/maven2/com/vaadin/external/google/android-json/0.0.20131108.vaadin1/android-json-0.0.20131108.vaadin1.pom
[INFO] Downloaded from central: https://repo.maven.apache.org/maven2/com/vaadin/external/google/android-json/0.0.20131108.vaadin1/android-json-0.0.20131108.vaadin1.pom (2.8 kB at 96 kB/s)
[INFO] Downloading from central: https://repo.maven.apache.org/maven2/org/xmlunit/xmlunit-core/2.9.1/xmlunit-core-2.9.1.pom
[INFO] Downloaded from central: https://repo.maven.apache.org/maven2/org/xmlunit/xmlunit-core/2.9.1/xmlunit-core-2.9.1.pom (2.4 kB at 24 kB/s)
[INFO] Downloading from central: https://repo.maven.apache.org/maven2/org/xmlunit/xmlunit-parent/2.9.1/xmlunit-parent-2.9.1.pom
[INFO] Downloaded from central: https://repo.maven.apache.org/maven2/org/xmlunit/xmlunit-parent/2.9.1/xmlunit-parent-2.9.1.pom (21 kB at 717 kB/s)
[INFO] Downloading from central: https://repo.maven.apache.org/maven2/org/springframework/security/spring-security-test/6.3.1/spring-security-test-6.3.1.pom
[INFO] Downloaded from central: https://repo.maven.apache.org/maven2/org/springframework/security/spring-security-test/6.3.1/spring-security-test-6.3.1.pom (2.7 kB at 22 kB/s)
[INFO] Downloading from central: https://repo.maven.apache.org/maven2/org/springframework/security/spring-security-core/6.3.1/spring-security-core-6.3.1.pom
[INFO] Downloaded from central: https://repo.maven.apache.org/maven2/org/springframework/security/spring-security-core/6.3.1/spring-security-core-6.3.1.pom (3.2 kB at 111 kB/s)
[INFO] Downloading from central: https://repo.maven.apache.org/maven2/org/springframework/security/spring-security-crypto/6.3.1/spring-security-crypto-6.3.1.pom
[INFO] Downloaded from central: https://repo.maven.apache.org/maven2/org/springframework/security/spring-security-crypto/6.3.1/spring-security-crypto-6.3.1.pom (1.9 kB at 57 kB/s)
[INFO] Downloading from central: https://repo.maven.apache.org/maven2/org/springframework/security/spring-security-web/6.3.1/spring-security-web-6.3.1.pom
[INFO] Downloaded from central: https://repo.maven.apache.org/maven2/org/springframework/security/spring-security-web/6.3.1/spring-security-web-6.3.1.pom (3.2 kB at 107 kB/s)
[INFO] Downloading from central: https://repo.maven.apache.org/maven2/org/springframework/spring-web/6.1.11/spring-web-6.1.11.pom
[INFO] Downloaded from central: https://repo.maven.apache.org/maven2/org/springframework/spring-web/6.1.11/spring-web-6.1.11.pom (2.4 kB at 80 kB/s)
[INFO] Downloading from central: https://repo.maven.apache.org/maven2/com/auth0/java-jwt/4.4.0/java-jwt-4.4.0.pom
[INFO] Downloaded from central: https://repo.maven.apache.org/maven2/com/auth0/java-jwt/4.4.0/java-jwt-4.4.0.pom (1.6 kB at 57 kB/s)
[INFO] Downloading from central: https://repo.maven.apache.org/maven2/com/fasterxml/jackson/core/jackson-databind/2.17.2/jackson-databind-2.17.2.pom
[INFO] Downloaded from central: https://repo.maven.apache.org/maven2/com/fasterxml/jackson/core/jackson-databind/2.17.2/jackson-databind-2.17.2.pom (21 kB at 644 kB/s)
[INFO] Downloading from central: https://repo.maven.apache.org/maven2/com/fasterxml/jackson/jackson-base/2.17.2/jackson-base-2.17.2.pom
[INFO] Downloaded from central: https://repo.maven.apache.org/maven2/com/fasterxml/jackson/jackson-base/2.17.2/jackson-base-2.17.2.pom (12 kB at 368 kB/s)
[INFO] Downloading from central: https://repo.maven.apache.org/maven2/com/fasterxml/jackson/core/jackson-annotations/2.17.2/jackson-annotations-2.17.2.pom
[INFO] Downloaded from central: https://repo.maven.apache.org/maven2/com/fasterxml/jackson/core/jackson-annotations/2.17.2/jackson-annotations-2.17.2.pom (7.1 kB at 181 kB/s)
[INFO] Downloading from central: https://repo.maven.apache.org/maven2/com/fasterxml/jackson/core/jackson-core/2.17.2/jackson-core-2.17.2.pom
[INFO] Downloaded from central: https://repo.maven.apache.org/maven2/com/fasterxml/jackson/core/jackson-core/2.17.2/jackson-core-2.17.2.pom (9.6 kB at 344 kB/s)
[INFO] Downloading from central: https://repo.maven.apache.org/maven2/org/springframework/boot/spring-boot-starter-test/3.3.2/spring-boot-starter-test-3.3.2.jar
[INFO] Downloaded from central: https://repo.maven.apache.org/maven2/org/springframework/boot/spring-boot-starter-test/3.3.2/spring-boot-starter-test-3.3.2.jar (4.8 kB at 160 kB/s)
[INFO] Downloading from central: https://repo.maven.apache.org/maven2/org/springframework/boot/spring-boot-starter/3.3.2/spring-boot-starter-3.3.2.jar
[INFO] Downloading from central: https://repo.maven.apache.org/maven2/org/springframework/boot/spring-boot/3.3.2/spring-boot-3.3.2.jar
[INFO] Downloading from central: https://repo.maven.apache.org/maven2/org/springframework/boot/spring-boot-autoconfigure/3.3.2/spring-boot-autoconfigure-3.3.2.jar
[INFO] Downloading from central: https://repo.maven.apache.org/maven2/org/springframework/boot/spring-boot-starter-logging/3.3.2/spring-boot-starter-logging-3.3.2.jar
[INFO] Downloading from central: https://repo.maven.apache.org/maven2/ch/qos/logback/logback-classic/1.5.6/logback-classic-1.5.6.jar
[INFO] Downloaded from central: https://repo.maven.apache.org/maven2/org/springframework/boot/spring-boot-starter/3.3.2/spring-boot-starter-3.3.2.jar (4.8 kB at 38 kB/s)
[INFO] Downloading from central: https://repo.maven.apache.org/maven2/ch/qos/logback/logback-core/1.5.6/logback-core-1.5.6.jar
[INFO] Downloaded from central: https://repo.maven.apache.org/maven2/org/springframework/boot/spring-boot-starter-logging/3.3.2/spring-boot-starter-logging-3.3.2.jar (4.8 kB at 28 kB/s)
[INFO] Downloading from central: https://repo.maven.apache.org/maven2/org/apache/logging/log4j/log4j-to-slf4j/2.23.1/log4j-to-slf4j-2.23.1.jar
[INFO] Downloaded from central: https://repo.maven.apache.org/maven2/ch/qos/logback/logback-core/1.5.6/logback-core-1.5.6.jar (610 kB at 3.4 MB/s)
[INFO] Downloading from central: https://repo.maven.apache.org/maven2/org/apache/logging/log4j/log4j-api/2.23.1/log4j-api-2.23.1.jar
[INFO] Downloaded from central: https://repo.maven.apache.org/maven2/ch/qos/logback/logback-classic/1.5.6/logback-classic-1.5.6.jar (294 kB at 1.5 MB/s)
[INFO] Downloading from central: https://repo.maven.apache.org/maven2/org/slf4j/jul-to-slf4j/2.0.13/jul-to-slf4j-2.0.13.jar
[INFO] Downloaded from central: https://repo.maven.apache.org/maven2/org/apache/logging/log4j/log4j-to-slf4j/2.23.1/log4j-to-slf4j-2.23.1.jar (23 kB at 116 kB/s)
[INFO] Downloading from central: https://repo.maven.apache.org/maven2/jakarta/annotation/jakarta.annotation-api/2.1.1/jakarta.annotation-api-2.1.1.jar
[INFO] Downloaded from central: https://repo.maven.apache.org/maven2/org/apache/logging/log4j/log4j-api/2.23.1/log4j-api-2.23.1.jar (343 kB at 1.5 MB/s)
[INFO] Downloading from central: https://repo.maven.apache.org/maven2/org/yaml/snakeyaml/2.2/snakeyaml-2.2.jar
[INFO] Downloaded from central: https://repo.maven.apache.org/maven2/org/slf4j/jul-to-slf4j/2.0.13/jul-to-slf4j-2.0.13.jar (6.3 kB at 27 kB/s)
[INFO] Downloading from central: https://repo.maven.apache.org/maven2/org/springframework/boot/spring-boot-test/3.3.2/spring-boot-test-3.3.2.jar
[INFO] Downloaded from central: https://repo.maven.apache.org/maven2/jakarta/annotation/jakarta.annotation-api/2.1.1/jakarta.annotation-api-2.1.1.jar (26 kB at 112 kB/s)
[INFO] Downloading from central: https://repo.maven.apache.org/maven2/org/springframework/boot/spring-boot-test-autoconfigure/3.3.2/spring-boot-test-autoconfigure-3.3.2.jar
[INFO] Downloaded from central: https://repo.maven.apache.org/maven2/org/springframework/boot/spring-boot-autoconfigure/3.3.2/spring-boot-autoconfigure-3.3.2.jar (2.0 MB at 7.9 MB/s)
[INFO] Downloading from central: https://repo.maven.apache.org/maven2/com/jayway/jsonpath/json-path/2.9.0/json-path-2.9.0.jar
[INFO] Downloaded from central: https://repo.maven.apache.org/maven2/org/springframework/boot/spring-boot/3.3.2/spring-boot-3.3.2.jar (1.6 MB at 6.4 MB/s)
[INFO] Downloading from central: https://repo.maven.apache.org/maven2/org/slf4j/slf4j-api/2.0.13/slf4j-api-2.0.13.jar
[INFO] Downloaded from central: https://repo.maven.apache.org/maven2/org/yaml/snakeyaml/2.2/snakeyaml-2.2.jar (334 kB at 1.2 MB/s)
[INFO] Downloading from central: https://repo.maven.apache.org/maven2/jakarta/xml/bind/jakarta.xml.bind-api/4.0.2/jakarta.xml.bind-api-4.0.2.jar
[INFO] Downloaded from central: https://repo.maven.apache.org/maven2/org/springframework/boot/spring-boot-test-autoconfigure/3.3.2/spring-boot-test-autoconfigure-3.3.2.jar (219 kB at 821 kB/s)
[INFO] Downloading from central: https://repo.maven.apache.org/maven2/jakarta/activation/jakarta.activation-api/2.1.3/jakarta.activation-api-2.1.3.jar
[INFO] Downloaded from central: https://repo.maven.apache.org/maven2/org/springframework/boot/spring-boot-test/3.3.2/spring-boot-test-3.3.2.jar (249 kB at 913 kB/s)
[INFO] Downloaded from central: https://repo.maven.apache.org/maven2/com/jayway/jsonpath/json-path/2.9.0/json-path-2.9.0.jar (277 kB at 1.0 MB/s)
[INFO] Downloading from central: https://repo.maven.apache.org/maven2/net/minidev/json-smart/2.5.1/json-smart-2.5.1.jar
[INFO] Downloading from central: https://repo.maven.apache.org/maven2/net/minidev/accessors-smart/2.5.1/accessors-smart-2.5.1.jar
[INFO] Downloaded from central: https://repo.maven.apache.org/maven2/org/slf4j/slf4j-api/2.0.13/slf4j-api-2.0.13.jar (69 kB at 249 kB/s)
[INFO] Downloading from central: https://repo.maven.apache.org/maven2/org/ow2/asm/asm/9.6/asm-9.6.jar
[INFO] Downloaded from central: https://repo.maven.apache.org/maven2/jakarta/activation/jakarta.activation-api/2.1.3/jakarta.activation-api-2.1.3.jar (67 kB at 213 kB/s)
[INFO] Downloading from central: https://repo.maven.apache.org/maven2/org/assertj/assertj-core/3.25.3/assertj-core-3.25.3.jar
[INFO] Downloaded from central: https://repo.maven.apache.org/maven2/net/minidev/json-smart/2.5.1/json-smart-2.5.1.jar (122 kB at 388 kB/s)
[INFO] Downloaded from central: https://repo.maven.apache.org/maven2/net/minidev/accessors-smart/2.5.1/accessors-smart-2.5.1.jar (30 kB at 96 kB/s)
[INFO] Downloading from central: https://repo.maven.apache.org/maven2/net/bytebuddy/byte-buddy/1.14.18/byte-buddy-1.14.18.jar
[INFO] Downloaded from central: https://repo.maven.apache.org/maven2/jakarta/xml/bind/jakarta.xml.bind-api/4.0.2/jakarta.xml.bind-api-4.0.2.jar (131 kB at 415 kB/s)
[INFO] Downloading from central: https://repo.maven.apache.org/maven2/org/awaitility/awaitility/4.2.1/awaitility-4.2.1.jar
[INFO] Downloading from central: https://repo.maven.apache.org/maven2/org/hamcrest/hamcrest/2.2/hamcrest-2.2.jar
[INFO] Downloaded from central: https://repo.maven.apache.org/maven2/org/ow2/asm/asm/9.6/asm-9.6.jar (124 kB at 391 kB/s)
[INFO] Downloading from central: https://repo.maven.apache.org/maven2/org/junit/jupiter/junit-jupiter/5.10.3/junit-jupiter-5.10.3.jar
[INFO] Downloaded from central: https://repo.maven.apache.org/maven2/org/junit/jupiter/junit-jupiter/5.10.3/junit-jupiter-5.10.3.jar (6.4 kB at 19 kB/s)
[INFO] Downloading from central: https://repo.maven.apache.org/maven2/org/junit/jupiter/junit-jupiter-api/5.10.3/junit-jupiter-api-5.10.3.jar
[INFO] Downloaded from central: https://repo.maven.apache.org/maven2/org/hamcrest/hamcrest/2.2/hamcrest-2.2.jar (123 kB at 353 kB/s)
[INFO] Downloading from central: https://repo.maven.apache.org/maven2/org/opentest4j/opentest4j/1.3.0/opentest4j-1.3.0.jar
[INFO] Downloaded from central: https://repo.maven.apache.org/maven2/org/awaitility/awaitility/4.2.1/awaitility-4.2.1.jar (97 kB at 276 kB/s)
[INFO] Downloading from central: https://repo.maven.apache.org/maven2/org/junit/platform/junit-platform-commons/1.10.3/junit-platform-commons-1.10.3.jar
[INFO] Downloaded from central: https://repo.maven.apache.org/maven2/org/assertj/assertj-core/3.25.3/assertj-core-3.25.3.jar (1.4 MB at 3.7 MB/s)
[INFO] Downloading from central: https://repo.maven.apache.org/maven2/org/apiguardian/apiguardian-api/1.1.2/apiguardian-api-1.1.2.jar
[INFO] Downloaded from central: https://repo.maven.apache.org/maven2/org/junit/jupiter/junit-jupiter-api/5.10.3/junit-jupiter-api-5.10.3.jar (211 kB at 553 kB/s)
[INFO] Downloading from central: https://repo.maven.apache.org/maven2/org/junit/jupiter/junit-jupiter-params/5.10.3/junit-jupiter-params-5.10.3.jar
[INFO] Downloaded from central: https://repo.maven.apache.org/maven2/org/opentest4j/opentest4j/1.3.0/opentest4j-1.3.0.jar (14 kB at 37 kB/s)
[INFO] Downloading from central: https://repo.maven.apache.org/maven2/org/junit/jupiter/junit-jupiter-engine/5.10.3/junit-jupiter-engine-5.10.3.jar
[INFO] Downloaded from central: https://repo.maven.apache.org/maven2/org/junit/platform/junit-platform-commons/1.10.3/junit-platform-commons-1.10.3.jar (106 kB at 273 kB/s)
[INFO] Downloading from central: https://repo.maven.apache.org/maven2/org/junit/platform/junit-platform-engine/1.10.3/junit-platform-engine-1.10.3.jar
[INFO] Downloaded from central: https://repo.maven.apache.org/maven2/org/apiguardian/apiguardian-api/1.1.2/apiguardian-api-1.1.2.jar (6.8 kB at 14 kB/s)
[INFO] Downloading from central: https://repo.maven.apache.org/maven2/org/mockito/mockito-core/5.11.0/mockito-core-5.11.0.jar
[INFO] Downloaded from central: https://repo.maven.apache.org/maven2/org/junit/jupiter/junit-jupiter-engine/5.10.3/junit-jupiter-engine-5.10.3.jar (245 kB at 483 kB/s)
[INFO] Downloading from central: https://repo.maven.apache.org/maven2/net/bytebuddy/byte-buddy-agent/1.14.18/byte-buddy-agent-1.14.18.jar
[INFO] Downloaded from central: https://repo.maven.apache.org/maven2/org/junit/jupiter/junit-jupiter-params/5.10.3/junit-jupiter-params-5.10.3.jar (586 kB at 1.2 MB/s)
[INFO] Downloading from central: https://repo.maven.apache.org/maven2/org/objenesis/objenesis/3.3/objenesis-3.3.jar
[INFO] Downloaded from central: https://repo.maven.apache.org/maven2/org/junit/platform/junit-platform-engine/1.10.3/junit-platform-engine-1.10.3.jar (205 kB at 399 kB/s)
[INFO] Downloaded from central: https://repo.maven.apache.org/maven2/net/bytebuddy/byte-buddy/1.14.18/byte-buddy-1.14.18.jar (4.2 MB at 8.2 MB/s)
[INFO] Downloading from central: https://repo.maven.apache.org/maven2/org/skyscreamer/jsonassert/1.5.3/jsonassert-1.5.3.jar
[INFO] Downloading from central: https://repo.maven.apache.org/maven2/org/mockito/mockito-junit-jupiter/5.11.0/mockito-junit-jupiter-5.11.0.jar
[INFO] Downloaded from central: https://repo.maven.apache.org/maven2/org/objenesis/objenesis/3.3/objenesis-3.3.jar (49 kB at 80 kB/s)
[INFO] Downloading from central: https://repo.maven.apache.org/maven2/com/vaadin/external/google/android-json/0.0.20131108.vaadin1/android-json-0.0.20131108.vaadin1.jar
[INFO] Downloaded from central: https://repo.maven.apache.org/maven2/org/mockito/mockito-junit-jupiter/5.11.0/mockito-junit-jupiter-5.11.0.jar (8.9 kB at 14 kB/s)
[INFO] Downloading from central: https://repo.maven.apache.org/maven2/org/springframework/spring-core/6.1.11/spring-core-6.1.11.jar
[INFO] Downloaded from central: https://repo.maven.apache.org/maven2/org/skyscreamer/jsonassert/1.5.3/jsonassert-1.5.3.jar (31 kB at 50 kB/s)
[INFO] Downloading from central: https://repo.maven.apache.org/maven2/org/springframework/spring-jcl/6.1.11/spring-jcl-6.1.11.jar
[INFO] Downloaded from central: https://repo.maven.apache.org/maven2/net/bytebuddy/byte-buddy-agent/1.14.18/byte-buddy-agent-1.14.18.jar (263 kB at 420 kB/s)
[INFO] Downloading from central: https://repo.maven.apache.org/maven2/org/springframework/spring-test/6.1.11/spring-test-6.1.11.jar
[INFO] Downloaded from central: https://repo.maven.apache.org/maven2/org/mockito/mockito-core/5.11.0/mockito-core-5.11.0.jar (704 kB at 1.1 MB/s)
[INFO] Downloading from central: https://repo.maven.apache.org/maven2/org/xmlunit/xmlunit-core/2.9.1/xmlunit-core-2.9.1.jar
[INFO] Downloaded from central: https://repo.maven.apache.org/maven2/org/springframework/spring-jcl/6.1.11/spring-jcl-6.1.11.jar (25 kB at 37 kB/s)
[INFO] Downloading from central: https://repo.maven.apache.org/maven2/org/springframework/security/spring-security-test/6.3.1/spring-security-test-6.3.1.jar
[INFO] Downloaded from central: https://repo.maven.apache.org/maven2/com/vaadin/external/google/android-json/0.0.20131108.vaadin1/android-json-0.0.20131108.vaadin1.jar (18 kB at 27 kB/s)
[INFO] Downloading from central: https://repo.maven.apache.org/maven2/org/springframework/security/spring-security-core/6.3.1/spring-security-core-6.3.1.jar
[INFO] Downloaded from central: https://repo.maven.apache.org/maven2/org/springframework/spring-core/6.1.11/spring-core-6.1.11.jar (1.9 MB at 2.7 MB/s)
[INFO] Downloading from central: https://repo.maven.apache.org/maven2/org/springframework/security/spring-security-crypto/6.3.1/spring-security-crypto-6.3.1.jar
[INFO] Downloaded from central: https://repo.maven.apache.org/maven2/org/xmlunit/xmlunit-core/2.9.1/xmlunit-core-2.9.1.jar (175 kB at 255 kB/s)
[INFO] Downloading from central: https://repo.maven.apache.org/maven2/org/springframework/spring-aop/6.1.11/spring-aop-6.1.11.jar
[INFO] Downloaded from central: https://repo.maven.apache.org/maven2/org/springframework/security/spring-security-test/6.3.1/spring-security-test-6.3.1.jar (132 kB at 188 kB/s)
[INFO] Downloading from central: https://repo.maven.apache.org/maven2/org/springframework/spring-beans/6.1.11/spring-beans-6.1.11.jar
[INFO] Downloaded from central: https://repo.maven.apache.org/maven2/org/springframework/spring-test/6.1.11/spring-test-6.1.11.jar (856 kB at 1.2 MB/s)
[INFO] Downloading from central: https://repo.maven.apache.org/maven2/org/springframework/spring-context/6.1.11/spring-context-6.1.11.jar
[INFO] Downloaded from central: https://repo.maven.apache.org/maven2/org/springframework/security/spring-security-crypto/6.3.1/spring-security-crypto-6.3.1.jar (100 kB at 141 kB/s)
[INFO] Downloading from central: https://repo.maven.apache.org/maven2/org/springframework/spring-expression/6.1.11/spring-expression-6.1.11.jar
[INFO] Downloaded from central: https://repo.maven.apache.org/maven2/org/springframework/security/spring-security-core/6.3.1/spring-security-core-6.3.1.jar (559 kB at 778 kB/s)
[INFO] Downloading from central: https://repo.maven.apache.org/maven2/io/micrometer/micrometer-observation/1.13.2/micrometer-observation-1.13.2.jar
[INFO] Downloaded from central: https://repo.maven.apache.org/maven2/org/springframework/spring-aop/6.1.11/spring-aop-6.1.11.jar (417 kB at 578 kB/s)
[INFO] Downloading from central: https://repo.maven.apache.org/maven2/io/micrometer/micrometer-commons/1.13.2/micrometer-commons-1.13.2.jar
[INFO] Downloaded from central: https://repo.maven.apache.org/maven2/org/springframework/spring-beans/6.1.11/spring-beans-6.1.11.jar (862 kB at 1.2 MB/s)
[INFO] Downloading from central: https://repo.maven.apache.org/maven2/org/springframework/security/spring-security-web/6.3.1/spring-security-web-6.3.1.jar
[INFO] Downloaded from central: https://repo.maven.apache.org/maven2/org/springframework/spring-expression/6.1.11/spring-expression-6.1.11.jar (303 kB at 407 kB/s)
[INFO] Downloading from central: https://repo.maven.apache.org/maven2/org/springframework/spring-web/6.1.11/spring-web-6.1.11.jar
[INFO] Downloaded from central: https://repo.maven.apache.org/maven2/io/micrometer/micrometer-observation/1.13.2/micrometer-observation-1.13.2.jar (72 kB at 94 kB/s)
[INFO] Downloading from central: https://repo.maven.apache.org/maven2/com/auth0/java-jwt/4.4.0/java-jwt-4.4.0.jar
[INFO] Downloaded from central: https://repo.maven.apache.org/maven2/io/micrometer/micrometer-commons/1.13.2/micrometer-commons-1.13.2.jar (48 kB at 62 kB/s)
[INFO] Downloading from central: https://repo.maven.apache.org/maven2/com/fasterxml/jackson/core/jackson-databind/2.17.2/jackson-databind-2.17.2.jar
[INFO] Downloaded from central: https://repo.maven.apache.org/maven2/com/auth0/java-jwt/4.4.0/java-jwt-4.4.0.jar (64 kB at 65 kB/s)
[INFO] Downloaded from central: https://repo.maven.apache.org/maven2/org/springframework/spring-context/6.1.11/spring-context-6.1.11.jar (1.3 MB at 1.3 MB/s)
[INFO] Downloading from central: https://repo.maven.apache.org/maven2/com/fasterxml/jackson/core/jackson-annotations/2.17.2/jackson-annotations-2.17.2.jar
[INFO] Downloading from central: https://repo.maven.apache.org/maven2/com/fasterxml/jackson/core/jackson-core/2.17.2/jackson-core-2.17.2.jar
[INFO] Downloaded from central: https://repo.maven.apache.org/maven2/com/fasterxml/jackson/core/jackson-annotations/2.17.2/jackson-annotations-2.17.2.jar (78 kB at 76 kB/s)
[INFO] Downloaded from central: https://repo.maven.apache.org/maven2/org/springframework/security/spring-security-web/6.3.1/spring-security-web-6.3.1.jar (804 kB at 778 kB/s)
[INFO] Downloaded from central: https://repo.maven.apache.org/maven2/com/fasterxml/jackson/core/jackson-core/2.17.2/jackson-core-2.17.2.jar (582 kB at 557 kB/s)
[INFO] Downloaded from central: https://repo.maven.apache.org/maven2/com/fasterxml/jackson/core/jackson-databind/2.17.2/jackson-databind-2.17.2.jar (1.6 MB at 1.6 MB/s)
[INFO] Downloaded from central: https://repo.maven.apache.org/maven2/org/springframework/spring-web/6.1.11/spring-web-6.1.11.jar (1.9 MB at 1.7 MB/s)
[INFO] 
[INFO] --- resources:3.3.1:resources (default-resources) @ api ---
[INFO] Downloading from central: https://repo.maven.apache.org/maven2/org/codehaus/plexus/plexus-interpolation/1.26/plexus-interpolation-1.26.pom
[INFO] Downloaded from central: https://repo.maven.apache.org/maven2/org/codehaus/plexus/plexus-interpolation/1.26/plexus-interpolation-1.26.pom (2.7 kB at 70 kB/s)
[INFO] Downloading from central: https://repo.maven.apache.org/maven2/org/codehaus/plexus/plexus/5.1/plexus-5.1.pom
[INFO] Downloaded from central: https://repo.maven.apache.org/maven2/org/codehaus/plexus/plexus/5.1/plexus-5.1.pom (23 kB at 726 kB/s)
[INFO] Downloading from central: https://repo.maven.apache.org/maven2/org/codehaus/plexus/plexus-utils/3.5.1/plexus-utils-3.5.1.pom
[INFO] Downloaded from central: https://repo.maven.apache.org/maven2/org/codehaus/plexus/plexus-utils/3.5.1/plexus-utils-3.5.1.pom (8.8 kB at 365 kB/s)
[INFO] Downloading from central: https://repo.maven.apache.org/maven2/org/codehaus/plexus/plexus/10/plexus-10.pom
[INFO] Downloaded from central: https://repo.maven.apache.org/maven2/org/codehaus/plexus/plexus/10/plexus-10.pom (25 kB at 876 kB/s)
[INFO] Downloading from central: https://repo.maven.apache.org/maven2/org/apache/maven/shared/maven-filtering/3.3.1/maven-filtering-3.3.1.pom
[INFO] Downloaded from central: https://repo.maven.apache.org/maven2/org/apache/maven/shared/maven-filtering/3.3.1/maven-filtering-3.3.1.pom (6.0 kB at 241 kB/s)
[INFO] Downloading from central: https://repo.maven.apache.org/maven2/org/apache/maven/shared/maven-shared-components/39/maven-shared-components-39.pom
[INFO] Downloaded from central: https://repo.maven.apache.org/maven2/org/apache/maven/shared/maven-shared-components/39/maven-shared-components-39.pom (3.2 kB at 129 kB/s)
[INFO] Downloading from central: https://repo.maven.apache.org/maven2/javax/inject/javax.inject/1/javax.inject-1.pom
[INFO] Downloaded from central: https://repo.maven.apache.org/maven2/javax/inject/javax.inject/1/javax.inject-1.pom (612 B at 22 kB/s)
[INFO] Downloading from central: https://repo.maven.apache.org/maven2/org/slf4j/slf4j-api/1.7.36/slf4j-api-1.7.36.pom
[INFO] Downloaded from central: https://repo.maven.apache.org/maven2/org/slf4j/slf4j-api/1.7.36/slf4j-api-1.7.36.pom (2.7 kB at 24 kB/s)
[INFO] Downloading from central: https://repo.maven.apache.org/maven2/org/slf4j/slf4j-parent/1.7.36/slf4j-parent-1.7.36.pom
[INFO] Downloaded from central: https://repo.maven.apache.org/maven2/org/slf4j/slf4j-parent/1.7.36/slf4j-parent-1.7.36.pom (14 kB at 403 kB/s)
[INFO] Downloading from central: https://repo.maven.apache.org/maven2/org/sonatype/plexus/plexus-build-api/0.0.7/plexus-build-api-0.0.7.pom
[INFO] Downloaded from central: https://repo.maven.apache.org/maven2/org/sonatype/plexus/plexus-build-api/0.0.7/plexus-build-api-0.0.7.pom (3.2 kB at 29 kB/s)
[INFO] Downloading from central: https://repo.maven.apache.org/maven2/org/sonatype/spice/spice-parent/15/spice-parent-15.pom
[INFO] Downloaded from central: https://repo.maven.apache.org/maven2/org/sonatype/spice/spice-parent/15/spice-parent-15.pom (8.4 kB at 334 kB/s)
[INFO] Downloading from central: https://repo.maven.apache.org/maven2/org/sonatype/forge/forge-parent/5/forge-parent-5.pom
[INFO] Downloaded from central: https://repo.maven.apache.org/maven2/org/sonatype/forge/forge-parent/5/forge-parent-5.pom (8.4 kB at 348 kB/s)
[INFO] Downloading from central: https://repo.maven.apache.org/maven2/org/codehaus/plexus/plexus-utils/3.5.0/plexus-utils-3.5.0.pom
[INFO] Downloaded from central: https://repo.maven.apache.org/maven2/org/codehaus/plexus/plexus-utils/3.5.0/plexus-utils-3.5.0.pom (8.0 kB at 320 kB/s)
[INFO] Downloading from central: https://repo.maven.apache.org/maven2/commons-io/commons-io/2.11.0/commons-io-2.11.0.pom
[INFO] Downloaded from central: https://repo.maven.apache.org/maven2/commons-io/commons-io/2.11.0/commons-io-2.11.0.pom (20 kB at 731 kB/s)
[INFO] Downloading from central: https://repo.maven.apache.org/maven2/org/apache/commons/commons-parent/52/commons-parent-52.pom
[INFO] Downloaded from central: https://repo.maven.apache.org/maven2/org/apache/commons/commons-parent/52/commons-parent-52.pom (79 kB at 2.6 MB/s)
[INFO] Downloading from central: https://repo.maven.apache.org/maven2/org/apache/apache/23/apache-23.pom
[INFO] Downloaded from central: https://repo.maven.apache.org/maven2/org/apache/apache/23/apache-23.pom (18 kB at 392 kB/s)
[INFO] Downloading from central: https://repo.maven.apache.org/maven2/org/junit/junit-bom/5.7.2/junit-bom-5.7.2.pom
[INFO] Downloaded from central: https://repo.maven.apache.org/maven2/org/junit/junit-bom/5.7.2/junit-bom-5.7.2.pom (5.1 kB at 212 kB/s)
[INFO] Downloading from central: https://repo.maven.apache.org/maven2/org/apache/commons/commons-lang3/3.12.0/commons-lang3-3.12.0.pom
[INFO] Downloaded from central: https://repo.maven.apache.org/maven2/org/apache/commons/commons-lang3/3.12.0/commons-lang3-3.12.0.pom (31 kB at 1.3 MB/s)
[INFO] Downloading from central: https://repo.maven.apache.org/maven2/org/junit/junit-bom/5.7.1/junit-bom-5.7.1.pom
[INFO] Downloaded from central: https://repo.maven.apache.org/maven2/org/junit/junit-bom/5.7.1/junit-bom-5.7.1.pom (5.1 kB at 243 kB/s)
[INFO] Downloading from central: https://repo.maven.apache.org/maven2/org/codehaus/plexus/plexus-interpolation/1.26/plexus-interpolation-1.26.jar
[INFO] Downloaded from central: https://repo.maven.apache.org/maven2/org/codehaus/plexus/plexus-interpolation/1.26/plexus-interpolation-1.26.jar (85 kB at 3.0 MB/s)
[INFO] Downloading from central: https://repo.maven.apache.org/maven2/org/codehaus/plexus/plexus-utils/3.5.1/plexus-utils-3.5.1.jar
[INFO] Downloading from central: https://repo.maven.apache.org/maven2/org/apache/maven/shared/maven-filtering/3.3.1/maven-filtering-3.3.1.jar
[INFO] Downloading from central: https://repo.maven.apache.org/maven2/javax/inject/javax.inject/1/javax.inject-1.jar
[INFO] Downloading from central: https://repo.maven.apache.org/maven2/org/slf4j/slf4j-api/1.7.36/slf4j-api-1.7.36.jar
[INFO] Downloading from central: https://repo.maven.apache.org/maven2/org/sonatype/plexus/plexus-build-api/0.0.7/plexus-build-api-0.0.7.jar
[INFO] Downloaded from central: https://repo.maven.apache.org/maven2/javax/inject/javax.inject/1/javax.inject-1.jar (2.5 kB at 81 kB/s)
[INFO] Downloaded from central: https://repo.maven.apache.org/maven2/org/sonatype/plexus/plexus-build-api/0.0.7/plexus-build-api-0.0.7.jar (8.5 kB at 292 kB/s)
[INFO] Downloading from central: https://repo.maven.apache.org/maven2/org/apache/commons/commons-lang3/3.12.0/commons-lang3-3.12.0.jar
[INFO] Downloaded from central: https://repo.maven.apache.org/maven2/org/codehaus/plexus/plexus-utils/3.5.1/plexus-utils-3.5.1.jar (269 kB at 8.2 MB/s)
[INFO] Downloading from central: https://repo.maven.apache.org/maven2/commons-io/commons-io/2.11.0/commons-io-2.11.0.jar
[INFO] Downloaded from central: https://repo.maven.apache.org/maven2/org/apache/maven/shared/maven-filtering/3.3.1/maven-filtering-3.3.1.jar (55 kB at 1.7 MB/s)
[INFO] Downloaded from central: https://repo.maven.apache.org/maven2/org/slf4j/slf4j-api/1.7.36/slf4j-api-1.7.36.jar (41 kB at 1.3 MB/s)
[INFO] Downloaded from central: https://repo.maven.apache.org/maven2/commons-io/commons-io/2.11.0/commons-io-2.11.0.jar (327 kB at 5.2 MB/s)
[INFO] Downloaded from central: https://repo.maven.apache.org/maven2/org/apache/commons/commons-lang3/3.12.0/commons-lang3-3.12.0.jar (587 kB at 9.5 MB/s)
[INFO] Copying 1 resource from src/main/resources to target/classes
[INFO] Copying 1 resource from src/main/resources to target/classes
[INFO] 
[INFO] --- compiler:3.13.0:compile (default-compile) @ api ---
[INFO] Downloading from central: https://repo.maven.apache.org/maven2/org/apache/maven/shared/maven-shared-utils/3.4.2/maven-shared-utils-3.4.2.pom
[INFO] Downloaded from central: https://repo.maven.apache.org/maven2/org/apache/maven/shared/maven-shared-utils/3.4.2/maven-shared-utils-3.4.2.pom (5.9 kB at 236 kB/s)
[INFO] Downloading from central: https://repo.maven.apache.org/maven2/org/apache/maven/shared/maven-shared-incremental/1.1/maven-shared-incremental-1.1.pom
[INFO] Downloaded from central: https://repo.maven.apache.org/maven2/org/apache/maven/shared/maven-shared-incremental/1.1/maven-shared-incremental-1.1.pom (4.7 kB at 216 kB/s)
[INFO] Downloading from central: https://repo.maven.apache.org/maven2/org/apache/maven/shared/maven-shared-components/19/maven-shared-components-19.pom
[INFO] Downloaded from central: https://repo.maven.apache.org/maven2/org/apache/maven/shared/maven-shared-components/19/maven-shared-components-19.pom (6.4 kB at 303 kB/s)
[INFO] Downloading from central: https://repo.maven.apache.org/maven2/org/apache/maven/maven-parent/23/maven-parent-23.pom
[INFO] Downloaded from central: https://repo.maven.apache.org/maven2/org/apache/maven/maven-parent/23/maven-parent-23.pom (33 kB at 815 kB/s)
[INFO] Downloading from central: https://repo.maven.apache.org/maven2/org/apache/apache/13/apache-13.pom
[INFO] Downloaded from central: https://repo.maven.apache.org/maven2/org/apache/apache/13/apache-13.pom (14 kB at 559 kB/s)
[INFO] Downloading from central: https://repo.maven.apache.org/maven2/org/codehaus/plexus/plexus-java/1.2.0/plexus-java-1.2.0.pom
[INFO] Downloaded from central: https://repo.maven.apache.org/maven2/org/codehaus/plexus/plexus-java/1.2.0/plexus-java-1.2.0.pom (4.3 kB at 129 kB/s)
[INFO] Downloading from central: https://repo.maven.apache.org/maven2/org/codehaus/plexus/plexus-languages/1.2.0/plexus-languages-1.2.0.pom
[INFO] Downloaded from central: https://repo.maven.apache.org/maven2/org/codehaus/plexus/plexus-languages/1.2.0/plexus-languages-1.2.0.pom (3.2 kB at 133 kB/s)
[INFO] Downloading from central: https://repo.maven.apache.org/maven2/org/codehaus/plexus/plexus/15/plexus-15.pom
[INFO] Downloaded from central: https://repo.maven.apache.org/maven2/org/codehaus/plexus/plexus/15/plexus-15.pom (28 kB at 958 kB/s)
[INFO] Downloading from central: https://repo.maven.apache.org/maven2/org/junit/junit-bom/5.10.0/junit-bom-5.10.0.pom
[INFO] Downloaded from central: https://repo.maven.apache.org/maven2/org/junit/junit-bom/5.10.0/junit-bom-5.10.0.pom (5.6 kB at 51 kB/s)
[INFO] Downloading from central: https://repo.maven.apache.org/maven2/com/thoughtworks/qdox/qdox/2.0.3/qdox-2.0.3.pom
[INFO] Downloaded from central: https://repo.maven.apache.org/maven2/com/thoughtworks/qdox/qdox/2.0.3/qdox-2.0.3.pom (17 kB at 164 kB/s)
[INFO] Downloading from central: https://repo.maven.apache.org/maven2/org/codehaus/plexus/plexus-compiler-api/2.15.0/plexus-compiler-api-2.15.0.pom
[INFO] Downloaded from central: https://repo.maven.apache.org/maven2/org/codehaus/plexus/plexus-compiler-api/2.15.0/plexus-compiler-api-2.15.0.pom (1.4 kB at 62 kB/s)
[INFO] Downloading from central: https://repo.maven.apache.org/maven2/org/codehaus/plexus/plexus-compiler/2.15.0/plexus-compiler-2.15.0.pom
[INFO] Downloaded from central: https://repo.maven.apache.org/maven2/org/codehaus/plexus/plexus-compiler/2.15.0/plexus-compiler-2.15.0.pom (7.6 kB at 292 kB/s)
[INFO] Downloading from central: https://repo.maven.apache.org/maven2/org/codehaus/plexus/plexus/17/plexus-17.pom
[INFO] Downloaded from central: https://repo.maven.apache.org/maven2/org/codehaus/plexus/plexus/17/plexus-17.pom (28 kB at 1.1 MB/s)
[INFO] Downloading from central: https://repo.maven.apache.org/maven2/org/codehaus/plexus/plexus-utils/4.0.0/plexus-utils-4.0.0.pom
[INFO] Downloaded from central: https://repo.maven.apache.org/maven2/org/codehaus/plexus/plexus-utils/4.0.0/plexus-utils-4.0.0.pom (8.7 kB at 346 kB/s)
[INFO] Downloading from central: https://repo.maven.apache.org/maven2/org/codehaus/plexus/plexus/13/plexus-13.pom
[INFO] Downloaded from central: https://repo.maven.apache.org/maven2/org/codehaus/plexus/plexus/13/plexus-13.pom (27 kB at 1.2 MB/s)
[INFO] Downloading from central: https://repo.maven.apache.org/maven2/org/codehaus/plexus/plexus-compiler-manager/2.15.0/plexus-compiler-manager-2.15.0.pom
[INFO] Downloaded from central: https://repo.maven.apache.org/maven2/org/codehaus/plexus/plexus-compiler-manager/2.15.0/plexus-compiler-manager-2.15.0.pom (1.3 kB at 56 kB/s)
[INFO] Downloading from central: https://repo.maven.apache.org/maven2/org/codehaus/plexus/plexus-xml/3.0.0/plexus-xml-3.0.0.pom
[INFO] Downloaded from central: https://repo.maven.apache.org/maven2/org/codehaus/plexus/plexus-xml/3.0.0/plexus-xml-3.0.0.pom (3.7 kB at 110 kB/s)
[INFO] Downloading from central: https://repo.maven.apache.org/maven2/org/codehaus/plexus/plexus-compiler-javac/2.15.0/plexus-compiler-javac-2.15.0.pom
[INFO] Downloaded from central: https://repo.maven.apache.org/maven2/org/codehaus/plexus/plexus-compiler-javac/2.15.0/plexus-compiler-javac-2.15.0.pom (1.3 kB at 50 kB/s)
[INFO] Downloading from central: https://repo.maven.apache.org/maven2/org/codehaus/plexus/plexus-compilers/2.15.0/plexus-compilers-2.15.0.pom
[INFO] Downloaded from central: https://repo.maven.apache.org/maven2/org/codehaus/plexus/plexus-compilers/2.15.0/plexus-compilers-2.15.0.pom (1.6 kB at 33 kB/s)
[INFO] Downloading from central: https://repo.maven.apache.org/maven2/org/apache/maven/shared/maven-shared-utils/3.4.2/maven-shared-utils-3.4.2.jar
[INFO] Downloaded from central: https://repo.maven.apache.org/maven2/org/apache/maven/shared/maven-shared-utils/3.4.2/maven-shared-utils-3.4.2.jar (151 kB at 6.3 MB/s)
[INFO] Downloading from central: https://repo.maven.apache.org/maven2/org/apache/maven/shared/maven-shared-incremental/1.1/maven-shared-incremental-1.1.jar
[INFO] Downloading from central: https://repo.maven.apache.org/maven2/org/codehaus/plexus/plexus-java/1.2.0/plexus-java-1.2.0.jar
[INFO] Downloading from central: https://repo.maven.apache.org/maven2/com/thoughtworks/qdox/qdox/2.0.3/qdox-2.0.3.jar
[INFO] Downloading from central: https://repo.maven.apache.org/maven2/org/codehaus/plexus/plexus-compiler-api/2.15.0/plexus-compiler-api-2.15.0.jar
[INFO] Downloading from central: https://repo.maven.apache.org/maven2/org/codehaus/plexus/plexus-compiler-manager/2.15.0/plexus-compiler-manager-2.15.0.jar
[INFO] Downloaded from central: https://repo.maven.apache.org/maven2/org/apache/maven/shared/maven-shared-incremental/1.1/maven-shared-incremental-1.1.jar (14 kB at 521 kB/s)
[INFO] Downloading from central: https://repo.maven.apache.org/maven2/org/codehaus/plexus/plexus-xml/3.0.0/plexus-xml-3.0.0.jar
[INFO] Downloaded from central: https://repo.maven.apache.org/maven2/org/codehaus/plexus/plexus-compiler-manager/2.15.0/plexus-compiler-manager-2.15.0.jar (5.2 kB at 209 kB/s)
[INFO] Downloading from central: https://repo.maven.apache.org/maven2/org/codehaus/plexus/plexus-compiler-javac/2.15.0/plexus-compiler-javac-2.15.0.jar
[INFO] Downloaded from central: https://repo.maven.apache.org/maven2/org/codehaus/plexus/plexus-java/1.2.0/plexus-java-1.2.0.jar (58 kB at 2.0 MB/s)
[INFO] Downloading from central: https://repo.maven.apache.org/maven2/org/codehaus/plexus/plexus-utils/4.0.0/plexus-utils-4.0.0.jar
[INFO] Downloaded from central: https://repo.maven.apache.org/maven2/org/codehaus/plexus/plexus-compiler-api/2.15.0/plexus-compiler-api-2.15.0.jar (29 kB at 969 kB/s)
[INFO] Downloaded from central: https://repo.maven.apache.org/maven2/com/thoughtworks/qdox/qdox/2.0.3/qdox-2.0.3.jar (334 kB at 8.8 MB/s)
[INFO] Downloaded from central: https://repo.maven.apache.org/maven2/org/codehaus/plexus/plexus-xml/3.0.0/plexus-xml-3.0.0.jar (93 kB at 2.0 MB/s)
[INFO] Downloaded from central: https://repo.maven.apache.org/maven2/org/codehaus/plexus/plexus-utils/4.0.0/plexus-utils-4.0.0.jar (192 kB at 3.8 MB/s)
[INFO] Downloaded from central: https://repo.maven.apache.org/maven2/org/codehaus/plexus/plexus-compiler-javac/2.15.0/plexus-compiler-javac-2.15.0.jar (26 kB at 494 kB/s)
[INFO] Recompiling the module because of changed source code.
[INFO] Compiling 64 source files with javac [debug parameters release 17] to target/classes
[INFO] -------------------------------------------------------------
[ERROR] COMPILATION ERROR : 
[INFO] -------------------------------------------------------------
[ERROR] /project/src/main/java/com/airline_ticket/api/Application.java:[3,37] package io.swagger.v3.oas.annotations does not exist
[ERROR] /project/src/main/java/com/airline_ticket/api/Application.java:[4,42] package io.swagger.v3.oas.annotations.info does not exist
[ERROR] /project/src/main/java/com/airline_ticket/api/Application.java:[5,32] package org.springframework.boot does not exist
[ERROR] /project/src/main/java/com/airline_ticket/api/Application.java:[6,46] package org.springframework.boot.autoconfigure does not exist
[ERROR] /project/src/main/java/com/airline_ticket/api/Application.java:[8,2] cannot find symbol
  symbol: class SpringBootApplication
[ERROR] /project/src/main/java/com/airline_ticket/api/Application.java:[9,2] cannot find symbol
  symbol: class OpenAPIDefinition
[ERROR] /project/src/main/java/com/airline_ticket/api/config/WebConfig.java:[3,52] package org.springframework.beans.factory.annotation does not exist
[ERROR] /project/src/main/java/com/airline_ticket/api/config/WebConfig.java:[4,46] package org.springframework.context.annotation does not exist
[ERROR] /project/src/main/java/com/airline_ticket/api/config/WebConfig.java:[5,57] package org.springframework.web.servlet.config.annotation does not exist
[ERROR] /project/src/main/java/com/airline_ticket/api/config/WebConfig.java:[6,57] package org.springframework.web.servlet.config.annotation does not exist
[ERROR] /project/src/main/java/com/airline_ticket/api/config/WebConfig.java:[9,35] cannot find symbol
  symbol: class WebMvcConfigurer
[ERROR] /project/src/main/java/com/airline_ticket/api/config/WebConfig.java:[8,2] cannot find symbol
  symbol: class Configuration
[ERROR] /project/src/main/java/com/airline_ticket/api/config/WebConfig.java:[15,33] cannot find symbol
  symbol:   class CorsRegistry
  location: class com.airline_ticket.api.config.WebConfig
[ERROR] /project/src/main/java/com/airline_ticket/api/controller/AuthController.java:[9,26] package jakarta.validation does not exist
[ERROR] /project/src/main/java/com/airline_ticket/api/controller/AuthController.java:[10,52] package org.springframework.beans.factory.annotation does not exist
[ERROR] /project/src/main/java/com/airline_ticket/api/controller/AuthController.java:[11,32] package org.springframework.http does not exist
[ERROR] /project/src/main/java/com/airline_ticket/api/controller/AuthController.java:[12,47] package org.springframework.web.bind.annotation does not exist
[ERROR] /project/src/main/java/com/airline_ticket/api/controller/AuthController.java:[13,47] package org.springframework.web.bind.annotation does not exist
[ERROR] /project/src/main/java/com/airline_ticket/api/controller/AuthController.java:[14,47] package org.springframework.web.bind.annotation does not exist
[ERROR] /project/src/main/java/com/airline_ticket/api/controller/AuthController.java:[15,47] package org.springframework.web.bind.annotation does not exist
[ERROR] /project/src/main/java/com/airline_ticket/api/controller/swagger/AuthControllerInterface.java:[7,37] package io.swagger.v3.oas.annotations does not exist
[ERROR] /project/src/main/java/com/airline_ticket/api/controller/swagger/AuthControllerInterface.java:[8,37] package io.swagger.v3.oas.annotations does not exist
[ERROR] /project/src/main/java/com/airline_ticket/api/controller/swagger/AuthControllerInterface.java:[9,47] package io.swagger.v3.oas.annotations.responses does not exist
[ERROR] /project/src/main/java/com/airline_ticket/api/controller/swagger/AuthControllerInterface.java:[10,47] package io.swagger.v3.oas.annotations.responses does not exist
[ERROR] /project/src/main/java/com/airline_ticket/api/controller/swagger/AuthControllerInterface.java:[11,42] package io.swagger.v3.oas.annotations.tags does not exist
[ERROR] /project/src/main/java/com/airline_ticket/api/controller/swagger/AuthControllerInterface.java:[12,26] package jakarta.validation does not exist
[ERROR] /project/src/main/java/com/airline_ticket/api/controller/swagger/AuthControllerInterface.java:[13,32] package org.springframework.http does not exist
[ERROR] /project/src/main/java/com/airline_ticket/api/controller/swagger/AuthControllerInterface.java:[15,2] cannot find symbol
  symbol: class Tag
[ERROR] /project/src/main/java/com/airline_ticket/api/controller/AuthController.java:[17,2] cannot find symbol
  symbol: class RestController
[ERROR] /project/src/main/java/com/airline_ticket/api/controller/AuthController.java:[18,2] cannot find symbol
  symbol: class RequestMapping
[ERROR] /project/src/main/java/com/airline_ticket/api/service/AuthService.java:[13,27] package jakarta.transaction does not exist
[ERROR] /project/src/main/java/com/airline_ticket/api/service/AuthService.java:[14,52] package org.springframework.security.crypto.password does not exist
[ERROR] /project/src/main/java/com/airline_ticket/api/service/AuthService.java:[15,38] package org.springframework.stereotype does not exist
[ERROR] /project/src/main/java/com/airline_ticket/api/service/AuthService.java:[20,2] cannot find symbol
  symbol: class Service
[ERROR] /project/src/main/java/com/airline_ticket/api/model/dtos/auth/LoginRequestDTO.java:[3,43] package io.swagger.v3.oas.annotations.media does not exist
[ERROR] /project/src/main/java/com/airline_ticket/api/model/dtos/auth/LoginRequestDTO.java:[4,38] package jakarta.validation.constraints does not exist
[ERROR] /project/src/main/java/com/airline_ticket/api/model/dtos/auth/LoginRequestDTO.java:[6,2] cannot find symbol
  symbol: class Schema
[ERROR] /project/src/main/java/com/airline_ticket/api/controller/AuthController.java:[24,12] cannot find symbol
  symbol:   class ResponseEntity
  location: class com.airline_ticket.api.controller.AuthController
[ERROR] /project/src/main/java/com/airline_ticket/api/model/dtos/auth/ResponseDTO.java:[3,43] package io.swagger.v3.oas.annotations.media does not exist
[ERROR] /project/src/main/java/com/airline_ticket/api/model/dtos/auth/ResponseDTO.java:[5,2] cannot find symbol
  symbol: class Schema
[ERROR] /project/src/main/java/com/airline_ticket/api/model/dtos/auth/RegisterPassengerRequestDTO.java:[3,43] package io.swagger.v3.oas.annotations.media does not exist
[ERROR] /project/src/main/java/com/airline_ticket/api/model/dtos/auth/RegisterPassengerRequestDTO.java:[4,38] package jakarta.validation.constraints does not exist
[ERROR] /project/src/main/java/com/airline_ticket/api/model/dtos/auth/RegisterPassengerRequestDTO.java:[6,2] cannot find symbol
  symbol: class Schema
[ERROR] /project/src/main/java/com/airline_ticket/api/controller/AuthController.java:[30,12] cannot find symbol
  symbol:   class ResponseEntity
  location: class com.airline_ticket.api.controller.AuthController
[ERROR] /project/src/main/java/com/airline_ticket/api/controller/AuthController.java:[36,12] cannot find symbol
  symbol:   class ResponseEntity
  location: class com.airline_ticket.api.controller.AuthController
[ERROR] /project/src/main/java/com/airline_ticket/api/model/dtos/auth/RegisterEmployeeRequestDTO.java:[3,43] package io.swagger.v3.oas.annotations.media does not exist
[ERROR] /project/src/main/java/com/airline_ticket/api/model/dtos/auth/RegisterEmployeeRequestDTO.java:[4,38] package jakarta.validation.constraints does not exist
[ERROR] /project/src/main/java/com/airline_ticket/api/model/dtos/auth/RegisterEmployeeRequestDTO.java:[6,2] cannot find symbol
  symbol: class Schema
[ERROR] /project/src/main/java/com/airline_ticket/api/controller/AuthController.java:[42,12] cannot find symbol
  symbol:   class ResponseEntity
  location: class com.airline_ticket.api.controller.AuthController
[ERROR] /project/src/main/java/com/airline_ticket/api/security/TokenService.java:[9,52] package org.springframework.beans.factory.annotation does not exist
[ERROR] /project/src/main/java/com/airline_ticket/api/security/TokenService.java:[10,38] package org.springframework.stereotype does not exist
[ERROR] /project/src/main/java/com/airline_ticket/api/security/TokenService.java:[16,2] cannot find symbol
  symbol: class Service
[ERROR] /project/src/main/java/com/airline_ticket/api/service/AuthService.java:[24,19] cannot find symbol
  symbol:   class PasswordEncoder
  location: class com.airline_ticket.api.service.AuthService
[ERROR] /project/src/main/java/com/airline_ticket/api/repository/PassengerRepository.java:[4,39] package org.springframework.data.domain does not exist
[ERROR] /project/src/main/java/com/airline_ticket/api/repository/PassengerRepository.java:[5,39] package org.springframework.data.domain does not exist
[ERROR] /project/src/main/java/com/airline_ticket/api/repository/PassengerRepository.java:[6,47] package org.springframework.data.jpa.repository does not exist
[ERROR] /project/src/main/java/com/airline_ticket/api/repository/PassengerRepository.java:[7,38] package org.springframework.stereotype does not exist
[ERROR] /project/src/main/java/com/airline_ticket/api/repository/PassengerRepository.java:[13,46] cannot find symbol
  symbol: class JpaRepository
[ERROR] /project/src/main/java/com/airline_ticket/api/repository/PassengerRepository.java:[12,2] cannot find symbol
  symbol: class Repository
[ERROR] /project/src/main/java/com/airline_ticket/api/model/Passenger.java:[9,2] cannot find symbol
  symbol: class Entity
[ERROR] /project/src/main/java/com/airline_ticket/api/model/Passenger.java:[10,2] cannot find symbol
  symbol: class Table
[ERROR] /project/src/main/java/com/airline_ticket/api/repository/EmployeeRepository.java:[5,39] package org.springframework.data.domain does not exist
[ERROR] /project/src/main/java/com/airline_ticket/api/repository/EmployeeRepository.java:[6,39] package org.springframework.data.domain does not exist
[ERROR] /project/src/main/java/com/airline_ticket/api/repository/EmployeeRepository.java:[7,47] package org.springframework.data.jpa.repository does not exist
[ERROR] /project/src/main/java/com/airline_ticket/api/repository/EmployeeRepository.java:[8,38] package org.springframework.stereotype does not exist
[ERROR] /project/src/main/java/com/airline_ticket/api/repository/EmployeeRepository.java:[14,45] cannot find symbol
  symbol: class JpaRepository
[ERROR] /project/src/main/java/com/airline_ticket/api/repository/EmployeeRepository.java:[13,2] cannot find symbol
  symbol: class Repository
[ERROR] /project/src/main/java/com/airline_ticket/api/model/Employee.java:[9,2] cannot find symbol
  symbol: class Entity
[ERROR] /project/src/main/java/com/airline_ticket/api/model/Employee.java:[10,2] cannot find symbol
  symbol: class Table
[ERROR] /project/src/main/java/com/airline_ticket/api/service/AuthService.java:[28,51] cannot find symbol
  symbol:   class PasswordEncoder
  location: class com.airline_ticket.api.service.AuthService
[ERROR] /project/src/main/java/com/airline_ticket/api/repository/EmployeeRepository.java:[15,28] cannot find symbol
  symbol:   class Pageable
  location: interface com.airline_ticket.api.repository.EmployeeRepository
[ERROR] /project/src/main/java/com/airline_ticket/api/repository/EmployeeRepository.java:[15,5] cannot find symbol
  symbol:   class Page
  location: interface com.airline_ticket.api.repository.EmployeeRepository
[ERROR] /project/src/main/java/com/airline_ticket/api/repository/EmployeeRepository.java:[17,54] cannot find symbol
  symbol:   class Pageable
  location: interface com.airline_ticket.api.repository.EmployeeRepository
[ERROR] /project/src/main/java/com/airline_ticket/api/repository/EmployeeRepository.java:[17,5] cannot find symbol
  symbol:   class Page
  location: interface com.airline_ticket.api.repository.EmployeeRepository
[ERROR] /project/src/main/java/com/airline_ticket/api/repository/PassengerRepository.java:[14,29] cannot find symbol
  symbol:   class Pageable
  location: interface com.airline_ticket.api.repository.PassengerRepository
[ERROR] /project/src/main/java/com/airline_ticket/api/repository/PassengerRepository.java:[14,5] cannot find symbol
  symbol:   class Page
  location: interface com.airline_ticket.api.repository.PassengerRepository
[ERROR] /project/src/main/java/com/airline_ticket/api/repository/PassengerRepository.java:[17,55] cannot find symbol
  symbol:   class Pageable
  location: interface com.airline_ticket.api.repository.PassengerRepository
[ERROR] /project/src/main/java/com/airline_ticket/api/repository/PassengerRepository.java:[17,5] cannot find symbol
  symbol:   class Page
  location: interface com.airline_ticket.api.repository.PassengerRepository
[ERROR] /project/src/main/java/com/airline_ticket/api/controller/swagger/AuthControllerInterface.java:[24,5] cannot find symbol
  symbol:   class ResponseEntity
  location: interface com.airline_ticket.api.controller.swagger.AuthControllerInterface
[ERROR] /project/src/main/java/com/airline_ticket/api/controller/swagger/AuthControllerInterface.java:[33,5] cannot find symbol
  symbol:   class ResponseEntity
  location: interface com.airline_ticket.api.controller.swagger.AuthControllerInterface
[ERROR] /project/src/main/java/com/airline_ticket/api/controller/swagger/AuthControllerInterface.java:[42,5] cannot find symbol
  symbol:   class ResponseEntity
  location: interface com.airline_ticket.api.controller.swagger.AuthControllerInterface
[ERROR] /project/src/main/java/com/airline_ticket/api/controller/swagger/AuthControllerInterface.java:[51,5] cannot find symbol
  symbol:   class ResponseEntity
  location: interface com.airline_ticket.api.controller.swagger.AuthControllerInterface
[ERROR] /project/src/main/java/com/airline_ticket/api/model/Employee.java:[3,1] package jakarta.persistence does not exist
[ERROR] /project/src/main/java/com/airline_ticket/api/model/Passenger.java:[3,1] package jakarta.persistence does not exist
[ERROR] /project/src/main/java/com/airline_ticket/api/controller/EmployeeController.java:[8,26] package jakarta.validation does not exist
[ERROR] /project/src/main/java/com/airline_ticket/api/controller/EmployeeController.java:[9,52] package org.springframework.beans.factory.annotation does not exist
[ERROR] /project/src/main/java/com/airline_ticket/api/controller/EmployeeController.java:[10,39] package org.springframework.data.domain does not exist
[ERROR] /project/src/main/java/com/airline_ticket/api/controller/EmployeeController.java:[11,36] package org.springframework.data.web does not exist
[ERROR] /project/src/main/java/com/airline_ticket/api/controller/EmployeeController.java:[12,32] package org.springframework.http does not exist
[ERROR] /project/src/main/java/com/airline_ticket/api/controller/EmployeeController.java:[13,32] package org.springframework.http does not exist
[ERROR] /project/src/main/java/com/airline_ticket/api/controller/swagger/EmployeeControllerInterface.java:[6,37] package io.swagger.v3.oas.annotations does not exist
[ERROR] /project/src/main/java/com/airline_ticket/api/controller/swagger/EmployeeControllerInterface.java:[7,37] package io.swagger.v3.oas.annotations does not exist
[ERROR] /project/src/main/java/com/airline_ticket/api/controller/swagger/EmployeeControllerInterface.java:[8,47] package io.swagger.v3.oas.annotations.responses does not exist
[ERROR] /project/src/main/java/com/airline_ticket/api/controller/swagger/EmployeeControllerInterface.java:[9,47] package io.swagger.v3.oas.annotations.responses does not exist
[ERROR] /project/src/main/java/com/airline_ticket/api/controller/swagger/EmployeeControllerInterface.java:[10,42] package io.swagger.v3.oas.annotations.tags does not exist
[ERROR] /project/src/main/java/com/airline_ticket/api/controller/swagger/EmployeeControllerInterface.java:[11,26] package jakarta.validation does not exist
[ERROR] /project/src/main/java/com/airline_ticket/api/controller/swagger/EmployeeControllerInterface.java:[12,39] package org.springframework.data.domain does not exist
[ERROR] /project/src/main/java/com/airline_ticket/api/controller/swagger/EmployeeControllerInterface.java:[13,32] package org.springframework.http does not exist
[ERROR] /project/src/main/java/com/airline_ticket/api/controller/swagger/EmployeeControllerInterface.java:[18,2] cannot find symbol
  symbol: class Tag
[ERROR] /project/src/main/java/com/airline_ticket/api/controller/EmployeeController.java:[19,2] cannot find symbol
  symbol: class RestController
[INFO] 100 errors 
[INFO] -------------------------------------------------------------
[INFO] ------------------------------------------------------------------------
[INFO] BUILD FAILURE
[INFO] ------------------------------------------------------------------------
[INFO] Total time:  15.483 s
[INFO] Finished at: 2026-06-16T21:33:34Z
[INFO] ------------------------------------------------------------------------
[ERROR] Failed to execute goal org.apache.maven.plugins:maven-compiler-plugin:3.13.0:compile (default-compile) on project api: Compilation failure: Compilation failure: 
[ERROR] /project/src/main/java/com/airline_ticket/api/Application.java:[3,37] package io.swagger.v3.oas.annotations does not exist
[ERROR] /project/src/main/java/com/airline_ticket/api/Application.java:[4,42] package io.swagger.v3.oas.annotations.info does not exist
[ERROR] /project/src/main/java/com/airline_ticket/api/Application.java:[5,32] package org.springframework.boot does not exist
[ERROR] /project/src/main/java/com/airline_ticket/api/Application.java:[6,46] package org.springframework.boot.autoconfigure does not exist
[ERROR] /project/src/main/java/com/airline_ticket/api/Application.java:[8,2] cannot find symbol
[ERROR]   symbol: class SpringBootApplication
[ERROR] /project/src/main/java/com/airline_ticket/api/Application.java:[9,2] cannot find symbol
[ERROR]   symbol: class OpenAPIDefinition
[ERROR] /project/src/main/java/com/airline_ticket/api/config/WebConfig.java:[3,52] package org.springframework.beans.factory.annotation does not exist
[ERROR] /project/src/main/java/com/airline_ticket/api/config/WebConfig.java:[4,46] package org.springframework.context.annotation does not exist
[ERROR] /project/src/main/java/com/airline_ticket/api/config/WebConfig.java:[5,57] package org.springframework.web.servlet.config.annotation does not exist
[ERROR] /project/src/main/java/com/airline_ticket/api/config/WebConfig.java:[6,57] package org.springframework.web.servlet.config.annotation does not exist
[ERROR] /project/src/main/java/com/airline_ticket/api/config/WebConfig.java:[9,35] cannot find symbol
[ERROR]   symbol: class WebMvcConfigurer
[ERROR] /project/src/main/java/com/airline_ticket/api/config/WebConfig.java:[8,2] cannot find symbol
[ERROR]   symbol: class Configuration
[ERROR] /project/src/main/java/com/airline_ticket/api/config/WebConfig.java:[15,33] cannot find symbol
[ERROR]   symbol:   class CorsRegistry
[ERROR]   location: class com.airline_ticket.api.config.WebConfig
[ERROR] /project/src/main/java/com/airline_ticket/api/controller/AuthController.java:[9,26] package jakarta.validation does not exist
[ERROR] /project/src/main/java/com/airline_ticket/api/controller/AuthController.java:[10,52] package org.springframework.beans.factory.annotation does not exist
[ERROR] /project/src/main/java/com/airline_ticket/api/controller/AuthController.java:[11,32] package org.springframework.http does not exist
[ERROR] /project/src/main/java/com/airline_ticket/api/controller/AuthController.java:[12,47] package org.springframework.web.bind.annotation does not exist
[ERROR] /project/src/main/java/com/airline_ticket/api/controller/AuthController.java:[13,47] package org.springframework.web.bind.annotation does not exist
[ERROR] /project/src/main/java/com/airline_ticket/api/controller/AuthController.java:[14,47] package org.springframework.web.bind.annotation does not exist
[ERROR] /project/src/main/java/com/airline_ticket/api/controller/AuthController.java:[15,47] package org.springframework.web.bind.annotation does not exist
[ERROR] /project/src/main/java/com/airline_ticket/api/controller/swagger/AuthControllerInterface.java:[7,37] package io.swagger.v3.oas.annotations does not exist
[ERROR] /project/src/main/java/com/airline_ticket/api/controller/swagger/AuthControllerInterface.java:[8,37] package io.swagger.v3.oas.annotations does not exist
[ERROR] /project/src/main/java/com/airline_ticket/api/controller/swagger/AuthControllerInterface.java:[9,47] package io.swagger.v3.oas.annotations.responses does not exist
[ERROR] /project/src/main/java/com/airline_ticket/api/controller/swagger/AuthControllerInterface.java:[10,47] package io.swagger.v3.oas.annotations.responses does not exist
[ERROR] /project/src/main/java/com/airline_ticket/api/controller/swagger/AuthControllerInterface.java:[11,42] package io.swagger.v3.oas.annotations.tags does not exist
[ERROR] /project/src/main/java/com/airline_ticket/api/controller/swagger/AuthControllerInterface.java:[12,26] package jakarta.validation does not exist
[ERROR] /project/src/main/java/com/airline_ticket/api/controller/swagger/AuthControllerInterface.java:[13,32] package org.springframework.http does not exist
[ERROR] /project/src/main/java/com/airline_ticket/api/controller/swagger/AuthControllerInterface.java:[15,2] cannot find symbol
[ERROR]   symbol: class Tag
[ERROR] /project/src/main/java/com/airline_ticket/api/controller/AuthController.java:[17,2] cannot find symbol
[ERROR]   symbol: class RestController
[ERROR] /project/src/main/java/com/airline_ticket/api/controller/AuthController.java:[18,2] cannot find symbol
[ERROR]   symbol: class RequestMapping
[ERROR] /project/src/main/java/com/airline_ticket/api/service/AuthService.java:[13,27] package jakarta.transaction does not exist
[ERROR] /project/src/main/java/com/airline_ticket/api/service/AuthService.java:[14,52] package org.springframework.security.crypto.password does not exist
[ERROR] /project/src/main/java/com/airline_ticket/api/service/AuthService.java:[15,38] package org.springframework.stereotype does not exist
[ERROR] /project/src/main/java/com/airline_ticket/api/service/AuthService.java:[20,2] cannot find symbol
[ERROR]   symbol: class Service
[ERROR] /project/src/main/java/com/airline_ticket/api/model/dtos/auth/LoginRequestDTO.java:[3,43] package io.swagger.v3.oas.annotations.media does not exist
[ERROR] /project/src/main/java/com/airline_ticket/api/model/dtos/auth/LoginRequestDTO.java:[4,38] package jakarta.validation.constraints does not exist
[ERROR] /project/src/main/java/com/airline_ticket/api/model/dtos/auth/LoginRequestDTO.java:[6,2] cannot find symbol
[ERROR]   symbol: class Schema
[ERROR] /project/src/main/java/com/airline_ticket/api/controller/AuthController.java:[24,12] cannot find symbol
[ERROR]   symbol:   class ResponseEntity
[ERROR]   location: class com.airline_ticket.api.controller.AuthController
[ERROR] /project/src/main/java/com/airline_ticket/api/model/dtos/auth/ResponseDTO.java:[3,43] package io.swagger.v3.oas.annotations.media does not exist
[ERROR] /project/src/main/java/com/airline_ticket/api/model/dtos/auth/ResponseDTO.java:[5,2] cannot find symbol
[ERROR]   symbol: class Schema
[ERROR] /project/src/main/java/com/airline_ticket/api/model/dtos/auth/RegisterPassengerRequestDTO.java:[3,43] package io.swagger.v3.oas.annotations.media does not exist
[ERROR] /project/src/main/java/com/airline_ticket/api/model/dtos/auth/RegisterPassengerRequestDTO.java:[4,38] package jakarta.validation.constraints does not exist
[ERROR] /project/src/main/java/com/airline_ticket/api/model/dtos/auth/RegisterPassengerRequestDTO.java:[6,2] cannot find symbol
[ERROR]   symbol: class Schema
[ERROR] /project/src/main/java/com/airline_ticket/api/controller/AuthController.java:[30,12] cannot find symbol
[ERROR]   symbol:   class ResponseEntity
[ERROR]   location: class com.airline_ticket.api.controller.AuthController
[ERROR] /project/src/main/java/com/airline_ticket/api/controller/AuthController.java:[36,12] cannot find symbol
[ERROR]   symbol:   class ResponseEntity
[ERROR]   location: class com.airline_ticket.api.controller.AuthController
[ERROR] /project/src/main/java/com/airline_ticket/api/model/dtos/auth/RegisterEmployeeRequestDTO.java:[3,43] package io.swagger.v3.oas.annotations.media does not exist
[ERROR] /project/src/main/java/com/airline_ticket/api/model/dtos/auth/RegisterEmployeeRequestDTO.java:[4,38] package jakarta.validation.constraints does not exist
[ERROR] /project/src/main/java/com/airline_ticket/api/model/dtos/auth/RegisterEmployeeRequestDTO.java:[6,2] cannot find symbol
[ERROR]   symbol: class Schema
[ERROR] /project/src/main/java/com/airline_ticket/api/controller/AuthController.java:[42,12] cannot find symbol
[ERROR]   symbol:   class ResponseEntity
[ERROR]   location: class com.airline_ticket.api.controller.AuthController
[ERROR] /project/src/main/java/com/airline_ticket/api/security/TokenService.java:[9,52] package org.springframework.beans.factory.annotation does not exist
[ERROR] /project/src/main/java/com/airline_ticket/api/security/TokenService.java:[10,38] package org.springframework.stereotype does not exist
[ERROR] /project/src/main/java/com/airline_ticket/api/security/TokenService.java:[16,2] cannot find symbol
[ERROR]   symbol: class Service
[ERROR] /project/src/main/java/com/airline_ticket/api/service/AuthService.java:[24,19] cannot find symbol
[ERROR]   symbol:   class PasswordEncoder
[ERROR]   location: class com.airline_ticket.api.service.AuthService
[ERROR] /project/src/main/java/com/airline_ticket/api/repository/PassengerRepository.java:[4,39] package org.springframework.data.domain does not exist
[ERROR] /project/src/main/java/com/airline_ticket/api/repository/PassengerRepository.java:[5,39] package org.springframework.data.domain does not exist
[ERROR] /project/src/main/java/com/airline_ticket/api/repository/PassengerRepository.java:[6,47] package org.springframework.data.jpa.repository does not exist
[ERROR] /project/src/main/java/com/airline_ticket/api/repository/PassengerRepository.java:[7,38] package org.springframework.stereotype does not exist
[ERROR] /project/src/main/java/com/airline_ticket/api/repository/PassengerRepository.java:[13,46] cannot find symbol
[ERROR]   symbol: class JpaRepository
[ERROR] /project/src/main/java/com/airline_ticket/api/repository/PassengerRepository.java:[12,2] cannot find symbol
[ERROR]   symbol: class Repository
[ERROR] /project/src/main/java/com/airline_ticket/api/model/Passenger.java:[9,2] cannot find symbol
[ERROR]   symbol: class Entity
[ERROR] /project/src/main/java/com/airline_ticket/api/model/Passenger.java:[10,2] cannot find symbol
[ERROR]   symbol: class Table
[ERROR] /project/src/main/java/com/airline_ticket/api/repository/EmployeeRepository.java:[5,39] package org.springframework.data.domain does not exist
[ERROR] /project/src/main/java/com/airline_ticket/api/repository/EmployeeRepository.java:[6,39] package org.springframework.data.domain does not exist
[ERROR] /project/src/main/java/com/airline_ticket/api/repository/EmployeeRepository.java:[7,47] package org.springframework.data.jpa.repository does not exist
[ERROR] /project/src/main/java/com/airline_ticket/api/repository/EmployeeRepository.java:[8,38] package org.springframework.stereotype does not exist
[ERROR] /project/src/main/java/com/airline_ticket/api/repository/EmployeeRepository.java:[14,45] cannot find symbol
[ERROR]   symbol: class JpaRepository
[ERROR] /project/src/main/java/com/airline_ticket/api/repository/EmployeeRepository.java:[13,2] cannot find symbol
[ERROR]   symbol: class Repository
[ERROR] /project/src/main/java/com/airline_ticket/api/model/Employee.java:[9,2] cannot find symbol
[ERROR]   symbol: class Entity
[ERROR] /project/src/main/java/com/airline_ticket/api/model/Employee.java:[10,2] cannot find symbol
[ERROR]   symbol: class Table
[ERROR] /project/src/main/java/com/airline_ticket/api/service/AuthService.java:[28,51] cannot find symbol
[ERROR]   symbol:   class PasswordEncoder
[ERROR]   location: class com.airline_ticket.api.service.AuthService
[ERROR] /project/src/main/java/com/airline_ticket/api/repository/EmployeeRepository.java:[15,28] cannot find symbol
[ERROR]   symbol:   class Pageable
[ERROR]   location: interface com.airline_ticket.api.repository.EmployeeRepository
[ERROR] /project/src/main/java/com/airline_ticket/api/repository/EmployeeRepository.java:[15,5] cannot find symbol
[ERROR]   symbol:   class Page
[ERROR]   location: interface com.airline_ticket.api.repository.EmployeeRepository
[ERROR] /project/src/main/java/com/airline_ticket/api/repository/EmployeeRepository.java:[17,54] cannot find symbol
[ERROR]   symbol:   class Pageable
[ERROR]   location: interface com.airline_ticket.api.repository.EmployeeRepository
[ERROR] /project/src/main/java/com/airline_ticket/api/repository/EmployeeRepository.java:[17,5] cannot find symbol
[ERROR]   symbol:   class Page
[ERROR]   location: interface com.airline_ticket.api.repository.EmployeeRepository
[ERROR] /project/src/main/java/com/airline_ticket/api/repository/PassengerRepository.java:[14,29] cannot find symbol
[ERROR]   symbol:   class Pageable
[ERROR]   location: interface com.airline_ticket.api.repository.PassengerRepository
[ERROR] /project/src/main/java/com/airline_ticket/api/repository/PassengerRepository.java:[14,5] cannot find symbol
[ERROR]   symbol:   class Page
[ERROR]   location: interface com.airline_ticket.api.repository.PassengerRepository
[ERROR] /project/src/main/java/com/airline_ticket/api/repository/PassengerRepository.java:[17,55] cannot find symbol
[ERROR]   symbol:   class Pageable
[ERROR]   location: interface com.airline_ticket.api.repository.PassengerRepository
[ERROR] /project/src/main/java/com/airline_ticket/api/repository/PassengerRepository.java:[17,5] cannot find symbol
[ERROR]   symbol:   class Page
[ERROR]   location: interface com.airline_ticket.api.repository.PassengerRepository
[ERROR] /project/src/main/java/com/airline_ticket/api/controller/swagger/AuthControllerInterface.java:[24,5] cannot find symbol
[ERROR]   symbol:   class ResponseEntity
[ERROR]   location: interface com.airline_ticket.api.controller.swagger.AuthControllerInterface
[ERROR] /project/src/main/java/com/airline_ticket/api/controller/swagger/AuthControllerInterface.java:[33,5] cannot find symbol
[ERROR]   symbol:   class ResponseEntity
[ERROR]   location: interface com.airline_ticket.api.controller.swagger.AuthControllerInterface
[ERROR] /project/src/main/java/com/airline_ticket/api/controller/swagger/AuthControllerInterface.java:[42,5] cannot find symbol
[ERROR]   symbol:   class ResponseEntity
[ERROR]   location: interface com.airline_ticket.api.controller.swagger.AuthControllerInterface
[ERROR] /project/src/main/java/com/airline_ticket/api/controller/swagger/AuthControllerInterface.java:[51,5] cannot find symbol
[ERROR]   symbol:   class ResponseEntity
[ERROR]   location: interface com.airline_ticket.api.controller.swagger.AuthControllerInterface
[ERROR] /project/src/main/java/com/airline_ticket/api/model/Employee.java:[3,1] package jakarta.persistence does not exist
[ERROR] /project/src/main/java/com/airline_ticket/api/model/Passenger.java:[3,1] package jakarta.persistence does not exist
[ERROR] /project/src/main/java/com/airline_ticket/api/controller/EmployeeController.java:[8,26] package jakarta.validation does not exist
[ERROR] /project/src/main/java/com/airline_ticket/api/controller/EmployeeController.java:[9,52] package org.springframework.beans.factory.annotation does not exist
[ERROR] /project/src/main/java/com/airline_ticket/api/controller/EmployeeController.java:[10,39] package org.springframework.data.domain does not exist
[ERROR] /project/src/main/java/com/airline_ticket/api/controller/EmployeeController.java:[11,36] package org.springframework.data.web does not exist
[ERROR] /project/src/main/java/com/airline_ticket/api/controller/EmployeeController.java:[12,32] package org.springframework.http does not exist
[ERROR] /project/src/main/java/com/airline_ticket/api/controller/EmployeeController.java:[13,32] package org.springframework.http does not exist
[ERROR] /project/src/main/java/com/airline_ticket/api/controller/swagger/EmployeeControllerInterface.java:[6,37] package io.swagger.v3.oas.annotations does not exist
[ERROR] /project/src/main/java/com/airline_ticket/api/controller/swagger/EmployeeControllerInterface.java:[7,37] package io.swagger.v3.oas.annotations does not exist
[ERROR] /project/src/main/java/com/airline_ticket/api/controller/swagger/EmployeeControllerInterface.java:[8,47] package io.swagger.v3.oas.annotations.responses does not exist
[ERROR] /project/src/main/java/com/airline_ticket/api/controller/swagger/EmployeeControllerInterface.java:[9,47] package io.swagger.v3.oas.annotations.responses does not exist
[ERROR] /project/src/main/java/com/airline_ticket/api/controller/swagger/EmployeeControllerInterface.java:[10,42] package io.swagger.v3.oas.annotations.tags does not exist
[ERROR] /project/src/main/java/com/airline_ticket/api/controller/swagger/EmployeeControllerInterface.java:[11,26] package jakarta.validation does not exist
[ERROR] /project/src/main/java/com/airline_ticket/api/controller/swagger/EmployeeControllerInterface.java:[12,39] package org.springframework.data.domain does not exist
[ERROR] /project/src/main/java/com/airline_ticket/api/controller/swagger/EmployeeControllerInterface.java:[13,32] package org.springframework.http does not exist
[ERROR] /project/src/main/java/com/airline_ticket/api/controller/swagger/EmployeeControllerInterface.java:[18,2] cannot find symbol
[ERROR]   symbol: class Tag
[ERROR] /project/src/main/java/com/airline_ticket/api/controller/EmployeeController.java:[19,2] cannot find symbol
[ERROR]   symbol: class RestController
[ERROR] -> [Help 1]
[ERROR] 
[ERROR] To see the full stack trace of the errors, re-run Maven with the -e switch.
[ERROR] Re-run Maven using the -X switch to enable full debug logging.
[ERROR] 
[ERROR] For more information about the errors and possible solutions, please read the following articles:
[ERROR] [Help 1] http://cwiki.apache.org/confluence/display/MAVEN/MojoFailureException
