[INFO] Scanning for projects...
[INFO] Downloading from central: https://repo.maven.apache.org/maven2/org/springframework/boot/spring-boot-starter-parent/2.7.3/spring-boot-starter-parent-2.7.3.pom
[INFO] Downloaded from central: https://repo.maven.apache.org/maven2/org/springframework/boot/spring-boot-starter-parent/2.7.3/spring-boot-starter-parent-2.7.3.pom (9.2 kB at 24 kB/s)
[INFO] Downloading from central: https://repo.maven.apache.org/maven2/org/springframework/boot/spring-boot-dependencies/2.7.3/spring-boot-dependencies-2.7.3.pom
[INFO] Downloaded from central: https://repo.maven.apache.org/maven2/org/springframework/boot/spring-boot-dependencies/2.7.3/spring-boot-dependencies-2.7.3.pom (108 kB at 2.5 MB/s)
[INFO] Downloading from central: https://repo.maven.apache.org/maven2/com/datastax/oss/java-driver-bom/4.14.1/java-driver-bom-4.14.1.pom
[INFO] Downloaded from central: https://repo.maven.apache.org/maven2/com/datastax/oss/java-driver-bom/4.14.1/java-driver-bom-4.14.1.pom (4.1 kB at 40 kB/s)
[INFO] Downloading from central: https://repo.maven.apache.org/maven2/io/dropwizard/metrics/metrics-bom/4.2.11/metrics-bom-4.2.11.pom
[INFO] Downloaded from central: https://repo.maven.apache.org/maven2/io/dropwizard/metrics/metrics-bom/4.2.11/metrics-bom-4.2.11.pom (6.9 kB at 63 kB/s)
[INFO] Downloading from central: https://repo.maven.apache.org/maven2/io/dropwizard/metrics/metrics-parent/4.2.11/metrics-parent-4.2.11.pom
[INFO] Downloaded from central: https://repo.maven.apache.org/maven2/io/dropwizard/metrics/metrics-parent/4.2.11/metrics-parent-4.2.11.pom (20 kB at 654 kB/s)
[INFO] Downloading from central: https://repo.maven.apache.org/maven2/org/codehaus/groovy/groovy-bom/3.0.12/groovy-bom-3.0.12.pom
[INFO] Downloaded from central: https://repo.maven.apache.org/maven2/org/codehaus/groovy/groovy-bom/3.0.12/groovy-bom-3.0.12.pom (26 kB at 734 kB/s)
[INFO] Downloading from central: https://repo.maven.apache.org/maven2/org/infinispan/infinispan-bom/13.0.10.Final/infinispan-bom-13.0.10.Final.pom
[INFO] Downloaded from central: https://repo.maven.apache.org/maven2/org/infinispan/infinispan-bom/13.0.10.Final/infinispan-bom-13.0.10.Final.pom (19 kB at 669 kB/s)
[INFO] Downloading from central: https://repo.maven.apache.org/maven2/org/infinispan/infinispan-build-configuration-parent/13.0.10.Final/infinispan-build-configuration-parent-13.0.10.Final.pom
[INFO] Downloaded from central: https://repo.maven.apache.org/maven2/org/infinispan/infinispan-build-configuration-parent/13.0.10.Final/infinispan-build-configuration-parent-13.0.10.Final.pom (13 kB at 492 kB/s)
[INFO] Downloading from central: https://repo.maven.apache.org/maven2/org/jboss/jboss-parent/36/jboss-parent-36.pom
[INFO] Downloaded from central: https://repo.maven.apache.org/maven2/org/jboss/jboss-parent/36/jboss-parent-36.pom (66 kB at 1.6 MB/s)
[INFO] Downloading from central: https://repo.maven.apache.org/maven2/com/fasterxml/jackson/jackson-bom/2.13.3/jackson-bom-2.13.3.pom
[INFO] Downloaded from central: https://repo.maven.apache.org/maven2/com/fasterxml/jackson/jackson-bom/2.13.3/jackson-bom-2.13.3.pom (17 kB at 694 kB/s)
[INFO] Downloading from central: https://repo.maven.apache.org/maven2/com/fasterxml/jackson/jackson-parent/2.13/jackson-parent-2.13.pom
[INFO] Downloaded from central: https://repo.maven.apache.org/maven2/com/fasterxml/jackson/jackson-parent/2.13/jackson-parent-2.13.pom (7.4 kB at 239 kB/s)
[INFO] Downloading from central: https://repo.maven.apache.org/maven2/com/fasterxml/oss-parent/43/oss-parent-43.pom
[INFO] Downloaded from central: https://repo.maven.apache.org/maven2/com/fasterxml/oss-parent/43/oss-parent-43.pom (24 kB at 638 kB/s)
[INFO] Downloading from central: https://repo.maven.apache.org/maven2/org/glassfish/jersey/jersey-bom/2.35/jersey-bom-2.35.pom
[INFO] Downloaded from central: https://repo.maven.apache.org/maven2/org/glassfish/jersey/jersey-bom/2.35/jersey-bom-2.35.pom (19 kB at 522 kB/s)
[INFO] Downloading from central: https://repo.maven.apache.org/maven2/org/eclipse/ee4j/project/1.0.6/project-1.0.6.pom
[INFO] Downloaded from central: https://repo.maven.apache.org/maven2/org/eclipse/ee4j/project/1.0.6/project-1.0.6.pom (13 kB at 127 kB/s)
[INFO] Downloading from central: https://repo.maven.apache.org/maven2/org/eclipse/jetty/jetty-bom/9.4.48.v20220622/jetty-bom-9.4.48.v20220622.pom
[INFO] Downloaded from central: https://repo.maven.apache.org/maven2/org/eclipse/jetty/jetty-bom/9.4.48.v20220622/jetty-bom-9.4.48.v20220622.pom (18 kB at 679 kB/s)
[INFO] Downloading from central: https://repo.maven.apache.org/maven2/org/junit/junit-bom/5.8.2/junit-bom-5.8.2.pom
[INFO] Downloaded from central: https://repo.maven.apache.org/maven2/org/junit/junit-bom/5.8.2/junit-bom-5.8.2.pom (5.6 kB at 209 kB/s)
[INFO] Downloading from central: https://repo.maven.apache.org/maven2/org/jetbrains/kotlin/kotlin-bom/1.6.21/kotlin-bom-1.6.21.pom
[INFO] Downloaded from central: https://repo.maven.apache.org/maven2/org/jetbrains/kotlin/kotlin-bom/1.6.21/kotlin-bom-1.6.21.pom (9.3 kB at 346 kB/s)
[INFO] Downloading from central: https://repo.maven.apache.org/maven2/org/jetbrains/kotlinx/kotlinx-coroutines-bom/1.6.4/kotlinx-coroutines-bom-1.6.4.pom
[INFO] Downloaded from central: https://repo.maven.apache.org/maven2/org/jetbrains/kotlinx/kotlinx-coroutines-bom/1.6.4/kotlinx-coroutines-bom-1.6.4.pom (4.3 kB at 179 kB/s)
[INFO] Downloading from central: https://repo.maven.apache.org/maven2/org/apache/logging/log4j/log4j-bom/2.17.2/log4j-bom-2.17.2.pom
[INFO] Downloaded from central: https://repo.maven.apache.org/maven2/org/apache/logging/log4j/log4j-bom/2.17.2/log4j-bom-2.17.2.pom (8.1 kB at 193 kB/s)
[INFO] Downloading from central: https://repo.maven.apache.org/maven2/org/apache/logging/logging-parent/5/logging-parent-5.pom
[INFO] Downloaded from central: https://repo.maven.apache.org/maven2/org/apache/logging/logging-parent/5/logging-parent-5.pom (3.3 kB at 110 kB/s)
[INFO] Downloading from central: https://repo.maven.apache.org/maven2/org/apache/apache/24/apache-24.pom
[INFO] Downloaded from central: https://repo.maven.apache.org/maven2/org/apache/apache/24/apache-24.pom (20 kB at 729 kB/s)
[INFO] Downloading from central: https://repo.maven.apache.org/maven2/io/micrometer/micrometer-bom/1.9.3/micrometer-bom-1.9.3.pom
[INFO] Downloaded from central: https://repo.maven.apache.org/maven2/io/micrometer/micrometer-bom/1.9.3/micrometer-bom-1.9.3.pom (7.1 kB at 283 kB/s)
[INFO] Downloading from central: https://repo.maven.apache.org/maven2/org/mockito/mockito-bom/4.5.1/mockito-bom-4.5.1.pom
[INFO] Downloaded from central: https://repo.maven.apache.org/maven2/org/mockito/mockito-bom/4.5.1/mockito-bom-4.5.1.pom (3.0 kB at 27 kB/s)
[INFO] Downloading from central: https://repo.maven.apache.org/maven2/io/netty/netty-bom/4.1.79.Final/netty-bom-4.1.79.Final.pom
[INFO] Downloaded from central: https://repo.maven.apache.org/maven2/io/netty/netty-bom/4.1.79.Final/netty-bom-4.1.79.Final.pom (13 kB at 110 kB/s)
[INFO] Downloading from central: https://repo.maven.apache.org/maven2/org/sonatype/oss/oss-parent/7/oss-parent-7.pom
[INFO] Downloaded from central: https://repo.maven.apache.org/maven2/org/sonatype/oss/oss-parent/7/oss-parent-7.pom (4.8 kB at 161 kB/s)
[INFO] Downloading from central: https://repo.maven.apache.org/maven2/com/squareup/okhttp3/okhttp-bom/4.9.3/okhttp-bom-4.9.3.pom
[INFO] Downloaded from central: https://repo.maven.apache.org/maven2/com/squareup/okhttp3/okhttp-bom/4.9.3/okhttp-bom-4.9.3.pom (3.0 kB at 73 kB/s)
[INFO] Downloading from central: https://repo.maven.apache.org/maven2/com/oracle/database/jdbc/ojdbc-bom/21.5.0.0/ojdbc-bom-21.5.0.0.pom
[INFO] Downloaded from central: https://repo.maven.apache.org/maven2/com/oracle/database/jdbc/ojdbc-bom/21.5.0.0/ojdbc-bom-21.5.0.0.pom (13 kB at 324 kB/s)
[INFO] Downloading from central: https://repo.maven.apache.org/maven2/io/prometheus/simpleclient_bom/0.15.0/simpleclient_bom-0.15.0.pom
[INFO] Downloaded from central: https://repo.maven.apache.org/maven2/io/prometheus/simpleclient_bom/0.15.0/simpleclient_bom-0.15.0.pom (5.8 kB at 200 kB/s)
[INFO] Downloading from central: https://repo.maven.apache.org/maven2/io/prometheus/parent/0.15.0/parent-0.15.0.pom
[INFO] Downloaded from central: https://repo.maven.apache.org/maven2/io/prometheus/parent/0.15.0/parent-0.15.0.pom (12 kB at 433 kB/s)
[INFO] Downloading from central: https://repo.maven.apache.org/maven2/com/querydsl/querydsl-bom/5.0.0/querydsl-bom-5.0.0.pom
[INFO] Downloaded from central: https://repo.maven.apache.org/maven2/com/querydsl/querydsl-bom/5.0.0/querydsl-bom-5.0.0.pom (7.2 kB at 217 kB/s)
[INFO] Downloading from central: https://repo.maven.apache.org/maven2/io/r2dbc/r2dbc-bom/Borca-SR1/r2dbc-bom-Borca-SR1.pom
[INFO] Downloaded from central: https://repo.maven.apache.org/maven2/io/r2dbc/r2dbc-bom/Borca-SR1/r2dbc-bom-Borca-SR1.pom (3.8 kB at 160 kB/s)
[INFO] Downloading from central: https://repo.maven.apache.org/maven2/io/projectreactor/reactor-bom/2020.0.22/reactor-bom-2020.0.22.pom
[INFO] Downloaded from central: https://repo.maven.apache.org/maven2/io/projectreactor/reactor-bom/2020.0.22/reactor-bom-2020.0.22.pom (4.6 kB at 177 kB/s)
[INFO] Downloading from central: https://repo.maven.apache.org/maven2/io/rest-assured/rest-assured-bom/4.5.1/rest-assured-bom-4.5.1.pom
[INFO] Downloaded from central: https://repo.maven.apache.org/maven2/io/rest-assured/rest-assured-bom/4.5.1/rest-assured-bom-4.5.1.pom (5.8 kB at 216 kB/s)
[INFO] Downloading from central: https://repo.maven.apache.org/maven2/io/rsocket/rsocket-bom/1.1.2/rsocket-bom-1.1.2.pom
[INFO] Downloaded from central: https://repo.maven.apache.org/maven2/io/rsocket/rsocket-bom/1.1.2/rsocket-bom-1.1.2.pom (2.6 kB at 105 kB/s)
[INFO] Downloading from central: https://repo.maven.apache.org/maven2/org/springframework/data/spring-data-bom/2021.2.2/spring-data-bom-2021.2.2.pom
[INFO] Downloaded from central: https://repo.maven.apache.org/maven2/org/springframework/data/spring-data-bom/2021.2.2/spring-data-bom-2021.2.2.pom (5.7 kB at 218 kB/s)
[INFO] Downloading from central: https://repo.maven.apache.org/maven2/org/springframework/spring-framework-bom/5.3.22/spring-framework-bom-5.3.22.pom
[INFO] Downloaded from central: https://repo.maven.apache.org/maven2/org/springframework/spring-framework-bom/5.3.22/spring-framework-bom-5.3.22.pom (5.7 kB at 49 kB/s)
[INFO] Downloading from central: https://repo.maven.apache.org/maven2/org/springframework/integration/spring-integration-bom/5.5.14/spring-integration-bom-5.5.14.pom
[INFO] Downloaded from central: https://repo.maven.apache.org/maven2/org/springframework/integration/spring-integration-bom/5.5.14/spring-integration-bom-5.5.14.pom (9.2 kB at 278 kB/s)
[INFO] Downloading from central: https://repo.maven.apache.org/maven2/org/springframework/security/spring-security-bom/5.7.3/spring-security-bom-5.7.3.pom
[INFO] Downloaded from central: https://repo.maven.apache.org/maven2/org/springframework/security/spring-security-bom/5.7.3/spring-security-bom-5.7.3.pom (5.7 kB at 204 kB/s)
[INFO] Downloading from central: https://repo.maven.apache.org/maven2/org/springframework/session/spring-session-bom/2021.2.0/spring-session-bom-2021.2.0.pom
[INFO] Downloaded from central: https://repo.maven.apache.org/maven2/org/springframework/session/spring-session-bom/2021.2.0/spring-session-bom-2021.2.0.pom (3.1 kB at 114 kB/s)
[INFO] 
[INFO] ----------------< org.araymond.joal:jack-of-all-trades >----------------
[INFO] Building jack-of-all-trades 2.1.38-SNAPSHOT
[INFO]   from pom.xml
[INFO] --------------------------------[ jar ]---------------------------------
[INFO] Downloading from central: https://repo.maven.apache.org/maven2/org/springframework/boot/spring-boot-maven-plugin/2.7.3/spring-boot-maven-plugin-2.7.3.pom
[INFO] Downloaded from central: https://repo.maven.apache.org/maven2/org/springframework/boot/spring-boot-maven-plugin/2.7.3/spring-boot-maven-plugin-2.7.3.pom (3.1 kB at 85 kB/s)
[INFO] Downloading from central: https://repo.maven.apache.org/maven2/org/springframework/boot/spring-boot-maven-plugin/2.7.3/spring-boot-maven-plugin-2.7.3.jar
[INFO] Downloaded from central: https://repo.maven.apache.org/maven2/org/springframework/boot/spring-boot-maven-plugin/2.7.3/spring-boot-maven-plugin-2.7.3.jar (107 kB at 3.2 MB/s)
[INFO] Downloading from central: https://repo.maven.apache.org/maven2/org/apache/maven/plugins/maven-resources-plugin/3.2.0/maven-resources-plugin-3.2.0.pom
[INFO] Downloaded from central: https://repo.maven.apache.org/maven2/org/apache/maven/plugins/maven-resources-plugin/3.2.0/maven-resources-plugin-3.2.0.pom (8.1 kB at 78 kB/s)
[INFO] Downloading from central: https://repo.maven.apache.org/maven2/org/apache/maven/plugins/maven-plugins/34/maven-plugins-34.pom
[INFO] Downloaded from central: https://repo.maven.apache.org/maven2/org/apache/maven/plugins/maven-plugins/34/maven-plugins-34.pom (11 kB at 411 kB/s)
[INFO] Downloading from central: https://repo.maven.apache.org/maven2/org/apache/maven/maven-parent/34/maven-parent-34.pom
[INFO] Downloaded from central: https://repo.maven.apache.org/maven2/org/apache/maven/maven-parent/34/maven-parent-34.pom (43 kB at 325 kB/s)
[INFO] Downloading from central: https://repo.maven.apache.org/maven2/org/apache/apache/23/apache-23.pom
[INFO] Downloaded from central: https://repo.maven.apache.org/maven2/org/apache/apache/23/apache-23.pom (18 kB at 737 kB/s)
[INFO] Downloading from central: https://repo.maven.apache.org/maven2/org/apache/maven/plugins/maven-resources-plugin/3.2.0/maven-resources-plugin-3.2.0.jar
[INFO] Downloaded from central: https://repo.maven.apache.org/maven2/org/apache/maven/plugins/maven-resources-plugin/3.2.0/maven-resources-plugin-3.2.0.jar (33 kB at 1.0 MB/s)
[INFO] Downloading from central: https://repo.maven.apache.org/maven2/org/apache/maven/plugins/maven-compiler-plugin/3.10.1/maven-compiler-plugin-3.10.1.pom
[INFO] Downloaded from central: https://repo.maven.apache.org/maven2/org/apache/maven/plugins/maven-compiler-plugin/3.10.1/maven-compiler-plugin-3.10.1.pom (13 kB at 274 kB/s)
[INFO] Downloading from central: https://repo.maven.apache.org/maven2/org/apache/maven/plugins/maven-compiler-plugin/3.10.1/maven-compiler-plugin-3.10.1.jar
[INFO] Downloaded from central: https://repo.maven.apache.org/maven2/org/apache/maven/plugins/maven-compiler-plugin/3.10.1/maven-compiler-plugin-3.10.1.jar (62 kB at 2.1 MB/s)
[INFO] Downloading from central: https://repo.maven.apache.org/maven2/org/apache/maven/plugins/maven-surefire-plugin/2.22.2/maven-surefire-plugin-2.22.2.pom
[INFO] Downloaded from central: https://repo.maven.apache.org/maven2/org/apache/maven/plugins/maven-surefire-plugin/2.22.2/maven-surefire-plugin-2.22.2.pom (5.0 kB at 161 kB/s)
[INFO] Downloading from central: https://repo.maven.apache.org/maven2/org/apache/maven/surefire/surefire/2.22.2/surefire-2.22.2.pom
[INFO] Downloaded from central: https://repo.maven.apache.org/maven2/org/apache/maven/surefire/surefire/2.22.2/surefire-2.22.2.pom (26 kB at 697 kB/s)
[INFO] Downloading from central: https://repo.maven.apache.org/maven2/org/apache/maven/maven-parent/33/maven-parent-33.pom
[INFO] Downloaded from central: https://repo.maven.apache.org/maven2/org/apache/maven/maven-parent/33/maven-parent-33.pom (44 kB at 1.3 MB/s)
[INFO] Downloading from central: https://repo.maven.apache.org/maven2/org/apache/apache/21/apache-21.pom
[INFO] Downloaded from central: https://repo.maven.apache.org/maven2/org/apache/apache/21/apache-21.pom (17 kB at 684 kB/s)
[INFO] Downloading from central: https://repo.maven.apache.org/maven2/org/apache/maven/plugins/maven-surefire-plugin/2.22.2/maven-surefire-plugin-2.22.2.jar
[INFO] Downloaded from central: https://repo.maven.apache.org/maven2/org/apache/maven/plugins/maven-surefire-plugin/2.22.2/maven-surefire-plugin-2.22.2.jar (41 kB at 1.5 MB/s)
[INFO] Downloading from central: https://repo.maven.apache.org/maven2/org/apache/maven/plugins/maven-jar-plugin/3.2.2/maven-jar-plugin-3.2.2.pom
[INFO] Downloaded from central: https://repo.maven.apache.org/maven2/org/apache/maven/plugins/maven-jar-plugin/3.2.2/maven-jar-plugin-3.2.2.pom (7.5 kB at 68 kB/s)
[INFO] Downloading from central: https://repo.maven.apache.org/maven2/org/apache/maven/plugins/maven-jar-plugin/3.2.2/maven-jar-plugin-3.2.2.jar
[INFO] Downloaded from central: https://repo.maven.apache.org/maven2/org/apache/maven/plugins/maven-jar-plugin/3.2.2/maven-jar-plugin-3.2.2.jar (29 kB at 872 kB/s)
[INFO] Downloading from central: https://repo.maven.apache.org/maven2/org/apache/maven/plugins/maven-install-plugin/2.5.2/maven-install-plugin-2.5.2.pom
[INFO] Downloaded from central: https://repo.maven.apache.org/maven2/org/apache/maven/plugins/maven-install-plugin/2.5.2/maven-install-plugin-2.5.2.pom (6.4 kB at 267 kB/s)
[INFO] Downloading from central: https://repo.maven.apache.org/maven2/org/apache/maven/plugins/maven-plugins/25/maven-plugins-25.pom
[INFO] Downloaded from central: https://repo.maven.apache.org/maven2/org/apache/maven/plugins/maven-plugins/25/maven-plugins-25.pom (9.6 kB at 367 kB/s)
[INFO] Downloading from central: https://repo.maven.apache.org/maven2/org/apache/maven/maven-parent/24/maven-parent-24.pom
[INFO] Downloaded from central: https://repo.maven.apache.org/maven2/org/apache/maven/maven-parent/24/maven-parent-24.pom (37 kB at 1.3 MB/s)
[INFO] Downloading from central: https://repo.maven.apache.org/maven2/org/apache/apache/14/apache-14.pom
[INFO] Downloaded from central: https://repo.maven.apache.org/maven2/org/apache/apache/14/apache-14.pom (15 kB at 524 kB/s)
[INFO] Downloading from central: https://repo.maven.apache.org/maven2/org/apache/maven/plugins/maven-install-plugin/2.5.2/maven-install-plugin-2.5.2.jar
[INFO] Downloaded from central: https://repo.maven.apache.org/maven2/org/apache/maven/plugins/maven-install-plugin/2.5.2/maven-install-plugin-2.5.2.jar (33 kB at 1.3 MB/s)
[INFO] Downloading from central: https://repo.maven.apache.org/maven2/org/springframework/spring-messaging/5.3.22/spring-messaging-5.3.22.pom
[INFO] Downloaded from central: https://repo.maven.apache.org/maven2/org/springframework/spring-messaging/5.3.22/spring-messaging-5.3.22.pom (2.2 kB at 82 kB/s)
[INFO] Downloading from central: https://repo.maven.apache.org/maven2/org/springframework/spring-beans/5.3.22/spring-beans-5.3.22.pom
[INFO] Downloaded from central: https://repo.maven.apache.org/maven2/org/springframework/spring-beans/5.3.22/spring-beans-5.3.22.pom (2.0 kB at 16 kB/s)
[INFO] Downloading from central: https://repo.maven.apache.org/maven2/org/springframework/spring-core/5.3.22/spring-core-5.3.22.pom
[INFO] Downloaded from central: https://repo.maven.apache.org/maven2/org/springframework/spring-core/5.3.22/spring-core-5.3.22.pom (2.0 kB at 17 kB/s)
[INFO] Downloading from central: https://repo.maven.apache.org/maven2/org/springframework/spring-jcl/5.3.22/spring-jcl-5.3.22.pom
[INFO] Downloaded from central: https://repo.maven.apache.org/maven2/org/springframework/spring-jcl/5.3.22/spring-jcl-5.3.22.pom (1.8 kB at 61 kB/s)
[INFO] Downloading from central: https://repo.maven.apache.org/maven2/org/springframework/security/spring-security-messaging/5.7.3/spring-security-messaging-5.7.3.pom
[INFO] Downloaded from central: https://repo.maven.apache.org/maven2/org/springframework/security/spring-security-messaging/5.7.3/spring-security-messaging-5.7.3.pom (3.0 kB at 98 kB/s)
[INFO] Downloading from central: https://repo.maven.apache.org/maven2/org/springframework/security/spring-security-core/5.7.3/spring-security-core-5.7.3.pom
[INFO] Downloaded from central: https://repo.maven.apache.org/maven2/org/springframework/security/spring-security-core/5.7.3/spring-security-core-5.7.3.pom (3.0 kB at 101 kB/s)
[INFO] Downloading from central: https://repo.maven.apache.org/maven2/org/springframework/security/spring-security-crypto/5.7.3/spring-security-crypto-5.7.3.pom
[INFO] Downloaded from central: https://repo.maven.apache.org/maven2/org/springframework/security/spring-security-crypto/5.7.3/spring-security-crypto-5.7.3.pom (1.9 kB at 60 kB/s)
[INFO] Downloading from central: https://repo.maven.apache.org/maven2/org/springframework/spring-aop/5.3.22/spring-aop-5.3.22.pom
[INFO] Downloaded from central: https://repo.maven.apache.org/maven2/org/springframework/spring-aop/5.3.22/spring-aop-5.3.22.pom (2.2 kB at 69 kB/s)
[INFO] Downloading from central: https://repo.maven.apache.org/maven2/org/springframework/spring-context/5.3.22/spring-context-5.3.22.pom
[INFO] Downloaded from central: https://repo.maven.apache.org/maven2/org/springframework/spring-context/5.3.22/spring-context-5.3.22.pom (2.6 kB at 47 kB/s)
[INFO] Downloading from central: https://repo.maven.apache.org/maven2/org/springframework/spring-expression/5.3.22/spring-expression-5.3.22.pom
[INFO] Downloaded from central: https://repo.maven.apache.org/maven2/org/springframework/spring-expression/5.3.22/spring-expression-5.3.22.pom (2.1 kB at 69 kB/s)
[INFO] Downloading from central: https://repo.maven.apache.org/maven2/javax/inject/javax.inject/1/javax.inject-1.pom
[INFO] Downloaded from central: https://repo.maven.apache.org/maven2/javax/inject/javax.inject/1/javax.inject-1.pom (612 B at 20 kB/s)
[INFO] Downloading from central: https://repo.maven.apache.org/maven2/com/turn/ttorrent-core/1.5/ttorrent-core-1.5.pom
[INFO] Downloaded from central: https://repo.maven.apache.org/maven2/com/turn/ttorrent-core/1.5/ttorrent-core-1.5.pom (1.1 kB at 35 kB/s)
[INFO] Downloading from central: https://repo.maven.apache.org/maven2/com/turn/ttorrent/1.5/ttorrent-1.5.pom
[INFO] Downloaded from central: https://repo.maven.apache.org/maven2/com/turn/ttorrent/1.5/ttorrent-1.5.pom (4.4 kB at 126 kB/s)
[INFO] Downloading from central: https://repo.maven.apache.org/maven2/commons-io/commons-io/2.4/commons-io-2.4.pom
[INFO] Downloaded from central: https://repo.maven.apache.org/maven2/commons-io/commons-io/2.4/commons-io-2.4.pom (10 kB at 99 kB/s)
[INFO] Downloading from central: https://repo.maven.apache.org/maven2/org/apache/commons/commons-parent/25/commons-parent-25.pom
[INFO] Downloaded from central: https://repo.maven.apache.org/maven2/org/apache/commons/commons-parent/25/commons-parent-25.pom (48 kB at 1.3 MB/s)
[INFO] Downloading from central: https://repo.maven.apache.org/maven2/org/apache/apache/9/apache-9.pom
[INFO] Downloaded from central: https://repo.maven.apache.org/maven2/org/apache/apache/9/apache-9.pom (15 kB at 505 kB/s)
[INFO] Downloading from central: https://repo.maven.apache.org/maven2/org/simpleframework/simple/4.1.21/simple-4.1.21.pom
[INFO] Downloaded from central: https://repo.maven.apache.org/maven2/org/simpleframework/simple/4.1.21/simple-4.1.21.pom (2.4 kB at 86 kB/s)
[INFO] Downloading from central: https://repo.maven.apache.org/maven2/org/slf4j/slf4j-api/1.7.36/slf4j-api-1.7.36.pom
[INFO] Downloaded from central: https://repo.maven.apache.org/maven2/org/slf4j/slf4j-api/1.7.36/slf4j-api-1.7.36.pom (2.7 kB at 74 kB/s)
[INFO] Downloading from central: https://repo.maven.apache.org/maven2/org/slf4j/slf4j-parent/1.7.36/slf4j-parent-1.7.36.pom
[INFO] Downloaded from central: https://repo.maven.apache.org/maven2/org/slf4j/slf4j-parent/1.7.36/slf4j-parent-1.7.36.pom (14 kB at 542 kB/s)
[INFO] Downloading from central: https://repo.maven.apache.org/maven2/com/github/mifmif/generex/1.0.2/generex-1.0.2.pom
[INFO] Downloaded from central: https://repo.maven.apache.org/maven2/com/github/mifmif/generex/1.0.2/generex-1.0.2.pom (11 kB at 442 kB/s)
[INFO] Downloading from central: https://repo.maven.apache.org/maven2/dk/brics/automaton/automaton/1.11-8/automaton-1.11-8.pom
[INFO] Downloaded from central: https://repo.maven.apache.org/maven2/dk/brics/automaton/automaton/1.11-8/automaton-1.11-8.pom (1.1 kB at 43 kB/s)
[INFO] Downloading from central: https://repo.maven.apache.org/maven2/com/google/guava/guava/31.1-jre/guava-31.1-jre.pom
[INFO] Downloaded from central: https://repo.maven.apache.org/maven2/com/google/guava/guava/31.1-jre/guava-31.1-jre.pom (11 kB at 439 kB/s)
[INFO] Downloading from central: https://repo.maven.apache.org/maven2/com/google/guava/guava-parent/31.1-jre/guava-parent-31.1-jre.pom
[INFO] Downloaded from central: https://repo.maven.apache.org/maven2/com/google/guava/guava-parent/31.1-jre/guava-parent-31.1-jre.pom (15 kB at 135 kB/s)
[INFO] Downloading from central: https://repo.maven.apache.org/maven2/com/google/guava/failureaccess/1.0.1/failureaccess-1.0.1.pom
[INFO] Downloaded from central: https://repo.maven.apache.org/maven2/com/google/guava/failureaccess/1.0.1/failureaccess-1.0.1.pom (2.4 kB at 83 kB/s)
[INFO] Downloading from central: https://repo.maven.apache.org/maven2/com/google/guava/guava-parent/26.0-android/guava-parent-26.0-android.pom
[INFO] Downloaded from central: https://repo.maven.apache.org/maven2/com/google/guava/guava-parent/26.0-android/guava-parent-26.0-android.pom (10 kB at 97 kB/s)
[INFO] Downloading from central: https://repo.maven.apache.org/maven2/org/sonatype/oss/oss-parent/9/oss-parent-9.pom
[INFO] Downloaded from central: https://repo.maven.apache.org/maven2/org/sonatype/oss/oss-parent/9/oss-parent-9.pom (6.6 kB at 173 kB/s)
[INFO] Downloading from central: https://repo.maven.apache.org/maven2/com/google/guava/listenablefuture/9999.0-empty-to-avoid-conflict-with-guava/listenablefuture-9999.0-empty-to-avoid-conflict-with-guava.pom
[INFO] Downloaded from central: https://repo.maven.apache.org/maven2/com/google/guava/listenablefuture/9999.0-empty-to-avoid-conflict-with-guava/listenablefuture-9999.0-empty-to-avoid-conflict-with-guava.pom (2.3 kB at 79 kB/s)
[INFO] Downloading from central: https://repo.maven.apache.org/maven2/com/google/code/findbugs/jsr305/3.0.2/jsr305-3.0.2.pom
[INFO] Downloaded from central: https://repo.maven.apache.org/maven2/com/google/code/findbugs/jsr305/3.0.2/jsr305-3.0.2.pom (4.3 kB at 138 kB/s)
[INFO] Downloading from central: https://repo.maven.apache.org/maven2/org/checkerframework/checker-qual/3.12.0/checker-qual-3.12.0.pom
[INFO] Downloaded from central: https://repo.maven.apache.org/maven2/org/checkerframework/checker-qual/3.12.0/checker-qual-3.12.0.pom (2.1 kB at 72 kB/s)
[INFO] Downloading from central: https://repo.maven.apache.org/maven2/com/google/errorprone/error_prone_annotations/2.11.0/error_prone_annotations-2.11.0.pom
[INFO] Downloaded from central: https://repo.maven.apache.org/maven2/com/google/errorprone/error_prone_annotations/2.11.0/error_prone_annotations-2.11.0.pom (2.2 kB at 87 kB/s)
[INFO] Downloading from central: https://repo.maven.apache.org/maven2/com/google/errorprone/error_prone_parent/2.11.0/error_prone_parent-2.11.0.pom
[INFO] Downloaded from central: https://repo.maven.apache.org/maven2/com/google/errorprone/error_prone_parent/2.11.0/error_prone_parent-2.11.0.pom (11 kB at 298 kB/s)
[INFO] Downloading from central: https://repo.maven.apache.org/maven2/com/google/j2objc/j2objc-annotations/1.3/j2objc-annotations-1.3.pom
[INFO] Downloaded from central: https://repo.maven.apache.org/maven2/com/google/j2objc/j2objc-annotations/1.3/j2objc-annotations-1.3.pom (2.8 kB at 61 kB/s)
[INFO] Downloading from central: https://repo.maven.apache.org/maven2/commons-io/commons-io/2.12.0/commons-io-2.12.0.pom
[INFO] Downloaded from central: https://repo.maven.apache.org/maven2/commons-io/commons-io/2.12.0/commons-io-2.12.0.pom (20 kB at 655 kB/s)
[INFO] Downloading from central: https://repo.maven.apache.org/maven2/org/apache/commons/commons-parent/57/commons-parent-57.pom
[INFO] Downloaded from central: https://repo.maven.apache.org/maven2/org/apache/commons/commons-parent/57/commons-parent-57.pom (83 kB at 2.7 MB/s)
[INFO] Downloading from central: https://repo.maven.apache.org/maven2/org/apache/apache/29/apache-29.pom
[INFO] Downloaded from central: https://repo.maven.apache.org/maven2/org/apache/apache/29/apache-29.pom (21 kB at 901 kB/s)
[INFO] Downloading from central: https://repo.maven.apache.org/maven2/org/junit/junit-bom/5.9.2/junit-bom-5.9.2.pom
[INFO] Downloaded from central: https://repo.maven.apache.org/maven2/org/junit/junit-bom/5.9.2/junit-bom-5.9.2.pom (5.6 kB at 256 kB/s)
[INFO] Downloading from central: https://repo.maven.apache.org/maven2/org/apache/commons/commons-lang3/3.12.0/commons-lang3-3.12.0.pom
[INFO] Downloaded from central: https://repo.maven.apache.org/maven2/org/apache/commons/commons-lang3/3.12.0/commons-lang3-3.12.0.pom (31 kB at 269 kB/s)
[INFO] Downloading from central: https://repo.maven.apache.org/maven2/org/apache/commons/commons-parent/52/commons-parent-52.pom
[INFO] Downloaded from central: https://repo.maven.apache.org/maven2/org/apache/commons/commons-parent/52/commons-parent-52.pom (79 kB at 2.0 MB/s)
[INFO] Downloading from central: https://repo.maven.apache.org/maven2/org/junit/junit-bom/5.7.1/junit-bom-5.7.1.pom
[INFO] Downloaded from central: https://repo.maven.apache.org/maven2/org/junit/junit-bom/5.7.1/junit-bom-5.7.1.pom (5.1 kB at 170 kB/s)
[INFO] Downloading from central: https://repo.maven.apache.org/maven2/commons-codec/commons-codec/1.15/commons-codec-1.15.pom
[INFO] Downloaded from central: https://repo.maven.apache.org/maven2/commons-codec/commons-codec/1.15/commons-codec-1.15.pom (15 kB at 483 kB/s)
[INFO] Downloading from central: https://repo.maven.apache.org/maven2/org/projectlombok/lombok/1.18.24/lombok-1.18.24.pom
[INFO] Downloaded from central: https://repo.maven.apache.org/maven2/org/projectlombok/lombok/1.18.24/lombok-1.18.24.pom (1.5 kB at 51 kB/s)
[INFO] Downloading from central: https://repo.maven.apache.org/maven2/org/springframework/boot/spring-boot-starter-test/2.7.3/spring-boot-starter-test-2.7.3.pom
[INFO] Downloaded from central: https://repo.maven.apache.org/maven2/org/springframework/boot/spring-boot-starter-test/2.7.3/spring-boot-starter-test-2.7.3.pom (4.7 kB at 98 kB/s)
[INFO] Downloading from central: https://repo.maven.apache.org/maven2/org/springframework/boot/spring-boot-starter/2.7.3/spring-boot-starter-2.7.3.pom
[INFO] Downloaded from central: https://repo.maven.apache.org/maven2/org/springframework/boot/spring-boot-starter/2.7.3/spring-boot-starter-2.7.3.pom (3.1 kB at 102 kB/s)
[INFO] Downloading from central: https://repo.maven.apache.org/maven2/org/springframework/boot/spring-boot/2.7.3/spring-boot-2.7.3.pom
[INFO] Downloaded from central: https://repo.maven.apache.org/maven2/org/springframework/boot/spring-boot/2.7.3/spring-boot-2.7.3.pom (2.2 kB at 19 kB/s)
[INFO] Downloading from central: https://repo.maven.apache.org/maven2/org/springframework/boot/spring-boot-autoconfigure/2.7.3/spring-boot-autoconfigure-2.7.3.pom
[INFO] Downloaded from central: https://repo.maven.apache.org/maven2/org/springframework/boot/spring-boot-autoconfigure/2.7.3/spring-boot-autoconfigure-2.7.3.pom (2.1 kB at 21 kB/s)
[INFO] Downloading from central: https://repo.maven.apache.org/maven2/org/springframework/boot/spring-boot-starter-logging/2.7.3/spring-boot-starter-logging-2.7.3.pom
[INFO] Downloaded from central: https://repo.maven.apache.org/maven2/org/springframework/boot/spring-boot-starter-logging/2.7.3/spring-boot-starter-logging-2.7.3.pom (2.5 kB at 80 kB/s)
[INFO] Downloading from central: https://repo.maven.apache.org/maven2/ch/qos/logback/logback-classic/1.2.11/logback-classic-1.2.11.pom
[INFO] Downloaded from central: https://repo.maven.apache.org/maven2/ch/qos/logback/logback-classic/1.2.11/logback-classic-1.2.11.pom (9.7 kB at 387 kB/s)
[INFO] Downloading from central: https://repo.maven.apache.org/maven2/ch/qos/logback/logback-parent/1.2.11/logback-parent-1.2.11.pom
[INFO] Downloaded from central: https://repo.maven.apache.org/maven2/ch/qos/logback/logback-parent/1.2.11/logback-parent-1.2.11.pom (19 kB at 714 kB/s)
[INFO] Downloading from central: https://repo.maven.apache.org/maven2/ch/qos/logback/logback-core/1.2.11/logback-core-1.2.11.pom
[INFO] Downloaded from central: https://repo.maven.apache.org/maven2/ch/qos/logback/logback-core/1.2.11/logback-core-1.2.11.pom (4.2 kB at 116 kB/s)
[INFO] Downloading from central: https://repo.maven.apache.org/maven2/org/apache/logging/log4j/log4j-to-slf4j/2.17.2/log4j-to-slf4j-2.17.2.pom
[INFO] Downloaded from central: https://repo.maven.apache.org/maven2/org/apache/logging/log4j/log4j-to-slf4j/2.17.2/log4j-to-slf4j-2.17.2.pom (7.3 kB at 227 kB/s)
[INFO] Downloading from central: https://repo.maven.apache.org/maven2/org/apache/logging/log4j/log4j/2.17.2/log4j-2.17.2.pom
[INFO] Downloaded from central: https://repo.maven.apache.org/maven2/org/apache/logging/log4j/log4j/2.17.2/log4j-2.17.2.pom (73 kB at 1.8 MB/s)
[INFO] Downloading from central: https://repo.maven.apache.org/maven2/org/apache/logging/log4j/log4j-api/2.17.2/log4j-api-2.17.2.pom
[INFO] Downloaded from central: https://repo.maven.apache.org/maven2/org/apache/logging/log4j/log4j-api/2.17.2/log4j-api-2.17.2.pom (14 kB at 532 kB/s)
[INFO] Downloading from central: https://repo.maven.apache.org/maven2/org/slf4j/jul-to-slf4j/1.7.36/jul-to-slf4j-1.7.36.pom
[INFO] Downloaded from central: https://repo.maven.apache.org/maven2/org/slf4j/jul-to-slf4j/1.7.36/jul-to-slf4j-1.7.36.pom (991 B at 41 kB/s)
[INFO] Downloading from central: https://repo.maven.apache.org/maven2/jakarta/annotation/jakarta.annotation-api/1.3.5/jakarta.annotation-api-1.3.5.pom
[INFO] Downloaded from central: https://repo.maven.apache.org/maven2/jakarta/annotation/jakarta.annotation-api/1.3.5/jakarta.annotation-api-1.3.5.pom (16 kB at 557 kB/s)
[INFO] Downloading from central: https://repo.maven.apache.org/maven2/jakarta/annotation/ca-parent/1.3.5/ca-parent-1.3.5.pom
[INFO] Downloaded from central: https://repo.maven.apache.org/maven2/jakarta/annotation/ca-parent/1.3.5/ca-parent-1.3.5.pom (2.8 kB at 104 kB/s)
[INFO] Downloading from central: https://repo.maven.apache.org/maven2/org/eclipse/ee4j/project/1.0.5/project-1.0.5.pom
[INFO] Downloaded from central: https://repo.maven.apache.org/maven2/org/eclipse/ee4j/project/1.0.5/project-1.0.5.pom (13 kB at 425 kB/s)
[INFO] Downloading from central: https://repo.maven.apache.org/maven2/org/yaml/snakeyaml/1.30/snakeyaml-1.30.pom
[INFO] Downloaded from central: https://repo.maven.apache.org/maven2/org/yaml/snakeyaml/1.30/snakeyaml-1.30.pom (37 kB at 326 kB/s)
[INFO] Downloading from central: https://repo.maven.apache.org/maven2/org/springframework/boot/spring-boot-test/2.7.3/spring-boot-test-2.7.3.pom
[INFO] Downloaded from central: https://repo.maven.apache.org/maven2/org/springframework/boot/spring-boot-test/2.7.3/spring-boot-test-2.7.3.pom (2.1 kB at 79 kB/s)
[INFO] Downloading from central: https://repo.maven.apache.org/maven2/org/springframework/boot/spring-boot-test-autoconfigure/2.7.3/spring-boot-test-autoconfigure-2.7.3.pom
[INFO] Downloaded from central: https://repo.maven.apache.org/maven2/org/springframework/boot/spring-boot-test-autoconfigure/2.7.3/spring-boot-test-autoconfigure-2.7.3.pom (2.5 kB at 92 kB/s)
[INFO] Downloading from central: https://repo.maven.apache.org/maven2/com/jayway/jsonpath/json-path/2.7.0/json-path-2.7.0.pom
[INFO] Downloaded from central: https://repo.maven.apache.org/maven2/com/jayway/jsonpath/json-path/2.7.0/json-path-2.7.0.pom (3.1 kB at 114 kB/s)
[INFO] Downloading from central: https://repo.maven.apache.org/maven2/net/minidev/json-smart/2.4.8/json-smart-2.4.8.pom
[INFO] Downloaded from central: https://repo.maven.apache.org/maven2/net/minidev/json-smart/2.4.8/json-smart-2.4.8.pom (8.3 kB at 287 kB/s)
[INFO] Downloading from central: https://repo.maven.apache.org/maven2/net/minidev/accessors-smart/2.4.8/accessors-smart-2.4.8.pom
[INFO] Downloaded from central: https://repo.maven.apache.org/maven2/net/minidev/accessors-smart/2.4.8/accessors-smart-2.4.8.pom (10 kB at 404 kB/s)
[INFO] Downloading from central: https://repo.maven.apache.org/maven2/org/ow2/asm/asm/9.1/asm-9.1.pom
[INFO] Downloaded from central: https://repo.maven.apache.org/maven2/org/ow2/asm/asm/9.1/asm-9.1.pom (2.4 kB at 70 kB/s)
[INFO] Downloading from central: https://repo.maven.apache.org/maven2/org/ow2/ow2/1.5/ow2-1.5.pom
[INFO] Downloaded from central: https://repo.maven.apache.org/maven2/org/ow2/ow2/1.5/ow2-1.5.pom (11 kB at 321 kB/s)
[INFO] Downloading from central: https://repo.maven.apache.org/maven2/jakarta/xml/bind/jakarta.xml.bind-api/2.3.3/jakarta.xml.bind-api-2.3.3.pom
[INFO] Downloaded from central: https://repo.maven.apache.org/maven2/jakarta/xml/bind/jakarta.xml.bind-api/2.3.3/jakarta.xml.bind-api-2.3.3.pom (13 kB at 109 kB/s)
[INFO] Downloading from central: https://repo.maven.apache.org/maven2/jakarta/xml/bind/jakarta.xml.bind-api-parent/2.3.3/jakarta.xml.bind-api-parent-2.3.3.pom
[INFO] Downloaded from central: https://repo.maven.apache.org/maven2/jakarta/xml/bind/jakarta.xml.bind-api-parent/2.3.3/jakarta.xml.bind-api-parent-2.3.3.pom (9.0 kB at 74 kB/s)
[INFO] Downloading from central: https://repo.maven.apache.org/maven2/jakarta/activation/jakarta.activation-api/1.2.2/jakarta.activation-api-1.2.2.pom
[INFO] Downloaded from central: https://repo.maven.apache.org/maven2/jakarta/activation/jakarta.activation-api/1.2.2/jakarta.activation-api-1.2.2.pom (5.3 kB at 190 kB/s)
[INFO] Downloading from central: https://repo.maven.apache.org/maven2/com/sun/activation/all/1.2.2/all-1.2.2.pom
[INFO] Downloaded from central: https://repo.maven.apache.org/maven2/com/sun/activation/all/1.2.2/all-1.2.2.pom (15 kB at 583 kB/s)
[INFO] Downloading from central: https://repo.maven.apache.org/maven2/org/assertj/assertj-core/3.22.0/assertj-core-3.22.0.pom
[INFO] Downloaded from central: https://repo.maven.apache.org/maven2/org/assertj/assertj-core/3.22.0/assertj-core-3.22.0.pom (31 kB at 1.1 MB/s)
[INFO] Downloading from central: https://repo.maven.apache.org/maven2/org/assertj/assertj-parent-pom/2.2.14/assertj-parent-pom-2.2.14.pom
[INFO] Downloaded from central: https://repo.maven.apache.org/maven2/org/assertj/assertj-parent-pom/2.2.14/assertj-parent-pom-2.2.14.pom (25 kB at 876 kB/s)
[INFO] Downloading from central: https://repo.maven.apache.org/maven2/org/hamcrest/hamcrest/2.2/hamcrest-2.2.pom
[INFO] Downloaded from central: https://repo.maven.apache.org/maven2/org/hamcrest/hamcrest/2.2/hamcrest-2.2.pom (1.1 kB at 47 kB/s)
[INFO] Downloading from central: https://repo.maven.apache.org/maven2/org/junit/jupiter/junit-jupiter/5.8.2/junit-jupiter-5.8.2.pom
[INFO] Downloaded from central: https://repo.maven.apache.org/maven2/org/junit/jupiter/junit-jupiter/5.8.2/junit-jupiter-5.8.2.pom (3.2 kB at 128 kB/s)
[INFO] Downloading from central: https://repo.maven.apache.org/maven2/org/junit/jupiter/junit-jupiter-api/5.8.2/junit-jupiter-api-5.8.2.pom
[INFO] Downloaded from central: https://repo.maven.apache.org/maven2/org/junit/jupiter/junit-jupiter-api/5.8.2/junit-jupiter-api-5.8.2.pom (3.2 kB at 118 kB/s)
[INFO] Downloading from central: https://repo.maven.apache.org/maven2/org/opentest4j/opentest4j/1.2.0/opentest4j-1.2.0.pom
[INFO] Downloaded from central: https://repo.maven.apache.org/maven2/org/opentest4j/opentest4j/1.2.0/opentest4j-1.2.0.pom (1.7 kB at 62 kB/s)
[INFO] Downloading from central: https://repo.maven.apache.org/maven2/org/junit/platform/junit-platform-commons/1.8.2/junit-platform-commons-1.8.2.pom
[INFO] Downloaded from central: https://repo.maven.apache.org/maven2/org/junit/platform/junit-platform-commons/1.8.2/junit-platform-commons-1.8.2.pom (2.8 kB at 129 kB/s)
[INFO] Downloading from central: https://repo.maven.apache.org/maven2/org/apiguardian/apiguardian-api/1.1.2/apiguardian-api-1.1.2.pom
[INFO] Downloaded from central: https://repo.maven.apache.org/maven2/org/apiguardian/apiguardian-api/1.1.2/apiguardian-api-1.1.2.pom (1.5 kB at 61 kB/s)
[INFO] Downloading from central: https://repo.maven.apache.org/maven2/org/junit/jupiter/junit-jupiter-params/5.8.2/junit-jupiter-params-5.8.2.pom
[INFO] Downloaded from central: https://repo.maven.apache.org/maven2/org/junit/jupiter/junit-jupiter-params/5.8.2/junit-jupiter-params-5.8.2.pom (3.0 kB at 81 kB/s)
[INFO] Downloading from central: https://repo.maven.apache.org/maven2/org/junit/jupiter/junit-jupiter-engine/5.8.2/junit-jupiter-engine-5.8.2.pom
[INFO] Downloaded from central: https://repo.maven.apache.org/maven2/org/junit/jupiter/junit-jupiter-engine/5.8.2/junit-jupiter-engine-5.8.2.pom (3.2 kB at 128 kB/s)
[INFO] Downloading from central: https://repo.maven.apache.org/maven2/org/junit/platform/junit-platform-engine/1.8.2/junit-platform-engine-1.8.2.pom
[INFO] Downloaded from central: https://repo.maven.apache.org/maven2/org/junit/platform/junit-platform-engine/1.8.2/junit-platform-engine-1.8.2.pom (3.2 kB at 133 kB/s)
[INFO] Downloading from central: https://repo.maven.apache.org/maven2/org/mockito/mockito-core/4.5.1/mockito-core-4.5.1.pom
[INFO] Downloaded from central: https://repo.maven.apache.org/maven2/org/mockito/mockito-core/4.5.1/mockito-core-4.5.1.pom (2.5 kB at 22 kB/s)
[INFO] Downloading from central: https://repo.maven.apache.org/maven2/net/bytebuddy/byte-buddy/1.12.13/byte-buddy-1.12.13.pom
[INFO] Downloaded from central: https://repo.maven.apache.org/maven2/net/bytebuddy/byte-buddy/1.12.13/byte-buddy-1.12.13.pom (16 kB at 479 kB/s)
[INFO] Downloading from central: https://repo.maven.apache.org/maven2/net/bytebuddy/byte-buddy-parent/1.12.13/byte-buddy-parent-1.12.13.pom
[INFO] Downloaded from central: https://repo.maven.apache.org/maven2/net/bytebuddy/byte-buddy-parent/1.12.13/byte-buddy-parent-1.12.13.pom (52 kB at 1.7 MB/s)
[INFO] Downloading from central: https://repo.maven.apache.org/maven2/net/bytebuddy/byte-buddy-agent/1.12.13/byte-buddy-agent-1.12.13.pom
[INFO] Downloaded from central: https://repo.maven.apache.org/maven2/net/bytebuddy/byte-buddy-agent/1.12.13/byte-buddy-agent-1.12.13.pom (11 kB at 405 kB/s)
[INFO] Downloading from central: https://repo.maven.apache.org/maven2/org/objenesis/objenesis/3.2/objenesis-3.2.pom
[INFO] Downloaded from central: https://repo.maven.apache.org/maven2/org/objenesis/objenesis/3.2/objenesis-3.2.pom (3.0 kB at 94 kB/s)
[INFO] Downloading from central: https://repo.maven.apache.org/maven2/org/objenesis/objenesis-parent/3.2/objenesis-parent-3.2.pom
[INFO] Downloaded from central: https://repo.maven.apache.org/maven2/org/objenesis/objenesis-parent/3.2/objenesis-parent-3.2.pom (18 kB at 570 kB/s)
[INFO] Downloading from central: https://repo.maven.apache.org/maven2/org/mockito/mockito-junit-jupiter/4.5.1/mockito-junit-jupiter-4.5.1.pom
[INFO] Downloaded from central: https://repo.maven.apache.org/maven2/org/mockito/mockito-junit-jupiter/4.5.1/mockito-junit-jupiter-4.5.1.pom (2.3 kB at 92 kB/s)
[INFO] Downloading from central: https://repo.maven.apache.org/maven2/org/skyscreamer/jsonassert/1.5.1/jsonassert-1.5.1.pom
[INFO] Downloaded from central: https://repo.maven.apache.org/maven2/org/skyscreamer/jsonassert/1.5.1/jsonassert-1.5.1.pom (5.2 kB at 167 kB/s)
[INFO] Downloading from central: https://repo.maven.apache.org/maven2/com/vaadin/external/google/android-json/0.0.20131108.vaadin1/android-json-0.0.20131108.vaadin1.pom
[INFO] Downloaded from central: https://repo.maven.apache.org/maven2/com/vaadin/external/google/android-json/0.0.20131108.vaadin1/android-json-0.0.20131108.vaadin1.pom (2.8 kB at 84 kB/s)
[INFO] Downloading from central: https://repo.maven.apache.org/maven2/org/springframework/spring-test/5.3.22/spring-test-5.3.22.pom
[INFO] Downloaded from central: https://repo.maven.apache.org/maven2/org/springframework/spring-test/5.3.22/spring-test-5.3.22.pom (2.1 kB at 20 kB/s)
[INFO] Downloading from central: https://repo.maven.apache.org/maven2/org/xmlunit/xmlunit-core/2.9.0/xmlunit-core-2.9.0.pom
[INFO] Downloaded from central: https://repo.maven.apache.org/maven2/org/xmlunit/xmlunit-core/2.9.0/xmlunit-core-2.9.0.pom (2.4 kB at 84 kB/s)
[INFO] Downloading from central: https://repo.maven.apache.org/maven2/org/xmlunit/xmlunit-parent/2.9.0/xmlunit-parent-2.9.0.pom
[INFO] Downloaded from central: https://repo.maven.apache.org/maven2/org/xmlunit/xmlunit-parent/2.9.0/xmlunit-parent-2.9.0.pom (19 kB at 174 kB/s)
[INFO] Downloading from central: https://repo.maven.apache.org/maven2/org/springframework/security/spring-security-test/5.7.3/spring-security-test-5.7.3.pom
[INFO] Downloaded from central: https://repo.maven.apache.org/maven2/org/springframework/security/spring-security-test/5.7.3/spring-security-test-5.7.3.pom (2.7 kB at 51 kB/s)
[INFO] Downloading from central: https://repo.maven.apache.org/maven2/org/springframework/security/spring-security-web/5.7.3/spring-security-web-5.7.3.pom
[INFO] Downloaded from central: https://repo.maven.apache.org/maven2/org/springframework/security/spring-security-web/5.7.3/spring-security-web-5.7.3.pom (3.2 kB at 119 kB/s)
[INFO] Downloading from central: https://repo.maven.apache.org/maven2/org/springframework/spring-web/5.3.22/spring-web-5.3.22.pom
[INFO] Downloaded from central: https://repo.maven.apache.org/maven2/org/springframework/spring-web/5.3.22/spring-web-5.3.22.pom (2.2 kB at 88 kB/s)
[INFO] Downloading from central: https://repo.maven.apache.org/maven2/org/springframework/spring-messaging/5.3.22/spring-messaging-5.3.22.jar
[INFO] Downloaded from central: https://repo.maven.apache.org/maven2/org/springframework/spring-messaging/5.3.22/spring-messaging-5.3.22.jar (568 kB at 14 MB/s)
[INFO] Downloading from central: https://repo.maven.apache.org/maven2/org/springframework/spring-beans/5.3.22/spring-beans-5.3.22.jar
[INFO] Downloading from central: https://repo.maven.apache.org/maven2/org/springframework/spring-core/5.3.22/spring-core-5.3.22.jar
[INFO] Downloading from central: https://repo.maven.apache.org/maven2/org/springframework/spring-jcl/5.3.22/spring-jcl-5.3.22.jar
[INFO] Downloading from central: https://repo.maven.apache.org/maven2/org/springframework/security/spring-security-messaging/5.7.3/spring-security-messaging-5.7.3.jar
[INFO] Downloading from central: https://repo.maven.apache.org/maven2/org/springframework/security/spring-security-core/5.7.3/spring-security-core-5.7.3.jar
[INFO] Downloaded from central: https://repo.maven.apache.org/maven2/org/springframework/spring-beans/5.3.22/spring-beans-5.3.22.jar (699 kB at 10.0 MB/s)
[INFO] Downloading from central: https://repo.maven.apache.org/maven2/org/springframework/security/spring-security-crypto/5.7.3/spring-security-crypto-5.7.3.jar
[INFO] Downloaded from central: https://repo.maven.apache.org/maven2/org/springframework/security/spring-security-crypto/5.7.3/spring-security-crypto-5.7.3.jar (82 kB at 837 kB/s)
[INFO] Downloading from central: https://repo.maven.apache.org/maven2/org/springframework/spring-aop/5.3.22/spring-aop-5.3.22.jar
[INFO] Downloaded from central: https://repo.maven.apache.org/maven2/org/springframework/spring-jcl/5.3.22/spring-jcl-5.3.22.jar (24 kB at 233 kB/s)
[INFO] Downloading from central: https://repo.maven.apache.org/maven2/org/springframework/spring-context/5.3.22/spring-context-5.3.22.jar
[INFO] Downloaded from central: https://repo.maven.apache.org/maven2/org/springframework/security/spring-security-messaging/5.7.3/spring-security-messaging-5.7.3.jar (37 kB at 344 kB/s)
[INFO] Downloading from central: https://repo.maven.apache.org/maven2/org/springframework/spring-expression/5.3.22/spring-expression-5.3.22.jar
[INFO] Downloaded from central: https://repo.maven.apache.org/maven2/org/springframework/security/spring-security-core/5.7.3/spring-security-core-5.7.3.jar (446 kB at 3.3 MB/s)
[INFO] Downloading from central: https://repo.maven.apache.org/maven2/javax/inject/javax.inject/1/javax.inject-1.jar
[INFO] Downloaded from central: https://repo.maven.apache.org/maven2/org/springframework/spring-aop/5.3.22/spring-aop-5.3.22.jar (383 kB at 2.7 MB/s)
[INFO] Downloading from central: https://repo.maven.apache.org/maven2/com/turn/ttorrent-core/1.5/ttorrent-core-1.5.jar
[INFO] Downloaded from central: https://repo.maven.apache.org/maven2/org/springframework/spring-expression/5.3.22/spring-expression-5.3.22.jar (289 kB at 1.9 MB/s)
[INFO] Downloading from central: https://repo.maven.apache.org/maven2/org/simpleframework/simple/4.1.21/simple-4.1.21.jar
[INFO] Downloaded from central: https://repo.maven.apache.org/maven2/javax/inject/javax.inject/1/javax.inject-1.jar (2.5 kB at 14 kB/s)
[INFO] Downloading from central: https://repo.maven.apache.org/maven2/org/slf4j/slf4j-api/1.7.36/slf4j-api-1.7.36.jar
[INFO] Downloaded from central: https://repo.maven.apache.org/maven2/org/springframework/spring-core/5.3.22/spring-core-5.3.22.jar (1.5 MB at 8.3 MB/s)
[INFO] Downloading from central: https://repo.maven.apache.org/maven2/com/github/mifmif/generex/1.0.2/generex-1.0.2.jar
[INFO] Downloaded from central: https://repo.maven.apache.org/maven2/com/turn/ttorrent-core/1.5/ttorrent-core-1.5.jar (164 kB at 931 kB/s)
[INFO] Downloading from central: https://repo.maven.apache.org/maven2/dk/brics/automaton/automaton/1.11-8/automaton-1.11-8.jar
[INFO] Downloaded from central: https://repo.maven.apache.org/maven2/org/simpleframework/simple/4.1.21/simple-4.1.21.jar (243 kB at 1.3 MB/s)
[INFO] Downloading from central: https://repo.maven.apache.org/maven2/com/google/guava/guava/31.1-jre/guava-31.1-jre.jar
[INFO] Downloaded from central: https://repo.maven.apache.org/maven2/org/springframework/spring-context/5.3.22/spring-context-5.3.22.jar (1.3 MB at 6.9 MB/s)
[INFO] Downloading from central: https://repo.maven.apache.org/maven2/com/google/guava/failureaccess/1.0.1/failureaccess-1.0.1.jar
[INFO] Downloaded from central: https://repo.maven.apache.org/maven2/org/slf4j/slf4j-api/1.7.36/slf4j-api-1.7.36.jar (41 kB at 206 kB/s)
[INFO] Downloading from central: https://repo.maven.apache.org/maven2/com/google/guava/listenablefuture/9999.0-empty-to-avoid-conflict-with-guava/listenablefuture-9999.0-empty-to-avoid-conflict-with-guava.jar
[INFO] Downloaded from central: https://repo.maven.apache.org/maven2/dk/brics/automaton/automaton/1.11-8/automaton-1.11-8.jar (176 kB at 868 kB/s)
[INFO] Downloading from central: https://repo.maven.apache.org/maven2/com/google/code/findbugs/jsr305/3.0.2/jsr305-3.0.2.jar
[INFO] Downloaded from central: https://repo.maven.apache.org/maven2/com/github/mifmif/generex/1.0.2/generex-1.0.2.jar (14 kB at 46 kB/s)
[INFO] Downloading from central: https://repo.maven.apache.org/maven2/org/checkerframework/checker-qual/3.12.0/checker-qual-3.12.0.jar
[INFO] Downloaded from central: https://repo.maven.apache.org/maven2/com/google/guava/listenablefuture/9999.0-empty-to-avoid-conflict-with-guava/listenablefuture-9999.0-empty-to-avoid-conflict-with-guava.jar (2.2 kB at 7.0 kB/s)
[INFO] Downloading from central: https://repo.maven.apache.org/maven2/com/google/errorprone/error_prone_annotations/2.11.0/error_prone_annotations-2.11.0.jar
[INFO] Downloaded from central: https://repo.maven.apache.org/maven2/com/google/guava/failureaccess/1.0.1/failureaccess-1.0.1.jar (4.6 kB at 15 kB/s)
[INFO] Downloading from central: https://repo.maven.apache.org/maven2/com/google/j2objc/j2objc-annotations/1.3/j2objc-annotations-1.3.jar
[INFO] Downloaded from central: https://repo.maven.apache.org/maven2/com/google/code/findbugs/jsr305/3.0.2/jsr305-3.0.2.jar (20 kB at 59 kB/s)
[INFO] Downloading from central: https://repo.maven.apache.org/maven2/commons-io/commons-io/2.12.0/commons-io-2.12.0.jar
[INFO] Downloaded from central: https://repo.maven.apache.org/maven2/com/google/errorprone/error_prone_annotations/2.11.0/error_prone_annotations-2.11.0.jar (16 kB at 47 kB/s)
[INFO] Downloading from central: https://repo.maven.apache.org/maven2/org/apache/commons/commons-lang3/3.12.0/commons-lang3-3.12.0.jar
[INFO] Downloaded from central: https://repo.maven.apache.org/maven2/org/checkerframework/checker-qual/3.12.0/checker-qual-3.12.0.jar (209 kB at 607 kB/s)
[INFO] Downloading from central: https://repo.maven.apache.org/maven2/commons-codec/commons-codec/1.15/commons-codec-1.15.jar
[INFO] Downloaded from central: https://repo.maven.apache.org/maven2/com/google/j2objc/j2objc-annotations/1.3/j2objc-annotations-1.3.jar (8.8 kB at 25 kB/s)
[INFO] Downloading from central: https://repo.maven.apache.org/maven2/org/projectlombok/lombok/1.18.24/lombok-1.18.24.jar
[INFO] Downloaded from central: https://repo.maven.apache.org/maven2/com/google/guava/guava/31.1-jre/guava-31.1-jre.jar (3.0 MB at 8.3 MB/s)
[INFO] Downloading from central: https://repo.maven.apache.org/maven2/org/springframework/boot/spring-boot-starter-test/2.7.3/spring-boot-starter-test-2.7.3.jar
[INFO] Downloaded from central: https://repo.maven.apache.org/maven2/commons-io/commons-io/2.12.0/commons-io-2.12.0.jar (474 kB at 1.3 MB/s)
[INFO] Downloading from central: https://repo.maven.apache.org/maven2/org/springframework/boot/spring-boot-starter/2.7.3/spring-boot-starter-2.7.3.jar
[INFO] Downloaded from central: https://repo.maven.apache.org/maven2/org/apache/commons/commons-lang3/3.12.0/commons-lang3-3.12.0.jar (587 kB at 1.6 MB/s)
[INFO] Downloading from central: https://repo.maven.apache.org/maven2/org/springframework/boot/spring-boot/2.7.3/spring-boot-2.7.3.jar
[INFO] Downloaded from central: https://repo.maven.apache.org/maven2/commons-codec/commons-codec/1.15/commons-codec-1.15.jar (354 kB at 936 kB/s)
[INFO] Downloading from central: https://repo.maven.apache.org/maven2/org/springframework/boot/spring-boot-autoconfigure/2.7.3/spring-boot-autoconfigure-2.7.3.jar
[INFO] Downloaded from central: https://repo.maven.apache.org/maven2/org/springframework/boot/spring-boot-starter-test/2.7.3/spring-boot-starter-test-2.7.3.jar (4.8 kB at 13 kB/s)
[INFO] Downloading from central: https://repo.maven.apache.org/maven2/org/springframework/boot/spring-boot-starter-logging/2.7.3/spring-boot-starter-logging-2.7.3.jar
[INFO] Downloaded from central: https://repo.maven.apache.org/maven2/org/springframework/boot/spring-boot-starter/2.7.3/spring-boot-starter-2.7.3.jar (4.8 kB at 12 kB/s)
[INFO] Downloading from central: https://repo.maven.apache.org/maven2/ch/qos/logback/logback-classic/1.2.11/logback-classic-1.2.11.jar
[INFO] Downloaded from central: https://repo.maven.apache.org/maven2/org/springframework/boot/spring-boot-starter-logging/2.7.3/spring-boot-starter-logging-2.7.3.jar (4.8 kB at 11 kB/s)
[INFO] Downloading from central: https://repo.maven.apache.org/maven2/ch/qos/logback/logback-core/1.2.11/logback-core-1.2.11.jar
[INFO] Downloaded from central: https://repo.maven.apache.org/maven2/org/springframework/boot/spring-boot/2.7.3/spring-boot-2.7.3.jar (1.4 MB at 3.4 MB/s)
[INFO] Downloading from central: https://repo.maven.apache.org/maven2/org/apache/logging/log4j/log4j-to-slf4j/2.17.2/log4j-to-slf4j-2.17.2.jar
[INFO] Downloaded from central: https://repo.maven.apache.org/maven2/ch/qos/logback/logback-classic/1.2.11/logback-classic-1.2.11.jar (232 kB at 531 kB/s)
[INFO] Downloading from central: https://repo.maven.apache.org/maven2/org/apache/logging/log4j/log4j-api/2.17.2/log4j-api-2.17.2.jar
[INFO] Downloaded from central: https://repo.maven.apache.org/maven2/org/apache/logging/log4j/log4j-to-slf4j/2.17.2/log4j-to-slf4j-2.17.2.jar (18 kB at 40 kB/s)
[INFO] Downloading from central: https://repo.maven.apache.org/maven2/org/slf4j/jul-to-slf4j/1.7.36/jul-to-slf4j-1.7.36.jar
[INFO] Downloaded from central: https://repo.maven.apache.org/maven2/org/springframework/boot/spring-boot-autoconfigure/2.7.3/spring-boot-autoconfigure-2.7.3.jar (1.7 MB at 3.7 MB/s)
[INFO] Downloading from central: https://repo.maven.apache.org/maven2/jakarta/annotation/jakarta.annotation-api/1.3.5/jakarta.annotation-api-1.3.5.jar
[INFO] Downloaded from central: https://repo.maven.apache.org/maven2/org/projectlombok/lombok/1.18.24/lombok-1.18.24.jar (2.0 MB at 4.3 MB/s)
[INFO] Downloading from central: https://repo.maven.apache.org/maven2/org/yaml/snakeyaml/1.30/snakeyaml-1.30.jar
[INFO] Downloaded from central: https://repo.maven.apache.org/maven2/ch/qos/logback/logback-core/1.2.11/logback-core-1.2.11.jar (449 kB at 963 kB/s)
[INFO] Downloading from central: https://repo.maven.apache.org/maven2/org/springframework/boot/spring-boot-test/2.7.3/spring-boot-test-2.7.3.jar
[INFO] Downloaded from central: https://repo.maven.apache.org/maven2/org/apache/logging/log4j/log4j-api/2.17.2/log4j-api-2.17.2.jar (303 kB at 642 kB/s)
[INFO] Downloading from central: https://repo.maven.apache.org/maven2/org/springframework/boot/spring-boot-test-autoconfigure/2.7.3/spring-boot-test-autoconfigure-2.7.3.jar
[INFO] Downloaded from central: https://repo.maven.apache.org/maven2/org/slf4j/jul-to-slf4j/1.7.36/jul-to-slf4j-1.7.36.jar (4.5 kB at 9.5 kB/s)
[INFO] Downloading from central: https://repo.maven.apache.org/maven2/com/jayway/jsonpath/json-path/2.7.0/json-path-2.7.0.jar
[INFO] Downloaded from central: https://repo.maven.apache.org/maven2/jakarta/annotation/jakarta.annotation-api/1.3.5/jakarta.annotation-api-1.3.5.jar (25 kB at 52 kB/s)
[INFO] Downloading from central: https://repo.maven.apache.org/maven2/net/minidev/json-smart/2.4.8/json-smart-2.4.8.jar
[INFO] Downloaded from central: https://repo.maven.apache.org/maven2/org/springframework/boot/spring-boot-test/2.7.3/spring-boot-test-2.7.3.jar (237 kB at 452 kB/s)
[INFO] Downloaded from central: https://repo.maven.apache.org/maven2/org/springframework/boot/spring-boot-test-autoconfigure/2.7.3/spring-boot-test-autoconfigure-2.7.3.jar (216 kB at 413 kB/s)
[INFO] Downloading from central: https://repo.maven.apache.org/maven2/net/minidev/accessors-smart/2.4.8/accessors-smart-2.4.8.jar
[INFO] Downloading from central: https://repo.maven.apache.org/maven2/org/ow2/asm/asm/9.1/asm-9.1.jar
[INFO] Downloaded from central: https://repo.maven.apache.org/maven2/com/jayway/jsonpath/json-path/2.7.0/json-path-2.7.0.jar (271 kB at 512 kB/s)
[INFO] Downloading from central: https://repo.maven.apache.org/maven2/jakarta/xml/bind/jakarta.xml.bind-api/2.3.3/jakarta.xml.bind-api-2.3.3.jar
[INFO] Downloaded from central: https://repo.maven.apache.org/maven2/net/minidev/json-smart/2.4.8/json-smart-2.4.8.jar (120 kB at 225 kB/s)
[INFO] Downloading from central: https://repo.maven.apache.org/maven2/jakarta/activation/jakarta.activation-api/1.2.2/jakarta.activation-api-1.2.2.jar
[INFO] Downloaded from central: https://repo.maven.apache.org/maven2/org/yaml/snakeyaml/1.30/snakeyaml-1.30.jar (332 kB at 622 kB/s)
[INFO] Downloading from central: https://repo.maven.apache.org/maven2/org/hamcrest/hamcrest/2.2/hamcrest-2.2.jar
[INFO] Downloaded from central: https://repo.maven.apache.org/maven2/net/minidev/accessors-smart/2.4.8/accessors-smart-2.4.8.jar (30 kB at 54 kB/s)
[INFO] Downloading from central: https://repo.maven.apache.org/maven2/org/junit/jupiter/junit-jupiter/5.8.2/junit-jupiter-5.8.2.jar
[INFO] Downloaded from central: https://repo.maven.apache.org/maven2/org/ow2/asm/asm/9.1/asm-9.1.jar (122 kB at 219 kB/s)
[INFO] Downloading from central: https://repo.maven.apache.org/maven2/org/junit/jupiter/junit-jupiter-api/5.8.2/junit-jupiter-api-5.8.2.jar
[INFO] Downloaded from central: https://repo.maven.apache.org/maven2/jakarta/xml/bind/jakarta.xml.bind-api/2.3.3/jakarta.xml.bind-api-2.3.3.jar (116 kB at 207 kB/s)
[INFO] Downloading from central: https://repo.maven.apache.org/maven2/org/opentest4j/opentest4j/1.2.0/opentest4j-1.2.0.jar
[INFO] Downloaded from central: https://repo.maven.apache.org/maven2/org/hamcrest/hamcrest/2.2/hamcrest-2.2.jar (123 kB at 220 kB/s)
[INFO] Downloading from central: https://repo.maven.apache.org/maven2/org/junit/platform/junit-platform-commons/1.8.2/junit-platform-commons-1.8.2.jar
[INFO] Downloaded from central: https://repo.maven.apache.org/maven2/jakarta/activation/jakarta.activation-api/1.2.2/jakarta.activation-api-1.2.2.jar (47 kB at 81 kB/s)
[INFO] Downloading from central: https://repo.maven.apache.org/maven2/org/apiguardian/apiguardian-api/1.1.2/apiguardian-api-1.1.2.jar
[INFO] Downloaded from central: https://repo.maven.apache.org/maven2/org/junit/jupiter/junit-jupiter/5.8.2/junit-jupiter-5.8.2.jar (6.4 kB at 11 kB/s)
[INFO] Downloading from central: https://repo.maven.apache.org/maven2/org/junit/jupiter/junit-jupiter-params/5.8.2/junit-jupiter-params-5.8.2.jar
[INFO] Downloaded from central: https://repo.maven.apache.org/maven2/org/junit/jupiter/junit-jupiter-api/5.8.2/junit-jupiter-api-5.8.2.jar (194 kB at 331 kB/s)
[INFO] Downloading from central: https://repo.maven.apache.org/maven2/org/junit/jupiter/junit-jupiter-engine/5.8.2/junit-jupiter-engine-5.8.2.jar
[INFO] Downloaded from central: https://repo.maven.apache.org/maven2/org/junit/platform/junit-platform-commons/1.8.2/junit-platform-commons-1.8.2.jar (100 kB at 171 kB/s)
[INFO] Downloading from central: https://repo.maven.apache.org/maven2/org/junit/platform/junit-platform-engine/1.8.2/junit-platform-engine-1.8.2.jar
[INFO] Downloaded from central: https://repo.maven.apache.org/maven2/org/opentest4j/opentest4j/1.2.0/opentest4j-1.2.0.jar (7.7 kB at 13 kB/s)
[INFO] Downloading from central: https://repo.maven.apache.org/maven2/org/mockito/mockito-junit-jupiter/4.5.1/mockito-junit-jupiter-4.5.1.jar
[INFO] Downloaded from central: https://repo.maven.apache.org/maven2/org/apiguardian/apiguardian-api/1.1.2/apiguardian-api-1.1.2.jar (6.8 kB at 9.7 kB/s)
[INFO] Downloading from central: https://repo.maven.apache.org/maven2/org/skyscreamer/jsonassert/1.5.1/jsonassert-1.5.1.jar
[INFO] Downloaded from central: https://repo.maven.apache.org/maven2/org/mockito/mockito-junit-jupiter/4.5.1/mockito-junit-jupiter-4.5.1.jar (5.4 kB at 7.7 kB/s)
[INFO] Downloading from central: https://repo.maven.apache.org/maven2/com/vaadin/external/google/android-json/0.0.20131108.vaadin1/android-json-0.0.20131108.vaadin1.jar
[INFO] Downloaded from central: https://repo.maven.apache.org/maven2/org/junit/jupiter/junit-jupiter-engine/5.8.2/junit-jupiter-engine-5.8.2.jar (230 kB at 326 kB/s)
[INFO] Downloading from central: https://repo.maven.apache.org/maven2/org/springframework/spring-test/5.3.22/spring-test-5.3.22.jar
[INFO] Downloaded from central: https://repo.maven.apache.org/maven2/org/junit/jupiter/junit-jupiter-params/5.8.2/junit-jupiter-params-5.8.2.jar (577 kB at 818 kB/s)
[INFO] Downloading from central: https://repo.maven.apache.org/maven2/org/xmlunit/xmlunit-core/2.9.0/xmlunit-core-2.9.0.jar
[INFO] Downloaded from central: https://repo.maven.apache.org/maven2/org/junit/platform/junit-platform-engine/1.8.2/junit-platform-engine-1.8.2.jar (186 kB at 263 kB/s)
[INFO] Downloading from central: https://repo.maven.apache.org/maven2/org/springframework/security/spring-security-test/5.7.3/spring-security-test-5.7.3.jar
[INFO] Downloaded from central: https://repo.maven.apache.org/maven2/com/vaadin/external/google/android-json/0.0.20131108.vaadin1/android-json-0.0.20131108.vaadin1.jar (18 kB at 22 kB/s)
[INFO] Downloading from central: https://repo.maven.apache.org/maven2/org/springframework/security/spring-security-web/5.7.3/spring-security-web-5.7.3.jar
[INFO] Downloaded from central: https://repo.maven.apache.org/maven2/org/springframework/security/spring-security-test/5.7.3/spring-security-test-5.7.3.jar (124 kB at 149 kB/s)
[INFO] Downloading from central: https://repo.maven.apache.org/maven2/org/springframework/spring-web/5.3.22/spring-web-5.3.22.jar
[INFO] Downloaded from central: https://repo.maven.apache.org/maven2/org/skyscreamer/jsonassert/1.5.1/jsonassert-1.5.1.jar (31 kB at 37 kB/s)
[INFO] Downloading from central: https://repo.maven.apache.org/maven2/org/mockito/mockito-core/4.5.1/mockito-core-4.5.1.jar
[INFO] Downloaded from central: https://repo.maven.apache.org/maven2/org/xmlunit/xmlunit-core/2.9.0/xmlunit-core-2.9.0.jar (174 kB at 208 kB/s)
[INFO] Downloading from central: https://repo.maven.apache.org/maven2/net/bytebuddy/byte-buddy/1.12.13/byte-buddy-1.12.13.jar
[INFO] Downloaded from central: https://repo.maven.apache.org/maven2/org/springframework/spring-test/5.3.22/spring-test-5.3.22.jar (788 kB at 934 kB/s)
[INFO] Downloading from central: https://repo.maven.apache.org/maven2/net/bytebuddy/byte-buddy-agent/1.12.13/byte-buddy-agent-1.12.13.jar
[INFO] Downloaded from central: https://repo.maven.apache.org/maven2/org/springframework/security/spring-security-web/5.7.3/spring-security-web-5.7.3.jar (674 kB at 776 kB/s)
[INFO] Downloading from central: https://repo.maven.apache.org/maven2/org/objenesis/objenesis/3.2/objenesis-3.2.jar
[INFO] Downloaded from central: https://repo.maven.apache.org/maven2/net/bytebuddy/byte-buddy-agent/1.12.13/byte-buddy-agent-1.12.13.jar (256 kB at 291 kB/s)
[INFO] Downloading from central: https://repo.maven.apache.org/maven2/org/assertj/assertj-core/3.22.0/assertj-core-3.22.0.jar
[INFO] Downloaded from central: https://repo.maven.apache.org/maven2/org/objenesis/objenesis/3.2/objenesis-3.2.jar (49 kB at 54 kB/s)
[INFO] Downloaded from central: https://repo.maven.apache.org/maven2/org/springframework/spring-web/5.3.22/spring-web-5.3.22.jar (1.6 MB at 1.8 MB/s)
[INFO] Downloaded from central: https://repo.maven.apache.org/maven2/org/mockito/mockito-core/4.5.1/mockito-core-4.5.1.jar (662 kB at 675 kB/s)
[INFO] Downloaded from central: https://repo.maven.apache.org/maven2/net/bytebuddy/byte-buddy/1.12.13/byte-buddy-1.12.13.jar (3.9 MB at 3.7 MB/s)
[INFO] Downloaded from central: https://repo.maven.apache.org/maven2/org/assertj/assertj-core/3.22.0/assertj-core-3.22.0.jar (5.2 MB at 4.9 MB/s)
[INFO] 
[INFO] --- resources:3.2.0:resources (default-resources) @ jack-of-all-trades ---
[INFO] Downloading from central: https://repo.maven.apache.org/maven2/org/apache/maven/maven-plugin-api/3.1.0/maven-plugin-api-3.1.0.pom
[INFO] Downloaded from central: https://repo.maven.apache.org/maven2/org/apache/maven/maven-plugin-api/3.1.0/maven-plugin-api-3.1.0.pom (3.0 kB at 132 kB/s)
[INFO] Downloading from central: https://repo.maven.apache.org/maven2/org/apache/maven/maven/3.1.0/maven-3.1.0.pom
[INFO] Downloaded from central: https://repo.maven.apache.org/maven2/org/apache/maven/maven/3.1.0/maven-3.1.0.pom (22 kB at 872 kB/s)
[INFO] Downloading from central: https://repo.maven.apache.org/maven2/org/apache/maven/maven-parent/23/maven-parent-23.pom
[INFO] Downloaded from central: https://repo.maven.apache.org/maven2/org/apache/maven/maven-parent/23/maven-parent-23.pom (33 kB at 1.3 MB/s)
[INFO] Downloading from central: https://repo.maven.apache.org/maven2/org/apache/apache/13/apache-13.pom
[INFO] Downloaded from central: https://repo.maven.apache.org/maven2/org/apache/apache/13/apache-13.pom (14 kB at 665 kB/s)
[INFO] Downloading from central: https://repo.maven.apache.org/maven2/org/apache/maven/maven-model/3.1.0/maven-model-3.1.0.pom
[INFO] Downloaded from central: https://repo.maven.apache.org/maven2/org/apache/maven/maven-model/3.1.0/maven-model-3.1.0.pom (3.8 kB at 146 kB/s)
[INFO] Downloading from central: https://repo.maven.apache.org/maven2/org/codehaus/plexus/plexus-utils/3.0.10/plexus-utils-3.0.10.pom
[INFO] Downloaded from central: https://repo.maven.apache.org/maven2/org/codehaus/plexus/plexus-utils/3.0.10/plexus-utils-3.0.10.pom (3.1 kB at 27 kB/s)
[INFO] Downloading from central: https://repo.maven.apache.org/maven2/org/codehaus/plexus/plexus/3.3/plexus-3.3.pom
[INFO] Downloaded from central: https://repo.maven.apache.org/maven2/org/codehaus/plexus/plexus/3.3/plexus-3.3.pom (20 kB at 622 kB/s)
[INFO] Downloading from central: https://repo.maven.apache.org/maven2/org/sonatype/spice/spice-parent/17/spice-parent-17.pom
[INFO] Downloaded from central: https://repo.maven.apache.org/maven2/org/sonatype/spice/spice-parent/17/spice-parent-17.pom (6.8 kB at 270 kB/s)
[INFO] Downloading from central: https://repo.maven.apache.org/maven2/org/sonatype/forge/forge-parent/10/forge-parent-10.pom
[INFO] Downloaded from central: https://repo.maven.apache.org/maven2/org/sonatype/forge/forge-parent/10/forge-parent-10.pom (14 kB at 452 kB/s)
[INFO] Downloading from central: https://repo.maven.apache.org/maven2/org/apache/maven/maven-artifact/3.1.0/maven-artifact-3.1.0.pom
[INFO] Downloaded from central: https://repo.maven.apache.org/maven2/org/apache/maven/maven-artifact/3.1.0/maven-artifact-3.1.0.pom (1.6 kB at 48 kB/s)
[INFO] Downloading from central: https://repo.maven.apache.org/maven2/org/eclipse/sisu/org.eclipse.sisu.plexus/0.0.0.M2a/org.eclipse.sisu.plexus-0.0.0.M2a.pom
[INFO] Downloaded from central: https://repo.maven.apache.org/maven2/org/eclipse/sisu/org.eclipse.sisu.plexus/0.0.0.M2a/org.eclipse.sisu.plexus-0.0.0.M2a.pom (5.9 kB at 227 kB/s)
[INFO] Downloading from central: https://repo.maven.apache.org/maven2/org/eclipse/sisu/sisu-plexus/0.0.0.M2a/sisu-plexus-0.0.0.M2a.pom
[INFO] Downloaded from central: https://repo.maven.apache.org/maven2/org/eclipse/sisu/sisu-plexus/0.0.0.M2a/sisu-plexus-0.0.0.M2a.pom (7.9 kB at 264 kB/s)
[INFO] Downloading from central: https://repo.maven.apache.org/maven2/javax/enterprise/cdi-api/1.0/cdi-api-1.0.pom
[INFO] Downloaded from central: https://repo.maven.apache.org/maven2/javax/enterprise/cdi-api/1.0/cdi-api-1.0.pom (1.4 kB at 27 kB/s)
[INFO] Downloading from central: https://repo.maven.apache.org/maven2/org/jboss/weld/weld-api-parent/1.0/weld-api-parent-1.0.pom
[INFO] Downloaded from central: https://repo.maven.apache.org/maven2/org/jboss/weld/weld-api-parent/1.0/weld-api-parent-1.0.pom (2.4 kB at 22 kB/s)
[INFO] Downloading from central: https://repo.maven.apache.org/maven2/org/jboss/weld/weld-api-bom/1.0/weld-api-bom-1.0.pom
[INFO] Downloaded from central: https://repo.maven.apache.org/maven2/org/jboss/weld/weld-api-bom/1.0/weld-api-bom-1.0.pom (7.9 kB at 75 kB/s)
[INFO] Downloading from central: https://repo.maven.apache.org/maven2/org/jboss/weld/weld-parent/6/weld-parent-6.pom
[INFO] Downloaded from central: https://repo.maven.apache.org/maven2/org/jboss/weld/weld-parent/6/weld-parent-6.pom (21 kB at 667 kB/s)
[INFO] Downloading from central: https://repo.maven.apache.org/maven2/javax/annotation/jsr250-api/1.0/jsr250-api-1.0.pom
[INFO] Downloaded from central: https://repo.maven.apache.org/maven2/javax/annotation/jsr250-api/1.0/jsr250-api-1.0.pom (1.0 kB at 38 kB/s)
[INFO] Downloading from central: https://repo.maven.apache.org/maven2/com/google/guava/guava/10.0.1/guava-10.0.1.pom
[INFO] Downloaded from central: https://repo.maven.apache.org/maven2/com/google/guava/guava/10.0.1/guava-10.0.1.pom (5.4 kB at 192 kB/s)
[INFO] Downloading from central: https://repo.maven.apache.org/maven2/com/google/guava/guava-parent/10.0.1/guava-parent-10.0.1.pom
[INFO] Downloaded from central: https://repo.maven.apache.org/maven2/com/google/guava/guava-parent/10.0.1/guava-parent-10.0.1.pom (2.0 kB at 82 kB/s)
[INFO] Downloading from central: https://repo.maven.apache.org/maven2/com/google/code/findbugs/jsr305/1.3.9/jsr305-1.3.9.pom
[INFO] Downloaded from central: https://repo.maven.apache.org/maven2/com/google/code/findbugs/jsr305/1.3.9/jsr305-1.3.9.pom (965 B at 34 kB/s)
[INFO] Downloading from central: https://repo.maven.apache.org/maven2/org/sonatype/sisu/sisu-guice/3.1.0/sisu-guice-3.1.0.pom
[INFO] Downloaded from central: https://repo.maven.apache.org/maven2/org/sonatype/sisu/sisu-guice/3.1.0/sisu-guice-3.1.0.pom (10 kB at 178 kB/s)
[INFO] Downloading from central: https://repo.maven.apache.org/maven2/org/sonatype/sisu/inject/guice-parent/3.1.0/guice-parent-3.1.0.pom
[INFO] Downloaded from central: https://repo.maven.apache.org/maven2/org/sonatype/sisu/inject/guice-parent/3.1.0/guice-parent-3.1.0.pom (11 kB at 420 kB/s)
[INFO] Downloading from central: https://repo.maven.apache.org/maven2/aopalliance/aopalliance/1.0/aopalliance-1.0.pom
[INFO] Downloaded from central: https://repo.maven.apache.org/maven2/aopalliance/aopalliance/1.0/aopalliance-1.0.pom (363 B at 11 kB/s)
[INFO] Downloading from central: https://repo.maven.apache.org/maven2/org/eclipse/sisu/org.eclipse.sisu.inject/0.0.0.M2a/org.eclipse.sisu.inject-0.0.0.M2a.pom
[INFO] Downloaded from central: https://repo.maven.apache.org/maven2/org/eclipse/sisu/org.eclipse.sisu.inject/0.0.0.M2a/org.eclipse.sisu.inject-0.0.0.M2a.pom (5.0 kB at 184 kB/s)
[INFO] Downloading from central: https://repo.maven.apache.org/maven2/org/eclipse/sisu/sisu-inject/0.0.0.M2a/sisu-inject-0.0.0.M2a.pom
[INFO] Downloaded from central: https://repo.maven.apache.org/maven2/org/eclipse/sisu/sisu-inject/0.0.0.M2a/sisu-inject-0.0.0.M2a.pom (7.8 kB at 260 kB/s)
[INFO] Downloading from central: https://repo.maven.apache.org/maven2/asm/asm/3.3.1/asm-3.3.1.pom
[INFO] Downloaded from central: https://repo.maven.apache.org/maven2/asm/asm/3.3.1/asm-3.3.1.pom (266 B at 7.2 kB/s)
[INFO] Downloading from central: https://repo.maven.apache.org/maven2/asm/asm-parent/3.3.1/asm-parent-3.3.1.pom
[INFO] Downloaded from central: https://repo.maven.apache.org/maven2/asm/asm-parent/3.3.1/asm-parent-3.3.1.pom (4.3 kB at 41 kB/s)
[INFO] Downloading from central: https://repo.maven.apache.org/maven2/org/codehaus/plexus/plexus-component-annotations/2.0.0/plexus-component-annotations-2.0.0.pom
[INFO] Downloaded from central: https://repo.maven.apache.org/maven2/org/codehaus/plexus/plexus-component-annotations/2.0.0/plexus-component-annotations-2.0.0.pom (750 B at 19 kB/s)
[INFO] Downloading from central: https://repo.maven.apache.org/maven2/org/codehaus/plexus/plexus-containers/2.0.0/plexus-containers-2.0.0.pom
[INFO] Downloaded from central: https://repo.maven.apache.org/maven2/org/codehaus/plexus/plexus-containers/2.0.0/plexus-containers-2.0.0.pom (4.8 kB at 155 kB/s)
[INFO] Downloading from central: https://repo.maven.apache.org/maven2/org/codehaus/plexus/plexus/5.1/plexus-5.1.pom
[INFO] Downloaded from central: https://repo.maven.apache.org/maven2/org/codehaus/plexus/plexus/5.1/plexus-5.1.pom (23 kB at 804 kB/s)
[INFO] Downloading from central: https://repo.maven.apache.org/maven2/org/codehaus/plexus/plexus-classworlds/2.4/plexus-classworlds-2.4.pom
[INFO] Downloaded from central: https://repo.maven.apache.org/maven2/org/codehaus/plexus/plexus-classworlds/2.4/plexus-classworlds-2.4.pom (3.9 kB at 83 kB/s)
[INFO] Downloading from central: https://repo.maven.apache.org/maven2/org/codehaus/plexus/plexus/2.0.7/plexus-2.0.7.pom
[INFO] Downloaded from central: https://repo.maven.apache.org/maven2/org/codehaus/plexus/plexus/2.0.7/plexus-2.0.7.pom (17 kB at 692 kB/s)
[INFO] Downloading from central: https://repo.maven.apache.org/maven2/org/codehaus/plexus/plexus-utils/2.1/plexus-utils-2.1.pom
[INFO] Downloaded from central: https://repo.maven.apache.org/maven2/org/codehaus/plexus/plexus-utils/2.1/plexus-utils-2.1.pom (4.0 kB at 183 kB/s)
[INFO] Downloading from central: https://repo.maven.apache.org/maven2/org/sonatype/spice/spice-parent/16/spice-parent-16.pom
[INFO] Downloaded from central: https://repo.maven.apache.org/maven2/org/sonatype/spice/spice-parent/16/spice-parent-16.pom (8.4 kB at 321 kB/s)
[INFO] Downloading from central: https://repo.maven.apache.org/maven2/org/sonatype/forge/forge-parent/5/forge-parent-5.pom
[INFO] Downloaded from central: https://repo.maven.apache.org/maven2/org/sonatype/forge/forge-parent/5/forge-parent-5.pom (8.4 kB at 364 kB/s)
[INFO] Downloading from central: https://repo.maven.apache.org/maven2/org/apache/maven/maven-core/3.1.0/maven-core-3.1.0.pom
[INFO] Downloaded from central: https://repo.maven.apache.org/maven2/org/apache/maven/maven-core/3.1.0/maven-core-3.1.0.pom (6.9 kB at 63 kB/s)
[INFO] Downloading from central: https://repo.maven.apache.org/maven2/org/apache/maven/maven-settings/3.1.0/maven-settings-3.1.0.pom
[INFO] Downloaded from central: https://repo.maven.apache.org/maven2/org/apache/maven/maven-settings/3.1.0/maven-settings-3.1.0.pom (1.8 kB at 73 kB/s)
[INFO] Downloading from central: https://repo.maven.apache.org/maven2/org/apache/maven/maven-settings-builder/3.1.0/maven-settings-builder-3.1.0.pom
[INFO] Downloaded from central: https://repo.maven.apache.org/maven2/org/apache/maven/maven-settings-builder/3.1.0/maven-settings-builder-3.1.0.pom (2.3 kB at 22 kB/s)
[INFO] Downloading from central: https://repo.maven.apache.org/maven2/org/codehaus/plexus/plexus-interpolation/1.16/plexus-interpolation-1.16.pom
[INFO] Downloaded from central: https://repo.maven.apache.org/maven2/org/codehaus/plexus/plexus-interpolation/1.16/plexus-interpolation-1.16.pom (1.0 kB at 34 kB/s)
[INFO] Downloading from central: https://repo.maven.apache.org/maven2/org/codehaus/plexus/plexus-components/1.3/plexus-components-1.3.pom
[INFO] Downloaded from central: https://repo.maven.apache.org/maven2/org/codehaus/plexus/plexus-components/1.3/plexus-components-1.3.pom (3.1 kB at 118 kB/s)
[INFO] Downloading from central: https://repo.maven.apache.org/maven2/org/sonatype/plexus/plexus-sec-dispatcher/1.3/plexus-sec-dispatcher-1.3.pom
[INFO] Downloaded from central: https://repo.maven.apache.org/maven2/org/sonatype/plexus/plexus-sec-dispatcher/1.3/plexus-sec-dispatcher-1.3.pom (3.0 kB at 118 kB/s)
[INFO] Downloading from central: https://repo.maven.apache.org/maven2/org/sonatype/spice/spice-parent/12/spice-parent-12.pom
[INFO] Downloaded from central: https://repo.maven.apache.org/maven2/org/sonatype/spice/spice-parent/12/spice-parent-12.pom (6.8 kB at 283 kB/s)
[INFO] Downloading from central: https://repo.maven.apache.org/maven2/org/sonatype/forge/forge-parent/4/forge-parent-4.pom
[INFO] Downloaded from central: https://repo.maven.apache.org/maven2/org/sonatype/forge/forge-parent/4/forge-parent-4.pom (8.4 kB at 400 kB/s)
[INFO] Downloading from central: https://repo.maven.apache.org/maven2/org/codehaus/plexus/plexus-utils/1.5.5/plexus-utils-1.5.5.pom
[INFO] Downloaded from central: https://repo.maven.apache.org/maven2/org/codehaus/plexus/plexus-utils/1.5.5/plexus-utils-1.5.5.pom (5.1 kB at 177 kB/s)
[INFO] Downloading from central: https://repo.maven.apache.org/maven2/org/codehaus/plexus/plexus/1.0.11/plexus-1.0.11.pom
[INFO] Downloaded from central: https://repo.maven.apache.org/maven2/org/codehaus/plexus/plexus/1.0.11/plexus-1.0.11.pom (9.0 kB at 359 kB/s)
[INFO] Downloading from central: https://repo.maven.apache.org/maven2/org/sonatype/plexus/plexus-cipher/1.4/plexus-cipher-1.4.pom
[INFO] Downloaded from central: https://repo.maven.apache.org/maven2/org/sonatype/plexus/plexus-cipher/1.4/plexus-cipher-1.4.pom (2.1 kB at 74 kB/s)
[INFO] Downloading from central: https://repo.maven.apache.org/maven2/org/apache/maven/maven-repository-metadata/3.1.0/maven-repository-metadata-3.1.0.pom
[INFO] Downloaded from central: https://repo.maven.apache.org/maven2/org/apache/maven/maven-repository-metadata/3.1.0/maven-repository-metadata-3.1.0.pom (1.9 kB at 43 kB/s)
[INFO] Downloading from central: https://repo.maven.apache.org/maven2/org/apache/maven/maven-model-builder/3.1.0/maven-model-builder-3.1.0.pom
[INFO] Downloaded from central: https://repo.maven.apache.org/maven2/org/apache/maven/maven-model-builder/3.1.0/maven-model-builder-3.1.0.pom (2.5 kB at 95 kB/s)
[INFO] Downloading from central: https://repo.maven.apache.org/maven2/org/apache/maven/maven-aether-provider/3.1.0/maven-aether-provider-3.1.0.pom
[INFO] Downloaded from central: https://repo.maven.apache.org/maven2/org/apache/maven/maven-aether-provider/3.1.0/maven-aether-provider-3.1.0.pom (3.5 kB at 74 kB/s)
[INFO] Downloading from central: https://repo.maven.apache.org/maven2/org/eclipse/aether/aether-api/0.9.0.M2/aether-api-0.9.0.M2.pom
[INFO] Downloaded from central: https://repo.maven.apache.org/maven2/org/eclipse/aether/aether-api/0.9.0.M2/aether-api-0.9.0.M2.pom (1.7 kB at 16 kB/s)
[INFO] Downloading from central: https://repo.maven.apache.org/maven2/org/eclipse/aether/aether/0.9.0.M2/aether-0.9.0.M2.pom
[INFO] Downloaded from central: https://repo.maven.apache.org/maven2/org/eclipse/aether/aether/0.9.0.M2/aether-0.9.0.M2.pom (28 kB at 995 kB/s)
[INFO] Downloading from central: https://repo.maven.apache.org/maven2/org/eclipse/aether/aether-spi/0.9.0.M2/aether-spi-0.9.0.M2.pom
[INFO] Downloaded from central: https://repo.maven.apache.org/maven2/org/eclipse/aether/aether-spi/0.9.0.M2/aether-spi-0.9.0.M2.pom (1.8 kB at 61 kB/s)
[INFO] Downloading from central: https://repo.maven.apache.org/maven2/org/eclipse/aether/aether-util/0.9.0.M2/aether-util-0.9.0.M2.pom
[INFO] Downloaded from central: https://repo.maven.apache.org/maven2/org/eclipse/aether/aether-util/0.9.0.M2/aether-util-0.9.0.M2.pom (2.0 kB at 78 kB/s)
[INFO] Downloading from central: https://repo.maven.apache.org/maven2/org/eclipse/aether/aether-impl/0.9.0.M2/aether-impl-0.9.0.M2.pom
[INFO] Downloaded from central: https://repo.maven.apache.org/maven2/org/eclipse/aether/aether-impl/0.9.0.M2/aether-impl-0.9.0.M2.pom (3.3 kB at 105 kB/s)
[INFO] Downloading from central: https://repo.maven.apache.org/maven2/org/codehaus/plexus/plexus-classworlds/2.4.2/plexus-classworlds-2.4.2.pom
[INFO] Downloaded from central: https://repo.maven.apache.org/maven2/org/codehaus/plexus/plexus-classworlds/2.4.2/plexus-classworlds-2.4.2.pom (3.5 kB at 140 kB/s)
[INFO] Downloading from central: https://repo.maven.apache.org/maven2/org/codehaus/plexus/plexus/3.0.1/plexus-3.0.1.pom
[INFO] Downloaded from central: https://repo.maven.apache.org/maven2/org/codehaus/plexus/plexus/3.0.1/plexus-3.0.1.pom (19 kB at 809 kB/s)
[INFO] Downloading from central: https://repo.maven.apache.org/maven2/org/codehaus/plexus/plexus-interpolation/1.26/plexus-interpolation-1.26.pom
[INFO] Downloaded from central: https://repo.maven.apache.org/maven2/org/codehaus/plexus/plexus-interpolation/1.26/plexus-interpolation-1.26.pom (2.7 kB at 68 kB/s)
[INFO] Downloading from central: https://repo.maven.apache.org/maven2/org/apache/maven/shared/maven-filtering/3.2.0/maven-filtering-3.2.0.pom
[INFO] Downloaded from central: https://repo.maven.apache.org/maven2/org/apache/maven/shared/maven-filtering/3.2.0/maven-filtering-3.2.0.pom (6.8 kB at 235 kB/s)
[INFO] Downloading from central: https://repo.maven.apache.org/maven2/org/apache/maven/shared/maven-shared-components/34/maven-shared-components-34.pom
[INFO] Downloaded from central: https://repo.maven.apache.org/maven2/org/apache/maven/shared/maven-shared-components/34/maven-shared-components-34.pom (5.1 kB at 189 kB/s)
[INFO] Downloading from central: https://repo.maven.apache.org/maven2/org/apache/maven/shared/maven-shared-utils/3.3.3/maven-shared-utils-3.3.3.pom
[INFO] Downloaded from central: https://repo.maven.apache.org/maven2/org/apache/maven/shared/maven-shared-utils/3.3.3/maven-shared-utils-3.3.3.pom (5.8 kB at 54 kB/s)
[INFO] Downloading from central: https://repo.maven.apache.org/maven2/commons-io/commons-io/2.6/commons-io-2.6.pom
[INFO] Downloaded from central: https://repo.maven.apache.org/maven2/commons-io/commons-io/2.6/commons-io-2.6.pom (14 kB at 122 kB/s)
[INFO] Downloading from central: https://repo.maven.apache.org/maven2/org/apache/commons/commons-parent/42/commons-parent-42.pom
[INFO] Downloaded from central: https://repo.maven.apache.org/maven2/org/apache/commons/commons-parent/42/commons-parent-42.pom (68 kB at 1.9 MB/s)
[INFO] Downloading from central: https://repo.maven.apache.org/maven2/org/apache/apache/18/apache-18.pom
[INFO] Downloaded from central: https://repo.maven.apache.org/maven2/org/apache/apache/18/apache-18.pom (16 kB at 580 kB/s)
[INFO] Downloading from central: https://repo.maven.apache.org/maven2/org/codehaus/plexus/plexus-utils/3.3.0/plexus-utils-3.3.0.pom
[INFO] Downloaded from central: https://repo.maven.apache.org/maven2/org/codehaus/plexus/plexus-utils/3.3.0/plexus-utils-3.3.0.pom (5.2 kB at 207 kB/s)
[INFO] Downloading from central: https://repo.maven.apache.org/maven2/org/sonatype/plexus/plexus-build-api/0.0.7/plexus-build-api-0.0.7.pom
[INFO] Downloaded from central: https://repo.maven.apache.org/maven2/org/sonatype/plexus/plexus-build-api/0.0.7/plexus-build-api-0.0.7.pom (3.2 kB at 103 kB/s)
[INFO] Downloading from central: https://repo.maven.apache.org/maven2/org/sonatype/spice/spice-parent/15/spice-parent-15.pom
[INFO] Downloaded from central: https://repo.maven.apache.org/maven2/org/sonatype/spice/spice-parent/15/spice-parent-15.pom (8.4 kB at 380 kB/s)
[INFO] Downloading from central: https://repo.maven.apache.org/maven2/org/codehaus/plexus/plexus-utils/1.5.8/plexus-utils-1.5.8.pom
[INFO] Downloaded from central: https://repo.maven.apache.org/maven2/org/codehaus/plexus/plexus-utils/1.5.8/plexus-utils-1.5.8.pom (8.1 kB at 351 kB/s)
[INFO] Downloading from central: https://repo.maven.apache.org/maven2/org/codehaus/plexus/plexus/2.0.2/plexus-2.0.2.pom
[INFO] Downloaded from central: https://repo.maven.apache.org/maven2/org/codehaus/plexus/plexus/2.0.2/plexus-2.0.2.pom (12 kB at 484 kB/s)
[INFO] Downloading from central: https://repo.maven.apache.org/maven2/org/apache/commons/commons-lang3/3.8.1/commons-lang3-3.8.1.pom
[INFO] Downloaded from central: https://repo.maven.apache.org/maven2/org/apache/commons/commons-lang3/3.8.1/commons-lang3-3.8.1.pom (28 kB at 1.2 MB/s)
[INFO] Downloading from central: https://repo.maven.apache.org/maven2/org/apache/commons/commons-parent/47/commons-parent-47.pom
[INFO] Downloaded from central: https://repo.maven.apache.org/maven2/org/apache/commons/commons-parent/47/commons-parent-47.pom (78 kB at 2.6 MB/s)
[INFO] Downloading from central: https://repo.maven.apache.org/maven2/org/apache/apache/19/apache-19.pom
[INFO] Downloaded from central: https://repo.maven.apache.org/maven2/org/apache/apache/19/apache-19.pom (15 kB at 620 kB/s)
[INFO] Downloading from central: https://repo.maven.apache.org/maven2/org/apache/maven/maven-plugin-api/3.1.0/maven-plugin-api-3.1.0.jar
[INFO] Downloaded from central: https://repo.maven.apache.org/maven2/org/apache/maven/maven-plugin-api/3.1.0/maven-plugin-api-3.1.0.jar (50 kB at 1.9 MB/s)
[INFO] Downloading from central: https://repo.maven.apache.org/maven2/org/apache/maven/maven-artifact/3.1.0/maven-artifact-3.1.0.jar
[INFO] Downloading from central: https://repo.maven.apache.org/maven2/org/apache/maven/maven-core/3.1.0/maven-core-3.1.0.jar
[INFO] Downloading from central: https://repo.maven.apache.org/maven2/org/apache/maven/maven-settings/3.1.0/maven-settings-3.1.0.jar
[INFO] Downloading from central: https://repo.maven.apache.org/maven2/org/apache/maven/maven-settings-builder/3.1.0/maven-settings-builder-3.1.0.jar
[INFO] Downloading from central: https://repo.maven.apache.org/maven2/org/apache/maven/maven-repository-metadata/3.1.0/maven-repository-metadata-3.1.0.jar
[INFO] Downloaded from central: https://repo.maven.apache.org/maven2/org/apache/maven/maven-artifact/3.1.0/maven-artifact-3.1.0.jar (52 kB at 1.8 MB/s)
[INFO] Downloading from central: https://repo.maven.apache.org/maven2/org/apache/maven/maven-model-builder/3.1.0/maven-model-builder-3.1.0.jar
[INFO] Downloaded from central: https://repo.maven.apache.org/maven2/org/apache/maven/maven-settings/3.1.0/maven-settings-3.1.0.jar (47 kB at 1.5 MB/s)
[INFO] Downloading from central: https://repo.maven.apache.org/maven2/org/apache/maven/maven-aether-provider/3.1.0/maven-aether-provider-3.1.0.jar
[INFO] Downloaded from central: https://repo.maven.apache.org/maven2/org/apache/maven/maven-repository-metadata/3.1.0/maven-repository-metadata-3.1.0.jar (30 kB at 971 kB/s)
[INFO] Downloading from central: https://repo.maven.apache.org/maven2/org/eclipse/aether/aether-spi/0.9.0.M2/aether-spi-0.9.0.M2.jar
[INFO] Downloaded from central: https://repo.maven.apache.org/maven2/org/apache/maven/maven-core/3.1.0/maven-core-3.1.0.jar (563 kB at 15 MB/s)
[INFO] Downloading from central: https://repo.maven.apache.org/maven2/org/eclipse/aether/aether-impl/0.9.0.M2/aether-impl-0.9.0.M2.jar
[INFO] Downloaded from central: https://repo.maven.apache.org/maven2/org/apache/maven/maven-settings-builder/3.1.0/maven-settings-builder-3.1.0.jar (41 kB at 901 kB/s)
[INFO] Downloading from central: https://repo.maven.apache.org/maven2/org/eclipse/aether/aether-api/0.9.0.M2/aether-api-0.9.0.M2.jar
[INFO] Downloaded from central: https://repo.maven.apache.org/maven2/org/apache/maven/maven-aether-provider/3.1.0/maven-aether-provider-3.1.0.jar (60 kB at 414 kB/s)
[INFO] Downloading from central: https://repo.maven.apache.org/maven2/org/eclipse/aether/aether-util/0.9.0.M2/aether-util-0.9.0.M2.jar
[INFO] Downloaded from central: https://repo.maven.apache.org/maven2/org/eclipse/aether/aether-spi/0.9.0.M2/aether-spi-0.9.0.M2.jar (18 kB at 120 kB/s)
[INFO] Downloading from central: https://repo.maven.apache.org/maven2/org/codehaus/plexus/plexus-utils/3.0.10/plexus-utils-3.0.10.jar
[INFO] Downloaded from central: https://repo.maven.apache.org/maven2/org/apache/maven/maven-model-builder/3.1.0/maven-model-builder-3.1.0.jar (159 kB at 1.1 MB/s)
[INFO] Downloading from central: https://repo.maven.apache.org/maven2/org/codehaus/plexus/plexus-classworlds/2.4.2/plexus-classworlds-2.4.2.jar
[INFO] Downloaded from central: https://repo.maven.apache.org/maven2/org/eclipse/aether/aether-impl/0.9.0.M2/aether-impl-0.9.0.M2.jar (145 kB at 972 kB/s)
[INFO] Downloading from central: https://repo.maven.apache.org/maven2/org/sonatype/plexus/plexus-sec-dispatcher/1.3/plexus-sec-dispatcher-1.3.jar
[INFO] Downloaded from central: https://repo.maven.apache.org/maven2/org/eclipse/aether/aether-util/0.9.0.M2/aether-util-0.9.0.M2.jar (134 kB at 768 kB/s)
[INFO] Downloading from central: https://repo.maven.apache.org/maven2/org/sonatype/plexus/plexus-cipher/1.4/plexus-cipher-1.4.jar
[INFO] Downloaded from central: https://repo.maven.apache.org/maven2/org/codehaus/plexus/plexus-utils/3.0.10/plexus-utils-3.0.10.jar (231 kB at 1.3 MB/s)
[INFO] Downloading from central: https://repo.maven.apache.org/maven2/org/apache/maven/maven-model/3.1.0/maven-model-3.1.0.jar
[INFO] Downloaded from central: https://repo.maven.apache.org/maven2/org/sonatype/plexus/plexus-sec-dispatcher/1.3/plexus-sec-dispatcher-1.3.jar (29 kB at 160 kB/s)
[INFO] Downloading from central: https://repo.maven.apache.org/maven2/org/codehaus/plexus/plexus-component-annotations/2.0.0/plexus-component-annotations-2.0.0.jar
[INFO] Downloaded from central: https://repo.maven.apache.org/maven2/org/codehaus/plexus/plexus-classworlds/2.4.2/plexus-classworlds-2.4.2.jar (47 kB at 262 kB/s)
[INFO] Downloading from central: https://repo.maven.apache.org/maven2/org/codehaus/plexus/plexus-interpolation/1.26/plexus-interpolation-1.26.jar
[INFO] Downloaded from central: https://repo.maven.apache.org/maven2/org/eclipse/aether/aether-api/0.9.0.M2/aether-api-0.9.0.M2.jar (134 kB at 744 kB/s)
[INFO] Downloading from central: https://repo.maven.apache.org/maven2/org/eclipse/sisu/org.eclipse.sisu.plexus/0.0.0.M2a/org.eclipse.sisu.plexus-0.0.0.M2a.jar
[INFO] Downloaded from central: https://repo.maven.apache.org/maven2/org/sonatype/plexus/plexus-cipher/1.4/plexus-cipher-1.4.jar (13 kB at 66 kB/s)
[INFO] Downloading from central: https://repo.maven.apache.org/maven2/javax/enterprise/cdi-api/1.0/cdi-api-1.0.jar
[INFO] Downloaded from central: https://repo.maven.apache.org/maven2/org/eclipse/sisu/org.eclipse.sisu.plexus/0.0.0.M2a/org.eclipse.sisu.plexus-0.0.0.M2a.jar (202 kB at 992 kB/s)
[INFO] Downloading from central: https://repo.maven.apache.org/maven2/javax/annotation/jsr250-api/1.0/jsr250-api-1.0.jar
[INFO] Downloaded from central: https://repo.maven.apache.org/maven2/org/codehaus/plexus/plexus-interpolation/1.26/plexus-interpolation-1.26.jar (85 kB at 414 kB/s)
[INFO] Downloading from central: https://repo.maven.apache.org/maven2/com/google/guava/guava/10.0.1/guava-10.0.1.jar
[INFO] Downloaded from central: https://repo.maven.apache.org/maven2/org/apache/maven/maven-model/3.1.0/maven-model-3.1.0.jar (164 kB at 758 kB/s)
[INFO] Downloading from central: https://repo.maven.apache.org/maven2/com/google/code/findbugs/jsr305/1.3.9/jsr305-1.3.9.jar
[INFO] Downloaded from central: https://repo.maven.apache.org/maven2/org/codehaus/plexus/plexus-component-annotations/2.0.0/plexus-component-annotations-2.0.0.jar (4.2 kB at 19 kB/s)
[INFO] Downloading from central: https://repo.maven.apache.org/maven2/org/sonatype/sisu/sisu-guice/3.1.0/sisu-guice-3.1.0-no_aop.jar
[INFO] Downloaded from central: https://repo.maven.apache.org/maven2/javax/annotation/jsr250-api/1.0/jsr250-api-1.0.jar (5.8 kB at 26 kB/s)
[INFO] Downloading from central: https://repo.maven.apache.org/maven2/aopalliance/aopalliance/1.0/aopalliance-1.0.jar
[INFO] Downloaded from central: https://repo.maven.apache.org/maven2/javax/enterprise/cdi-api/1.0/cdi-api-1.0.jar (45 kB at 196 kB/s)
[INFO] Downloading from central: https://repo.maven.apache.org/maven2/org/eclipse/sisu/org.eclipse.sisu.inject/0.0.0.M2a/org.eclipse.sisu.inject-0.0.0.M2a.jar
[INFO] Downloaded from central: https://repo.maven.apache.org/maven2/com/google/code/findbugs/jsr305/1.3.9/jsr305-1.3.9.jar (33 kB at 133 kB/s)
[INFO] Downloading from central: https://repo.maven.apache.org/maven2/asm/asm/3.3.1/asm-3.3.1.jar
[INFO] Downloaded from central: https://repo.maven.apache.org/maven2/com/google/guava/guava/10.0.1/guava-10.0.1.jar (1.5 MB at 5.9 MB/s)
[INFO] Downloading from central: https://repo.maven.apache.org/maven2/org/apache/maven/shared/maven-filtering/3.2.0/maven-filtering-3.2.0.jar
[INFO] Downloaded from central: https://repo.maven.apache.org/maven2/org/sonatype/sisu/sisu-guice/3.1.0/sisu-guice-3.1.0-no_aop.jar (357 kB at 1.4 MB/s)
[INFO] Downloading from central: https://repo.maven.apache.org/maven2/org/apache/maven/shared/maven-shared-utils/3.3.3/maven-shared-utils-3.3.3.jar
[INFO] Downloaded from central: https://repo.maven.apache.org/maven2/aopalliance/aopalliance/1.0/aopalliance-1.0.jar (4.5 kB at 17 kB/s)
[INFO] Downloading from central: https://repo.maven.apache.org/maven2/org/sonatype/plexus/plexus-build-api/0.0.7/plexus-build-api-0.0.7.jar
[INFO] Downloaded from central: https://repo.maven.apache.org/maven2/asm/asm/3.3.1/asm-3.3.1.jar (44 kB at 160 kB/s)
[INFO] Downloading from central: https://repo.maven.apache.org/maven2/commons-io/commons-io/2.6/commons-io-2.6.jar
[INFO] Downloaded from central: https://repo.maven.apache.org/maven2/org/eclipse/sisu/org.eclipse.sisu.inject/0.0.0.M2a/org.eclipse.sisu.inject-0.0.0.M2a.jar (202 kB at 730 kB/s)
[INFO] Downloading from central: https://repo.maven.apache.org/maven2/org/apache/commons/commons-lang3/3.8.1/commons-lang3-3.8.1.jar
[INFO] Downloaded from central: https://repo.maven.apache.org/maven2/org/apache/maven/shared/maven-filtering/3.2.0/maven-filtering-3.2.0.jar (52 kB at 184 kB/s)
[INFO] Downloaded from central: https://repo.maven.apache.org/maven2/org/sonatype/plexus/plexus-build-api/0.0.7/plexus-build-api-0.0.7.jar (8.5 kB at 30 kB/s)
[INFO] Downloaded from central: https://repo.maven.apache.org/maven2/commons-io/commons-io/2.6/commons-io-2.6.jar (215 kB at 731 kB/s)
[INFO] Downloaded from central: https://repo.maven.apache.org/maven2/org/apache/maven/shared/maven-shared-utils/3.3.3/maven-shared-utils-3.3.3.jar (154 kB at 512 kB/s)
[INFO] Downloaded from central: https://repo.maven.apache.org/maven2/org/apache/commons/commons-lang3/3.8.1/commons-lang3-3.8.1.jar (502 kB at 1.6 MB/s)
[INFO] Using 'UTF-8' encoding to copy filtered resources.
[INFO] Using 'UTF-8' encoding to copy filtered properties files.
[INFO] Copying 1 resource
[INFO] Copying 46 resources
[INFO] 
[INFO] --- compiler:3.10.1:compile (default-compile) @ jack-of-all-trades ---
[INFO] Downloading from central: https://repo.maven.apache.org/maven2/org/apache/maven/shared/maven-shared-utils/3.3.4/maven-shared-utils-3.3.4.pom
[INFO] Downloaded from central: https://repo.maven.apache.org/maven2/org/apache/maven/shared/maven-shared-utils/3.3.4/maven-shared-utils-3.3.4.pom (5.8 kB at 278 kB/s)
[INFO] Downloading from central: https://repo.maven.apache.org/maven2/org/apache/maven/shared/maven-shared-incremental/1.1/maven-shared-incremental-1.1.pom
[INFO] Downloaded from central: https://repo.maven.apache.org/maven2/org/apache/maven/shared/maven-shared-incremental/1.1/maven-shared-incremental-1.1.pom (4.7 kB at 206 kB/s)
[INFO] Downloading from central: https://repo.maven.apache.org/maven2/org/apache/maven/shared/maven-shared-components/19/maven-shared-components-19.pom
[INFO] Downloaded from central: https://repo.maven.apache.org/maven2/org/apache/maven/shared/maven-shared-components/19/maven-shared-components-19.pom (6.4 kB at 318 kB/s)
[INFO] Downloading from central: https://repo.maven.apache.org/maven2/org/codehaus/plexus/plexus-java/1.1.1/plexus-java-1.1.1.pom
[INFO] Downloaded from central: https://repo.maven.apache.org/maven2/org/codehaus/plexus/plexus-java/1.1.1/plexus-java-1.1.1.pom (5.0 kB at 207 kB/s)
[INFO] Downloading from central: https://repo.maven.apache.org/maven2/org/codehaus/plexus/plexus-languages/1.1.1/plexus-languages-1.1.1.pom
[INFO] Downloaded from central: https://repo.maven.apache.org/maven2/org/codehaus/plexus/plexus-languages/1.1.1/plexus-languages-1.1.1.pom (4.6 kB at 171 kB/s)
[INFO] Downloading from central: https://repo.maven.apache.org/maven2/org/codehaus/plexus/plexus/8/plexus-8.pom
[INFO] Downloaded from central: https://repo.maven.apache.org/maven2/org/codehaus/plexus/plexus/8/plexus-8.pom (25 kB at 942 kB/s)
[INFO] Downloading from central: https://repo.maven.apache.org/maven2/org/ow2/asm/asm/9.2/asm-9.2.pom
[INFO] Downloaded from central: https://repo.maven.apache.org/maven2/org/ow2/asm/asm/9.2/asm-9.2.pom (2.4 kB at 54 kB/s)
[INFO] Downloading from central: https://repo.maven.apache.org/maven2/com/thoughtworks/qdox/qdox/2.0.1/qdox-2.0.1.pom
[INFO] Downloaded from central: https://repo.maven.apache.org/maven2/com/thoughtworks/qdox/qdox/2.0.1/qdox-2.0.1.pom (16 kB at 616 kB/s)
[INFO] Downloading from central: https://repo.maven.apache.org/maven2/org/codehaus/plexus/plexus-compiler-api/2.11.1/plexus-compiler-api-2.11.1.pom
[INFO] Downloaded from central: https://repo.maven.apache.org/maven2/org/codehaus/plexus/plexus-compiler-api/2.11.1/plexus-compiler-api-2.11.1.pom (1.1 kB at 48 kB/s)
[INFO] Downloading from central: https://repo.maven.apache.org/maven2/org/codehaus/plexus/plexus-compiler/2.11.1/plexus-compiler-2.11.1.pom
[INFO] Downloaded from central: https://repo.maven.apache.org/maven2/org/codehaus/plexus/plexus-compiler/2.11.1/plexus-compiler-2.11.1.pom (8.1 kB at 239 kB/s)
[INFO] Downloading from central: https://repo.maven.apache.org/maven2/org/codehaus/plexus/plexus-components/6.6/plexus-components-6.6.pom
[INFO] Downloaded from central: https://repo.maven.apache.org/maven2/org/codehaus/plexus/plexus-components/6.6/plexus-components-6.6.pom (2.7 kB at 116 kB/s)
[INFO] Downloading from central: https://repo.maven.apache.org/maven2/org/codehaus/plexus/plexus-utils/3.4.1/plexus-utils-3.4.1.pom
[INFO] Downloaded from central: https://repo.maven.apache.org/maven2/org/codehaus/plexus/plexus-utils/3.4.1/plexus-utils-3.4.1.pom (8.0 kB at 332 kB/s)
[INFO] Downloading from central: https://repo.maven.apache.org/maven2/org/codehaus/plexus/plexus-compiler-manager/2.11.1/plexus-compiler-manager-2.11.1.pom
[INFO] Downloaded from central: https://repo.maven.apache.org/maven2/org/codehaus/plexus/plexus-compiler-manager/2.11.1/plexus-compiler-manager-2.11.1.pom (1.1 kB at 10 kB/s)
[INFO] Downloading from central: https://repo.maven.apache.org/maven2/org/codehaus/plexus/plexus-compiler-javac/2.11.1/plexus-compiler-javac-2.11.1.pom
[INFO] Downloaded from central: https://repo.maven.apache.org/maven2/org/codehaus/plexus/plexus-compiler-javac/2.11.1/plexus-compiler-javac-2.11.1.pom (1.2 kB at 48 kB/s)
[INFO] Downloading from central: https://repo.maven.apache.org/maven2/org/codehaus/plexus/plexus-compilers/2.11.1/plexus-compilers-2.11.1.pom
[INFO] Downloaded from central: https://repo.maven.apache.org/maven2/org/codehaus/plexus/plexus-compilers/2.11.1/plexus-compilers-2.11.1.pom (1.3 kB at 53 kB/s)
[INFO] Downloading from central: https://repo.maven.apache.org/maven2/org/apache/maven/shared/maven-shared-utils/3.3.4/maven-shared-utils-3.3.4.jar
[INFO] Downloaded from central: https://repo.maven.apache.org/maven2/org/apache/maven/shared/maven-shared-utils/3.3.4/maven-shared-utils-3.3.4.jar (153 kB at 5.3 MB/s)
[INFO] Downloading from central: https://repo.maven.apache.org/maven2/org/apache/maven/shared/maven-shared-incremental/1.1/maven-shared-incremental-1.1.jar
[INFO] Downloading from central: https://repo.maven.apache.org/maven2/org/codehaus/plexus/plexus-java/1.1.1/plexus-java-1.1.1.jar
[INFO] Downloading from central: https://repo.maven.apache.org/maven2/org/ow2/asm/asm/9.2/asm-9.2.jar
[INFO] Downloading from central: https://repo.maven.apache.org/maven2/com/thoughtworks/qdox/qdox/2.0.1/qdox-2.0.1.jar
[INFO] Downloading from central: https://repo.maven.apache.org/maven2/org/codehaus/plexus/plexus-compiler-api/2.11.1/plexus-compiler-api-2.11.1.jar
[INFO] Downloaded from central: https://repo.maven.apache.org/maven2/org/apache/maven/shared/maven-shared-incremental/1.1/maven-shared-incremental-1.1.jar (14 kB at 542 kB/s)
[INFO] Downloading from central: https://repo.maven.apache.org/maven2/org/codehaus/plexus/plexus-utils/3.4.1/plexus-utils-3.4.1.jar
[INFO] Downloaded from central: https://repo.maven.apache.org/maven2/org/ow2/asm/asm/9.2/asm-9.2.jar (122 kB at 4.9 MB/s)
[INFO] Downloading from central: https://repo.maven.apache.org/maven2/org/codehaus/plexus/plexus-compiler-manager/2.11.1/plexus-compiler-manager-2.11.1.jar
[INFO] Downloaded from central: https://repo.maven.apache.org/maven2/org/codehaus/plexus/plexus-compiler-api/2.11.1/plexus-compiler-api-2.11.1.jar (27 kB at 962 kB/s)
[INFO] Downloading from central: https://repo.maven.apache.org/maven2/org/codehaus/plexus/plexus-compiler-javac/2.11.1/plexus-compiler-javac-2.11.1.jar
[INFO] Downloaded from central: https://repo.maven.apache.org/maven2/com/thoughtworks/qdox/qdox/2.0.1/qdox-2.0.1.jar (334 kB at 11 MB/s)
[INFO] Downloaded from central: https://repo.maven.apache.org/maven2/org/codehaus/plexus/plexus-java/1.1.1/plexus-java-1.1.1.jar (54 kB at 1.3 MB/s)
[INFO] Downloaded from central: https://repo.maven.apache.org/maven2/org/codehaus/plexus/plexus-compiler-manager/2.11.1/plexus-compiler-manager-2.11.1.jar (4.7 kB at 86 kB/s)
[INFO] Downloaded from central: https://repo.maven.apache.org/maven2/org/codehaus/plexus/plexus-utils/3.4.1/plexus-utils-3.4.1.jar (264 kB at 4.9 MB/s)
[INFO] Downloaded from central: https://repo.maven.apache.org/maven2/org/codehaus/plexus/plexus-compiler-javac/2.11.1/plexus-compiler-javac-2.11.1.jar (23 kB at 301 kB/s)
[INFO] Changes detected - recompiling the module!
[INFO] Compiling 130 source files to /project/target/classes
[INFO] -------------------------------------------------------------
[ERROR] COMPILATION ERROR : 
[INFO] -------------------------------------------------------------
[ERROR] /project/src/main/java/org/araymond/joal/core/client/emulated/BitTorrentClientConfig.java:[3,40] package com.fasterxml.jackson.annotation does not exist
[ERROR] /project/src/main/java/org/araymond/joal/core/client/emulated/BitTorrentClientConfig.java:[4,40] package com.fasterxml.jackson.annotation does not exist
[ERROR] /project/src/main/java/org/araymond/joal/core/client/emulated/generator/peerid/PeerIdGenerator.java:[3,40] package com.fasterxml.jackson.annotation does not exist
[ERROR] /project/src/main/java/org/araymond/joal/core/client/emulated/generator/peerid/PeerIdGenerator.java:[4,40] package com.fasterxml.jackson.annotation does not exist
[ERROR] /project/src/main/java/org/araymond/joal/core/client/emulated/generator/peerid/PeerIdGenerator.java:[5,40] package com.fasterxml.jackson.annotation does not exist
[ERROR] /project/src/main/java/org/araymond/joal/core/client/emulated/generator/peerid/PeerIdGenerator.java:[6,40] package com.fasterxml.jackson.annotation does not exist
[ERROR] /project/src/main/java/org/araymond/joal/core/client/emulated/generator/peerid/PeerIdGenerator.java:[17,2] cannot find symbol
  symbol: class JsonTypeInfo
[ERROR] /project/src/main/java/org/araymond/joal/core/client/emulated/generator/peerid/PeerIdGenerator.java:[18,2] cannot find symbol
  symbol: class JsonSubTypes
[ERROR] /project/src/main/java/org/araymond/joal/core/client/emulated/generator/key/KeyGenerator.java:[3,40] package com.fasterxml.jackson.annotation does not exist
[ERROR] /project/src/main/java/org/araymond/joal/core/client/emulated/generator/key/KeyGenerator.java:[4,40] package com.fasterxml.jackson.annotation does not exist
[ERROR] /project/src/main/java/org/araymond/joal/core/client/emulated/generator/key/KeyGenerator.java:[5,40] package com.fasterxml.jackson.annotation does not exist
[ERROR] /project/src/main/java/org/araymond/joal/core/client/emulated/generator/key/KeyGenerator.java:[6,40] package com.fasterxml.jackson.annotation does not exist
[ERROR] /project/src/main/java/org/araymond/joal/core/client/emulated/generator/key/KeyGenerator.java:[18,2] cannot find symbol
  symbol: class JsonTypeInfo
[ERROR] /project/src/main/java/org/araymond/joal/core/client/emulated/generator/key/KeyGenerator.java:[19,2] cannot find symbol
  symbol: class JsonSubTypes
[ERROR] /project/src/main/java/org/araymond/joal/core/client/emulated/generator/UrlEncoder.java:[3,40] package com.fasterxml.jackson.annotation does not exist
[ERROR] /project/src/main/java/org/araymond/joal/core/client/emulated/generator/UrlEncoder.java:[4,40] package com.fasterxml.jackson.annotation does not exist
[ERROR] /project/src/main/java/org/araymond/joal/core/client/emulated/generator/UrlEncoder.java:[5,40] package com.fasterxml.jackson.annotation does not exist
[ERROR] /project/src/main/java/org/araymond/joal/core/client/emulated/utils/Casing.java:[3,40] package com.fasterxml.jackson.annotation does not exist
[ERROR] /project/src/main/java/org/araymond/joal/core/client/emulated/generator/key/algorithm/KeyAlgorithm.java:[3,40] package com.fasterxml.jackson.annotation does not exist
[ERROR] /project/src/main/java/org/araymond/joal/core/client/emulated/generator/key/algorithm/KeyAlgorithm.java:[4,40] package com.fasterxml.jackson.annotation does not exist
[ERROR] /project/src/main/java/org/araymond/joal/core/client/emulated/generator/key/algorithm/KeyAlgorithm.java:[6,2] cannot find symbol
  symbol: class JsonTypeInfo
[ERROR] /project/src/main/java/org/araymond/joal/core/client/emulated/generator/key/algorithm/KeyAlgorithm.java:[7,2] cannot find symbol
  symbol: class JsonSubTypes
[ERROR] /project/src/main/java/org/araymond/joal/core/client/emulated/generator/peerid/generation/PeerIdAlgorithm.java:[3,40] package com.fasterxml.jackson.annotation does not exist
[ERROR] /project/src/main/java/org/araymond/joal/core/client/emulated/generator/peerid/generation/PeerIdAlgorithm.java:[4,40] package com.fasterxml.jackson.annotation does not exist
[ERROR] /project/src/main/java/org/araymond/joal/core/client/emulated/generator/peerid/generation/PeerIdAlgorithm.java:[6,2] cannot find symbol
  symbol: class JsonTypeInfo
[ERROR] /project/src/main/java/org/araymond/joal/core/client/emulated/generator/peerid/generation/PeerIdAlgorithm.java:[7,2] cannot find symbol
  symbol: class JsonSubTypes
[ERROR] /project/src/main/java/org/araymond/joal/core/client/emulated/generator/key/NeverRefreshKeyGenerator.java:[3,40] package com.fasterxml.jackson.annotation does not exist
[ERROR] /project/src/main/java/org/araymond/joal/core/client/emulated/generator/key/NeverRefreshKeyGenerator.java:[4,40] package com.fasterxml.jackson.annotation does not exist
[ERROR] /project/src/main/java/org/araymond/joal/core/client/emulated/generator/peerid/generation/RegexPatternPeerIdAlgorithm.java:[3,40] package com.fasterxml.jackson.annotation does not exist
[ERROR] /project/src/main/java/org/araymond/joal/core/client/emulated/BitTorrentClientProvider.java:[3,38] package com.fasterxml.jackson.databind does not exist
[ERROR] /project/src/main/java/org/araymond/joal/core/config/JoalConfigProvider.java:[3,38] package com.fasterxml.jackson.databind does not exist
[ERROR] /project/src/main/java/org/araymond/joal/core/config/AppConfiguration.java:[3,40] package com.fasterxml.jackson.annotation does not exist
[ERROR] /project/src/main/java/org/araymond/joal/core/config/AppConfiguration.java:[4,40] package com.fasterxml.jackson.annotation does not exist
[ERROR] /project/src/main/java/org/araymond/joal/core/config/AppConfiguration.java:[5,40] package com.fasterxml.jackson.annotation does not exist
[ERROR] /project/src/main/java/org/araymond/joal/core/config/AppConfiguration.java:[13,2] cannot find symbol
  symbol: class JsonIgnoreProperties
[ERROR] /project/src/main/java/org/araymond/joal/core/client/emulated/BitTorrentClientProvider.java:[36,19] cannot find symbol
  symbol:   class ObjectMapper
  location: class org.araymond.joal.core.client.emulated.BitTorrentClientProvider
[ERROR] /project/src/main/java/org/araymond/joal/core/client/emulated/BitTorrentClientProvider.java:[39,84] cannot find symbol
  symbol:   class ObjectMapper
  location: class org.araymond.joal.core.client.emulated.BitTorrentClientProvider
[ERROR] /project/src/main/java/org/araymond/joal/core/SeedManager.java:[3,38] package com.fasterxml.jackson.databind does not exist
[ERROR] /project/src/main/java/org/araymond/joal/core/SeedManager.java:[7,23] package org.apache.http does not exist
[ERROR] /project/src/main/java/org/araymond/joal/core/SeedManager.java:[8,37] package org.apache.http.client.config does not exist
[ERROR] /project/src/main/java/org/araymond/joal/core/SeedManager.java:[9,30] package org.apache.http.config does not exist
[ERROR] /project/src/main/java/org/araymond/joal/core/SeedManager.java:[10,35] package org.apache.http.impl.client does not exist
[ERROR] /project/src/main/java/org/araymond/joal/core/SeedManager.java:[11,35] package org.apache.http.impl.client does not exist
[ERROR] /project/src/main/java/org/araymond/joal/core/SeedManager.java:[12,33] package org.apache.http.impl.conn does not exist
[ERROR] /project/src/main/java/org/araymond/joal/core/SeedManager.java:[50,39] package org.springframework.http does not exist
[ERROR] /project/src/main/java/org/araymond/joal/core/SeedManager.java:[50,1] static import only from classes and interfaces
[ERROR] /project/src/main/java/org/araymond/joal/core/SeedManager.java:[59,19] cannot find symbol
  symbol:   class CloseableHttpClient
  location: class org.araymond.joal.core.SeedManager
[ERROR] /project/src/main/java/org/araymond/joal/core/SeedManager.java:[70,61] cannot find symbol
  symbol:   class ObjectMapper
  location: class org.araymond.joal.core.SeedManager
[ERROR] /project/src/main/java/org/araymond/joal/core/config/JoalConfigProvider.java:[29,19] cannot find symbol
  symbol:   class ObjectMapper
  location: class org.araymond.joal.core.config.JoalConfigProvider
[ERROR] /project/src/main/java/org/araymond/joal/core/config/JoalConfigProvider.java:[33,37] cannot find symbol
  symbol:   class ObjectMapper
  location: class org.araymond.joal.core.config.JoalConfigProvider
[ERROR] /project/src/main/java/org/araymond/joal/core/ttorrent/client/announcer/Announcer.java:[9,30] package org.apache.http.client does not exist
[ERROR] /project/src/main/java/org/araymond/joal/core/ttorrent/client/announcer/tracker/TrackerClient.java:[9,23] package org.apache.http does not exist
[ERROR] /project/src/main/java/org/araymond/joal/core/ttorrent/client/announcer/tracker/TrackerClient.java:[10,23] package org.apache.http does not exist
[ERROR] /project/src/main/java/org/araymond/joal/core/ttorrent/client/announcer/tracker/TrackerClient.java:[11,30] package org.apache.http.client does not exist
[ERROR] /project/src/main/java/org/araymond/joal/core/ttorrent/client/announcer/tracker/TrackerClient.java:[12,30] package org.apache.http.client does not exist
[ERROR] /project/src/main/java/org/araymond/joal/core/ttorrent/client/announcer/tracker/TrackerClient.java:[13,30] package org.apache.http.client does not exist
[ERROR] /project/src/main/java/org/araymond/joal/core/ttorrent/client/announcer/tracker/TrackerClient.java:[14,38] package org.apache.http.client.methods does not exist
[ERROR] /project/src/main/java/org/araymond/joal/core/ttorrent/client/announcer/tracker/TrackerClient.java:[15,38] package org.apache.http.client.methods does not exist
[ERROR] /project/src/main/java/org/araymond/joal/core/ttorrent/client/announcer/tracker/TrackerClient.java:[17,32] package org.springframework.http does not exist
[ERROR] /project/src/main/java/org/araymond/joal/core/ttorrent/client/announcer/Announcer.java:[41,99] cannot find symbol
  symbol:   class HttpClient
  location: class org.araymond.joal.core.ttorrent.client.announcer.Announcer
[ERROR] /project/src/main/java/org/araymond/joal/core/ttorrent/client/announcer/Announcer.java:[48,75] cannot find symbol
  symbol:   class HttpClient
  location: class org.araymond.joal.core.ttorrent.client.announcer.Announcer
[ERROR] /project/src/main/java/org/araymond/joal/core/ttorrent/client/announcer/tracker/TrackerClient.java:[27,19] cannot find symbol
  symbol:   class ResponseHandler
  location: class org.araymond.joal.core.ttorrent.client.announcer.tracker.TrackerClient
[ERROR] /project/src/main/java/org/araymond/joal/core/ttorrent/client/announcer/tracker/TrackerClient.java:[28,19] cannot find symbol
  symbol:   class HttpClient
  location: class org.araymond.joal.core.ttorrent.client.announcer.tracker.TrackerClient
[ERROR] /project/src/main/java/org/araymond/joal/core/ttorrent/client/announcer/tracker/TrackerClient.java:[92,40] cannot find symbol
  symbol:   class HttpResponse
  location: class org.araymond.joal.core.ttorrent.client.announcer.tracker.TrackerClient
[ERROR] /project/src/main/java/org/araymond/joal/core/ttorrent/client/announcer/tracker/TrackerClient.java:[92,69] cannot find symbol
  symbol:   class ResponseHandler
  location: class org.araymond.joal.core.ttorrent.client.announcer.tracker.TrackerClient
[ERROR] /project/src/main/java/org/araymond/joal/core/ttorrent/client/announcer/tracker/TrackerClient.java:[92,104] cannot find symbol
  symbol:   class ClientProtocolException
  location: class org.araymond.joal.core.ttorrent.client.announcer.tracker.TrackerClient
[ERROR] /project/src/main/java/org/araymond/joal/core/ttorrent/client/announcer/tracker/TrackerClient.java:[24,1] cannot find symbol
  symbol:   class ResponseHandler
  location: class org.araymond.joal.core.ttorrent.client.announcer.tracker.TrackerClient
[ERROR] /project/src/main/java/org/araymond/joal/web/annotations/ConditionalOnWebUi.java:[3,56] package org.springframework.boot.autoconfigure.condition does not exist
[ERROR] /project/src/main/java/org/araymond/joal/web/annotations/ConditionalOnWebUi.java:[15,2] cannot find symbol
  symbol: class ConditionalOnProperty
[ERROR] /project/src/main/java/org/araymond/joal/web/config/security/WebSocketAuthorizationSecurityConfig.java:[5,68] package org.springframework.security.config.annotation.web.messaging does not exist
[ERROR] /project/src/main/java/org/araymond/joal/web/config/security/WebSocketAuthorizationSecurityConfig.java:[6,65] package org.springframework.security.config.annotation.web.socket does not exist
[ERROR] /project/src/main/java/org/araymond/joal/web/config/security/WebSocketAuthorizationSecurityConfig.java:[13,59] cannot find symbol
  symbol: class AbstractSecurityWebSocketMessageBrokerConfigurer
[ERROR] /project/src/main/java/org/araymond/joal/web/config/security/WebSocketAuthorizationSecurityConfig.java:[16,43] cannot find symbol
  symbol:   class MessageSecurityMetadataSourceRegistry
  location: class org.araymond.joal.web.config.security.WebSocketAuthorizationSecurityConfig
[ERROR] /project/src/main/java/org/araymond/joal/web/config/security/WebSecurityConfig.java:[7,67] package org.springframework.security.config.annotation.web.builders does not exist
[ERROR] /project/src/main/java/org/araymond/joal/web/config/security/WebSecurityConfig.java:[8,72] package org.springframework.security.config.annotation.web.configuration does not exist
[ERROR] /project/src/main/java/org/araymond/joal/web/config/security/WebSecurityConfig.java:[9,72] package org.springframework.security.config.annotation.web.configuration does not exist
[ERROR] /project/src/main/java/org/araymond/joal/web/config/security/WebSecurityConfig.java:[10,48] package org.springframework.security.config.http does not exist
[ERROR] /project/src/main/java/org/araymond/joal/web/config/security/WebSecurityConfig.java:[12,40] package org.springframework.security.web does not exist
[ERROR] /project/src/main/java/org/araymond/joal/web/config/security/WebSecurityConfig.java:[13,40] package org.springframework.security.web does not exist
[ERROR] /project/src/main/java/org/araymond/joal/web/config/security/WebSecurityConfig.java:[19,2] cannot find symbol
  symbol: class EnableWebSecurity
[ERROR] /project/src/main/java/org/araymond/joal/web/config/security/WebSecurityConfig.java:[34,45] cannot find symbol
  symbol:   class HttpSecurity
  location: class org.araymond.joal.web.config.security.WebSecurityConfig
[ERROR] /project/src/main/java/org/araymond/joal/web/config/security/WebSecurityConfig.java:[34,5] cannot find symbol
  symbol:   class SecurityFilterChain
  location: class org.araymond.joal.web.config.security.WebSecurityConfig
[ERROR] /project/src/main/java/org/araymond/joal/core/client/emulated/generator/peerid/TorrentPersistentRefreshPeerIdGenerator.java:[3,40] package com.fasterxml.jackson.annotation does not exist
[ERROR] /project/src/main/java/org/araymond/joal/core/client/emulated/generator/peerid/TorrentPersistentRefreshPeerIdGenerator.java:[4,40] package com.fasterxml.jackson.annotation does not exist
[ERROR] /project/src/main/java/org/araymond/joal/ApplicationReadyListener.java:[5,46] package org.springframework.boot.context.event does not exist
[ERROR] /project/src/main/java/org/araymond/joal/ApplicationReadyListener.java:[19,70] cannot find symbol
  symbol: class ApplicationReadyEvent
[ERROR] /project/src/main/java/org/araymond/joal/ApplicationReadyListener.java:[30,42] cannot find symbol
  symbol:   class ApplicationReadyEvent
  location: class org.araymond.joal.ApplicationReadyListener
[ERROR] /project/src/main/java/org/araymond/joal/core/client/emulated/generator/key/TimedOrAfterStartedAnnounceRefreshKeyGenerator.java:[3,40] package com.fasterxml.jackson.annotation does not exist
[ERROR] /project/src/main/java/org/araymond/joal/core/client/emulated/generator/key/TimedOrAfterStartedAnnounceRefreshKeyGenerator.java:[4,40] package com.fasterxml.jackson.annotation does not exist
[ERROR] /project/src/main/java/org/araymond/joal/core/client/emulated/generator/key/TimedRefreshKeyGenerator.java:[3,40] package com.fasterxml.jackson.annotation does not exist
[ERROR] /project/src/main/java/org/araymond/joal/core/client/emulated/generator/key/TimedRefreshKeyGenerator.java:[4,40] package com.fasterxml.jackson.annotation does not exist
[ERROR] /project/src/main/java/org/araymond/joal/core/client/emulated/generator/key/TimedRefreshKeyGenerator.java:[5,40] package com.fasterxml.jackson.annotation does not exist
[ERROR] /project/src/main/java/org/araymond/joal/core/client/emulated/generator/key/TorrentVolatileRefreshKeyGenerator.java:[3,40] package com.fasterxml.jackson.annotation does not exist
[ERROR] /project/src/main/java/org/araymond/joal/core/client/emulated/generator/key/TorrentVolatileRefreshKeyGenerator.java:[4,40] package com.fasterxml.jackson.annotation does not exist
[ERROR] /project/src/main/java/org/araymond/joal/web/messages/incoming/config/ConfigIncomingMessage.java:[3,40] package com.fasterxml.jackson.annotation does not exist
[ERROR] /project/src/main/java/org/araymond/joal/web/messages/incoming/config/ConfigIncomingMessage.java:[4,40] package com.fasterxml.jackson.annotation does not exist
[ERROR] /project/src/main/java/org/araymond/joal/core/client/emulated/generator/key/algorithm/DigitRangeTransformedToHexWithoutLeadingZeroAlgorithm.java:[3,40] package com.fasterxml.jackson.annotation does not exist
[ERROR] /project/src/main/java/org/araymond/joal/core/client/emulated/generator/key/algorithm/RegexPatternKeyAlgorithm.java:[3,40] package com.fasterxml.jackson.annotation does not exist
[ERROR] /project/src/main/java/org/araymond/joal/web/messages/incoming/config/Base64TorrentIncomingMessage.java:[3,40] package com.fasterxml.jackson.annotation does not exist
[ERROR] /project/src/main/java/org/araymond/joal/web/messages/incoming/config/Base64TorrentIncomingMessage.java:[4,40] package com.fasterxml.jackson.annotation does not exist
[INFO] 100 errors 
[INFO] -------------------------------------------------------------
[INFO] ------------------------------------------------------------------------
[INFO] BUILD FAILURE
[INFO] ------------------------------------------------------------------------
[INFO] Total time:  19.336 s
[INFO] Finished at: 2026-06-16T21:21:13Z
[INFO] ------------------------------------------------------------------------
[ERROR] Failed to execute goal org.apache.maven.plugins:maven-compiler-plugin:3.10.1:compile (default-compile) on project jack-of-all-trades: Compilation failure: Compilation failure: 
[ERROR] /project/src/main/java/org/araymond/joal/core/client/emulated/BitTorrentClientConfig.java:[3,40] package com.fasterxml.jackson.annotation does not exist
[ERROR] /project/src/main/java/org/araymond/joal/core/client/emulated/BitTorrentClientConfig.java:[4,40] package com.fasterxml.jackson.annotation does not exist
[ERROR] /project/src/main/java/org/araymond/joal/core/client/emulated/generator/peerid/PeerIdGenerator.java:[3,40] package com.fasterxml.jackson.annotation does not exist
[ERROR] /project/src/main/java/org/araymond/joal/core/client/emulated/generator/peerid/PeerIdGenerator.java:[4,40] package com.fasterxml.jackson.annotation does not exist
[ERROR] /project/src/main/java/org/araymond/joal/core/client/emulated/generator/peerid/PeerIdGenerator.java:[5,40] package com.fasterxml.jackson.annotation does not exist
[ERROR] /project/src/main/java/org/araymond/joal/core/client/emulated/generator/peerid/PeerIdGenerator.java:[6,40] package com.fasterxml.jackson.annotation does not exist
[ERROR] /project/src/main/java/org/araymond/joal/core/client/emulated/generator/peerid/PeerIdGenerator.java:[17,2] cannot find symbol
[ERROR]   symbol: class JsonTypeInfo
[ERROR] /project/src/main/java/org/araymond/joal/core/client/emulated/generator/peerid/PeerIdGenerator.java:[18,2] cannot find symbol
[ERROR]   symbol: class JsonSubTypes
[ERROR] /project/src/main/java/org/araymond/joal/core/client/emulated/generator/key/KeyGenerator.java:[3,40] package com.fasterxml.jackson.annotation does not exist
[ERROR] /project/src/main/java/org/araymond/joal/core/client/emulated/generator/key/KeyGenerator.java:[4,40] package com.fasterxml.jackson.annotation does not exist
[ERROR] /project/src/main/java/org/araymond/joal/core/client/emulated/generator/key/KeyGenerator.java:[5,40] package com.fasterxml.jackson.annotation does not exist
[ERROR] /project/src/main/java/org/araymond/joal/core/client/emulated/generator/key/KeyGenerator.java:[6,40] package com.fasterxml.jackson.annotation does not exist
[ERROR] /project/src/main/java/org/araymond/joal/core/client/emulated/generator/key/KeyGenerator.java:[18,2] cannot find symbol
[ERROR]   symbol: class JsonTypeInfo
[ERROR] /project/src/main/java/org/araymond/joal/core/client/emulated/generator/key/KeyGenerator.java:[19,2] cannot find symbol
[ERROR]   symbol: class JsonSubTypes
[ERROR] /project/src/main/java/org/araymond/joal/core/client/emulated/generator/UrlEncoder.java:[3,40] package com.fasterxml.jackson.annotation does not exist
[ERROR] /project/src/main/java/org/araymond/joal/core/client/emulated/generator/UrlEncoder.java:[4,40] package com.fasterxml.jackson.annotation does not exist
[ERROR] /project/src/main/java/org/araymond/joal/core/client/emulated/generator/UrlEncoder.java:[5,40] package com.fasterxml.jackson.annotation does not exist
[ERROR] /project/src/main/java/org/araymond/joal/core/client/emulated/utils/Casing.java:[3,40] package com.fasterxml.jackson.annotation does not exist
[ERROR] /project/src/main/java/org/araymond/joal/core/client/emulated/generator/key/algorithm/KeyAlgorithm.java:[3,40] package com.fasterxml.jackson.annotation does not exist
[ERROR] /project/src/main/java/org/araymond/joal/core/client/emulated/generator/key/algorithm/KeyAlgorithm.java:[4,40] package com.fasterxml.jackson.annotation does not exist
[ERROR] /project/src/main/java/org/araymond/joal/core/client/emulated/generator/key/algorithm/KeyAlgorithm.java:[6,2] cannot find symbol
[ERROR]   symbol: class JsonTypeInfo
[ERROR] /project/src/main/java/org/araymond/joal/core/client/emulated/generator/key/algorithm/KeyAlgorithm.java:[7,2] cannot find symbol
[ERROR]   symbol: class JsonSubTypes
[ERROR] /project/src/main/java/org/araymond/joal/core/client/emulated/generator/peerid/generation/PeerIdAlgorithm.java:[3,40] package com.fasterxml.jackson.annotation does not exist
[ERROR] /project/src/main/java/org/araymond/joal/core/client/emulated/generator/peerid/generation/PeerIdAlgorithm.java:[4,40] package com.fasterxml.jackson.annotation does not exist
[ERROR] /project/src/main/java/org/araymond/joal/core/client/emulated/generator/peerid/generation/PeerIdAlgorithm.java:[6,2] cannot find symbol
[ERROR]   symbol: class JsonTypeInfo
[ERROR] /project/src/main/java/org/araymond/joal/core/client/emulated/generator/peerid/generation/PeerIdAlgorithm.java:[7,2] cannot find symbol
[ERROR]   symbol: class JsonSubTypes
[ERROR] /project/src/main/java/org/araymond/joal/core/client/emulated/generator/key/NeverRefreshKeyGenerator.java:[3,40] package com.fasterxml.jackson.annotation does not exist
[ERROR] /project/src/main/java/org/araymond/joal/core/client/emulated/generator/key/NeverRefreshKeyGenerator.java:[4,40] package com.fasterxml.jackson.annotation does not exist
[ERROR] /project/src/main/java/org/araymond/joal/core/client/emulated/generator/peerid/generation/RegexPatternPeerIdAlgorithm.java:[3,40] package com.fasterxml.jackson.annotation does not exist
[ERROR] /project/src/main/java/org/araymond/joal/core/client/emulated/BitTorrentClientProvider.java:[3,38] package com.fasterxml.jackson.databind does not exist
[ERROR] /project/src/main/java/org/araymond/joal/core/config/JoalConfigProvider.java:[3,38] package com.fasterxml.jackson.databind does not exist
[ERROR] /project/src/main/java/org/araymond/joal/core/config/AppConfiguration.java:[3,40] package com.fasterxml.jackson.annotation does not exist
[ERROR] /project/src/main/java/org/araymond/joal/core/config/AppConfiguration.java:[4,40] package com.fasterxml.jackson.annotation does not exist
[ERROR] /project/src/main/java/org/araymond/joal/core/config/AppConfiguration.java:[5,40] package com.fasterxml.jackson.annotation does not exist
[ERROR] /project/src/main/java/org/araymond/joal/core/config/AppConfiguration.java:[13,2] cannot find symbol
[ERROR]   symbol: class JsonIgnoreProperties
[ERROR] /project/src/main/java/org/araymond/joal/core/client/emulated/BitTorrentClientProvider.java:[36,19] cannot find symbol
[ERROR]   symbol:   class ObjectMapper
[ERROR]   location: class org.araymond.joal.core.client.emulated.BitTorrentClientProvider
[ERROR] /project/src/main/java/org/araymond/joal/core/client/emulated/BitTorrentClientProvider.java:[39,84] cannot find symbol
[ERROR]   symbol:   class ObjectMapper
[ERROR]   location: class org.araymond.joal.core.client.emulated.BitTorrentClientProvider
[ERROR] /project/src/main/java/org/araymond/joal/core/SeedManager.java:[3,38] package com.fasterxml.jackson.databind does not exist
[ERROR] /project/src/main/java/org/araymond/joal/core/SeedManager.java:[7,23] package org.apache.http does not exist
[ERROR] /project/src/main/java/org/araymond/joal/core/SeedManager.java:[8,37] package org.apache.http.client.config does not exist
[ERROR] /project/src/main/java/org/araymond/joal/core/SeedManager.java:[9,30] package org.apache.http.config does not exist
[ERROR] /project/src/main/java/org/araymond/joal/core/SeedManager.java:[10,35] package org.apache.http.impl.client does not exist
[ERROR] /project/src/main/java/org/araymond/joal/core/SeedManager.java:[11,35] package org.apache.http.impl.client does not exist
[ERROR] /project/src/main/java/org/araymond/joal/core/SeedManager.java:[12,33] package org.apache.http.impl.conn does not exist
[ERROR] /project/src/main/java/org/araymond/joal/core/SeedManager.java:[50,39] package org.springframework.http does not exist
[ERROR] /project/src/main/java/org/araymond/joal/core/SeedManager.java:[50,1] static import only from classes and interfaces
[ERROR] /project/src/main/java/org/araymond/joal/core/SeedManager.java:[59,19] cannot find symbol
[ERROR]   symbol:   class CloseableHttpClient
[ERROR]   location: class org.araymond.joal.core.SeedManager
[ERROR] /project/src/main/java/org/araymond/joal/core/SeedManager.java:[70,61] cannot find symbol
[ERROR]   symbol:   class ObjectMapper
[ERROR]   location: class org.araymond.joal.core.SeedManager
[ERROR] /project/src/main/java/org/araymond/joal/core/config/JoalConfigProvider.java:[29,19] cannot find symbol
[ERROR]   symbol:   class ObjectMapper
[ERROR]   location: class org.araymond.joal.core.config.JoalConfigProvider
[ERROR] /project/src/main/java/org/araymond/joal/core/config/JoalConfigProvider.java:[33,37] cannot find symbol
[ERROR]   symbol:   class ObjectMapper
[ERROR]   location: class org.araymond.joal.core.config.JoalConfigProvider
[ERROR] /project/src/main/java/org/araymond/joal/core/ttorrent/client/announcer/Announcer.java:[9,30] package org.apache.http.client does not exist
[ERROR] /project/src/main/java/org/araymond/joal/core/ttorrent/client/announcer/tracker/TrackerClient.java:[9,23] package org.apache.http does not exist
[ERROR] /project/src/main/java/org/araymond/joal/core/ttorrent/client/announcer/tracker/TrackerClient.java:[10,23] package org.apache.http does not exist
[ERROR] /project/src/main/java/org/araymond/joal/core/ttorrent/client/announcer/tracker/TrackerClient.java:[11,30] package org.apache.http.client does not exist
[ERROR] /project/src/main/java/org/araymond/joal/core/ttorrent/client/announcer/tracker/TrackerClient.java:[12,30] package org.apache.http.client does not exist
[ERROR] /project/src/main/java/org/araymond/joal/core/ttorrent/client/announcer/tracker/TrackerClient.java:[13,30] package org.apache.http.client does not exist
[ERROR] /project/src/main/java/org/araymond/joal/core/ttorrent/client/announcer/tracker/TrackerClient.java:[14,38] package org.apache.http.client.methods does not exist
[ERROR] /project/src/main/java/org/araymond/joal/core/ttorrent/client/announcer/tracker/TrackerClient.java:[15,38] package org.apache.http.client.methods does not exist
[ERROR] /project/src/main/java/org/araymond/joal/core/ttorrent/client/announcer/tracker/TrackerClient.java:[17,32] package org.springframework.http does not exist
[ERROR] /project/src/main/java/org/araymond/joal/core/ttorrent/client/announcer/Announcer.java:[41,99] cannot find symbol
[ERROR]   symbol:   class HttpClient
[ERROR]   location: class org.araymond.joal.core.ttorrent.client.announcer.Announcer
[ERROR] /project/src/main/java/org/araymond/joal/core/ttorrent/client/announcer/Announcer.java:[48,75] cannot find symbol
[ERROR]   symbol:   class HttpClient
[ERROR]   location: class org.araymond.joal.core.ttorrent.client.announcer.Announcer
[ERROR] /project/src/main/java/org/araymond/joal/core/ttorrent/client/announcer/tracker/TrackerClient.java:[27,19] cannot find symbol
[ERROR]   symbol:   class ResponseHandler
[ERROR]   location: class org.araymond.joal.core.ttorrent.client.announcer.tracker.TrackerClient
[ERROR] /project/src/main/java/org/araymond/joal/core/ttorrent/client/announcer/tracker/TrackerClient.java:[28,19] cannot find symbol
[ERROR]   symbol:   class HttpClient
[ERROR]   location: class org.araymond.joal.core.ttorrent.client.announcer.tracker.TrackerClient
[ERROR] /project/src/main/java/org/araymond/joal/core/ttorrent/client/announcer/tracker/TrackerClient.java:[92,40] cannot find symbol
[ERROR]   symbol:   class HttpResponse
[ERROR]   location: class org.araymond.joal.core.ttorrent.client.announcer.tracker.TrackerClient
[ERROR] /project/src/main/java/org/araymond/joal/core/ttorrent/client/announcer/tracker/TrackerClient.java:[92,69] cannot find symbol
[ERROR]   symbol:   class ResponseHandler
[ERROR]   location: class org.araymond.joal.core.ttorrent.client.announcer.tracker.TrackerClient
[ERROR] /project/src/main/java/org/araymond/joal/core/ttorrent/client/announcer/tracker/TrackerClient.java:[92,104] cannot find symbol
[ERROR]   symbol:   class ClientProtocolException
[ERROR]   location: class org.araymond.joal.core.ttorrent.client.announcer.tracker.TrackerClient
[ERROR] /project/src/main/java/org/araymond/joal/core/ttorrent/client/announcer/tracker/TrackerClient.java:[24,1] cannot find symbol
[ERROR]   symbol:   class ResponseHandler
[ERROR]   location: class org.araymond.joal.core.ttorrent.client.announcer.tracker.TrackerClient
[ERROR] /project/src/main/java/org/araymond/joal/web/annotations/ConditionalOnWebUi.java:[3,56] package org.springframework.boot.autoconfigure.condition does not exist
[ERROR] /project/src/main/java/org/araymond/joal/web/annotations/ConditionalOnWebUi.java:[15,2] cannot find symbol
[ERROR]   symbol: class ConditionalOnProperty
[ERROR] /project/src/main/java/org/araymond/joal/web/config/security/WebSocketAuthorizationSecurityConfig.java:[5,68] package org.springframework.security.config.annotation.web.messaging does not exist
[ERROR] /project/src/main/java/org/araymond/joal/web/config/security/WebSocketAuthorizationSecurityConfig.java:[6,65] package org.springframework.security.config.annotation.web.socket does not exist
[ERROR] /project/src/main/java/org/araymond/joal/web/config/security/WebSocketAuthorizationSecurityConfig.java:[13,59] cannot find symbol
[ERROR]   symbol: class AbstractSecurityWebSocketMessageBrokerConfigurer
[ERROR] /project/src/main/java/org/araymond/joal/web/config/security/WebSocketAuthorizationSecurityConfig.java:[16,43] cannot find symbol
[ERROR]   symbol:   class MessageSecurityMetadataSourceRegistry
[ERROR]   location: class org.araymond.joal.web.config.security.WebSocketAuthorizationSecurityConfig
[ERROR] /project/src/main/java/org/araymond/joal/web/config/security/WebSecurityConfig.java:[7,67] package org.springframework.security.config.annotation.web.builders does not exist
[ERROR] /project/src/main/java/org/araymond/joal/web/config/security/WebSecurityConfig.java:[8,72] package org.springframework.security.config.annotation.web.configuration does not exist
[ERROR] /project/src/main/java/org/araymond/joal/web/config/security/WebSecurityConfig.java:[9,72] package org.springframework.security.config.annotation.web.configuration does not exist
[ERROR] /project/src/main/java/org/araymond/joal/web/config/security/WebSecurityConfig.java:[10,48] package org.springframework.security.config.http does not exist
[ERROR] /project/src/main/java/org/araymond/joal/web/config/security/WebSecurityConfig.java:[12,40] package org.springframework.security.web does not exist
[ERROR] /project/src/main/java/org/araymond/joal/web/config/security/WebSecurityConfig.java:[13,40] package org.springframework.security.web does not exist
[ERROR] /project/src/main/java/org/araymond/joal/web/config/security/WebSecurityConfig.java:[19,2] cannot find symbol
[ERROR]   symbol: class EnableWebSecurity
[ERROR] /project/src/main/java/org/araymond/joal/web/config/security/WebSecurityConfig.java:[34,45] cannot find symbol
[ERROR]   symbol:   class HttpSecurity
[ERROR]   location: class org.araymond.joal.web.config.security.WebSecurityConfig
[ERROR] /project/src/main/java/org/araymond/joal/web/config/security/WebSecurityConfig.java:[34,5] cannot find symbol
[ERROR]   symbol:   class SecurityFilterChain
[ERROR]   location: class org.araymond.joal.web.config.security.WebSecurityConfig
[ERROR] /project/src/main/java/org/araymond/joal/core/client/emulated/generator/peerid/TorrentPersistentRefreshPeerIdGenerator.java:[3,40] package com.fasterxml.jackson.annotation does not exist
[ERROR] /project/src/main/java/org/araymond/joal/core/client/emulated/generator/peerid/TorrentPersistentRefreshPeerIdGenerator.java:[4,40] package com.fasterxml.jackson.annotation does not exist
[ERROR] /project/src/main/java/org/araymond/joal/ApplicationReadyListener.java:[5,46] package org.springframework.boot.context.event does not exist
[ERROR] /project/src/main/java/org/araymond/joal/ApplicationReadyListener.java:[19,70] cannot find symbol
[ERROR]   symbol: class ApplicationReadyEvent
[ERROR] /project/src/main/java/org/araymond/joal/ApplicationReadyListener.java:[30,42] cannot find symbol
[ERROR]   symbol:   class ApplicationReadyEvent
[ERROR]   location: class org.araymond.joal.ApplicationReadyListener
[ERROR] /project/src/main/java/org/araymond/joal/core/client/emulated/generator/key/TimedOrAfterStartedAnnounceRefreshKeyGenerator.java:[3,40] package com.fasterxml.jackson.annotation does not exist
[ERROR] /project/src/main/java/org/araymond/joal/core/client/emulated/generator/key/TimedOrAfterStartedAnnounceRefreshKeyGenerator.java:[4,40] package com.fasterxml.jackson.annotation does not exist
[ERROR] /project/src/main/java/org/araymond/joal/core/client/emulated/generator/key/TimedRefreshKeyGenerator.java:[3,40] package com.fasterxml.jackson.annotation does not exist
[ERROR] /project/src/main/java/org/araymond/joal/core/client/emulated/generator/key/TimedRefreshKeyGenerator.java:[4,40] package com.fasterxml.jackson.annotation does not exist
[ERROR] /project/src/main/java/org/araymond/joal/core/client/emulated/generator/key/TimedRefreshKeyGenerator.java:[5,40] package com.fasterxml.jackson.annotation does not exist
[ERROR] /project/src/main/java/org/araymond/joal/core/client/emulated/generator/key/TorrentVolatileRefreshKeyGenerator.java:[3,40] package com.fasterxml.jackson.annotation does not exist
[ERROR] /project/src/main/java/org/araymond/joal/core/client/emulated/generator/key/TorrentVolatileRefreshKeyGenerator.java:[4,40] package com.fasterxml.jackson.annotation does not exist
[ERROR] /project/src/main/java/org/araymond/joal/web/messages/incoming/config/ConfigIncomingMessage.java:[3,40] package com.fasterxml.jackson.annotation does not exist
[ERROR] /project/src/main/java/org/araymond/joal/web/messages/incoming/config/ConfigIncomingMessage.java:[4,40] package com.fasterxml.jackson.annotation does not exist
[ERROR] /project/src/main/java/org/araymond/joal/core/client/emulated/generator/key/algorithm/DigitRangeTransformedToHexWithoutLeadingZeroAlgorithm.java:[3,40] package com.fasterxml.jackson.annotation does not exist
[ERROR] /project/src/main/java/org/araymond/joal/core/client/emulated/generator/key/algorithm/RegexPatternKeyAlgorithm.java:[3,40] package com.fasterxml.jackson.annotation does not exist
[ERROR] /project/src/main/java/org/araymond/joal/web/messages/incoming/config/Base64TorrentIncomingMessage.java:[3,40] package com.fasterxml.jackson.annotation does not exist
[ERROR] /project/src/main/java/org/araymond/joal/web/messages/incoming/config/Base64TorrentIncomingMessage.java:[4,40] package com.fasterxml.jackson.annotation does not exist
[ERROR] -> [Help 1]
[ERROR] 
[ERROR] To see the full stack trace of the errors, re-run Maven with the -e switch.
[ERROR] Re-run Maven using the -X switch to enable full debug logging.
[ERROR] 
[ERROR] For more information about the errors and possible solutions, please read the following articles:
[ERROR] [Help 1] http://cwiki.apache.org/confluence/display/MAVEN/MojoFailureException
