[INFO] Scanning for projects...
[INFO] Downloading from jitpack.io: https://jitpack.io/org/springframework/boot/spring-boot-starter-parent/3.2.0/spring-boot-starter-parent-3.2.0.pom
[INFO] Downloading from central: https://repo.maven.apache.org/maven2/org/springframework/boot/spring-boot-starter-parent/3.2.0/spring-boot-starter-parent-3.2.0.pom
[INFO] Downloaded from central: https://repo.maven.apache.org/maven2/org/springframework/boot/spring-boot-starter-parent/3.2.0/spring-boot-starter-parent-3.2.0.pom (13 kB at 40 kB/s)
[INFO] Downloading from jitpack.io: https://jitpack.io/org/springframework/boot/spring-boot-dependencies/3.2.0/spring-boot-dependencies-3.2.0.pom
[INFO] Downloading from central: https://repo.maven.apache.org/maven2/org/springframework/boot/spring-boot-dependencies/3.2.0/spring-boot-dependencies-3.2.0.pom
[INFO] Downloaded from central: https://repo.maven.apache.org/maven2/org/springframework/boot/spring-boot-dependencies/3.2.0/spring-boot-dependencies-3.2.0.pom (111 kB at 2.3 MB/s)
[INFO] Downloading from jitpack.io: https://jitpack.io/org/assertj/assertj-bom/3.24.2/assertj-bom-3.24.2.pom
[INFO] Downloading from central: https://repo.maven.apache.org/maven2/org/assertj/assertj-bom/3.24.2/assertj-bom-3.24.2.pom
[INFO] Downloaded from central: https://repo.maven.apache.org/maven2/org/assertj/assertj-bom/3.24.2/assertj-bom-3.24.2.pom (3.7 kB at 122 kB/s)
[INFO] Downloading from jitpack.io: https://jitpack.io/io/zipkin/brave/brave-bom/5.16.0/brave-bom-5.16.0.pom
[INFO] Downloading from central: https://repo.maven.apache.org/maven2/io/zipkin/brave/brave-bom/5.16.0/brave-bom-5.16.0.pom
[INFO] Downloaded from central: https://repo.maven.apache.org/maven2/io/zipkin/brave/brave-bom/5.16.0/brave-bom-5.16.0.pom (12 kB at 368 kB/s)
[INFO] Downloading from jitpack.io: https://jitpack.io/io/zipkin/reporter2/zipkin-reporter-bom/2.16.3/zipkin-reporter-bom-2.16.3.pom
[INFO] Downloading from central: https://repo.maven.apache.org/maven2/io/zipkin/reporter2/zipkin-reporter-bom/2.16.3/zipkin-reporter-bom-2.16.3.pom
[INFO] Downloaded from central: https://repo.maven.apache.org/maven2/io/zipkin/reporter2/zipkin-reporter-bom/2.16.3/zipkin-reporter-bom-2.16.3.pom (6.9 kB at 186 kB/s)
[INFO] Downloading from jitpack.io: https://jitpack.io/com/datastax/oss/java-driver-bom/4.17.0/java-driver-bom-4.17.0.pom
[INFO] Downloading from central: https://repo.maven.apache.org/maven2/com/datastax/oss/java-driver-bom/4.17.0/java-driver-bom-4.17.0.pom
[INFO] Downloaded from central: https://repo.maven.apache.org/maven2/com/datastax/oss/java-driver-bom/4.17.0/java-driver-bom-4.17.0.pom (4.1 kB at 143 kB/s)
[INFO] Downloading from jitpack.io: https://jitpack.io/io/dropwizard/metrics/metrics-bom/4.2.22/metrics-bom-4.2.22.pom
[INFO] Downloading from central: https://repo.maven.apache.org/maven2/io/dropwizard/metrics/metrics-bom/4.2.22/metrics-bom-4.2.22.pom
[INFO] Downloaded from central: https://repo.maven.apache.org/maven2/io/dropwizard/metrics/metrics-bom/4.2.22/metrics-bom-4.2.22.pom (8.2 kB at 274 kB/s)
[INFO] Downloading from jitpack.io: https://jitpack.io/io/dropwizard/metrics/metrics-parent/4.2.22/metrics-parent-4.2.22.pom
[INFO] Downloading from central: https://repo.maven.apache.org/maven2/io/dropwizard/metrics/metrics-parent/4.2.22/metrics-parent-4.2.22.pom
[INFO] Downloaded from central: https://repo.maven.apache.org/maven2/io/dropwizard/metrics/metrics-parent/4.2.22/metrics-parent-4.2.22.pom (21 kB at 740 kB/s)
[INFO] Downloading from jitpack.io: https://jitpack.io/org/glassfish/jaxb/jaxb-bom/4.0.4/jaxb-bom-4.0.4.pom
[INFO] Downloading from central: https://repo.maven.apache.org/maven2/org/glassfish/jaxb/jaxb-bom/4.0.4/jaxb-bom-4.0.4.pom
[INFO] Downloaded from central: https://repo.maven.apache.org/maven2/org/glassfish/jaxb/jaxb-bom/4.0.4/jaxb-bom-4.0.4.pom (12 kB at 425 kB/s)
[INFO] Downloading from jitpack.io: https://jitpack.io/org/eclipse/ee4j/project/1.0.8/project-1.0.8.pom
[INFO] Downloading from central: https://repo.maven.apache.org/maven2/org/eclipse/ee4j/project/1.0.8/project-1.0.8.pom
[INFO] Downloaded from central: https://repo.maven.apache.org/maven2/org/eclipse/ee4j/project/1.0.8/project-1.0.8.pom (15 kB at 405 kB/s)
[INFO] Downloading from jitpack.io: https://jitpack.io/org/apache/groovy/groovy-bom/4.0.15/groovy-bom-4.0.15.pom
[INFO] Downloading from central: https://repo.maven.apache.org/maven2/org/apache/groovy/groovy-bom/4.0.15/groovy-bom-4.0.15.pom
[INFO] Downloaded from central: https://repo.maven.apache.org/maven2/org/apache/groovy/groovy-bom/4.0.15/groovy-bom-4.0.15.pom (27 kB at 505 kB/s)
[INFO] Downloading from jitpack.io: https://jitpack.io/org/infinispan/infinispan-bom/14.0.21.Final/infinispan-bom-14.0.21.Final.pom
[INFO] Downloading from central: https://repo.maven.apache.org/maven2/org/infinispan/infinispan-bom/14.0.21.Final/infinispan-bom-14.0.21.Final.pom
[INFO] Downloaded from central: https://repo.maven.apache.org/maven2/org/infinispan/infinispan-bom/14.0.21.Final/infinispan-bom-14.0.21.Final.pom (24 kB at 773 kB/s)
[INFO] Downloading from jitpack.io: https://jitpack.io/org/infinispan/infinispan-build-configuration-parent/14.0.21.Final/infinispan-build-configuration-parent-14.0.21.Final.pom
[INFO] Downloading from central: https://repo.maven.apache.org/maven2/org/infinispan/infinispan-build-configuration-parent/14.0.21.Final/infinispan-build-configuration-parent-14.0.21.Final.pom
[INFO] Downloaded from central: https://repo.maven.apache.org/maven2/org/infinispan/infinispan-build-configuration-parent/14.0.21.Final/infinispan-build-configuration-parent-14.0.21.Final.pom (24 kB at 187 kB/s)
[INFO] Downloading from jitpack.io: https://jitpack.io/org/jboss/jboss-parent/39/jboss-parent-39.pom
[INFO] Downloading from central: https://repo.maven.apache.org/maven2/org/jboss/jboss-parent/39/jboss-parent-39.pom
[INFO] Downloaded from central: https://repo.maven.apache.org/maven2/org/jboss/jboss-parent/39/jboss-parent-39.pom (68 kB at 646 kB/s)
[INFO] Downloading from jitpack.io: https://jitpack.io/com/fasterxml/jackson/jackson-bom/2.15.3/jackson-bom-2.15.3.pom
[INFO] Downloading from central: https://repo.maven.apache.org/maven2/com/fasterxml/jackson/jackson-bom/2.15.3/jackson-bom-2.15.3.pom
[INFO] Downloaded from central: https://repo.maven.apache.org/maven2/com/fasterxml/jackson/jackson-bom/2.15.3/jackson-bom-2.15.3.pom (18 kB at 514 kB/s)
[INFO] Downloading from jitpack.io: https://jitpack.io/com/fasterxml/jackson/jackson-parent/2.15/jackson-parent-2.15.pom
[INFO] Downloading from central: https://repo.maven.apache.org/maven2/com/fasterxml/jackson/jackson-parent/2.15/jackson-parent-2.15.pom
[INFO] Downloaded from central: https://repo.maven.apache.org/maven2/com/fasterxml/jackson/jackson-parent/2.15/jackson-parent-2.15.pom (6.5 kB at 225 kB/s)
[INFO] Downloading from jitpack.io: https://jitpack.io/com/fasterxml/oss-parent/50/oss-parent-50.pom
[INFO] Downloading from central: https://repo.maven.apache.org/maven2/com/fasterxml/oss-parent/50/oss-parent-50.pom
[INFO] Downloaded from central: https://repo.maven.apache.org/maven2/com/fasterxml/oss-parent/50/oss-parent-50.pom (24 kB at 945 kB/s)
[INFO] Downloading from jitpack.io: https://jitpack.io/org/glassfish/jersey/jersey-bom/3.1.3/jersey-bom-3.1.3.pom
[INFO] Downloading from central: https://repo.maven.apache.org/maven2/org/glassfish/jersey/jersey-bom/3.1.3/jersey-bom-3.1.3.pom
[INFO] Downloaded from central: https://repo.maven.apache.org/maven2/org/glassfish/jersey/jersey-bom/3.1.3/jersey-bom-3.1.3.pom (19 kB at 803 kB/s)
[INFO] Downloading from jitpack.io: https://jitpack.io/org/eclipse/jetty/ee10/jetty-ee10-bom/12.0.3/jetty-ee10-bom-12.0.3.pom
[INFO] Downloading from central: https://repo.maven.apache.org/maven2/org/eclipse/jetty/ee10/jetty-ee10-bom/12.0.3/jetty-ee10-bom-12.0.3.pom
[INFO] Downloaded from central: https://repo.maven.apache.org/maven2/org/eclipse/jetty/ee10/jetty-ee10-bom/12.0.3/jetty-ee10-bom-12.0.3.pom (9.2 kB at 356 kB/s)
[INFO] Downloading from jitpack.io: https://jitpack.io/org/eclipse/jetty/jetty-bom/12.0.3/jetty-bom-12.0.3.pom
[INFO] Downloading from central: https://repo.maven.apache.org/maven2/org/eclipse/jetty/jetty-bom/12.0.3/jetty-bom-12.0.3.pom
[INFO] Downloaded from central: https://repo.maven.apache.org/maven2/org/eclipse/jetty/jetty-bom/12.0.3/jetty-bom-12.0.3.pom (14 kB at 607 kB/s)
[INFO] Downloading from jitpack.io: https://jitpack.io/org/junit/junit-bom/5.10.1/junit-bom-5.10.1.pom
[INFO] Downloading from central: https://repo.maven.apache.org/maven2/org/junit/junit-bom/5.10.1/junit-bom-5.10.1.pom
[INFO] Downloaded from central: https://repo.maven.apache.org/maven2/org/junit/junit-bom/5.10.1/junit-bom-5.10.1.pom (5.6 kB at 235 kB/s)
[INFO] Downloading from jitpack.io: https://jitpack.io/org/jetbrains/kotlin/kotlin-bom/1.9.20/kotlin-bom-1.9.20.pom
[INFO] Downloading from central: https://repo.maven.apache.org/maven2/org/jetbrains/kotlin/kotlin-bom/1.9.20/kotlin-bom-1.9.20.pom
[INFO] Downloaded from central: https://repo.maven.apache.org/maven2/org/jetbrains/kotlin/kotlin-bom/1.9.20/kotlin-bom-1.9.20.pom (9.1 kB at 326 kB/s)
[INFO] Downloading from jitpack.io: https://jitpack.io/org/jetbrains/kotlinx/kotlinx-coroutines-bom/1.7.3/kotlinx-coroutines-bom-1.7.3.pom
[INFO] Downloading from central: https://repo.maven.apache.org/maven2/org/jetbrains/kotlinx/kotlinx-coroutines-bom/1.7.3/kotlinx-coroutines-bom-1.7.3.pom
[INFO] Downloaded from central: https://repo.maven.apache.org/maven2/org/jetbrains/kotlinx/kotlinx-coroutines-bom/1.7.3/kotlinx-coroutines-bom-1.7.3.pom (4.3 kB at 138 kB/s)
[INFO] Downloading from jitpack.io: https://jitpack.io/org/jetbrains/kotlinx/kotlinx-serialization-bom/1.6.1/kotlinx-serialization-bom-1.6.1.pom
[INFO] Downloading from central: https://repo.maven.apache.org/maven2/org/jetbrains/kotlinx/kotlinx-serialization-bom/1.6.1/kotlinx-serialization-bom-1.6.1.pom
[INFO] Downloaded from central: https://repo.maven.apache.org/maven2/org/jetbrains/kotlinx/kotlinx-serialization-bom/1.6.1/kotlinx-serialization-bom-1.6.1.pom (3.8 kB at 151 kB/s)
[INFO] Downloading from jitpack.io: https://jitpack.io/org/apache/logging/log4j/log4j-bom/2.21.1/log4j-bom-2.21.1.pom
[INFO] Downloading from central: https://repo.maven.apache.org/maven2/org/apache/logging/log4j/log4j-bom/2.21.1/log4j-bom-2.21.1.pom
[INFO] Downloaded from central: https://repo.maven.apache.org/maven2/org/apache/logging/log4j/log4j-bom/2.21.1/log4j-bom-2.21.1.pom (12 kB at 519 kB/s)
[INFO] Downloading from jitpack.io: https://jitpack.io/org/apache/logging/logging-parent/10.1.1/logging-parent-10.1.1.pom
[INFO] Downloading from central: https://repo.maven.apache.org/maven2/org/apache/logging/logging-parent/10.1.1/logging-parent-10.1.1.pom
[INFO] Downloaded from central: https://repo.maven.apache.org/maven2/org/apache/logging/logging-parent/10.1.1/logging-parent-10.1.1.pom (39 kB at 1.5 MB/s)
[INFO] Downloading from jitpack.io: https://jitpack.io/org/apache/apache/30/apache-30.pom
[INFO] Downloading from central: https://repo.maven.apache.org/maven2/org/apache/apache/30/apache-30.pom
[INFO] Downloaded from central: https://repo.maven.apache.org/maven2/org/apache/apache/30/apache-30.pom (23 kB at 628 kB/s)
[INFO] Downloading from jitpack.io: https://jitpack.io/io/micrometer/micrometer-bom/1.12.0/micrometer-bom-1.12.0.pom
[INFO] Downloading from central: https://repo.maven.apache.org/maven2/io/micrometer/micrometer-bom/1.12.0/micrometer-bom-1.12.0.pom
[INFO] Downloaded from central: https://repo.maven.apache.org/maven2/io/micrometer/micrometer-bom/1.12.0/micrometer-bom-1.12.0.pom (8.0 kB at 322 kB/s)
[INFO] Downloading from jitpack.io: https://jitpack.io/io/micrometer/micrometer-tracing-bom/1.2.0/micrometer-tracing-bom-1.2.0.pom
[INFO] Downloading from central: https://repo.maven.apache.org/maven2/io/micrometer/micrometer-tracing-bom/1.2.0/micrometer-tracing-bom-1.2.0.pom
[INFO] Downloaded from central: https://repo.maven.apache.org/maven2/io/micrometer/micrometer-tracing-bom/1.2.0/micrometer-tracing-bom-1.2.0.pom (4.7 kB at 141 kB/s)
[INFO] Downloading from jitpack.io: https://jitpack.io/org/mockito/mockito-bom/5.7.0/mockito-bom-5.7.0.pom
[INFO] Downloading from central: https://repo.maven.apache.org/maven2/org/mockito/mockito-bom/5.7.0/mockito-bom-5.7.0.pom
[INFO] Downloaded from central: https://repo.maven.apache.org/maven2/org/mockito/mockito-bom/5.7.0/mockito-bom-5.7.0.pom (3.0 kB at 98 kB/s)
[INFO] Downloading from jitpack.io: https://jitpack.io/io/netty/netty-bom/4.1.101.Final/netty-bom-4.1.101.Final.pom
[INFO] Downloading from central: https://repo.maven.apache.org/maven2/io/netty/netty-bom/4.1.101.Final/netty-bom-4.1.101.Final.pom
[INFO] Downloaded from central: https://repo.maven.apache.org/maven2/io/netty/netty-bom/4.1.101.Final/netty-bom-4.1.101.Final.pom (13 kB at 492 kB/s)
[INFO] Downloading from jitpack.io: https://jitpack.io/org/sonatype/oss/oss-parent/7/oss-parent-7.pom
[INFO] Downloading from central: https://repo.maven.apache.org/maven2/org/sonatype/oss/oss-parent/7/oss-parent-7.pom
[INFO] Downloaded from central: https://repo.maven.apache.org/maven2/org/sonatype/oss/oss-parent/7/oss-parent-7.pom (4.8 kB at 134 kB/s)
[INFO] Downloading from jitpack.io: https://jitpack.io/com/squareup/okhttp3/okhttp-bom/4.12.0/okhttp-bom-4.12.0.pom
[INFO] Downloading from central: https://repo.maven.apache.org/maven2/com/squareup/okhttp3/okhttp-bom/4.12.0/okhttp-bom-4.12.0.pom
[INFO] Downloaded from central: https://repo.maven.apache.org/maven2/com/squareup/okhttp3/okhttp-bom/4.12.0/okhttp-bom-4.12.0.pom (3.1 kB at 117 kB/s)
[INFO] Downloading from jitpack.io: https://jitpack.io/io/opentelemetry/opentelemetry-bom/1.31.0/opentelemetry-bom-1.31.0.pom
[INFO] Downloading from central: https://repo.maven.apache.org/maven2/io/opentelemetry/opentelemetry-bom/1.31.0/opentelemetry-bom-1.31.0.pom
[INFO] Downloaded from central: https://repo.maven.apache.org/maven2/io/opentelemetry/opentelemetry-bom/1.31.0/opentelemetry-bom-1.31.0.pom (7.0 kB at 249 kB/s)
[INFO] Downloading from jitpack.io: https://jitpack.io/com/oracle/database/jdbc/ojdbc-bom/23.3.0.23.09/ojdbc-bom-23.3.0.23.09.pom
[INFO] Downloading from central: https://repo.maven.apache.org/maven2/com/oracle/database/jdbc/ojdbc-bom/23.3.0.23.09/ojdbc-bom-23.3.0.23.09.pom
[INFO] Downloaded from central: https://repo.maven.apache.org/maven2/com/oracle/database/jdbc/ojdbc-bom/23.3.0.23.09/ojdbc-bom-23.3.0.23.09.pom (7.2 kB at 190 kB/s)
[INFO] Downloading from jitpack.io: https://jitpack.io/io/prometheus/simpleclient_bom/0.16.0/simpleclient_bom-0.16.0.pom
[INFO] Downloading from central: https://repo.maven.apache.org/maven2/io/prometheus/simpleclient_bom/0.16.0/simpleclient_bom-0.16.0.pom
[INFO] Downloaded from central: https://repo.maven.apache.org/maven2/io/prometheus/simpleclient_bom/0.16.0/simpleclient_bom-0.16.0.pom (6.0 kB at 55 kB/s)
[INFO] Downloading from jitpack.io: https://jitpack.io/io/prometheus/parent/0.16.0/parent-0.16.0.pom
[INFO] Downloading from central: https://repo.maven.apache.org/maven2/io/prometheus/parent/0.16.0/parent-0.16.0.pom
[INFO] Downloaded from central: https://repo.maven.apache.org/maven2/io/prometheus/parent/0.16.0/parent-0.16.0.pom (13 kB at 432 kB/s)
[INFO] Downloading from jitpack.io: https://jitpack.io/com/querydsl/querydsl-bom/5.0.0/querydsl-bom-5.0.0.pom
[INFO] Downloading from central: https://repo.maven.apache.org/maven2/com/querydsl/querydsl-bom/5.0.0/querydsl-bom-5.0.0.pom
[INFO] Downloaded from central: https://repo.maven.apache.org/maven2/com/querydsl/querydsl-bom/5.0.0/querydsl-bom-5.0.0.pom (7.2 kB at 217 kB/s)
[INFO] Downloading from jitpack.io: https://jitpack.io/io/projectreactor/reactor-bom/2023.0.0/reactor-bom-2023.0.0.pom
[INFO] Downloading from central: https://repo.maven.apache.org/maven2/io/projectreactor/reactor-bom/2023.0.0/reactor-bom-2023.0.0.pom
[INFO] Downloaded from central: https://repo.maven.apache.org/maven2/io/projectreactor/reactor-bom/2023.0.0/reactor-bom-2023.0.0.pom (4.8 kB at 170 kB/s)
[INFO] Downloading from jitpack.io: https://jitpack.io/io/rest-assured/rest-assured-bom/5.3.2/rest-assured-bom-5.3.2.pom
[INFO] Downloading from central: https://repo.maven.apache.org/maven2/io/rest-assured/rest-assured-bom/5.3.2/rest-assured-bom-5.3.2.pom
[INFO] Downloaded from central: https://repo.maven.apache.org/maven2/io/rest-assured/rest-assured-bom/5.3.2/rest-assured-bom-5.3.2.pom (4.3 kB at 44 kB/s)
[INFO] Downloading from jitpack.io: https://jitpack.io/io/rsocket/rsocket-bom/1.1.3/rsocket-bom-1.1.3.pom
[INFO] Downloading from central: https://repo.maven.apache.org/maven2/io/rsocket/rsocket-bom/1.1.3/rsocket-bom-1.1.3.pom
[INFO] Downloaded from central: https://repo.maven.apache.org/maven2/io/rsocket/rsocket-bom/1.1.3/rsocket-bom-1.1.3.pom (2.6 kB at 91 kB/s)
[INFO] Downloading from jitpack.io: https://jitpack.io/org/seleniumhq/selenium/selenium-bom/4.14.1/selenium-bom-4.14.1.pom
[INFO] Downloading from central: https://repo.maven.apache.org/maven2/org/seleniumhq/selenium/selenium-bom/4.14.1/selenium-bom-4.14.1.pom
[INFO] Downloaded from central: https://repo.maven.apache.org/maven2/org/seleniumhq/selenium/selenium-bom/4.14.1/selenium-bom-4.14.1.pom (6.0 kB at 183 kB/s)
[INFO] Downloading from jitpack.io: https://jitpack.io/org/springframework/amqp/spring-amqp-bom/3.1.0/spring-amqp-bom-3.1.0.pom
[INFO] Downloading from central: https://repo.maven.apache.org/maven2/org/springframework/amqp/spring-amqp-bom/3.1.0/spring-amqp-bom-3.1.0.pom
[INFO] Downloaded from central: https://repo.maven.apache.org/maven2/org/springframework/amqp/spring-amqp-bom/3.1.0/spring-amqp-bom-3.1.0.pom (3.4 kB at 106 kB/s)
[INFO] Downloading from jitpack.io: https://jitpack.io/org/springframework/batch/spring-batch-bom/5.1.0/spring-batch-bom-5.1.0.pom
[INFO] Downloading from central: https://repo.maven.apache.org/maven2/org/springframework/batch/spring-batch-bom/5.1.0/spring-batch-bom-5.1.0.pom
[INFO] Downloaded from central: https://repo.maven.apache.org/maven2/org/springframework/batch/spring-batch-bom/5.1.0/spring-batch-bom-5.1.0.pom (3.2 kB at 120 kB/s)
[INFO] Downloading from jitpack.io: https://jitpack.io/org/springframework/data/spring-data-bom/2023.1.0/spring-data-bom-2023.1.0.pom
[INFO] Downloading from central: https://repo.maven.apache.org/maven2/org/springframework/data/spring-data-bom/2023.1.0/spring-data-bom-2023.1.0.pom
[INFO] Downloaded from central: https://repo.maven.apache.org/maven2/org/springframework/data/spring-data-bom/2023.1.0/spring-data-bom-2023.1.0.pom (5.5 kB at 184 kB/s)
[INFO] Downloading from jitpack.io: https://jitpack.io/org/springframework/spring-framework-bom/6.1.1/spring-framework-bom-6.1.1.pom
[INFO] Downloading from central: https://repo.maven.apache.org/maven2/org/springframework/spring-framework-bom/6.1.1/spring-framework-bom-6.1.1.pom
[INFO] Downloaded from central: https://repo.maven.apache.org/maven2/org/springframework/spring-framework-bom/6.1.1/spring-framework-bom-6.1.1.pom (5.8 kB at 59 kB/s)
[INFO] Downloading from jitpack.io: https://jitpack.io/org/springframework/integration/spring-integration-bom/6.2.0/spring-integration-bom-6.2.0.pom
[INFO] Downloading from central: https://repo.maven.apache.org/maven2/org/springframework/integration/spring-integration-bom/6.2.0/spring-integration-bom-6.2.0.pom
[INFO] Downloaded from central: https://repo.maven.apache.org/maven2/org/springframework/integration/spring-integration-bom/6.2.0/spring-integration-bom-6.2.0.pom (10 kB at 94 kB/s)
[INFO] Downloading from jitpack.io: https://jitpack.io/org/springframework/restdocs/spring-restdocs-bom/3.0.1/spring-restdocs-bom-3.0.1.pom
[INFO] Downloading from central: https://repo.maven.apache.org/maven2/org/springframework/restdocs/spring-restdocs-bom/3.0.1/spring-restdocs-bom-3.0.1.pom
[INFO] Downloaded from central: https://repo.maven.apache.org/maven2/org/springframework/restdocs/spring-restdocs-bom/3.0.1/spring-restdocs-bom-3.0.1.pom (2.6 kB at 86 kB/s)
[INFO] Downloading from jitpack.io: https://jitpack.io/org/springframework/security/spring-security-bom/6.2.0/spring-security-bom-6.2.0.pom
[INFO] Downloading from central: https://repo.maven.apache.org/maven2/org/springframework/security/spring-security-bom/6.2.0/spring-security-bom-6.2.0.pom
[INFO] Downloaded from central: https://repo.maven.apache.org/maven2/org/springframework/security/spring-security-bom/6.2.0/spring-security-bom-6.2.0.pom (5.3 kB at 197 kB/s)
[INFO] Downloading from jitpack.io: https://jitpack.io/org/springframework/session/spring-session-bom/3.2.0/spring-session-bom-3.2.0.pom
[INFO] Downloading from central: https://repo.maven.apache.org/maven2/org/springframework/session/spring-session-bom/3.2.0/spring-session-bom-3.2.0.pom
[INFO] Downloaded from central: https://repo.maven.apache.org/maven2/org/springframework/session/spring-session-bom/3.2.0/spring-session-bom-3.2.0.pom (2.9 kB at 93 kB/s)
[INFO] Downloading from jitpack.io: https://jitpack.io/org/springframework/ws/spring-ws-bom/4.0.8/spring-ws-bom-4.0.8.pom
[INFO] Downloading from central: https://repo.maven.apache.org/maven2/org/springframework/ws/spring-ws-bom/4.0.8/spring-ws-bom-4.0.8.pom
[INFO] Downloaded from central: https://repo.maven.apache.org/maven2/org/springframework/ws/spring-ws-bom/4.0.8/spring-ws-bom-4.0.8.pom (3.5 kB at 140 kB/s)
[INFO] Downloading from jitpack.io: https://jitpack.io/org/testcontainers/testcontainers-bom/1.19.3/testcontainers-bom-1.19.3.pom
[INFO] Downloading from central: https://repo.maven.apache.org/maven2/org/testcontainers/testcontainers-bom/1.19.3/testcontainers-bom-1.19.3.pom
[INFO] Downloaded from central: https://repo.maven.apache.org/maven2/org/testcontainers/testcontainers-bom/1.19.3/testcontainers-bom-1.19.3.pom (9.0 kB at 346 kB/s)
[INFO] ------------------------------------------------------------------------
[INFO] Reactor Build Order:
[INFO] 
[INFO] trading                                                            [pom]
[INFO] trading-test                                                       [jar]
[INFO] trading-common                                                     [jar]
[INFO] trading-data-collect                                               [jar]
[INFO] trading-webapp                                                     [jar]
[INFO] trading-gatling                                                    [jar]
[INFO] 
[INFO] --------------------< fr.ymanvieu.trading:trading >---------------------
[INFO] Building trading 5.0.0-SNAPSHOT                                    [1/6]
[INFO]   from pom.xml
[INFO] --------------------------------[ pom ]---------------------------------
[INFO] Downloading from central: https://repo.maven.apache.org/maven2/org/apache/maven/plugins/maven-install-plugin/3.1.1/maven-install-plugin-3.1.1.pom
[INFO] Downloaded from central: https://repo.maven.apache.org/maven2/org/apache/maven/plugins/maven-install-plugin/3.1.1/maven-install-plugin-3.1.1.pom (7.8 kB at 279 kB/s)
[INFO] Downloading from central: https://repo.maven.apache.org/maven2/org/apache/maven/plugins/maven-plugins/39/maven-plugins-39.pom
[INFO] Downloaded from central: https://repo.maven.apache.org/maven2/org/apache/maven/plugins/maven-plugins/39/maven-plugins-39.pom (8.1 kB at 279 kB/s)
[INFO] Downloading from central: https://repo.maven.apache.org/maven2/org/apache/maven/maven-parent/39/maven-parent-39.pom
[INFO] Downloaded from central: https://repo.maven.apache.org/maven2/org/apache/maven/maven-parent/39/maven-parent-39.pom (48 kB at 331 kB/s)
[INFO] Downloading from central: https://repo.maven.apache.org/maven2/org/apache/apache/29/apache-29.pom
[INFO] Downloaded from central: https://repo.maven.apache.org/maven2/org/apache/apache/29/apache-29.pom (21 kB at 740 kB/s)
[INFO] Downloading from central: https://repo.maven.apache.org/maven2/org/apache/maven/plugins/maven-install-plugin/3.1.1/maven-install-plugin-3.1.1.jar
[INFO] Downloaded from central: https://repo.maven.apache.org/maven2/org/apache/maven/plugins/maven-install-plugin/3.1.1/maven-install-plugin-3.1.1.jar (31 kB at 1.1 MB/s)
[INFO] 
[INFO] --- install:3.1.1:install (default-install) @ trading ---
[INFO] Downloading from central: https://repo.maven.apache.org/maven2/org/eclipse/aether/aether-util/1.0.0.v20140518/aether-util-1.0.0.v20140518.pom
[INFO] Downloaded from central: https://repo.maven.apache.org/maven2/org/eclipse/aether/aether-util/1.0.0.v20140518/aether-util-1.0.0.v20140518.pom (2.2 kB at 46 kB/s)
[INFO] Downloading from central: https://repo.maven.apache.org/maven2/org/eclipse/aether/aether/1.0.0.v20140518/aether-1.0.0.v20140518.pom
[INFO] Downloaded from central: https://repo.maven.apache.org/maven2/org/eclipse/aether/aether/1.0.0.v20140518/aether-1.0.0.v20140518.pom (30 kB at 1.0 MB/s)
[INFO] Downloading from central: https://repo.maven.apache.org/maven2/org/eclipse/aether/aether-api/1.0.0.v20140518/aether-api-1.0.0.v20140518.pom
[INFO] Downloaded from central: https://repo.maven.apache.org/maven2/org/eclipse/aether/aether-api/1.0.0.v20140518/aether-api-1.0.0.v20140518.pom (1.9 kB at 16 kB/s)
[INFO] Downloading from central: https://repo.maven.apache.org/maven2/org/codehaus/plexus/plexus-utils/3.5.0/plexus-utils-3.5.0.pom
[INFO] Downloaded from central: https://repo.maven.apache.org/maven2/org/codehaus/plexus/plexus-utils/3.5.0/plexus-utils-3.5.0.pom (8.0 kB at 297 kB/s)
[INFO] Downloading from central: https://repo.maven.apache.org/maven2/org/codehaus/plexus/plexus/10/plexus-10.pom
[INFO] Downloaded from central: https://repo.maven.apache.org/maven2/org/codehaus/plexus/plexus/10/plexus-10.pom (25 kB at 240 kB/s)
[INFO] Downloading from central: https://repo.maven.apache.org/maven2/org/eclipse/aether/aether-util/1.0.0.v20140518/aether-util-1.0.0.v20140518.jar
[INFO] Downloaded from central: https://repo.maven.apache.org/maven2/org/eclipse/aether/aether-util/1.0.0.v20140518/aether-util-1.0.0.v20140518.jar (146 kB at 4.4 MB/s)
[INFO] Downloading from central: https://repo.maven.apache.org/maven2/org/eclipse/aether/aether-api/1.0.0.v20140518/aether-api-1.0.0.v20140518.jar
[INFO] Downloading from central: https://repo.maven.apache.org/maven2/org/codehaus/plexus/plexus-utils/3.5.0/plexus-utils-3.5.0.jar
[INFO] Downloaded from central: https://repo.maven.apache.org/maven2/org/eclipse/aether/aether-api/1.0.0.v20140518/aether-api-1.0.0.v20140518.jar (136 kB at 3.9 MB/s)
[INFO] Downloaded from central: https://repo.maven.apache.org/maven2/org/codehaus/plexus/plexus-utils/3.5.0/plexus-utils-3.5.0.jar (267 kB at 3.1 MB/s)
[INFO] Installing /project/pom.xml to /root/.m2/repository/fr/ymanvieu/trading/trading/5.0.0-SNAPSHOT/trading-5.0.0-SNAPSHOT.pom
[INFO] 
[INFO] ------------------< fr.ymanvieu.trading:trading-test >------------------
[INFO] Building trading-test 5.0.0-SNAPSHOT                               [2/6]
[INFO]   from trading-test/pom.xml
[INFO] --------------------------------[ jar ]---------------------------------
[INFO] Downloading from central: https://repo.maven.apache.org/maven2/org/apache/maven/plugins/maven-resources-plugin/3.3.1/maven-resources-plugin-3.3.1.pom
[INFO] Downloaded from central: https://repo.maven.apache.org/maven2/org/apache/maven/plugins/maven-resources-plugin/3.3.1/maven-resources-plugin-3.3.1.pom (8.2 kB at 291 kB/s)
[INFO] Downloading from central: https://repo.maven.apache.org/maven2/org/apache/maven/plugins/maven-resources-plugin/3.3.1/maven-resources-plugin-3.3.1.jar
[INFO] Downloaded from central: https://repo.maven.apache.org/maven2/org/apache/maven/plugins/maven-resources-plugin/3.3.1/maven-resources-plugin-3.3.1.jar (31 kB at 1.2 MB/s)
[INFO] Downloading from central: https://repo.maven.apache.org/maven2/org/apache/maven/plugins/maven-compiler-plugin/3.11.0/maven-compiler-plugin-3.11.0.pom
[INFO] Downloaded from central: https://repo.maven.apache.org/maven2/org/apache/maven/plugins/maven-compiler-plugin/3.11.0/maven-compiler-plugin-3.11.0.pom (9.8 kB at 297 kB/s)
[INFO] Downloading from central: https://repo.maven.apache.org/maven2/org/apache/maven/plugins/maven-compiler-plugin/3.11.0/maven-compiler-plugin-3.11.0.jar
[INFO] Downloaded from central: https://repo.maven.apache.org/maven2/org/apache/maven/plugins/maven-compiler-plugin/3.11.0/maven-compiler-plugin-3.11.0.jar (66 kB at 444 kB/s)
[INFO] Downloading from central: https://repo.maven.apache.org/maven2/org/apache/maven/plugins/maven-surefire-plugin/3.1.2/maven-surefire-plugin-3.1.2.pom
[INFO] Downloaded from central: https://repo.maven.apache.org/maven2/org/apache/maven/plugins/maven-surefire-plugin/3.1.2/maven-surefire-plugin-3.1.2.pom (5.5 kB at 188 kB/s)
[INFO] Downloading from central: https://repo.maven.apache.org/maven2/org/apache/maven/surefire/surefire/3.1.2/surefire-3.1.2.pom
[INFO] Downloaded from central: https://repo.maven.apache.org/maven2/org/apache/maven/surefire/surefire/3.1.2/surefire-3.1.2.pom (22 kB at 789 kB/s)
[INFO] Downloading from central: https://repo.maven.apache.org/maven2/org/apache/maven/plugins/maven-surefire-plugin/3.1.2/maven-surefire-plugin-3.1.2.jar
[INFO] Downloaded from central: https://repo.maven.apache.org/maven2/org/apache/maven/plugins/maven-surefire-plugin/3.1.2/maven-surefire-plugin-3.1.2.jar (43 kB at 1.7 MB/s)
[INFO] Downloading from central: https://repo.maven.apache.org/maven2/org/apache/maven/plugins/maven-jar-plugin/3.3.0/maven-jar-plugin-3.3.0.pom
[INFO] Downloaded from central: https://repo.maven.apache.org/maven2/org/apache/maven/plugins/maven-jar-plugin/3.3.0/maven-jar-plugin-3.3.0.pom (6.8 kB at 233 kB/s)
[INFO] Downloading from central: https://repo.maven.apache.org/maven2/org/apache/maven/plugins/maven-plugins/37/maven-plugins-37.pom
[INFO] Downloaded from central: https://repo.maven.apache.org/maven2/org/apache/maven/plugins/maven-plugins/37/maven-plugins-37.pom (9.9 kB at 367 kB/s)
[INFO] Downloading from central: https://repo.maven.apache.org/maven2/org/apache/maven/maven-parent/37/maven-parent-37.pom
[INFO] Downloaded from central: https://repo.maven.apache.org/maven2/org/apache/maven/maven-parent/37/maven-parent-37.pom (46 kB at 1.3 MB/s)
[INFO] Downloading from central: https://repo.maven.apache.org/maven2/org/apache/apache/27/apache-27.pom
[INFO] Downloaded from central: https://repo.maven.apache.org/maven2/org/apache/apache/27/apache-27.pom (20 kB at 187 kB/s)
[INFO] Downloading from central: https://repo.maven.apache.org/maven2/org/apache/maven/plugins/maven-jar-plugin/3.3.0/maven-jar-plugin-3.3.0.jar
[INFO] Downloaded from central: https://repo.maven.apache.org/maven2/org/apache/maven/plugins/maven-jar-plugin/3.3.0/maven-jar-plugin-3.3.0.jar (27 kB at 1.2 MB/s)
[INFO] Downloading from jitpack.io: https://jitpack.io/org/junit/jupiter/junit-jupiter/5.10.1/junit-jupiter-5.10.1.pom
[INFO] Downloading from central: https://repo.maven.apache.org/maven2/org/junit/jupiter/junit-jupiter/5.10.1/junit-jupiter-5.10.1.pom
[INFO] Downloaded from central: https://repo.maven.apache.org/maven2/org/junit/jupiter/junit-jupiter/5.10.1/junit-jupiter-5.10.1.pom (3.2 kB at 92 kB/s)
[INFO] Downloading from jitpack.io: https://jitpack.io/org/junit/jupiter/junit-jupiter-api/5.10.1/junit-jupiter-api-5.10.1.pom
[INFO] Downloading from central: https://repo.maven.apache.org/maven2/org/junit/jupiter/junit-jupiter-api/5.10.1/junit-jupiter-api-5.10.1.pom
[INFO] Downloaded from central: https://repo.maven.apache.org/maven2/org/junit/jupiter/junit-jupiter-api/5.10.1/junit-jupiter-api-5.10.1.pom (3.2 kB at 127 kB/s)
[INFO] Downloading from jitpack.io: https://jitpack.io/org/opentest4j/opentest4j/1.3.0/opentest4j-1.3.0.pom
[INFO] Downloading from central: https://repo.maven.apache.org/maven2/org/opentest4j/opentest4j/1.3.0/opentest4j-1.3.0.pom
[INFO] Downloaded from central: https://repo.maven.apache.org/maven2/org/opentest4j/opentest4j/1.3.0/opentest4j-1.3.0.pom (2.0 kB at 75 kB/s)
[INFO] Downloading from jitpack.io: https://jitpack.io/org/junit/platform/junit-platform-commons/1.10.1/junit-platform-commons-1.10.1.pom
[INFO] Downloading from central: https://repo.maven.apache.org/maven2/org/junit/platform/junit-platform-commons/1.10.1/junit-platform-commons-1.10.1.pom
[INFO] Downloaded from central: https://repo.maven.apache.org/maven2/org/junit/platform/junit-platform-commons/1.10.1/junit-platform-commons-1.10.1.pom (2.8 kB at 109 kB/s)
[INFO] Downloading from jitpack.io: https://jitpack.io/org/apiguardian/apiguardian-api/1.1.2/apiguardian-api-1.1.2.pom
[INFO] Downloading from central: https://repo.maven.apache.org/maven2/org/apiguardian/apiguardian-api/1.1.2/apiguardian-api-1.1.2.pom
[INFO] Downloaded from central: https://repo.maven.apache.org/maven2/org/apiguardian/apiguardian-api/1.1.2/apiguardian-api-1.1.2.pom (1.5 kB at 57 kB/s)
[INFO] Downloading from jitpack.io: https://jitpack.io/org/junit/jupiter/junit-jupiter-params/5.10.1/junit-jupiter-params-5.10.1.pom
[INFO] Downloading from central: https://repo.maven.apache.org/maven2/org/junit/jupiter/junit-jupiter-params/5.10.1/junit-jupiter-params-5.10.1.pom
[INFO] Downloaded from central: https://repo.maven.apache.org/maven2/org/junit/jupiter/junit-jupiter-params/5.10.1/junit-jupiter-params-5.10.1.pom (3.0 kB at 120 kB/s)
[INFO] Downloading from jitpack.io: https://jitpack.io/org/junit/jupiter/junit-jupiter-engine/5.10.1/junit-jupiter-engine-5.10.1.pom
[INFO] Downloading from central: https://repo.maven.apache.org/maven2/org/junit/jupiter/junit-jupiter-engine/5.10.1/junit-jupiter-engine-5.10.1.pom
[INFO] Downloaded from central: https://repo.maven.apache.org/maven2/org/junit/jupiter/junit-jupiter-engine/5.10.1/junit-jupiter-engine-5.10.1.pom (3.2 kB at 103 kB/s)
[INFO] Downloading from jitpack.io: https://jitpack.io/org/junit/platform/junit-platform-engine/1.10.1/junit-platform-engine-1.10.1.pom
[INFO] Downloading from central: https://repo.maven.apache.org/maven2/org/junit/platform/junit-platform-engine/1.10.1/junit-platform-engine-1.10.1.pom
[INFO] Downloaded from central: https://repo.maven.apache.org/maven2/org/junit/platform/junit-platform-engine/1.10.1/junit-platform-engine-1.10.1.pom (3.2 kB at 139 kB/s)
[INFO] Downloading from jitpack.io: https://jitpack.io/org/junit/jupiter/junit-jupiter/5.10.1/junit-jupiter-5.10.1.jar
[INFO] Downloading from jitpack.io: https://jitpack.io/org/junit/jupiter/junit-jupiter-api/5.10.1/junit-jupiter-api-5.10.1.jar
[INFO] Downloading from jitpack.io: https://jitpack.io/org/opentest4j/opentest4j/1.3.0/opentest4j-1.3.0.jar
[INFO] Downloading from jitpack.io: https://jitpack.io/org/junit/platform/junit-platform-commons/1.10.1/junit-platform-commons-1.10.1.jar
[INFO] Downloading from jitpack.io: https://jitpack.io/org/apiguardian/apiguardian-api/1.1.2/apiguardian-api-1.1.2.jar
[INFO] Downloading from jitpack.io: https://jitpack.io/org/junit/jupiter/junit-jupiter-params/5.10.1/junit-jupiter-params-5.10.1.jar
[INFO] Downloading from jitpack.io: https://jitpack.io/org/junit/jupiter/junit-jupiter-engine/5.10.1/junit-jupiter-engine-5.10.1.jar
[INFO] Downloading from jitpack.io: https://jitpack.io/org/junit/platform/junit-platform-engine/1.10.1/junit-platform-engine-1.10.1.jar
[INFO] Downloading from central: https://repo.maven.apache.org/maven2/org/junit/jupiter/junit-jupiter/5.10.1/junit-jupiter-5.10.1.jar
[INFO] Downloaded from central: https://repo.maven.apache.org/maven2/org/junit/jupiter/junit-jupiter/5.10.1/junit-jupiter-5.10.1.jar (6.4 kB at 303 kB/s)
[INFO] Downloading from central: https://repo.maven.apache.org/maven2/org/junit/jupiter/junit-jupiter-api/5.10.1/junit-jupiter-api-5.10.1.jar
[INFO] Downloading from central: https://repo.maven.apache.org/maven2/org/opentest4j/opentest4j/1.3.0/opentest4j-1.3.0.jar
[INFO] Downloading from central: https://repo.maven.apache.org/maven2/org/junit/platform/junit-platform-commons/1.10.1/junit-platform-commons-1.10.1.jar
[INFO] Downloading from central: https://repo.maven.apache.org/maven2/org/apiguardian/apiguardian-api/1.1.2/apiguardian-api-1.1.2.jar
[INFO] Downloading from central: https://repo.maven.apache.org/maven2/org/junit/jupiter/junit-jupiter-params/5.10.1/junit-jupiter-params-5.10.1.jar
[INFO] Downloaded from central: https://repo.maven.apache.org/maven2/org/junit/jupiter/junit-jupiter-api/5.10.1/junit-jupiter-api-5.10.1.jar (211 kB at 5.3 MB/s)
[INFO] Downloading from central: https://repo.maven.apache.org/maven2/org/junit/jupiter/junit-jupiter-engine/5.10.1/junit-jupiter-engine-5.10.1.jar
[INFO] Downloaded from central: https://repo.maven.apache.org/maven2/org/opentest4j/opentest4j/1.3.0/opentest4j-1.3.0.jar (14 kB at 367 kB/s)
[INFO] Downloading from central: https://repo.maven.apache.org/maven2/org/junit/platform/junit-platform-engine/1.10.1/junit-platform-engine-1.10.1.jar
[INFO] Downloaded from central: https://repo.maven.apache.org/maven2/org/junit/platform/junit-platform-engine/1.10.1/junit-platform-engine-1.10.1.jar (205 kB at 2.0 MB/s)
[INFO] Downloaded from central: https://repo.maven.apache.org/maven2/org/junit/jupiter/junit-jupiter-engine/5.10.1/junit-jupiter-engine-5.10.1.jar (245 kB at 2.3 MB/s)
[INFO] Downloaded from central: https://repo.maven.apache.org/maven2/org/apiguardian/apiguardian-api/1.1.2/apiguardian-api-1.1.2.jar (6.8 kB at 60 kB/s)
[INFO] Downloaded from central: https://repo.maven.apache.org/maven2/org/junit/platform/junit-platform-commons/1.10.1/junit-platform-commons-1.10.1.jar (106 kB at 754 kB/s)
[INFO] Downloaded from central: https://repo.maven.apache.org/maven2/org/junit/jupiter/junit-jupiter-params/5.10.1/junit-jupiter-params-5.10.1.jar (586 kB at 3.3 MB/s)
[INFO] 
[INFO] --- resources:3.3.1:resources (default-resources) @ trading-test ---
[INFO] Downloading from central: https://repo.maven.apache.org/maven2/org/codehaus/plexus/plexus-interpolation/1.26/plexus-interpolation-1.26.pom
[INFO] Downloaded from central: https://repo.maven.apache.org/maven2/org/codehaus/plexus/plexus-interpolation/1.26/plexus-interpolation-1.26.pom (2.7 kB at 21 kB/s)
[INFO] Downloading from central: https://repo.maven.apache.org/maven2/org/codehaus/plexus/plexus/5.1/plexus-5.1.pom
[INFO] Downloaded from central: https://repo.maven.apache.org/maven2/org/codehaus/plexus/plexus/5.1/plexus-5.1.pom (23 kB at 549 kB/s)
[INFO] Downloading from central: https://repo.maven.apache.org/maven2/org/codehaus/plexus/plexus-utils/3.5.1/plexus-utils-3.5.1.pom
[INFO] Downloaded from central: https://repo.maven.apache.org/maven2/org/codehaus/plexus/plexus-utils/3.5.1/plexus-utils-3.5.1.pom (8.8 kB at 85 kB/s)
[INFO] Downloading from central: https://repo.maven.apache.org/maven2/org/apache/maven/shared/maven-filtering/3.3.1/maven-filtering-3.3.1.pom
[INFO] Downloaded from central: https://repo.maven.apache.org/maven2/org/apache/maven/shared/maven-filtering/3.3.1/maven-filtering-3.3.1.pom (6.0 kB at 159 kB/s)
[INFO] Downloading from central: https://repo.maven.apache.org/maven2/org/apache/maven/shared/maven-shared-components/39/maven-shared-components-39.pom
[INFO] Downloaded from central: https://repo.maven.apache.org/maven2/org/apache/maven/shared/maven-shared-components/39/maven-shared-components-39.pom (3.2 kB at 124 kB/s)
[INFO] Downloading from central: https://repo.maven.apache.org/maven2/javax/inject/javax.inject/1/javax.inject-1.pom
[INFO] Downloaded from central: https://repo.maven.apache.org/maven2/javax/inject/javax.inject/1/javax.inject-1.pom (612 B at 20 kB/s)
[INFO] Downloading from central: https://repo.maven.apache.org/maven2/org/slf4j/slf4j-api/1.7.36/slf4j-api-1.7.36.pom
[INFO] Downloaded from central: https://repo.maven.apache.org/maven2/org/slf4j/slf4j-api/1.7.36/slf4j-api-1.7.36.pom (2.7 kB at 98 kB/s)
[INFO] Downloading from central: https://repo.maven.apache.org/maven2/org/slf4j/slf4j-parent/1.7.36/slf4j-parent-1.7.36.pom
[INFO] Downloaded from central: https://repo.maven.apache.org/maven2/org/slf4j/slf4j-parent/1.7.36/slf4j-parent-1.7.36.pom (14 kB at 486 kB/s)
[INFO] Downloading from central: https://repo.maven.apache.org/maven2/org/sonatype/plexus/plexus-build-api/0.0.7/plexus-build-api-0.0.7.pom
[INFO] Downloaded from central: https://repo.maven.apache.org/maven2/org/sonatype/plexus/plexus-build-api/0.0.7/plexus-build-api-0.0.7.pom (3.2 kB at 100 kB/s)
[INFO] Downloading from central: https://repo.maven.apache.org/maven2/org/sonatype/spice/spice-parent/15/spice-parent-15.pom
[INFO] Downloaded from central: https://repo.maven.apache.org/maven2/org/sonatype/spice/spice-parent/15/spice-parent-15.pom (8.4 kB at 209 kB/s)
[INFO] Downloading from central: https://repo.maven.apache.org/maven2/org/sonatype/forge/forge-parent/5/forge-parent-5.pom
[INFO] Downloaded from central: https://repo.maven.apache.org/maven2/org/sonatype/forge/forge-parent/5/forge-parent-5.pom (8.4 kB at 270 kB/s)
[INFO] Downloading from central: https://repo.maven.apache.org/maven2/commons-io/commons-io/2.11.0/commons-io-2.11.0.pom
[INFO] Downloaded from central: https://repo.maven.apache.org/maven2/commons-io/commons-io/2.11.0/commons-io-2.11.0.pom (20 kB at 519 kB/s)
[INFO] Downloading from central: https://repo.maven.apache.org/maven2/org/apache/commons/commons-parent/52/commons-parent-52.pom
[INFO] Downloaded from central: https://repo.maven.apache.org/maven2/org/apache/commons/commons-parent/52/commons-parent-52.pom (79 kB at 2.0 MB/s)
[INFO] Downloading from central: https://repo.maven.apache.org/maven2/org/apache/apache/23/apache-23.pom
[INFO] Downloaded from central: https://repo.maven.apache.org/maven2/org/apache/apache/23/apache-23.pom (18 kB at 150 kB/s)
[INFO] Downloading from central: https://repo.maven.apache.org/maven2/org/junit/junit-bom/5.7.2/junit-bom-5.7.2.pom
[INFO] Downloaded from central: https://repo.maven.apache.org/maven2/org/junit/junit-bom/5.7.2/junit-bom-5.7.2.pom (5.1 kB at 189 kB/s)
[INFO] Downloading from central: https://repo.maven.apache.org/maven2/org/apache/commons/commons-lang3/3.12.0/commons-lang3-3.12.0.pom
[INFO] Downloaded from central: https://repo.maven.apache.org/maven2/org/apache/commons/commons-lang3/3.12.0/commons-lang3-3.12.0.pom (31 kB at 902 kB/s)
[INFO] Downloading from central: https://repo.maven.apache.org/maven2/org/junit/junit-bom/5.7.1/junit-bom-5.7.1.pom
[INFO] Downloaded from central: https://repo.maven.apache.org/maven2/org/junit/junit-bom/5.7.1/junit-bom-5.7.1.pom (5.1 kB at 212 kB/s)
[INFO] Downloading from central: https://repo.maven.apache.org/maven2/org/codehaus/plexus/plexus-interpolation/1.26/plexus-interpolation-1.26.jar
[INFO] Downloaded from central: https://repo.maven.apache.org/maven2/org/codehaus/plexus/plexus-interpolation/1.26/plexus-interpolation-1.26.jar (85 kB at 2.7 MB/s)
[INFO] Downloading from central: https://repo.maven.apache.org/maven2/org/codehaus/plexus/plexus-utils/3.5.1/plexus-utils-3.5.1.jar
[INFO] Downloading from central: https://repo.maven.apache.org/maven2/org/apache/maven/shared/maven-filtering/3.3.1/maven-filtering-3.3.1.jar
[INFO] Downloading from central: https://repo.maven.apache.org/maven2/javax/inject/javax.inject/1/javax.inject-1.jar
[INFO] Downloading from central: https://repo.maven.apache.org/maven2/org/slf4j/slf4j-api/1.7.36/slf4j-api-1.7.36.jar
[INFO] Downloading from central: https://repo.maven.apache.org/maven2/org/sonatype/plexus/plexus-build-api/0.0.7/plexus-build-api-0.0.7.jar
[INFO] Downloaded from central: https://repo.maven.apache.org/maven2/javax/inject/javax.inject/1/javax.inject-1.jar (2.5 kB at 92 kB/s)
[INFO] Downloading from central: https://repo.maven.apache.org/maven2/commons-io/commons-io/2.11.0/commons-io-2.11.0.jar
[INFO] Downloaded from central: https://repo.maven.apache.org/maven2/org/codehaus/plexus/plexus-utils/3.5.1/plexus-utils-3.5.1.jar (269 kB at 4.8 MB/s)
[INFO] Downloading from central: https://repo.maven.apache.org/maven2/org/apache/commons/commons-lang3/3.12.0/commons-lang3-3.12.0.jar
[INFO] Downloaded from central: https://repo.maven.apache.org/maven2/org/slf4j/slf4j-api/1.7.36/slf4j-api-1.7.36.jar (41 kB at 762 kB/s)
[INFO] Downloaded from central: https://repo.maven.apache.org/maven2/org/sonatype/plexus/plexus-build-api/0.0.7/plexus-build-api-0.0.7.jar (8.5 kB at 163 kB/s)
[INFO] Downloaded from central: https://repo.maven.apache.org/maven2/org/apache/maven/shared/maven-filtering/3.3.1/maven-filtering-3.3.1.jar (55 kB at 887 kB/s)
[INFO] Downloaded from central: https://repo.maven.apache.org/maven2/commons-io/commons-io/2.11.0/commons-io-2.11.0.jar (327 kB at 4.2 MB/s)
[INFO] Downloaded from central: https://repo.maven.apache.org/maven2/org/apache/commons/commons-lang3/3.12.0/commons-lang3-3.12.0.jar (587 kB at 5.3 MB/s)
[INFO] skip non existing resourceDirectory /project/trading-test/src/main/resources
[INFO] skip non existing resourceDirectory /project/trading-test/src/main/resources
[INFO] 
[INFO] --- compiler:3.11.0:compile (default-compile) @ trading-test ---
[INFO] Downloading from central: https://repo.maven.apache.org/maven2/org/apache/maven/shared/maven-shared-utils/3.3.4/maven-shared-utils-3.3.4.pom
[INFO] Downloaded from central: https://repo.maven.apache.org/maven2/org/apache/maven/shared/maven-shared-utils/3.3.4/maven-shared-utils-3.3.4.pom (5.8 kB at 58 kB/s)
[INFO] Downloading from central: https://repo.maven.apache.org/maven2/org/apache/maven/shared/maven-shared-components/34/maven-shared-components-34.pom
[INFO] Downloaded from central: https://repo.maven.apache.org/maven2/org/apache/maven/shared/maven-shared-components/34/maven-shared-components-34.pom (5.1 kB at 176 kB/s)
[INFO] Downloading from central: https://repo.maven.apache.org/maven2/org/apache/maven/maven-parent/34/maven-parent-34.pom
[INFO] Downloaded from central: https://repo.maven.apache.org/maven2/org/apache/maven/maven-parent/34/maven-parent-34.pom (43 kB at 1.6 MB/s)
[INFO] Downloading from central: https://repo.maven.apache.org/maven2/commons-io/commons-io/2.6/commons-io-2.6.pom
[INFO] Downloaded from central: https://repo.maven.apache.org/maven2/commons-io/commons-io/2.6/commons-io-2.6.pom (14 kB at 509 kB/s)
[INFO] Downloading from central: https://repo.maven.apache.org/maven2/org/apache/commons/commons-parent/42/commons-parent-42.pom
[INFO] Downloaded from central: https://repo.maven.apache.org/maven2/org/apache/commons/commons-parent/42/commons-parent-42.pom (68 kB at 2.7 MB/s)
[INFO] Downloading from central: https://repo.maven.apache.org/maven2/org/apache/apache/18/apache-18.pom
[INFO] Downloaded from central: https://repo.maven.apache.org/maven2/org/apache/apache/18/apache-18.pom (16 kB at 580 kB/s)
[INFO] Downloading from central: https://repo.maven.apache.org/maven2/org/apache/maven/shared/maven-shared-incremental/1.1/maven-shared-incremental-1.1.pom
[INFO] Downloaded from central: https://repo.maven.apache.org/maven2/org/apache/maven/shared/maven-shared-incremental/1.1/maven-shared-incremental-1.1.pom (4.7 kB at 176 kB/s)
[INFO] Downloading from central: https://repo.maven.apache.org/maven2/org/apache/maven/shared/maven-shared-components/19/maven-shared-components-19.pom
[INFO] Downloaded from central: https://repo.maven.apache.org/maven2/org/apache/maven/shared/maven-shared-components/19/maven-shared-components-19.pom (6.4 kB at 276 kB/s)
[INFO] Downloading from central: https://repo.maven.apache.org/maven2/org/apache/maven/maven-parent/23/maven-parent-23.pom
[INFO] Downloaded from central: https://repo.maven.apache.org/maven2/org/apache/maven/maven-parent/23/maven-parent-23.pom (33 kB at 1.2 MB/s)
[INFO] Downloading from central: https://repo.maven.apache.org/maven2/org/apache/apache/13/apache-13.pom
[INFO] Downloaded from central: https://repo.maven.apache.org/maven2/org/apache/apache/13/apache-13.pom (14 kB at 608 kB/s)
[INFO] Downloading from central: https://repo.maven.apache.org/maven2/org/codehaus/plexus/plexus-component-annotations/1.5.5/plexus-component-annotations-1.5.5.pom
[INFO] Downloaded from central: https://repo.maven.apache.org/maven2/org/codehaus/plexus/plexus-component-annotations/1.5.5/plexus-component-annotations-1.5.5.pom (815 B at 34 kB/s)
[INFO] Downloading from central: https://repo.maven.apache.org/maven2/org/codehaus/plexus/plexus-containers/1.5.5/plexus-containers-1.5.5.pom
[INFO] Downloaded from central: https://repo.maven.apache.org/maven2/org/codehaus/plexus/plexus-containers/1.5.5/plexus-containers-1.5.5.pom (4.2 kB at 202 kB/s)
[INFO] Downloading from central: https://repo.maven.apache.org/maven2/org/codehaus/plexus/plexus/2.0.7/plexus-2.0.7.pom
[INFO] Downloaded from central: https://repo.maven.apache.org/maven2/org/codehaus/plexus/plexus/2.0.7/plexus-2.0.7.pom (17 kB at 665 kB/s)
[INFO] Downloading from central: https://repo.maven.apache.org/maven2/org/codehaus/plexus/plexus-java/1.1.2/plexus-java-1.1.2.pom
[INFO] Downloaded from central: https://repo.maven.apache.org/maven2/org/codehaus/plexus/plexus-java/1.1.2/plexus-java-1.1.2.pom (5.0 kB at 199 kB/s)
[INFO] Downloading from central: https://repo.maven.apache.org/maven2/org/codehaus/plexus/plexus-languages/1.1.2/plexus-languages-1.1.2.pom
[INFO] Downloaded from central: https://repo.maven.apache.org/maven2/org/codehaus/plexus/plexus-languages/1.1.2/plexus-languages-1.1.2.pom (4.1 kB at 188 kB/s)
[INFO] Downloading from central: https://repo.maven.apache.org/maven2/org/ow2/asm/asm/9.4/asm-9.4.pom
[INFO] Downloaded from central: https://repo.maven.apache.org/maven2/org/ow2/asm/asm/9.4/asm-9.4.pom (2.4 kB at 21 kB/s)
[INFO] Downloading from central: https://repo.maven.apache.org/maven2/org/ow2/ow2/1.5.1/ow2-1.5.1.pom
[INFO] Downloaded from central: https://repo.maven.apache.org/maven2/org/ow2/ow2/1.5.1/ow2-1.5.1.pom (11 kB at 491 kB/s)
[INFO] Downloading from central: https://repo.maven.apache.org/maven2/com/thoughtworks/qdox/qdox/2.0.3/qdox-2.0.3.pom
[INFO] Downloaded from central: https://repo.maven.apache.org/maven2/com/thoughtworks/qdox/qdox/2.0.3/qdox-2.0.3.pom (17 kB at 616 kB/s)
[INFO] Downloading from central: https://repo.maven.apache.org/maven2/org/sonatype/oss/oss-parent/9/oss-parent-9.pom
[INFO] Downloaded from central: https://repo.maven.apache.org/maven2/org/sonatype/oss/oss-parent/9/oss-parent-9.pom (6.6 kB at 286 kB/s)
[INFO] Downloading from central: https://repo.maven.apache.org/maven2/org/codehaus/plexus/plexus-compiler-api/2.13.0/plexus-compiler-api-2.13.0.pom
[INFO] Downloaded from central: https://repo.maven.apache.org/maven2/org/codehaus/plexus/plexus-compiler-api/2.13.0/plexus-compiler-api-2.13.0.pom (1.1 kB at 39 kB/s)
[INFO] Downloading from central: https://repo.maven.apache.org/maven2/org/codehaus/plexus/plexus-compiler/2.13.0/plexus-compiler-2.13.0.pom
[INFO] Downloaded from central: https://repo.maven.apache.org/maven2/org/codehaus/plexus/plexus-compiler/2.13.0/plexus-compiler-2.13.0.pom (8.4 kB at 364 kB/s)
[INFO] Downloading from central: https://repo.maven.apache.org/maven2/org/codehaus/plexus/plexus-components/10.0/plexus-components-10.0.pom
[INFO] Downloaded from central: https://repo.maven.apache.org/maven2/org/codehaus/plexus/plexus-components/10.0/plexus-components-10.0.pom (2.7 kB at 116 kB/s)
[INFO] Downloading from central: https://repo.maven.apache.org/maven2/org/junit/junit-bom/5.9.1/junit-bom-5.9.1.pom
[INFO] Downloaded from central: https://repo.maven.apache.org/maven2/org/junit/junit-bom/5.9.1/junit-bom-5.9.1.pom (5.6 kB at 188 kB/s)
[INFO] Downloading from central: https://repo.maven.apache.org/maven2/org/codehaus/plexus/plexus-compiler-manager/2.13.0/plexus-compiler-manager-2.13.0.pom
[INFO] Downloaded from central: https://repo.maven.apache.org/maven2/org/codehaus/plexus/plexus-compiler-manager/2.13.0/plexus-compiler-manager-2.13.0.pom (1.1 kB at 42 kB/s)
[INFO] Downloading from central: https://repo.maven.apache.org/maven2/org/codehaus/plexus/plexus-component-annotations/2.1.1/plexus-component-annotations-2.1.1.pom
[INFO] Downloaded from central: https://repo.maven.apache.org/maven2/org/codehaus/plexus/plexus-component-annotations/2.1.1/plexus-component-annotations-2.1.1.pom (770 B at 6.9 kB/s)
[INFO] Downloading from central: https://repo.maven.apache.org/maven2/org/codehaus/plexus/plexus-containers/2.1.1/plexus-containers-2.1.1.pom
[INFO] Downloaded from central: https://repo.maven.apache.org/maven2/org/codehaus/plexus/plexus-containers/2.1.1/plexus-containers-2.1.1.pom (6.0 kB at 232 kB/s)
[INFO] Downloading from central: https://repo.maven.apache.org/maven2/org/codehaus/plexus/plexus/6.5/plexus-6.5.pom
[INFO] Downloaded from central: https://repo.maven.apache.org/maven2/org/codehaus/plexus/plexus/6.5/plexus-6.5.pom (26 kB at 255 kB/s)
[INFO] Downloading from central: https://repo.maven.apache.org/maven2/org/codehaus/plexus/plexus-compiler-javac/2.13.0/plexus-compiler-javac-2.13.0.pom
[INFO] Downloaded from central: https://repo.maven.apache.org/maven2/org/codehaus/plexus/plexus-compiler-javac/2.13.0/plexus-compiler-javac-2.13.0.pom (1.2 kB at 50 kB/s)
[INFO] Downloading from central: https://repo.maven.apache.org/maven2/org/codehaus/plexus/plexus-compilers/2.13.0/plexus-compilers-2.13.0.pom
[INFO] Downloaded from central: https://repo.maven.apache.org/maven2/org/codehaus/plexus/plexus-compilers/2.13.0/plexus-compilers-2.13.0.pom (1.3 kB at 58 kB/s)
[INFO] Downloading from central: https://repo.maven.apache.org/maven2/org/apache/maven/shared/maven-shared-utils/3.3.4/maven-shared-utils-3.3.4.jar
[INFO] Downloaded from central: https://repo.maven.apache.org/maven2/org/apache/maven/shared/maven-shared-utils/3.3.4/maven-shared-utils-3.3.4.jar (153 kB at 5.1 MB/s)
[INFO] Downloading from central: https://repo.maven.apache.org/maven2/commons-io/commons-io/2.6/commons-io-2.6.jar
[INFO] Downloading from central: https://repo.maven.apache.org/maven2/org/apache/maven/shared/maven-shared-incremental/1.1/maven-shared-incremental-1.1.jar
[INFO] Downloading from central: https://repo.maven.apache.org/maven2/org/codehaus/plexus/plexus-component-annotations/1.5.5/plexus-component-annotations-1.5.5.jar
[INFO] Downloading from central: https://repo.maven.apache.org/maven2/org/codehaus/plexus/plexus-java/1.1.2/plexus-java-1.1.2.jar
[INFO] Downloading from central: https://repo.maven.apache.org/maven2/org/ow2/asm/asm/9.4/asm-9.4.jar
[INFO] Downloaded from central: https://repo.maven.apache.org/maven2/commons-io/commons-io/2.6/commons-io-2.6.jar (215 kB at 5.0 MB/s)
[INFO] Downloaded from central: https://repo.maven.apache.org/maven2/org/ow2/asm/asm/9.4/asm-9.4.jar (122 kB at 3.1 MB/s)
[INFO] Downloading from central: https://repo.maven.apache.org/maven2/com/thoughtworks/qdox/qdox/2.0.3/qdox-2.0.3.jar
[INFO] Downloading from central: https://repo.maven.apache.org/maven2/org/codehaus/plexus/plexus-compiler-api/2.13.0/plexus-compiler-api-2.13.0.jar
[INFO] Downloaded from central: https://repo.maven.apache.org/maven2/org/apache/maven/shared/maven-shared-incremental/1.1/maven-shared-incremental-1.1.jar (14 kB at 301 kB/s)
[INFO] Downloading from central: https://repo.maven.apache.org/maven2/org/codehaus/plexus/plexus-compiler-manager/2.13.0/plexus-compiler-manager-2.13.0.jar
[INFO] Downloaded from central: https://repo.maven.apache.org/maven2/org/codehaus/plexus/plexus-java/1.1.2/plexus-java-1.1.2.jar (55 kB at 1.2 MB/s)
[INFO] Downloading from central: https://repo.maven.apache.org/maven2/org/codehaus/plexus/plexus-compiler-javac/2.13.0/plexus-compiler-javac-2.13.0.jar
[INFO] Downloaded from central: https://repo.maven.apache.org/maven2/org/codehaus/plexus/plexus-component-annotations/1.5.5/plexus-component-annotations-1.5.5.jar (4.2 kB at 90 kB/s)
[INFO] Downloaded from central: https://repo.maven.apache.org/maven2/org/codehaus/plexus/plexus-compiler-api/2.13.0/plexus-compiler-api-2.13.0.jar (27 kB at 436 kB/s)
[INFO] Downloaded from central: https://repo.maven.apache.org/maven2/org/codehaus/plexus/plexus-compiler-javac/2.13.0/plexus-compiler-javac-2.13.0.jar (23 kB at 312 kB/s)
[INFO] Downloaded from central: https://repo.maven.apache.org/maven2/org/codehaus/plexus/plexus-compiler-manager/2.13.0/plexus-compiler-manager-2.13.0.jar (4.7 kB at 64 kB/s)
[INFO] Downloaded from central: https://repo.maven.apache.org/maven2/com/thoughtworks/qdox/qdox/2.0.3/qdox-2.0.3.jar (334 kB at 3.4 MB/s)
[INFO] Changes detected - recompiling the module! :source
[INFO] Compiling 1 source file with javac [debug release 21] to target/classes
[INFO] 
[INFO] --- resources:3.3.1:testResources (default-testResources) @ trading-test ---
[INFO] Not copying test resources
[INFO] 
[INFO] --- compiler:3.11.0:testCompile (default-testCompile) @ trading-test ---
[INFO] Not compiling test sources
[INFO] 
[INFO] --- surefire:3.1.2:test (default-test) @ trading-test ---
[INFO] Downloading from central: https://repo.maven.apache.org/maven2/org/apache/maven/surefire/maven-surefire-common/3.1.2/maven-surefire-common-3.1.2.pom
[INFO] Downloaded from central: https://repo.maven.apache.org/maven2/org/apache/maven/surefire/maven-surefire-common/3.1.2/maven-surefire-common-3.1.2.pom (6.1 kB at 174 kB/s)
[INFO] Downloading from central: https://repo.maven.apache.org/maven2/org/apache/maven/surefire/surefire-api/3.1.2/surefire-api-3.1.2.pom
[INFO] Downloaded from central: https://repo.maven.apache.org/maven2/org/apache/maven/surefire/surefire-api/3.1.2/surefire-api-3.1.2.pom (3.5 kB at 153 kB/s)
[INFO] Downloading from central: https://repo.maven.apache.org/maven2/org/apache/maven/surefire/surefire-logger-api/3.1.2/surefire-logger-api-3.1.2.pom
[INFO] Downloaded from central: https://repo.maven.apache.org/maven2/org/apache/maven/surefire/surefire-logger-api/3.1.2/surefire-logger-api-3.1.2.pom (3.3 kB at 136 kB/s)
[INFO] Downloading from central: https://repo.maven.apache.org/maven2/org/apache/maven/surefire/surefire-shared-utils/3.1.2/surefire-shared-utils-3.1.2.pom
[INFO] Downloaded from central: https://repo.maven.apache.org/maven2/org/apache/maven/surefire/surefire-shared-utils/3.1.2/surefire-shared-utils-3.1.2.pom (4.1 kB at 169 kB/s)
[INFO] Downloading from central: https://repo.maven.apache.org/maven2/org/apache/maven/surefire/surefire-extensions-api/3.1.2/surefire-extensions-api-3.1.2.pom
[INFO] Downloaded from central: https://repo.maven.apache.org/maven2/org/apache/maven/surefire/surefire-extensions-api/3.1.2/surefire-extensions-api-3.1.2.pom (3.3 kB at 118 kB/s)
[INFO] Downloading from central: https://repo.maven.apache.org/maven2/org/apache/maven/surefire/surefire-booter/3.1.2/surefire-booter-3.1.2.pom
[INFO] Downloaded from central: https://repo.maven.apache.org/maven2/org/apache/maven/surefire/surefire-booter/3.1.2/surefire-booter-3.1.2.pom (4.5 kB at 178 kB/s)
[INFO] Downloading from central: https://repo.maven.apache.org/maven2/org/apache/maven/surefire/surefire-extensions-spi/3.1.2/surefire-extensions-spi-3.1.2.pom
[INFO] Downloaded from central: https://repo.maven.apache.org/maven2/org/apache/maven/surefire/surefire-extensions-spi/3.1.2/surefire-extensions-spi-3.1.2.pom (1.8 kB at 53 kB/s)
[INFO] Downloading from central: https://repo.maven.apache.org/maven2/org/apache/maven/shared/maven-common-artifact-filters/3.1.1/maven-common-artifact-filters-3.1.1.pom
[INFO] Downloaded from central: https://repo.maven.apache.org/maven2/org/apache/maven/shared/maven-common-artifact-filters/3.1.1/maven-common-artifact-filters-3.1.1.pom (5.8 kB at 232 kB/s)
[INFO] Downloading from central: https://repo.maven.apache.org/maven2/org/apache/maven/maven-artifact/3.2.5/maven-artifact-3.2.5.pom
[INFO] Downloaded from central: https://repo.maven.apache.org/maven2/org/apache/maven/maven-artifact/3.2.5/maven-artifact-3.2.5.pom (2.3 kB at 107 kB/s)
[INFO] Downloading from central: https://repo.maven.apache.org/maven2/org/apache/maven/maven/3.2.5/maven-3.2.5.pom
[INFO] Downloaded from central: https://repo.maven.apache.org/maven2/org/apache/maven/maven/3.2.5/maven-3.2.5.pom (22 kB at 198 kB/s)
[INFO] Downloading from central: https://repo.maven.apache.org/maven2/org/apache/maven/maven-parent/25/maven-parent-25.pom
[INFO] Downloaded from central: https://repo.maven.apache.org/maven2/org/apache/maven/maven-parent/25/maven-parent-25.pom (37 kB at 353 kB/s)
[INFO] Downloading from central: https://repo.maven.apache.org/maven2/org/apache/apache/15/apache-15.pom
[INFO] Downloaded from central: https://repo.maven.apache.org/maven2/org/apache/apache/15/apache-15.pom (15 kB at 662 kB/s)
[INFO] Downloading from central: https://repo.maven.apache.org/maven2/org/apache/maven/maven-core/3.2.5/maven-core-3.2.5.pom
[INFO] Downloaded from central: https://repo.maven.apache.org/maven2/org/apache/maven/maven-core/3.2.5/maven-core-3.2.5.pom (8.1 kB at 269 kB/s)
[INFO] Downloading from central: https://repo.maven.apache.org/maven2/org/apache/maven/maven-settings/3.2.5/maven-settings-3.2.5.pom
[INFO] Downloaded from central: https://repo.maven.apache.org/maven2/org/apache/maven/maven-settings/3.2.5/maven-settings-3.2.5.pom (2.2 kB at 78 kB/s)
[INFO] Downloading from central: https://repo.maven.apache.org/maven2/org/apache/maven/maven-settings-builder/3.2.5/maven-settings-builder-3.2.5.pom
[INFO] Downloaded from central: https://repo.maven.apache.org/maven2/org/apache/maven/maven-settings-builder/3.2.5/maven-settings-builder-3.2.5.pom (2.6 kB at 65 kB/s)
[INFO] Downloading from central: https://repo.maven.apache.org/maven2/org/codehaus/plexus/plexus-interpolation/1.21/plexus-interpolation-1.21.pom
[INFO] Downloaded from central: https://repo.maven.apache.org/maven2/org/codehaus/plexus/plexus-interpolation/1.21/plexus-interpolation-1.21.pom (1.5 kB at 62 kB/s)
[INFO] Downloading from central: https://repo.maven.apache.org/maven2/org/codehaus/plexus/plexus-components/1.3.1/plexus-components-1.3.1.pom
[INFO] Downloaded from central: https://repo.maven.apache.org/maven2/org/codehaus/plexus/plexus-components/1.3.1/plexus-components-1.3.1.pom (3.1 kB at 139 kB/s)
[INFO] Downloading from central: https://repo.maven.apache.org/maven2/org/codehaus/plexus/plexus/3.3.1/plexus-3.3.1.pom
[INFO] Downloaded from central: https://repo.maven.apache.org/maven2/org/codehaus/plexus/plexus/3.3.1/plexus-3.3.1.pom (20 kB at 929 kB/s)
[INFO] Downloading from central: https://repo.maven.apache.org/maven2/org/sonatype/spice/spice-parent/17/spice-parent-17.pom
[INFO] Downloaded from central: https://repo.maven.apache.org/maven2/org/sonatype/spice/spice-parent/17/spice-parent-17.pom (6.8 kB at 338 kB/s)
[INFO] Downloading from central: https://repo.maven.apache.org/maven2/org/sonatype/forge/forge-parent/10/forge-parent-10.pom
[INFO] Downloaded from central: https://repo.maven.apache.org/maven2/org/sonatype/forge/forge-parent/10/forge-parent-10.pom (14 kB at 565 kB/s)
[INFO] Downloading from central: https://repo.maven.apache.org/maven2/org/sonatype/plexus/plexus-sec-dispatcher/1.3/plexus-sec-dispatcher-1.3.pom
[INFO] Downloaded from central: https://repo.maven.apache.org/maven2/org/sonatype/plexus/plexus-sec-dispatcher/1.3/plexus-sec-dispatcher-1.3.pom (3.0 kB at 106 kB/s)
[INFO] Downloading from central: https://repo.maven.apache.org/maven2/org/sonatype/spice/spice-parent/12/spice-parent-12.pom
[INFO] Downloaded from central: https://repo.maven.apache.org/maven2/org/sonatype/spice/spice-parent/12/spice-parent-12.pom (6.8 kB at 272 kB/s)
[INFO] Downloading from central: https://repo.maven.apache.org/maven2/org/sonatype/forge/forge-parent/4/forge-parent-4.pom
[INFO] Downloaded from central: https://repo.maven.apache.org/maven2/org/sonatype/forge/forge-parent/4/forge-parent-4.pom (8.4 kB at 365 kB/s)
[INFO] Downloading from central: https://repo.maven.apache.org/maven2/org/sonatype/plexus/plexus-cipher/1.4/plexus-cipher-1.4.pom
[INFO] Downloaded from central: https://repo.maven.apache.org/maven2/org/sonatype/plexus/plexus-cipher/1.4/plexus-cipher-1.4.pom (2.1 kB at 86 kB/s)
[INFO] Downloading from central: https://repo.maven.apache.org/maven2/org/apache/maven/maven-repository-metadata/3.2.5/maven-repository-metadata-3.2.5.pom
[INFO] Downloaded from central: https://repo.maven.apache.org/maven2/org/apache/maven/maven-repository-metadata/3.2.5/maven-repository-metadata-3.2.5.pom (2.2 kB at 20 kB/s)
[INFO] Downloading from central: https://repo.maven.apache.org/maven2/org/apache/maven/maven-plugin-api/3.2.5/maven-plugin-api-3.2.5.pom
[INFO] Downloaded from central: https://repo.maven.apache.org/maven2/org/apache/maven/maven-plugin-api/3.2.5/maven-plugin-api-3.2.5.pom (3.0 kB at 132 kB/s)
[INFO] Downloading from central: https://repo.maven.apache.org/maven2/org/eclipse/sisu/org.eclipse.sisu.plexus/0.3.5/org.eclipse.sisu.plexus-0.3.5.pom
[INFO] Downloaded from central: https://repo.maven.apache.org/maven2/org/eclipse/sisu/org.eclipse.sisu.plexus/0.3.5/org.eclipse.sisu.plexus-0.3.5.pom (4.3 kB at 143 kB/s)
[INFO] Downloading from central: https://repo.maven.apache.org/maven2/org/eclipse/sisu/sisu-plexus/0.3.5/sisu-plexus-0.3.5.pom
[INFO] Downloaded from central: https://repo.maven.apache.org/maven2/org/eclipse/sisu/sisu-plexus/0.3.5/sisu-plexus-0.3.5.pom (14 kB at 624 kB/s)
[INFO] Downloading from central: https://repo.maven.apache.org/maven2/javax/annotation/javax.annotation-api/1.2/javax.annotation-api-1.2.pom
[INFO] Downloaded from central: https://repo.maven.apache.org/maven2/javax/annotation/javax.annotation-api/1.2/javax.annotation-api-1.2.pom (13 kB at 517 kB/s)
[INFO] Downloading from central: https://repo.maven.apache.org/maven2/net/java/jvnet-parent/3/jvnet-parent-3.pom
[INFO] Downloaded from central: https://repo.maven.apache.org/maven2/net/java/jvnet-parent/3/jvnet-parent-3.pom (4.8 kB at 192 kB/s)
[INFO] Downloading from central: https://repo.maven.apache.org/maven2/javax/enterprise/cdi-api/1.2/cdi-api-1.2.pom
[INFO] Downloaded from central: https://repo.maven.apache.org/maven2/javax/enterprise/cdi-api/1.2/cdi-api-1.2.pom (6.3 kB at 196 kB/s)
[INFO] Downloading from central: https://repo.maven.apache.org/maven2/org/jboss/weld/weld-parent/26/weld-parent-26.pom
[INFO] Downloaded from central: https://repo.maven.apache.org/maven2/org/jboss/weld/weld-parent/26/weld-parent-26.pom (32 kB at 1.0 MB/s)
[INFO] Downloading from central: https://repo.maven.apache.org/maven2/org/eclipse/sisu/org.eclipse.sisu.inject/0.3.5/org.eclipse.sisu.inject-0.3.5.pom
[INFO] Downloaded from central: https://repo.maven.apache.org/maven2/org/eclipse/sisu/org.eclipse.sisu.inject/0.3.5/org.eclipse.sisu.inject-0.3.5.pom (2.6 kB at 114 kB/s)
[INFO] Downloading from central: https://repo.maven.apache.org/maven2/org/eclipse/sisu/sisu-inject/0.3.5/sisu-inject-0.3.5.pom
[INFO] Downloaded from central: https://repo.maven.apache.org/maven2/org/eclipse/sisu/sisu-inject/0.3.5/sisu-inject-0.3.5.pom (14 kB at 576 kB/s)
[INFO] Downloading from central: https://repo.maven.apache.org/maven2/org/codehaus/plexus/plexus-classworlds/2.5.2/plexus-classworlds-2.5.2.pom
[INFO] Downloaded from central: https://repo.maven.apache.org/maven2/org/codehaus/plexus/plexus-classworlds/2.5.2/plexus-classworlds-2.5.2.pom (7.3 kB at 70 kB/s)
[INFO] Downloading from central: https://repo.maven.apache.org/maven2/org/apache/maven/maven-model-builder/3.2.5/maven-model-builder-3.2.5.pom
[INFO] Downloaded from central: https://repo.maven.apache.org/maven2/org/apache/maven/maven-model-builder/3.2.5/maven-model-builder-3.2.5.pom (3.0 kB at 27 kB/s)
[INFO] Downloading from central: https://repo.maven.apache.org/maven2/org/apache/maven/maven-aether-provider/3.2.5/maven-aether-provider-3.2.5.pom
[INFO] Downloaded from central: https://repo.maven.apache.org/maven2/org/apache/maven/maven-aether-provider/3.2.5/maven-aether-provider-3.2.5.pom (4.2 kB at 142 kB/s)
[INFO] Downloading from central: https://repo.maven.apache.org/maven2/org/eclipse/aether/aether-spi/1.0.0.v20140518/aether-spi-1.0.0.v20140518.pom
[INFO] Downloaded from central: https://repo.maven.apache.org/maven2/org/eclipse/aether/aether-spi/1.0.0.v20140518/aether-spi-1.0.0.v20140518.pom (2.1 kB at 89 kB/s)
[INFO] Downloading from central: https://repo.maven.apache.org/maven2/org/eclipse/aether/aether-impl/1.0.0.v20140518/aether-impl-1.0.0.v20140518.pom
[INFO] Downloaded from central: https://repo.maven.apache.org/maven2/org/eclipse/aether/aether-impl/1.0.0.v20140518/aether-impl-1.0.0.v20140518.pom (3.5 kB at 151 kB/s)
[INFO] Downloading from central: https://repo.maven.apache.org/maven2/org/sonatype/sisu/sisu-guice/3.2.3/sisu-guice-3.2.3.pom
[INFO] Downloaded from central: https://repo.maven.apache.org/maven2/org/sonatype/sisu/sisu-guice/3.2.3/sisu-guice-3.2.3.pom (11 kB at 497 kB/s)
[INFO] Downloading from central: https://repo.maven.apache.org/maven2/org/sonatype/sisu/inject/guice-parent/3.2.3/guice-parent-3.2.3.pom
[INFO] Downloaded from central: https://repo.maven.apache.org/maven2/org/sonatype/sisu/inject/guice-parent/3.2.3/guice-parent-3.2.3.pom (13 kB at 539 kB/s)
[INFO] Downloading from central: https://repo.maven.apache.org/maven2/org/sonatype/forge/forge-parent/38/forge-parent-38.pom
[INFO] Downloaded from central: https://repo.maven.apache.org/maven2/org/sonatype/forge/forge-parent/38/forge-parent-38.pom (19 kB at 781 kB/s)
[INFO] Downloading from central: https://repo.maven.apache.org/maven2/aopalliance/aopalliance/1.0/aopalliance-1.0.pom
[INFO] Downloaded from central: https://repo.maven.apache.org/maven2/aopalliance/aopalliance/1.0/aopalliance-1.0.pom (363 B at 11 kB/s)
[INFO] Downloading from central: https://repo.maven.apache.org/maven2/com/google/guava/guava/16.0.1/guava-16.0.1.pom
[INFO] Downloaded from central: https://repo.maven.apache.org/maven2/com/google/guava/guava/16.0.1/guava-16.0.1.pom (6.1 kB at 254 kB/s)
[INFO] Downloading from central: https://repo.maven.apache.org/maven2/com/google/guava/guava-parent/16.0.1/guava-parent-16.0.1.pom
[INFO] Downloaded from central: https://repo.maven.apache.org/maven2/com/google/guava/guava-parent/16.0.1/guava-parent-16.0.1.pom (7.3 kB at 293 kB/s)
[INFO] Downloading from central: https://repo.maven.apache.org/maven2/commons-io/commons-io/2.12.0/commons-io-2.12.0.pom
[INFO] Downloaded from central: https://repo.maven.apache.org/maven2/commons-io/commons-io/2.12.0/commons-io-2.12.0.pom (20 kB at 782 kB/s)
[INFO] Downloading from central: https://repo.maven.apache.org/maven2/org/apache/commons/commons-parent/57/commons-parent-57.pom
[INFO] Downloaded from central: https://repo.maven.apache.org/maven2/org/apache/commons/commons-parent/57/commons-parent-57.pom (83 kB at 2.6 MB/s)
[INFO] Downloading from central: https://repo.maven.apache.org/maven2/org/junit/junit-bom/5.9.2/junit-bom-5.9.2.pom
[INFO] Downloaded from central: https://repo.maven.apache.org/maven2/org/junit/junit-bom/5.9.2/junit-bom-5.9.2.pom (5.6 kB at 268 kB/s)
[INFO] Downloading from central: https://repo.maven.apache.org/maven2/org/apache/maven/surefire/maven-surefire-common/3.1.2/maven-surefire-common-3.1.2.jar
[INFO] Downloaded from central: https://repo.maven.apache.org/maven2/org/apache/maven/surefire/maven-surefire-common/3.1.2/maven-surefire-common-3.1.2.jar (306 kB at 2.4 MB/s)
[INFO] Downloading from central: https://repo.maven.apache.org/maven2/org/apache/maven/surefire/surefire-api/3.1.2/surefire-api-3.1.2.jar
[INFO] Downloading from central: https://repo.maven.apache.org/maven2/org/apache/maven/surefire/surefire-logger-api/3.1.2/surefire-logger-api-3.1.2.jar
[INFO] Downloading from central: https://repo.maven.apache.org/maven2/org/apache/maven/surefire/surefire-extensions-api/3.1.2/surefire-extensions-api-3.1.2.jar
[INFO] Downloading from central: https://repo.maven.apache.org/maven2/org/apache/maven/surefire/surefire-booter/3.1.2/surefire-booter-3.1.2.jar
[INFO] Downloading from central: https://repo.maven.apache.org/maven2/org/apache/maven/surefire/surefire-extensions-spi/3.1.2/surefire-extensions-spi-3.1.2.jar
[INFO] Downloaded from central: https://repo.maven.apache.org/maven2/org/apache/maven/surefire/surefire-api/3.1.2/surefire-api-3.1.2.jar (171 kB at 4.7 MB/s)
[INFO] Downloading from central: https://repo.maven.apache.org/maven2/org/apache/maven/shared/maven-common-artifact-filters/3.1.1/maven-common-artifact-filters-3.1.1.jar
[INFO] Downloaded from central: https://repo.maven.apache.org/maven2/org/apache/maven/surefire/surefire-booter/3.1.2/surefire-booter-3.1.2.jar (118 kB at 3.1 MB/s)
[INFO] Downloading from central: https://repo.maven.apache.org/maven2/commons-io/commons-io/2.12.0/commons-io-2.12.0.jar
[INFO] Downloaded from central: https://repo.maven.apache.org/maven2/org/apache/maven/surefire/surefire-extensions-spi/3.1.2/surefire-extensions-spi-3.1.2.jar (8.2 kB at 204 kB/s)
[INFO] Downloading from central: https://repo.maven.apache.org/maven2/org/apache/maven/surefire/surefire-shared-utils/3.1.2/surefire-shared-utils-3.1.2.jar
[INFO] Downloaded from central: https://repo.maven.apache.org/maven2/org/apache/maven/surefire/surefire-logger-api/3.1.2/surefire-logger-api-3.1.2.jar (14 kB at 324 kB/s)
[INFO] Downloaded from central: https://repo.maven.apache.org/maven2/org/apache/maven/surefire/surefire-extensions-api/3.1.2/surefire-extensions-api-3.1.2.jar (26 kB at 574 kB/s)
[INFO] Downloaded from central: https://repo.maven.apache.org/maven2/org/apache/maven/shared/maven-common-artifact-filters/3.1.1/maven-common-artifact-filters-3.1.1.jar (61 kB at 1.0 MB/s)
[INFO] Downloaded from central: https://repo.maven.apache.org/maven2/commons-io/commons-io/2.12.0/commons-io-2.12.0.jar (474 kB at 4.1 MB/s)
[INFO] Downloaded from central: https://repo.maven.apache.org/maven2/org/apache/maven/surefire/surefire-shared-utils/3.1.2/surefire-shared-utils-3.1.2.jar (2.3 MB at 8.9 MB/s)
[INFO] Tests are skipped.
[INFO] 
[INFO] --- jar:3.3.0:jar (default-jar) @ trading-test ---
[INFO] Downloading from central: https://repo.maven.apache.org/maven2/org/apache/maven/shared/file-management/3.1.0/file-management-3.1.0.pom
[INFO] Downloaded from central: https://repo.maven.apache.org/maven2/org/apache/maven/shared/file-management/3.1.0/file-management-3.1.0.pom (4.5 kB at 42 kB/s)
[INFO] Downloading from central: https://repo.maven.apache.org/maven2/org/apache/maven/shared/maven-shared-components/36/maven-shared-components-36.pom
[INFO] Downloaded from central: https://repo.maven.apache.org/maven2/org/apache/maven/shared/maven-shared-components/36/maven-shared-components-36.pom (4.9 kB at 213 kB/s)
[INFO] Downloading from central: https://repo.maven.apache.org/maven2/org/apache/maven/maven-parent/36/maven-parent-36.pom
[INFO] Downloaded from central: https://repo.maven.apache.org/maven2/org/apache/maven/maven-parent/36/maven-parent-36.pom (45 kB at 968 kB/s)
[INFO] Downloading from central: https://repo.maven.apache.org/maven2/org/apache/apache/26/apache-26.pom
[INFO] Downloaded from central: https://repo.maven.apache.org/maven2/org/apache/apache/26/apache-26.pom (21 kB at 708 kB/s)
[INFO] Downloading from central: https://repo.maven.apache.org/maven2/org/codehaus/plexus/plexus-utils/3.3.0/plexus-utils-3.3.0.pom
[INFO] Downloaded from central: https://repo.maven.apache.org/maven2/org/codehaus/plexus/plexus-utils/3.3.0/plexus-utils-3.3.0.pom (5.2 kB at 207 kB/s)
[INFO] Downloading from central: https://repo.maven.apache.org/maven2/org/apache/maven/maven-archiver/3.6.0/maven-archiver-3.6.0.pom
[INFO] Downloaded from central: https://repo.maven.apache.org/maven2/org/apache/maven/maven-archiver/3.6.0/maven-archiver-3.6.0.pom (3.9 kB at 163 kB/s)
[INFO] Downloading from central: https://repo.maven.apache.org/maven2/org/codehaus/plexus/plexus-io/3.4.0/plexus-io-3.4.0.pom
[INFO] Downloaded from central: https://repo.maven.apache.org/maven2/org/codehaus/plexus/plexus-io/3.4.0/plexus-io-3.4.0.pom (6.0 kB at 251 kB/s)
[INFO] Downloading from central: https://repo.maven.apache.org/maven2/org/codehaus/plexus/plexus-archiver/4.4.0/plexus-archiver-4.4.0.pom
[INFO] Downloaded from central: https://repo.maven.apache.org/maven2/org/codehaus/plexus/plexus-archiver/4.4.0/plexus-archiver-4.4.0.pom (6.3 kB at 250 kB/s)
[INFO] Downloading from central: https://repo.maven.apache.org/maven2/org/apache/commons/commons-compress/1.21/commons-compress-1.21.pom
[INFO] Downloaded from central: https://repo.maven.apache.org/maven2/org/apache/commons/commons-compress/1.21/commons-compress-1.21.pom (20 kB at 679 kB/s)
[INFO] Downloading from central: https://repo.maven.apache.org/maven2/org/iq80/snappy/snappy/0.4/snappy-0.4.pom
[INFO] Downloaded from central: https://repo.maven.apache.org/maven2/org/iq80/snappy/snappy/0.4/snappy-0.4.pom (15 kB at 501 kB/s)
[INFO] Downloading from central: https://repo.maven.apache.org/maven2/org/tukaani/xz/1.9/xz-1.9.pom
[INFO] Downloaded from central: https://repo.maven.apache.org/maven2/org/tukaani/xz/1.9/xz-1.9.pom (2.0 kB at 73 kB/s)
[INFO] Downloading from central: https://repo.maven.apache.org/maven2/org/codehaus/plexus/plexus-utils/3.4.2/plexus-utils-3.4.2.pom
[INFO] Downloaded from central: https://repo.maven.apache.org/maven2/org/codehaus/plexus/plexus-utils/3.4.2/plexus-utils-3.4.2.pom (8.2 kB at 342 kB/s)
[INFO] Downloading from central: https://repo.maven.apache.org/maven2/org/codehaus/plexus/plexus/8/plexus-8.pom
[INFO] Downloaded from central: https://repo.maven.apache.org/maven2/org/codehaus/plexus/plexus/8/plexus-8.pom (25 kB at 848 kB/s)
[INFO] Downloading from central: https://repo.maven.apache.org/maven2/org/apache/maven/shared/file-management/3.1.0/file-management-3.1.0.jar
[INFO] Downloaded from central: https://repo.maven.apache.org/maven2/org/apache/maven/shared/file-management/3.1.0/file-management-3.1.0.jar (36 kB at 313 kB/s)
[INFO] Downloading from central: https://repo.maven.apache.org/maven2/org/apache/maven/maven-archiver/3.6.0/maven-archiver-3.6.0.jar
[INFO] Downloading from central: https://repo.maven.apache.org/maven2/org/codehaus/plexus/plexus-io/3.4.0/plexus-io-3.4.0.jar
[INFO] Downloading from central: https://repo.maven.apache.org/maven2/org/codehaus/plexus/plexus-archiver/4.4.0/plexus-archiver-4.4.0.jar
[INFO] Downloading from central: https://repo.maven.apache.org/maven2/org/apache/commons/commons-compress/1.21/commons-compress-1.21.jar
[INFO] Downloading from central: https://repo.maven.apache.org/maven2/org/iq80/snappy/snappy/0.4/snappy-0.4.jar
[INFO] Downloaded from central: https://repo.maven.apache.org/maven2/org/apache/maven/maven-archiver/3.6.0/maven-archiver-3.6.0.jar (26 kB at 820 kB/s)
[INFO] Downloading from central: https://repo.maven.apache.org/maven2/org/tukaani/xz/1.9/xz-1.9.jar
[INFO] Downloaded from central: https://repo.maven.apache.org/maven2/org/codehaus/plexus/plexus-archiver/4.4.0/plexus-archiver-4.4.0.jar (211 kB at 5.3 MB/s)
[INFO] Downloading from central: https://repo.maven.apache.org/maven2/org/codehaus/plexus/plexus-utils/3.4.2/plexus-utils-3.4.2.jar
[INFO] Downloaded from central: https://repo.maven.apache.org/maven2/org/iq80/snappy/snappy/0.4/snappy-0.4.jar (58 kB at 1.4 MB/s)
[INFO] Downloaded from central: https://repo.maven.apache.org/maven2/org/codehaus/plexus/plexus-io/3.4.0/plexus-io-3.4.0.jar (79 kB at 1.8 MB/s)
[INFO] Downloaded from central: https://repo.maven.apache.org/maven2/org/tukaani/xz/1.9/xz-1.9.jar (116 kB at 1.6 MB/s)
[INFO] Downloaded from central: https://repo.maven.apache.org/maven2/org/codehaus/plexus/plexus-utils/3.4.2/plexus-utils-3.4.2.jar (267 kB at 2.9 MB/s)
[INFO] Downloaded from central: https://repo.maven.apache.org/maven2/org/apache/commons/commons-compress/1.21/commons-compress-1.21.jar (1.0 MB at 7.4 MB/s)
[INFO] Building jar: /project/trading-test/target/trading-test-5.0.0-SNAPSHOT.jar
[INFO] 
[INFO] --- install:3.1.1:install (default-install) @ trading-test ---
[INFO] Installing /project/trading-test/pom.xml to /root/.m2/repository/fr/ymanvieu/trading/trading-test/5.0.0-SNAPSHOT/trading-test-5.0.0-SNAPSHOT.pom
[INFO] Installing /project/trading-test/target/trading-test-5.0.0-SNAPSHOT.jar to /root/.m2/repository/fr/ymanvieu/trading/trading-test/5.0.0-SNAPSHOT/trading-test-5.0.0-SNAPSHOT.jar
[INFO] 
[INFO] -----------------< fr.ymanvieu.trading:trading-common >-----------------
[INFO] Building trading-common 5.0.0-SNAPSHOT                             [3/6]
[INFO]   from trading-common/pom.xml
[INFO] --------------------------------[ jar ]---------------------------------
[INFO] Downloading from central: https://repo.maven.apache.org/maven2/com/mysema/maven/apt-maven-plugin/1.1.3/apt-maven-plugin-1.1.3.pom
[INFO] Downloaded from central: https://repo.maven.apache.org/maven2/com/mysema/maven/apt-maven-plugin/1.1.3/apt-maven-plugin-1.1.3.pom (3.5 kB at 83 kB/s)
[INFO] Downloading from central: https://repo.maven.apache.org/maven2/com/mysema/home/mysema-source/0.3.1/mysema-source-0.3.1.pom
[INFO] Downloaded from central: https://repo.maven.apache.org/maven2/com/mysema/home/mysema-source/0.3.1/mysema-source-0.3.1.pom (3.0 kB at 100 kB/s)
[INFO] Downloading from central: https://repo.maven.apache.org/maven2/com/mysema/maven/apt-maven-plugin/1.1.3/apt-maven-plugin-1.1.3.jar
[INFO] Downloaded from central: https://repo.maven.apache.org/maven2/com/mysema/maven/apt-maven-plugin/1.1.3/apt-maven-plugin-1.1.3.jar (15 kB at 570 kB/s)
[INFO] Downloading from jitpack.io: https://jitpack.io/com/fasterxml/jackson/dataformat/jackson-dataformat-xml/2.15.3/jackson-dataformat-xml-2.15.3.pom
[INFO] Downloading from central: https://repo.maven.apache.org/maven2/com/fasterxml/jackson/dataformat/jackson-dataformat-xml/2.15.3/jackson-dataformat-xml-2.15.3.pom
[INFO] Downloaded from central: https://repo.maven.apache.org/maven2/com/fasterxml/jackson/dataformat/jackson-dataformat-xml/2.15.3/jackson-dataformat-xml-2.15.3.pom (7.3 kB at 183 kB/s)
[INFO] Downloading from jitpack.io: https://jitpack.io/com/fasterxml/jackson/jackson-base/2.15.3/jackson-base-2.15.3.pom
[INFO] Downloading from central: https://repo.maven.apache.org/maven2/com/fasterxml/jackson/jackson-base/2.15.3/jackson-base-2.15.3.pom
[INFO] Downloaded from central: https://repo.maven.apache.org/maven2/com/fasterxml/jackson/jackson-base/2.15.3/jackson-base-2.15.3.pom (11 kB at 364 kB/s)
[INFO] Downloading from jitpack.io: https://jitpack.io/com/fasterxml/jackson/core/jackson-core/2.15.3/jackson-core-2.15.3.pom
[INFO] Downloading from central: https://repo.maven.apache.org/maven2/com/fasterxml/jackson/core/jackson-core/2.15.3/jackson-core-2.15.3.pom
[INFO] Downloaded from central: https://repo.maven.apache.org/maven2/com/fasterxml/jackson/core/jackson-core/2.15.3/jackson-core-2.15.3.pom (9.8 kB at 337 kB/s)
[INFO] Downloading from jitpack.io: https://jitpack.io/com/fasterxml/jackson/core/jackson-annotations/2.15.3/jackson-annotations-2.15.3.pom
[INFO] Downloading from central: https://repo.maven.apache.org/maven2/com/fasterxml/jackson/core/jackson-annotations/2.15.3/jackson-annotations-2.15.3.pom
[INFO] Downloaded from central: https://repo.maven.apache.org/maven2/com/fasterxml/jackson/core/jackson-annotations/2.15.3/jackson-annotations-2.15.3.pom (7.1 kB at 64 kB/s)
[INFO] Downloading from jitpack.io: https://jitpack.io/com/fasterxml/jackson/core/jackson-databind/2.15.3/jackson-databind-2.15.3.pom
[INFO] Downloading from central: https://repo.maven.apache.org/maven2/com/fasterxml/jackson/core/jackson-databind/2.15.3/jackson-databind-2.15.3.pom
[INFO] Downloaded from central: https://repo.maven.apache.org/maven2/com/fasterxml/jackson/core/jackson-databind/2.15.3/jackson-databind-2.15.3.pom (19 kB at 585 kB/s)
[INFO] Downloading from jitpack.io: https://jitpack.io/org/codehaus/woodstox/stax2-api/4.2.1/stax2-api-4.2.1.pom
[INFO] Downloading from central: https://repo.maven.apache.org/maven2/org/codehaus/woodstox/stax2-api/4.2.1/stax2-api-4.2.1.pom
[INFO] Downloaded from central: https://repo.maven.apache.org/maven2/org/codehaus/woodstox/stax2-api/4.2.1/stax2-api-4.2.1.pom (6.3 kB at 203 kB/s)
[INFO] Downloading from jitpack.io: https://jitpack.io/com/fasterxml/oss-parent/38/oss-parent-38.pom
[INFO] Downloading from central: https://repo.maven.apache.org/maven2/com/fasterxml/oss-parent/38/oss-parent-38.pom
[INFO] Downloaded from central: https://repo.maven.apache.org/maven2/com/fasterxml/oss-parent/38/oss-parent-38.pom (23 kB at 768 kB/s)
[INFO] Downloading from jitpack.io: https://jitpack.io/com/fasterxml/woodstox/woodstox-core/6.5.1/woodstox-core-6.5.1.pom
[INFO] Downloading from central: https://repo.maven.apache.org/maven2/com/fasterxml/woodstox/woodstox-core/6.5.1/woodstox-core-6.5.1.pom
[INFO] Downloaded from central: https://repo.maven.apache.org/maven2/com/fasterxml/woodstox/woodstox-core/6.5.1/woodstox-core-6.5.1.pom (9.6 kB at 310 kB/s)
[INFO] Downloading from jitpack.io: https://jitpack.io/org/projectlombok/lombok/1.18.30/lombok-1.18.30.pom
[INFO] Downloading from central: https://repo.maven.apache.org/maven2/org/projectlombok/lombok/1.18.30/lombok-1.18.30.pom
[INFO] Downloaded from central: https://repo.maven.apache.org/maven2/org/projectlombok/lombok/1.18.30/lombok-1.18.30.pom (1.5 kB at 42 kB/s)
[INFO] Downloading from jitpack.io: https://jitpack.io/org/flywaydb/flyway-core/9.22.3/flyway-core-9.22.3.pom
[INFO] Downloading from central: https://repo.maven.apache.org/maven2/org/flywaydb/flyway-core/9.22.3/flyway-core-9.22.3.pom
[INFO] Downloaded from central: https://repo.maven.apache.org/maven2/org/flywaydb/flyway-core/9.22.3/flyway-core-9.22.3.pom (8.8 kB at 259 kB/s)
[INFO] Downloading from jitpack.io: https://jitpack.io/org/flywaydb/flyway-parent/9.22.3/flyway-parent-9.22.3.pom
[INFO] Downloading from central: https://repo.maven.apache.org/maven2/org/flywaydb/flyway-parent/9.22.3/flyway-parent-9.22.3.pom
[INFO] Downloaded from central: https://repo.maven.apache.org/maven2/org/flywaydb/flyway-parent/9.22.3/flyway-parent-9.22.3.pom (35 kB at 544 kB/s)
[INFO] Downloading from jitpack.io: https://jitpack.io/com/fasterxml/jackson/dataformat/jackson-dataformat-toml/2.15.3/jackson-dataformat-toml-2.15.3.pom
[INFO] Downloading from central: https://repo.maven.apache.org/maven2/com/fasterxml/jackson/dataformat/jackson-dataformat-toml/2.15.3/jackson-dataformat-toml-2.15.3.pom
[INFO] Downloaded from central: https://repo.maven.apache.org/maven2/com/fasterxml/jackson/dataformat/jackson-dataformat-toml/2.15.3/jackson-dataformat-toml-2.15.3.pom (3.5 kB at 129 kB/s)
[INFO] Downloading from jitpack.io: https://jitpack.io/com/fasterxml/jackson/dataformat/jackson-dataformats-text/2.15.3/jackson-dataformats-text-2.15.3.pom
[INFO] Downloading from central: https://repo.maven.apache.org/maven2/com/fasterxml/jackson/dataformat/jackson-dataformats-text/2.15.3/jackson-dataformats-text-2.15.3.pom
[INFO] Downloaded from central: https://repo.maven.apache.org/maven2/com/fasterxml/jackson/dataformat/jackson-dataformats-text/2.15.3/jackson-dataformats-text-2.15.3.pom (3.5 kB at 112 kB/s)
[INFO] Downloading from jitpack.io: https://jitpack.io/com/google/code/gson/gson/2.10.1/gson-2.10.1.pom
[INFO] Downloading from central: https://repo.maven.apache.org/maven2/com/google/code/gson/gson/2.10.1/gson-2.10.1.pom
[INFO] Downloaded from central: https://repo.maven.apache.org/maven2/com/google/code/gson/gson/2.10.1/gson-2.10.1.pom (9.4 kB at 246 kB/s)
[INFO] Downloading from jitpack.io: https://jitpack.io/com/google/code/gson/gson-parent/2.10.1/gson-parent-2.10.1.pom
[INFO] Downloading from central: https://repo.maven.apache.org/maven2/com/google/code/gson/gson-parent/2.10.1/gson-parent-2.10.1.pom
[INFO] Downloaded from central: https://repo.maven.apache.org/maven2/com/google/code/gson/gson-parent/2.10.1/gson-parent-2.10.1.pom (13 kB at 108 kB/s)
[INFO] Downloading from jitpack.io: https://jitpack.io/org/mapstruct/mapstruct/1.6.0.Beta1/mapstruct-1.6.0.Beta1.pom
[INFO] Downloading from central: https://repo.maven.apache.org/maven2/org/mapstruct/mapstruct/1.6.0.Beta1/mapstruct-1.6.0.Beta1.pom
[INFO] Downloaded from central: https://repo.maven.apache.org/maven2/org/mapstruct/mapstruct/1.6.0.Beta1/mapstruct-1.6.0.Beta1.pom (1.8 kB at 57 kB/s)
[INFO] Downloading from jitpack.io: https://jitpack.io/org/mapstruct/mapstruct-parent/1.6.0.Beta1/mapstruct-parent-1.6.0.Beta1.pom
[INFO] Downloading from central: https://repo.maven.apache.org/maven2/org/mapstruct/mapstruct-parent/1.6.0.Beta1/mapstruct-parent-1.6.0.Beta1.pom
[INFO] Downloaded from central: https://repo.maven.apache.org/maven2/org/mapstruct/mapstruct-parent/1.6.0.Beta1/mapstruct-parent-1.6.0.Beta1.pom (1.6 kB at 57 kB/s)
[INFO] Downloading from jitpack.io: https://jitpack.io/org/mapstruct/mapstruct-processor/1.6.0.Beta1/mapstruct-processor-1.6.0.Beta1.pom
[INFO] Downloading from central: https://repo.maven.apache.org/maven2/org/mapstruct/mapstruct-processor/1.6.0.Beta1/mapstruct-processor-1.6.0.Beta1.pom
[INFO] Downloaded from central: https://repo.maven.apache.org/maven2/org/mapstruct/mapstruct-processor/1.6.0.Beta1/mapstruct-processor-1.6.0.Beta1.pom (3.3 kB at 105 kB/s)
[INFO] Downloading from jitpack.io: https://jitpack.io/com/querydsl/querydsl-jpa/5.0.0/querydsl-jpa-5.0.0.pom
[INFO] Downloading from central: https://repo.maven.apache.org/maven2/com/querydsl/querydsl-jpa/5.0.0/querydsl-jpa-5.0.0.pom
[INFO] Downloaded from central: https://repo.maven.apache.org/maven2/com/querydsl/querydsl-jpa/5.0.0/querydsl-jpa-5.0.0.pom (13 kB at 129 kB/s)
[INFO] Downloading from jitpack.io: https://jitpack.io/com/querydsl/querydsl-root/5.0.0/querydsl-root-5.0.0.pom
[INFO] Downloading from central: https://repo.maven.apache.org/maven2/com/querydsl/querydsl-root/5.0.0/querydsl-root-5.0.0.pom
[INFO] Downloaded from central: https://repo.maven.apache.org/maven2/com/querydsl/querydsl-root/5.0.0/querydsl-root-5.0.0.pom (32 kB at 970 kB/s)
[INFO] Downloading from jitpack.io: https://jitpack.io/com/querydsl/querydsl-parent/0.1.0/querydsl-parent-0.1.0.pom
[INFO] Downloading from central: https://repo.maven.apache.org/maven2/com/querydsl/querydsl-parent/0.1.0/querydsl-parent-0.1.0.pom
[INFO] Downloaded from central: https://repo.maven.apache.org/maven2/com/querydsl/querydsl-parent/0.1.0/querydsl-parent-0.1.0.pom (3.4 kB at 103 kB/s)
[INFO] Downloading from jitpack.io: https://jitpack.io/org/jetbrains/kotlin/kotlin-bom/1.5.20/kotlin-bom-1.5.20.pom
[INFO] Downloading from central: https://repo.maven.apache.org/maven2/org/jetbrains/kotlin/kotlin-bom/1.5.20/kotlin-bom-1.5.20.pom
[INFO] Downloaded from central: https://repo.maven.apache.org/maven2/org/jetbrains/kotlin/kotlin-bom/1.5.20/kotlin-bom-1.5.20.pom (9.3 kB at 267 kB/s)
[INFO] Downloading from jitpack.io: https://jitpack.io/com/querydsl/querydsl-core/5.0.0/querydsl-core-5.0.0.pom
[INFO] Downloading from central: https://repo.maven.apache.org/maven2/com/querydsl/querydsl-core/5.0.0/querydsl-core-5.0.0.pom
[INFO] Downloaded from central: https://repo.maven.apache.org/maven2/com/querydsl/querydsl-core/5.0.0/querydsl-core-5.0.0.pom (3.4 kB at 84 kB/s)
[INFO] Downloading from jitpack.io: https://jitpack.io/com/mysema/commons/mysema-commons-lang/0.2.4/mysema-commons-lang-0.2.4.pom
[INFO] Downloading from central: https://repo.maven.apache.org/maven2/com/mysema/commons/mysema-commons-lang/0.2.4/mysema-commons-lang-0.2.4.pom
[INFO] Downloaded from central: https://repo.maven.apache.org/maven2/com/mysema/commons/mysema-commons-lang/0.2.4/mysema-commons-lang-0.2.4.pom (2.3 kB at 68 kB/s)
[INFO] Downloading from jitpack.io: https://jitpack.io/com/mysema/home/mysema-source/0.3.0/mysema-source-0.3.0.pom
[INFO] Downloading from central: https://repo.maven.apache.org/maven2/com/mysema/home/mysema-source/0.3.0/mysema-source-0.3.0.pom
[INFO] Downloaded from central: https://repo.maven.apache.org/maven2/com/mysema/home/mysema-source/0.3.0/mysema-source-0.3.0.pom (2.9 kB at 100 kB/s)
[INFO] Downloading from jitpack.io: https://jitpack.io/org/springframework/boot/spring-boot-starter-data-jpa/3.2.0/spring-boot-starter-data-jpa-3.2.0.pom
[INFO] Downloading from central: https://repo.maven.apache.org/maven2/org/springframework/boot/spring-boot-starter-data-jpa/3.2.0/spring-boot-starter-data-jpa-3.2.0.pom
[INFO] Downloaded from central: https://repo.maven.apache.org/maven2/org/springframework/boot/spring-boot-starter-data-jpa/3.2.0/spring-boot-starter-data-jpa-3.2.0.pom (2.9 kB at 99 kB/s)
[INFO] Downloading from jitpack.io: https://jitpack.io/org/springframework/boot/spring-boot-starter-aop/3.2.0/spring-boot-starter-aop-3.2.0.pom
[INFO] Downloading from central: https://repo.maven.apache.org/maven2/org/springframework/boot/spring-boot-starter-aop/3.2.0/spring-boot-starter-aop-3.2.0.pom
[INFO] Downloaded from central: https://repo.maven.apache.org/maven2/org/springframework/boot/spring-boot-starter-aop/3.2.0/spring-boot-starter-aop-3.2.0.pom (2.5 kB at 91 kB/s)
[INFO] Downloading from jitpack.io: https://jitpack.io/org/springframework/boot/spring-boot-starter/3.2.0/spring-boot-starter-3.2.0.pom
[INFO] Downloading from central: https://repo.maven.apache.org/maven2/org/springframework/boot/spring-boot-starter/3.2.0/spring-boot-starter-3.2.0.pom
[INFO] Downloaded from central: https://repo.maven.apache.org/maven2/org/springframework/boot/spring-boot-starter/3.2.0/spring-boot-starter-3.2.0.pom (3.0 kB at 28 kB/s)
[INFO] Downloading from jitpack.io: https://jitpack.io/org/springframework/boot/spring-boot/3.2.0/spring-boot-3.2.0.pom
[INFO] Downloading from central: https://repo.maven.apache.org/maven2/org/springframework/boot/spring-boot/3.2.0/spring-boot-3.2.0.pom
[INFO] Downloaded from central: https://repo.maven.apache.org/maven2/org/springframework/boot/spring-boot/3.2.0/spring-boot-3.2.0.pom (2.2 kB at 19 kB/s)
[INFO] Downloading from jitpack.io: https://jitpack.io/org/springframework/spring-core/6.1.1/spring-core-6.1.1.pom
[INFO] Downloading from central: https://repo.maven.apache.org/maven2/org/springframework/spring-core/6.1.1/spring-core-6.1.1.pom
[INFO] Downloaded from central: https://repo.maven.apache.org/maven2/org/springframework/spring-core/6.1.1/spring-core-6.1.1.pom (2.0 kB at 63 kB/s)
[INFO] Downloading from jitpack.io: https://jitpack.io/org/springframework/spring-jcl/6.1.1/spring-jcl-6.1.1.pom
[INFO] Downloading from central: https://repo.maven.apache.org/maven2/org/springframework/spring-jcl/6.1.1/spring-jcl-6.1.1.pom
[INFO] Downloaded from central: https://repo.maven.apache.org/maven2/org/springframework/spring-jcl/6.1.1/spring-jcl-6.1.1.pom (1.8 kB at 66 kB/s)
[INFO] Downloading from jitpack.io: https://jitpack.io/org/springframework/spring-context/6.1.1/spring-context-6.1.1.pom
[INFO] Downloading from central: https://repo.maven.apache.org/maven2/org/springframework/spring-context/6.1.1/spring-context-6.1.1.pom
[INFO] Downloaded from central: https://repo.maven.apache.org/maven2/org/springframework/spring-context/6.1.1/spring-context-6.1.1.pom (2.8 kB at 66 kB/s)
[INFO] Downloading from jitpack.io: https://jitpack.io/org/springframework/spring-aop/6.1.1/spring-aop-6.1.1.pom
[INFO] Downloading from central: https://repo.maven.apache.org/maven2/org/springframework/spring-aop/6.1.1/spring-aop-6.1.1.pom
[INFO] Downloaded from central: https://repo.maven.apache.org/maven2/org/springframework/spring-aop/6.1.1/spring-aop-6.1.1.pom (2.2 kB at 69 kB/s)
[INFO] Downloading from jitpack.io: https://jitpack.io/org/springframework/spring-beans/6.1.1/spring-beans-6.1.1.pom
[INFO] Downloading from central: https://repo.maven.apache.org/maven2/org/springframework/spring-beans/6.1.1/spring-beans-6.1.1.pom
[INFO] Downloaded from central: https://repo.maven.apache.org/maven2/org/springframework/spring-beans/6.1.1/spring-beans-6.1.1.pom (2.0 kB at 70 kB/s)
[INFO] Downloading from jitpack.io: https://jitpack.io/org/springframework/spring-expression/6.1.1/spring-expression-6.1.1.pom
[INFO] Downloading from central: https://repo.maven.apache.org/maven2/org/springframework/spring-expression/6.1.1/spring-expression-6.1.1.pom
[INFO] Downloaded from central: https://repo.maven.apache.org/maven2/org/springframework/spring-expression/6.1.1/spring-expression-6.1.1.pom (2.1 kB at 57 kB/s)
[INFO] Downloading from jitpack.io: https://jitpack.io/io/micrometer/micrometer-observation/1.12.0/micrometer-observation-1.12.0.pom
[INFO] Downloading from central: https://repo.maven.apache.org/maven2/io/micrometer/micrometer-observation/1.12.0/micrometer-observation-1.12.0.pom
[INFO] Downloaded from central: https://repo.maven.apache.org/maven2/io/micrometer/micrometer-observation/1.12.0/micrometer-observation-1.12.0.pom (3.8 kB at 110 kB/s)
[INFO] Downloading from jitpack.io: https://jitpack.io/io/micrometer/micrometer-commons/1.12.0/micrometer-commons-1.12.0.pom
[INFO] Downloading from central: https://repo.maven.apache.org/maven2/io/micrometer/micrometer-commons/1.12.0/micrometer-commons-1.12.0.pom
[INFO] Downloaded from central: https://repo.maven.apache.org/maven2/io/micrometer/micrometer-commons/1.12.0/micrometer-commons-1.12.0.pom (3.4 kB at 30 kB/s)
[INFO] Downloading from jitpack.io: https://jitpack.io/org/springframework/boot/spring-boot-autoconfigure/3.2.0/spring-boot-autoconfigure-3.2.0.pom
[INFO] Downloading from central: https://repo.maven.apache.org/maven2/org/springframework/boot/spring-boot-autoconfigure/3.2.0/spring-boot-autoconfigure-3.2.0.pom
[INFO] Downloaded from central: https://repo.maven.apache.org/maven2/org/springframework/boot/spring-boot-autoconfigure/3.2.0/spring-boot-autoconfigure-3.2.0.pom (2.1 kB at 59 kB/s)
[INFO] Downloading from jitpack.io: https://jitpack.io/org/springframework/boot/spring-boot-starter-logging/3.2.0/spring-boot-starter-logging-3.2.0.pom
[INFO] Downloading from central: https://repo.maven.apache.org/maven2/org/springframework/boot/spring-boot-starter-logging/3.2.0/spring-boot-starter-logging-3.2.0.pom
[INFO] Downloaded from central: https://repo.maven.apache.org/maven2/org/springframework/boot/spring-boot-starter-logging/3.2.0/spring-boot-starter-logging-3.2.0.pom (2.5 kB at 66 kB/s)
[INFO] Downloading from jitpack.io: https://jitpack.io/ch/qos/logback/logback-classic/1.4.11/logback-classic-1.4.11.pom
[INFO] Downloading from central: https://repo.maven.apache.org/maven2/ch/qos/logback/logback-classic/1.4.11/logback-classic-1.4.11.pom
[INFO] Downloaded from central: https://repo.maven.apache.org/maven2/ch/qos/logback/logback-classic/1.4.11/logback-classic-1.4.11.pom (13 kB at 385 kB/s)
[INFO] Downloading from jitpack.io: https://jitpack.io/ch/qos/logback/logback-parent/1.4.11/logback-parent-1.4.11.pom
[INFO] Downloading from central: https://repo.maven.apache.org/maven2/ch/qos/logback/logback-parent/1.4.11/logback-parent-1.4.11.pom
[INFO] Downloaded from central: https://repo.maven.apache.org/maven2/ch/qos/logback/logback-parent/1.4.11/logback-parent-1.4.11.pom (20 kB at 636 kB/s)
[INFO] Downloading from jitpack.io: https://jitpack.io/ch/qos/logback/logback-core/1.4.11/logback-core-1.4.11.pom
[INFO] Downloading from central: https://repo.maven.apache.org/maven2/ch/qos/logback/logback-core/1.4.11/logback-core-1.4.11.pom
[INFO] Downloaded from central: https://repo.maven.apache.org/maven2/ch/qos/logback/logback-core/1.4.11/logback-core-1.4.11.pom (5.0 kB at 194 kB/s)
[INFO] Downloading from jitpack.io: https://jitpack.io/org/slf4j/slf4j-api/2.0.9/slf4j-api-2.0.9.pom
[INFO] Downloading from central: https://repo.maven.apache.org/maven2/org/slf4j/slf4j-api/2.0.9/slf4j-api-2.0.9.pom
[INFO] Downloaded from central: https://repo.maven.apache.org/maven2/org/slf4j/slf4j-api/2.0.9/slf4j-api-2.0.9.pom (2.8 kB at 25 kB/s)
[INFO] Downloading from jitpack.io: https://jitpack.io/org/slf4j/slf4j-parent/2.0.9/slf4j-parent-2.0.9.pom
[INFO] Downloading from central: https://repo.maven.apache.org/maven2/org/slf4j/slf4j-parent/2.0.9/slf4j-parent-2.0.9.pom
[INFO] Downloaded from central: https://repo.maven.apache.org/maven2/org/slf4j/slf4j-parent/2.0.9/slf4j-parent-2.0.9.pom (16 kB at 134 kB/s)
[INFO] Downloading from jitpack.io: https://jitpack.io/org/slf4j/slf4j-bom/2.0.9/slf4j-bom-2.0.9.pom
[INFO] Downloading from central: https://repo.maven.apache.org/maven2/org/slf4j/slf4j-bom/2.0.9/slf4j-bom-2.0.9.pom
[INFO] Downloaded from central: https://repo.maven.apache.org/maven2/org/slf4j/slf4j-bom/2.0.9/slf4j-bom-2.0.9.pom (4.9 kB at 145 kB/s)
[INFO] Downloading from jitpack.io: https://jitpack.io/org/apache/logging/log4j/log4j-to-slf4j/2.21.1/log4j-to-slf4j-2.21.1.pom
[INFO] Downloading from central: https://repo.maven.apache.org/maven2/org/apache/logging/log4j/log4j-to-slf4j/2.21.1/log4j-to-slf4j-2.21.1.pom
[INFO] Downloaded from central: https://repo.maven.apache.org/maven2/org/apache/logging/log4j/log4j-to-slf4j/2.21.1/log4j-to-slf4j-2.21.1.pom (4.2 kB at 128 kB/s)
[INFO] Downloading from jitpack.io: https://jitpack.io/org/apache/logging/log4j/log4j/2.21.1/log4j-2.21.1.pom
[INFO] Downloading from central: https://repo.maven.apache.org/maven2/org/apache/logging/log4j/log4j/2.21.1/log4j-2.21.1.pom
[INFO] Downloaded from central: https://repo.maven.apache.org/maven2/org/apache/logging/log4j/log4j/2.21.1/log4j-2.21.1.pom (35 kB at 1.1 MB/s)
[INFO] Downloading from jitpack.io: https://jitpack.io/org/ow2/asm/asm-bom/9.5/asm-bom-9.5.pom
[INFO] Downloading from central: https://repo.maven.apache.org/maven2/org/ow2/asm/asm-bom/9.5/asm-bom-9.5.pom
[INFO] Downloaded from central: https://repo.maven.apache.org/maven2/org/ow2/asm/asm-bom/9.5/asm-bom-9.5.pom (3.2 kB at 104 kB/s)
[INFO] Downloading from jitpack.io: https://jitpack.io/org/codehaus/groovy/groovy-bom/3.0.19/groovy-bom-3.0.19.pom
[INFO] Downloading from central: https://repo.maven.apache.org/maven2/org/codehaus/groovy/groovy-bom/3.0.19/groovy-bom-3.0.19.pom
[INFO] Downloaded from central: https://repo.maven.apache.org/maven2/org/codehaus/groovy/groovy-bom/3.0.19/groovy-bom-3.0.19.pom (26 kB at 881 kB/s)
[INFO] Downloading from jitpack.io: https://jitpack.io/com/fasterxml/jackson/jackson-bom/2.15.2/jackson-bom-2.15.2.pom
[INFO] Downloading from central: https://repo.maven.apache.org/maven2/com/fasterxml/jackson/jackson-bom/2.15.2/jackson-bom-2.15.2.pom
[INFO] Downloaded from central: https://repo.maven.apache.org/maven2/com/fasterxml/jackson/jackson-bom/2.15.2/jackson-bom-2.15.2.pom (18 kB at 600 kB/s)
[INFO] Downloading from jitpack.io: https://jitpack.io/jakarta/platform/jakarta.jakartaee-bom/9.1.0/jakarta.jakartaee-bom-9.1.0.pom
[INFO] Downloading from central: https://repo.maven.apache.org/maven2/jakarta/platform/jakarta.jakartaee-bom/9.1.0/jakarta.jakartaee-bom-9.1.0.pom
[INFO] Downloaded from central: https://repo.maven.apache.org/maven2/jakarta/platform/jakarta.jakartaee-bom/9.1.0/jakarta.jakartaee-bom-9.1.0.pom (9.6 kB at 281 kB/s)
[INFO] Downloading from jitpack.io: https://jitpack.io/jakarta/platform/jakartaee-api-parent/9.1.0/jakartaee-api-parent-9.1.0.pom
[INFO] Downloading from central: https://repo.maven.apache.org/maven2/jakarta/platform/jakartaee-api-parent/9.1.0/jakartaee-api-parent-9.1.0.pom
[INFO] Downloaded from central: https://repo.maven.apache.org/maven2/jakarta/platform/jakartaee-api-parent/9.1.0/jakartaee-api-parent-9.1.0.pom (15 kB at 131 kB/s)
[INFO] Downloading from jitpack.io: https://jitpack.io/org/eclipse/ee4j/project/1.0.7/project-1.0.7.pom
[INFO] Downloading from central: https://repo.maven.apache.org/maven2/org/eclipse/ee4j/project/1.0.7/project-1.0.7.pom
[INFO] Downloaded from central: https://repo.maven.apache.org/maven2/org/eclipse/ee4j/project/1.0.7/project-1.0.7.pom (14 kB at 373 kB/s)
[INFO] Downloading from jitpack.io: https://jitpack.io/org/eclipse/jetty/jetty-bom/9.4.53.v20231009/jetty-bom-9.4.53.v20231009.pom
[INFO] Downloading from central: https://repo.maven.apache.org/maven2/org/eclipse/jetty/jetty-bom/9.4.53.v20231009/jetty-bom-9.4.53.v20231009.pom
[INFO] Downloaded from central: https://repo.maven.apache.org/maven2/org/eclipse/jetty/jetty-bom/9.4.53.v20231009/jetty-bom-9.4.53.v20231009.pom (18 kB at 569 kB/s)
[INFO] Downloading from jitpack.io: https://jitpack.io/org/junit/junit-bom/5.10.0/junit-bom-5.10.0.pom
[INFO] Downloading from central: https://repo.maven.apache.org/maven2/org/junit/junit-bom/5.10.0/junit-bom-5.10.0.pom
[INFO] Downloaded from central: https://repo.maven.apache.org/maven2/org/junit/junit-bom/5.10.0/junit-bom-5.10.0.pom (5.6 kB at 161 kB/s)
[INFO] Downloading from jitpack.io: https://jitpack.io/io/fabric8/kubernetes-client-bom/5.12.4/kubernetes-client-bom-5.12.4.pom
[INFO] Downloading from central: https://repo.maven.apache.org/maven2/io/fabric8/kubernetes-client-bom/5.12.4/kubernetes-client-bom-5.12.4.pom
[INFO] Downloaded from central: https://repo.maven.apache.org/maven2/io/fabric8/kubernetes-client-bom/5.12.4/kubernetes-client-bom-5.12.4.pom (26 kB at 827 kB/s)
[INFO] Downloading from jitpack.io: https://jitpack.io/org/mockito/mockito-bom/4.11.0/mockito-bom-4.11.0.pom
[INFO] Downloading from central: https://repo.maven.apache.org/maven2/org/mockito/mockito-bom/4.11.0/mockito-bom-4.11.0.pom
[INFO] Downloaded from central: https://repo.maven.apache.org/maven2/org/mockito/mockito-bom/4.11.0/mockito-bom-4.11.0.pom (3.2 kB at 93 kB/s)
[INFO] Downloading from jitpack.io: https://jitpack.io/io/netty/netty-bom/4.1.97.Final/netty-bom-4.1.97.Final.pom
[INFO] Downloading from central: https://repo.maven.apache.org/maven2/io/netty/netty-bom/4.1.97.Final/netty-bom-4.1.97.Final.pom
[INFO] Downloaded from central: https://repo.maven.apache.org/maven2/io/netty/netty-bom/4.1.97.Final/netty-bom-4.1.97.Final.pom (13 kB at 129 kB/s)
[INFO] Downloading from jitpack.io: https://jitpack.io/org/springframework/spring-framework-bom/5.3.29/spring-framework-bom-5.3.29.pom
[INFO] Downloading from central: https://repo.maven.apache.org/maven2/org/springframework/spring-framework-bom/5.3.29/spring-framework-bom-5.3.29.pom
[INFO] Downloaded from central: https://repo.maven.apache.org/maven2/org/springframework/spring-framework-bom/5.3.29/spring-framework-bom-5.3.29.pom (5.7 kB at 48 kB/s)
[INFO] Downloading from jitpack.io: https://jitpack.io/org/apache/logging/log4j/log4j-api/2.21.1/log4j-api-2.21.1.pom
[INFO] Downloading from central: https://repo.maven.apache.org/maven2/org/apache/logging/log4j/log4j-api/2.21.1/log4j-api-2.21.1.pom
[INFO] Downloaded from central: https://repo.maven.apache.org/maven2/org/apache/logging/log4j/log4j-api/2.21.1/log4j-api-2.21.1.pom (4.0 kB at 122 kB/s)
[INFO] Downloading from jitpack.io: https://jitpack.io/org/slf4j/jul-to-slf4j/2.0.9/jul-to-slf4j-2.0.9.pom
[INFO] Downloading from central: https://repo.maven.apache.org/maven2/org/slf4j/jul-to-slf4j/2.0.9/jul-to-slf4j-2.0.9.pom
[INFO] Downloaded from central: https://repo.maven.apache.org/maven2/org/slf4j/jul-to-slf4j/2.0.9/jul-to-slf4j-2.0.9.pom (1.1 kB at 37 kB/s)
[INFO] Downloading from jitpack.io: https://jitpack.io/jakarta/annotation/jakarta.annotation-api/2.1.1/jakarta.annotation-api-2.1.1.pom
[INFO] Downloading from central: https://repo.maven.apache.org/maven2/jakarta/annotation/jakarta.annotation-api/2.1.1/jakarta.annotation-api-2.1.1.pom
[INFO] Downloaded from central: https://repo.maven.apache.org/maven2/jakarta/annotation/jakarta.annotation-api/2.1.1/jakarta.annotation-api-2.1.1.pom (16 kB at 545 kB/s)
[INFO] Downloading from jitpack.io: https://jitpack.io/org/yaml/snakeyaml/2.2/snakeyaml-2.2.pom
[INFO] Downloading from central: https://repo.maven.apache.org/maven2/org/yaml/snakeyaml/2.2/snakeyaml-2.2.pom
[INFO] Downloaded from central: https://repo.maven.apache.org/maven2/org/yaml/snakeyaml/2.2/snakeyaml-2.2.pom (21 kB at 625 kB/s)
[INFO] Downloading from jitpack.io: https://jitpack.io/org/aspectj/aspectjweaver/1.9.20.1/aspectjweaver-1.9.20.1.pom
[INFO] Downloading from central: https://repo.maven.apache.org/maven2/org/aspectj/aspectjweaver/1.9.20.1/aspectjweaver-1.9.20.1.pom
[INFO] Downloaded from central: https://repo.maven.apache.org/maven2/org/aspectj/aspectjweaver/1.9.20.1/aspectjweaver-1.9.20.1.pom (2.1 kB at 74 kB/s)
[INFO] Downloading from jitpack.io: https://jitpack.io/org/springframework/boot/spring-boot-starter-jdbc/3.2.0/spring-boot-starter-jdbc-3.2.0.pom
[INFO] Downloading from central: https://repo.maven.apache.org/maven2/org/springframework/boot/spring-boot-starter-jdbc/3.2.0/spring-boot-starter-jdbc-3.2.0.pom
[INFO] Downloaded from central: https://repo.maven.apache.org/maven2/org/springframework/boot/spring-boot-starter-jdbc/3.2.0/spring-boot-starter-jdbc-3.2.0.pom (2.5 kB at 74 kB/s)
[INFO] Downloading from jitpack.io: https://jitpack.io/com/zaxxer/HikariCP/5.0.1/HikariCP-5.0.1.pom
[INFO] Downloading from central: https://repo.maven.apache.org/maven2/com/zaxxer/HikariCP/5.0.1/HikariCP-5.0.1.pom
[INFO] Downloaded from central: https://repo.maven.apache.org/maven2/com/zaxxer/HikariCP/5.0.1/HikariCP-5.0.1.pom (25 kB at 798 kB/s)
[INFO] Downloading from jitpack.io: https://jitpack.io/org/springframework/spring-jdbc/6.1.1/spring-jdbc-6.1.1.pom
[INFO] Downloading from central: https://repo.maven.apache.org/maven2/org/springframework/spring-jdbc/6.1.1/spring-jdbc-6.1.1.pom
[INFO] Downloaded from central: https://repo.maven.apache.org/maven2/org/springframework/spring-jdbc/6.1.1/spring-jdbc-6.1.1.pom (2.4 kB at 85 kB/s)
[INFO] Downloading from jitpack.io: https://jitpack.io/org/springframework/spring-tx/6.1.1/spring-tx-6.1.1.pom
[INFO] Downloading from central: https://repo.maven.apache.org/maven2/org/springframework/spring-tx/6.1.1/spring-tx-6.1.1.pom
[INFO] Downloaded from central: https://repo.maven.apache.org/maven2/org/springframework/spring-tx/6.1.1/spring-tx-6.1.1.pom (2.2 kB at 69 kB/s)
[INFO] Downloading from jitpack.io: https://jitpack.io/org/hibernate/orm/hibernate-core/6.3.1.Final/hibernate-core-6.3.1.Final.pom
[INFO] Downloading from central: https://repo.maven.apache.org/maven2/org/hibernate/orm/hibernate-core/6.3.1.Final/hibernate-core-6.3.1.Final.pom
[INFO] Downloaded from central: https://repo.maven.apache.org/maven2/org/hibernate/orm/hibernate-core/6.3.1.Final/hibernate-core-6.3.1.Final.pom (5.8 kB at 169 kB/s)
[INFO] Downloading from jitpack.io: https://jitpack.io/jakarta/persistence/jakarta.persistence-api/3.1.0/jakarta.persistence-api-3.1.0.pom
[INFO] Downloading from central: https://repo.maven.apache.org/maven2/jakarta/persistence/jakarta.persistence-api/3.1.0/jakarta.persistence-api-3.1.0.pom
[INFO] Downloaded from central: https://repo.maven.apache.org/maven2/jakarta/persistence/jakarta.persistence-api/3.1.0/jakarta.persistence-api-3.1.0.pom (16 kB at 370 kB/s)
[INFO] Downloading from jitpack.io: https://jitpack.io/jakarta/transaction/jakarta.transaction-api/2.0.1/jakarta.transaction-api-2.0.1.pom
[INFO] Downloading from central: https://repo.maven.apache.org/maven2/jakarta/transaction/jakarta.transaction-api/2.0.1/jakarta.transaction-api-2.0.1.pom
[INFO] Downloaded from central: https://repo.maven.apache.org/maven2/jakarta/transaction/jakarta.transaction-api/2.0.1/jakarta.transaction-api-2.0.1.pom (14 kB at 325 kB/s)
[INFO] Downloading from jitpack.io: https://jitpack.io/org/eclipse/ee4j/project/1.0.6/project-1.0.6.pom
[INFO] Downloading from central: https://repo.maven.apache.org/maven2/org/eclipse/ee4j/project/1.0.6/project-1.0.6.pom
[INFO] Downloaded from central: https://repo.maven.apache.org/maven2/org/eclipse/ee4j/project/1.0.6/project-1.0.6.pom (13 kB at 460 kB/s)
[INFO] Downloading from jitpack.io: https://jitpack.io/org/jboss/logging/jboss-logging/3.5.3.Final/jboss-logging-3.5.3.Final.pom
[INFO] Downloading from central: https://repo.maven.apache.org/maven2/org/jboss/logging/jboss-logging/3.5.3.Final/jboss-logging-3.5.3.Final.pom
[INFO] Downloaded from central: https://repo.maven.apache.org/maven2/org/jboss/logging/jboss-logging/3.5.3.Final/jboss-logging-3.5.3.Final.pom (19 kB at 180 kB/s)
[INFO] Downloading from jitpack.io: https://jitpack.io/org/jboss/logging/logging-parent/1.0.1.Final/logging-parent-1.0.1.Final.pom
[INFO] Downloading from central: https://repo.maven.apache.org/maven2/org/jboss/logging/logging-parent/1.0.1.Final/logging-parent-1.0.1.Final.pom
[INFO] Downloaded from central: https://repo.maven.apache.org/maven2/org/jboss/logging/logging-parent/1.0.1.Final/logging-parent-1.0.1.Final.pom (6.0 kB at 53 kB/s)
[INFO] Downloading from jitpack.io: https://jitpack.io/org/junit/junit-bom/5.9.3/junit-bom-5.9.3.pom
[INFO] Downloading from central: https://repo.maven.apache.org/maven2/org/junit/junit-bom/5.9.3/junit-bom-5.9.3.pom
[INFO] Downloaded from central: https://repo.maven.apache.org/maven2/org/junit/junit-bom/5.9.3/junit-bom-5.9.3.pom (5.6 kB at 125 kB/s)
[INFO] Downloading from jitpack.io: https://jitpack.io/org/hibernate/common/hibernate-commons-annotations/6.0.6.Final/hibernate-commons-annotations-6.0.6.Final.pom
[INFO] Downloading from central: https://repo.maven.apache.org/maven2/org/hibernate/common/hibernate-commons-annotations/6.0.6.Final/hibernate-commons-annotations-6.0.6.Final.pom
[INFO] Downloaded from central: https://repo.maven.apache.org/maven2/org/hibernate/common/hibernate-commons-annotations/6.0.6.Final/hibernate-commons-annotations-6.0.6.Final.pom (2.1 kB at 59 kB/s)
[INFO] Downloading from jitpack.io: https://jitpack.io/io/smallrye/jandex/3.1.2/jandex-3.1.2.pom
[INFO] Downloading from central: https://repo.maven.apache.org/maven2/io/smallrye/jandex/3.1.2/jandex-3.1.2.pom
[INFO] Downloaded from central: https://repo.maven.apache.org/maven2/io/smallrye/jandex/3.1.2/jandex-3.1.2.pom (7.0 kB at 225 kB/s)
[INFO] Downloading from jitpack.io: https://jitpack.io/io/smallrye/jandex-parent/3.1.2/jandex-parent-3.1.2.pom
[INFO] Downloading from central: https://repo.maven.apache.org/maven2/io/smallrye/jandex-parent/3.1.2/jandex-parent-3.1.2.pom
[INFO] Downloaded from central: https://repo.maven.apache.org/maven2/io/smallrye/jandex-parent/3.1.2/jandex-parent-3.1.2.pom (7.2 kB at 210 kB/s)
[INFO] Downloading from jitpack.io: https://jitpack.io/io/smallrye/smallrye-build-parent/39/smallrye-build-parent-39.pom
[INFO] Downloading from central: https://repo.maven.apache.org/maven2/io/smallrye/smallrye-build-parent/39/smallrye-build-parent-39.pom
[INFO] Downloaded from central: https://repo.maven.apache.org/maven2/io/smallrye/smallrye-build-parent/39/smallrye-build-parent-39.pom (28 kB at 833 kB/s)
[INFO] Downloading from jitpack.io: https://jitpack.io/com/fasterxml/classmate/1.6.0/classmate-1.6.0.pom
[INFO] Downloading from central: https://repo.maven.apache.org/maven2/com/fasterxml/classmate/1.6.0/classmate-1.6.0.pom
[INFO] Downloaded from central: https://repo.maven.apache.org/maven2/com/fasterxml/classmate/1.6.0/classmate-1.6.0.pom (6.6 kB at 221 kB/s)
[INFO] Downloading from jitpack.io: https://jitpack.io/com/fasterxml/oss-parent/55/oss-parent-55.pom
[INFO] Downloading from central: https://repo.maven.apache.org/maven2/com/fasterxml/oss-parent/55/oss-parent-55.pom
[INFO] Downloaded from central: https://repo.maven.apache.org/maven2/com/fasterxml/oss-parent/55/oss-parent-55.pom (24 kB at 842 kB/s)
[INFO] Downloading from jitpack.io: https://jitpack.io/net/bytebuddy/byte-buddy/1.14.10/byte-buddy-1.14.10.pom
[INFO] Downloading from central: https://repo.maven.apache.org/maven2/net/bytebuddy/byte-buddy/1.14.10/byte-buddy-1.14.10.pom
[INFO] Downloaded from central: https://repo.maven.apache.org/maven2/net/bytebuddy/byte-buddy/1.14.10/byte-buddy-1.14.10.pom (16 kB at 440 kB/s)
[INFO] Downloading from jitpack.io: https://jitpack.io/net/bytebuddy/byte-buddy-parent/1.14.10/byte-buddy-parent-1.14.10.pom
[INFO] Downloading from central: https://repo.maven.apache.org/maven2/net/bytebuddy/byte-buddy-parent/1.14.10/byte-buddy-parent-1.14.10.pom
[INFO] Downloaded from central: https://repo.maven.apache.org/maven2/net/bytebuddy/byte-buddy-parent/1.14.10/byte-buddy-parent-1.14.10.pom (62 kB at 1.8 MB/s)
[INFO] Downloading from jitpack.io: https://jitpack.io/jakarta/xml/bind/jakarta.xml.bind-api/4.0.1/jakarta.xml.bind-api-4.0.1.pom
[INFO] Downloading from central: https://repo.maven.apache.org/maven2/jakarta/xml/bind/jakarta.xml.bind-api/4.0.1/jakarta.xml.bind-api-4.0.1.pom
[INFO] Downloaded from central: https://repo.maven.apache.org/maven2/jakarta/xml/bind/jakarta.xml.bind-api/4.0.1/jakarta.xml.bind-api-4.0.1.pom (13 kB at 289 kB/s)
[INFO] Downloading from jitpack.io: https://jitpack.io/jakarta/xml/bind/jakarta.xml.bind-api-parent/4.0.1/jakarta.xml.bind-api-parent-4.0.1.pom
[INFO] Downloading from central: https://repo.maven.apache.org/maven2/jakarta/xml/bind/jakarta.xml.bind-api-parent/4.0.1/jakarta.xml.bind-api-parent-4.0.1.pom
[INFO] Downloaded from central: https://repo.maven.apache.org/maven2/jakarta/xml/bind/jakarta.xml.bind-api-parent/4.0.1/jakarta.xml.bind-api-parent-4.0.1.pom (9.2 kB at 316 kB/s)
[INFO] Downloading from jitpack.io: https://jitpack.io/jakarta/activation/jakarta.activation-api/2.1.2/jakarta.activation-api-2.1.2.pom
[INFO] Downloading from central: https://repo.maven.apache.org/maven2/jakarta/activation/jakarta.activation-api/2.1.2/jakarta.activation-api-2.1.2.pom
[INFO] Downloaded from central: https://repo.maven.apache.org/maven2/jakarta/activation/jakarta.activation-api/2.1.2/jakarta.activation-api-2.1.2.pom (18 kB at 576 kB/s)
[INFO] Downloading from jitpack.io: https://jitpack.io/org/glassfish/jaxb/jaxb-runtime/4.0.4/jaxb-runtime-4.0.4.pom
[INFO] Downloading from central: https://repo.maven.apache.org/maven2/org/glassfish/jaxb/jaxb-runtime/4.0.4/jaxb-runtime-4.0.4.pom
[INFO] Downloaded from central: https://repo.maven.apache.org/maven2/org/glassfish/jaxb/jaxb-runtime/4.0.4/jaxb-runtime-4.0.4.pom (11 kB at 328 kB/s)
[INFO] Downloading from jitpack.io: https://jitpack.io/com/sun/xml/bind/mvn/jaxb-runtime-parent/4.0.4/jaxb-runtime-parent-4.0.4.pom
[INFO] Downloading from central: https://repo.maven.apache.org/maven2/com/sun/xml/bind/mvn/jaxb-runtime-parent/4.0.4/jaxb-runtime-parent-4.0.4.pom
[INFO] Downloaded from central: https://repo.maven.apache.org/maven2/com/sun/xml/bind/mvn/jaxb-runtime-parent/4.0.4/jaxb-runtime-parent-4.0.4.pom (1.2 kB at 34 kB/s)
[INFO] Downloading from jitpack.io: https://jitpack.io/com/sun/xml/bind/mvn/jaxb-parent/4.0.4/jaxb-parent-4.0.4.pom
[INFO] Downloading from central: https://repo.maven.apache.org/maven2/com/sun/xml/bind/mvn/jaxb-parent/4.0.4/jaxb-parent-4.0.4.pom
[INFO] Downloaded from central: https://repo.maven.apache.org/maven2/com/sun/xml/bind/mvn/jaxb-parent/4.0.4/jaxb-parent-4.0.4.pom (35 kB at 1.1 MB/s)
[INFO] Downloading from jitpack.io: https://jitpack.io/com/sun/xml/bind/jaxb-bom-ext/4.0.4/jaxb-bom-ext-4.0.4.pom
[INFO] Downloading from central: https://repo.maven.apache.org/maven2/com/sun/xml/bind/jaxb-bom-ext/4.0.4/jaxb-bom-ext-4.0.4.pom
[INFO] Downloaded from central: https://repo.maven.apache.org/maven2/com/sun/xml/bind/jaxb-bom-ext/4.0.4/jaxb-bom-ext-4.0.4.pom (3.5 kB at 120 kB/s)
[INFO] Downloading from jitpack.io: https://jitpack.io/org/glassfish/jaxb/jaxb-core/4.0.4/jaxb-core-4.0.4.pom
[INFO] Downloading from central: https://repo.maven.apache.org/maven2/org/glassfish/jaxb/jaxb-core/4.0.4/jaxb-core-4.0.4.pom
[INFO] Downloaded from central: https://repo.maven.apache.org/maven2/org/glassfish/jaxb/jaxb-core/4.0.4/jaxb-core-4.0.4.pom (3.7 kB at 124 kB/s)
[INFO] Downloading from jitpack.io: https://jitpack.io/org/eclipse/angus/angus-activation/2.0.1/angus-activation-2.0.1.pom
[INFO] Downloading from central: https://repo.maven.apache.org/maven2/org/eclipse/angus/angus-activation/2.0.1/angus-activation-2.0.1.pom
[INFO] Downloaded from central: https://repo.maven.apache.org/maven2/org/eclipse/angus/angus-activation/2.0.1/angus-activation-2.0.1.pom (4.0 kB at 125 kB/s)
[INFO] Downloading from jitpack.io: https://jitpack.io/org/eclipse/angus/angus-activation-project/2.0.1/angus-activation-project-2.0.1.pom
[INFO] Downloading from central: https://repo.maven.apache.org/maven2/org/eclipse/angus/angus-activation-project/2.0.1/angus-activation-project-2.0.1.pom
[INFO] Downloaded from central: https://repo.maven.apache.org/maven2/org/eclipse/angus/angus-activation-project/2.0.1/angus-activation-project-2.0.1.pom (20 kB at 539 kB/s)
[INFO] Downloading from jitpack.io: https://jitpack.io/org/glassfish/jaxb/txw2/4.0.4/txw2-4.0.4.pom
[INFO] Downloading from central: https://repo.maven.apache.org/maven2/org/glassfish/jaxb/txw2/4.0.4/txw2-4.0.4.pom
[INFO] Downloaded from central: https://repo.maven.apache.org/maven2/org/glassfish/jaxb/txw2/4.0.4/txw2-4.0.4.pom (1.8 kB at 59 kB/s)
[INFO] Downloading from jitpack.io: https://jitpack.io/com/sun/xml/bind/mvn/jaxb-txw-parent/4.0.4/jaxb-txw-parent-4.0.4.pom
[INFO] Downloading from central: https://repo.maven.apache.org/maven2/com/sun/xml/bind/mvn/jaxb-txw-parent/4.0.4/jaxb-txw-parent-4.0.4.pom
[INFO] Downloaded from central: https://repo.maven.apache.org/maven2/com/sun/xml/bind/mvn/jaxb-txw-parent/4.0.4/jaxb-txw-parent-4.0.4.pom (1.2 kB at 30 kB/s)
[INFO] Downloading from jitpack.io: https://jitpack.io/com/sun/istack/istack-commons-runtime/4.1.2/istack-commons-runtime-4.1.2.pom
[INFO] Downloading from central: https://repo.maven.apache.org/maven2/com/sun/istack/istack-commons-runtime/4.1.2/istack-commons-runtime-4.1.2.pom
[INFO] Downloaded from central: https://repo.maven.apache.org/maven2/com/sun/istack/istack-commons-runtime/4.1.2/istack-commons-runtime-4.1.2.pom (1.6 kB at 43 kB/s)
[INFO] Downloading from jitpack.io: https://jitpack.io/com/sun/istack/istack-commons/4.1.2/istack-commons-4.1.2.pom
[INFO] Downloading from central: https://repo.maven.apache.org/maven2/com/sun/istack/istack-commons/4.1.2/istack-commons-4.1.2.pom
[INFO] Downloaded from central: https://repo.maven.apache.org/maven2/com/sun/istack/istack-commons/4.1.2/istack-commons-4.1.2.pom (26 kB at 797 kB/s)
[INFO] Downloading from jitpack.io: https://jitpack.io/jakarta/inject/jakarta.inject-api/2.0.1/jakarta.inject-api-2.0.1.pom
[INFO] Downloading from central: https://repo.maven.apache.org/maven2/jakarta/inject/jakarta.inject-api/2.0.1/jakarta.inject-api-2.0.1.pom
[INFO] Downloaded from central: https://repo.maven.apache.org/maven2/jakarta/inject/jakarta.inject-api/2.0.1/jakarta.inject-api-2.0.1.pom (5.9 kB at 48 kB/s)
[INFO] Downloading from jitpack.io: https://jitpack.io/org/antlr/antlr4-runtime/4.10.1/antlr4-runtime-4.10.1.pom
[INFO] Downloading from central: https://repo.maven.apache.org/maven2/org/antlr/antlr4-runtime/4.10.1/antlr4-runtime-4.10.1.pom
[INFO] Downloaded from central: https://repo.maven.apache.org/maven2/org/antlr/antlr4-runtime/4.10.1/antlr4-runtime-4.10.1.pom (3.5 kB at 33 kB/s)
[INFO] Downloading from jitpack.io: https://jitpack.io/org/antlr/antlr4-master/4.10.1/antlr4-master-4.10.1.pom
[INFO] Downloading from central: https://repo.maven.apache.org/maven2/org/antlr/antlr4-master/4.10.1/antlr4-master-4.10.1.pom
[INFO] Downloaded from central: https://repo.maven.apache.org/maven2/org/antlr/antlr4-master/4.10.1/antlr4-master-4.10.1.pom (4.4 kB at 157 kB/s)
[INFO] Downloading from jitpack.io: https://jitpack.io/org/springframework/data/spring-data-jpa/3.2.0/spring-data-jpa-3.2.0.pom
[INFO] Downloading from central: https://repo.maven.apache.org/maven2/org/springframework/data/spring-data-jpa/3.2.0/spring-data-jpa-3.2.0.pom
[INFO] Downloaded from central: https://repo.maven.apache.org/maven2/org/springframework/data/spring-data-jpa/3.2.0/spring-data-jpa-3.2.0.pom (11 kB at 265 kB/s)
[INFO] Downloading from jitpack.io: https://jitpack.io/org/springframework/data/spring-data-jpa-parent/3.2.0/spring-data-jpa-parent-3.2.0.pom
[INFO] Downloading from central: https://repo.maven.apache.org/maven2/org/springframework/data/spring-data-jpa-parent/3.2.0/spring-data-jpa-parent-3.2.0.pom
[INFO] Downloaded from central: https://repo.maven.apache.org/maven2/org/springframework/data/spring-data-jpa-parent/3.2.0/spring-data-jpa-parent-3.2.0.pom (6.9 kB at 208 kB/s)
[INFO] Downloading from jitpack.io: https://jitpack.io/org/springframework/data/build/spring-data-parent/3.2.0/spring-data-parent-3.2.0.pom
[INFO] Downloading from central: https://repo.maven.apache.org/maven2/org/springframework/data/build/spring-data-parent/3.2.0/spring-data-parent-3.2.0.pom
[INFO] Downloaded from central: https://repo.maven.apache.org/maven2/org/springframework/data/build/spring-data-parent/3.2.0/spring-data-parent-3.2.0.pom (41 kB at 1.0 MB/s)
[INFO] Downloading from jitpack.io: https://jitpack.io/org/springframework/data/build/spring-data-build/3.2.0/spring-data-build-3.2.0.pom
[INFO] Downloading from central: https://repo.maven.apache.org/maven2/org/springframework/data/build/spring-data-build/3.2.0/spring-data-build-3.2.0.pom
[INFO] Downloaded from central: https://repo.maven.apache.org/maven2/org/springframework/data/build/spring-data-build/3.2.0/spring-data-build-3.2.0.pom (7.3 kB at 167 kB/s)
[INFO] Downloading from jitpack.io: https://jitpack.io/org/testcontainers/testcontainers-bom/1.19.2/testcontainers-bom-1.19.2.pom
[INFO] Downloading from central: https://repo.maven.apache.org/maven2/org/testcontainers/testcontainers-bom/1.19.2/testcontainers-bom-1.19.2.pom
[INFO] Downloaded from central: https://repo.maven.apache.org/maven2/org/testcontainers/testcontainers-bom/1.19.2/testcontainers-bom-1.19.2.pom (9.0 kB at 257 kB/s)
[INFO] Downloading from jitpack.io: https://jitpack.io/org/springframework/spring-framework-bom/6.1.0/spring-framework-bom-6.1.0.pom
[INFO] Downloading from central: https://repo.maven.apache.org/maven2/org/springframework/spring-framework-bom/6.1.0/spring-framework-bom-6.1.0.pom
[INFO] Downloaded from central: https://repo.maven.apache.org/maven2/org/springframework/spring-framework-bom/6.1.0/spring-framework-bom-6.1.0.pom (5.8 kB at 116 kB/s)
[INFO] Downloading from jitpack.io: https://jitpack.io/org/springframework/data/spring-data-commons/3.2.0/spring-data-commons-3.2.0.pom
[INFO] Downloading from central: https://repo.maven.apache.org/maven2/org/springframework/data/spring-data-commons/3.2.0/spring-data-commons-3.2.0.pom
[INFO] Downloaded from central: https://repo.maven.apache.org/maven2/org/springframework/data/spring-data-commons/3.2.0/spring-data-commons-3.2.0.pom (9.9 kB at 354 kB/s)
[INFO] Downloading from jitpack.io: https://jitpack.io/org/springframework/spring-orm/6.1.1/spring-orm-6.1.1.pom
[INFO] Downloading from central: https://repo.maven.apache.org/maven2/org/springframework/spring-orm/6.1.1/spring-orm-6.1.1.pom
[INFO] Downloaded from central: https://repo.maven.apache.org/maven2/org/springframework/spring-orm/6.1.1/spring-orm-6.1.1.pom (2.6 kB at 93 kB/s)
[INFO] Downloading from jitpack.io: https://jitpack.io/org/springframework/spring-aspects/6.1.1/spring-aspects-6.1.1.pom
[INFO] Downloading from central: https://repo.maven.apache.org/maven2/org/springframework/spring-aspects/6.1.1/spring-aspects-6.1.1.pom
[INFO] Downloaded from central: https://repo.maven.apache.org/maven2/org/springframework/spring-aspects/6.1.1/spring-aspects-6.1.1.pom (2.0 kB at 72 kB/s)
[INFO] Downloading from jitpack.io: https://jitpack.io/org/springframework/boot/spring-boot-starter-security/3.2.0/spring-boot-starter-security-3.2.0.pom
[INFO] Downloading from central: https://repo.maven.apache.org/maven2/org/springframework/boot/spring-boot-starter-security/3.2.0/spring-boot-starter-security-3.2.0.pom
[INFO] Downloaded from central: https://repo.maven.apache.org/maven2/org/springframework/boot/spring-boot-starter-security/3.2.0/spring-boot-starter-security-3.2.0.pom (2.7 kB at 89 kB/s)
[INFO] Downloading from jitpack.io: https://jitpack.io/org/springframework/security/spring-security-config/6.2.0/spring-security-config-6.2.0.pom
[INFO] Downloading from central: https://repo.maven.apache.org/maven2/org/springframework/security/spring-security-config/6.2.0/spring-security-config-6.2.0.pom
[INFO] Downloaded from central: https://repo.maven.apache.org/maven2/org/springframework/security/spring-security-config/6.2.0/spring-security-config-6.2.0.pom (2.8 kB at 89 kB/s)
[INFO] Downloading from jitpack.io: https://jitpack.io/org/springframework/security/spring-security-core/6.2.0/spring-security-core-6.2.0.pom
[INFO] Downloading from central: https://repo.maven.apache.org/maven2/org/springframework/security/spring-security-core/6.2.0/spring-security-core-6.2.0.pom
[INFO] Downloaded from central: https://repo.maven.apache.org/maven2/org/springframework/security/spring-security-core/6.2.0/spring-security-core-6.2.0.pom (3.2 kB at 111 kB/s)
[INFO] Downloading from jitpack.io: https://jitpack.io/org/springframework/security/spring-security-crypto/6.2.0/spring-security-crypto-6.2.0.pom
[INFO] Downloading from central: https://repo.maven.apache.org/maven2/org/springframework/security/spring-security-crypto/6.2.0/spring-security-crypto-6.2.0.pom
[INFO] Downloaded from central: https://repo.maven.apache.org/maven2/org/springframework/security/spring-security-crypto/6.2.0/spring-security-crypto-6.2.0.pom (1.9 kB at 62 kB/s)
[INFO] Downloading from jitpack.io: https://jitpack.io/org/springframework/security/spring-security-web/6.2.0/spring-security-web-6.2.0.pom
[INFO] Downloading from central: https://repo.maven.apache.org/maven2/org/springframework/security/spring-security-web/6.2.0/spring-security-web-6.2.0.pom
[INFO] Downloaded from central: https://repo.maven.apache.org/maven2/org/springframework/security/spring-security-web/6.2.0/spring-security-web-6.2.0.pom (3.2 kB at 119 kB/s)
[INFO] Downloading from jitpack.io: https://jitpack.io/org/springframework/spring-web/6.1.1/spring-web-6.1.1.pom
[INFO] Downloading from central: https://repo.maven.apache.org/maven2/org/springframework/spring-web/6.1.1/spring-web-6.1.1.pom
[INFO] Downloaded from central: https://repo.maven.apache.org/maven2/org/springframework/spring-web/6.1.1/spring-web-6.1.1.pom (2.4 kB at 85 kB/s)
[INFO] Downloading from jitpack.io: https://jitpack.io/com/google/guava/guava/32.1.3-jre/guava-32.1.3-jre.pom
[INFO] Downloading from central: https://repo.maven.apache.org/maven2/com/google/guava/guava/32.1.3-jre/guava-32.1.3-jre.pom
[INFO] Downloaded from central: https://repo.maven.apache.org/maven2/com/google/guava/guava/32.1.3-jre/guava-32.1.3-jre.pom (13 kB at 357 kB/s)
[INFO] Downloading from jitpack.io: https://jitpack.io/com/google/guava/guava-parent/32.1.3-jre/guava-parent-32.1.3-jre.pom
[INFO] Downloading from central: https://repo.maven.apache.org/maven2/com/google/guava/guava-parent/32.1.3-jre/guava-parent-32.1.3-jre.pom
[INFO] Downloaded from central: https://repo.maven.apache.org/maven2/com/google/guava/guava-parent/32.1.3-jre/guava-parent-32.1.3-jre.pom (20 kB at 609 kB/s)
[INFO] Downloading from jitpack.io: https://jitpack.io/com/google/guava/failureaccess/1.0.1/failureaccess-1.0.1.pom
[INFO] Downloading from central: https://repo.maven.apache.org/maven2/com/google/guava/failureaccess/1.0.1/failureaccess-1.0.1.pom
[INFO] Downloaded from central: https://repo.maven.apache.org/maven2/com/google/guava/failureaccess/1.0.1/failureaccess-1.0.1.pom (2.4 kB at 67 kB/s)
[INFO] Downloading from jitpack.io: https://jitpack.io/com/google/guava/guava-parent/26.0-android/guava-parent-26.0-android.pom
[INFO] Downloading from central: https://repo.maven.apache.org/maven2/com/google/guava/guava-parent/26.0-android/guava-parent-26.0-android.pom
[INFO] Downloaded from central: https://repo.maven.apache.org/maven2/com/google/guava/guava-parent/26.0-android/guava-parent-26.0-android.pom (10 kB at 328 kB/s)
[INFO] Downloading from jitpack.io: https://jitpack.io/com/google/guava/listenablefuture/9999.0-empty-to-avoid-conflict-with-guava/listenablefuture-9999.0-empty-to-avoid-conflict-with-guava.pom
[INFO] Downloading from central: https://repo.maven.apache.org/maven2/com/google/guava/listenablefuture/9999.0-empty-to-avoid-conflict-with-guava/listenablefuture-9999.0-empty-to-avoid-conflict-with-guava.pom
[INFO] Downloaded from central: https://repo.maven.apache.org/maven2/com/google/guava/listenablefuture/9999.0-empty-to-avoid-conflict-with-guava/listenablefuture-9999.0-empty-to-avoid-conflict-with-guava.pom (2.3 kB at 60 kB/s)
[INFO] Downloading from jitpack.io: https://jitpack.io/com/google/code/findbugs/jsr305/3.0.2/jsr305-3.0.2.pom
[INFO] Downloading from central: https://repo.maven.apache.org/maven2/com/google/code/findbugs/jsr305/3.0.2/jsr305-3.0.2.pom
[INFO] Downloaded from central: https://repo.maven.apache.org/maven2/com/google/code/findbugs/jsr305/3.0.2/jsr305-3.0.2.pom (4.3 kB at 116 kB/s)
[INFO] Downloading from jitpack.io: https://jitpack.io/org/checkerframework/checker-qual/3.37.0/checker-qual-3.37.0.pom
[INFO] Downloading from central: https://repo.maven.apache.org/maven2/org/checkerframework/checker-qual/3.37.0/checker-qual-3.37.0.pom
[INFO] Downloaded from central: https://repo.maven.apache.org/maven2/org/checkerframework/checker-qual/3.37.0/checker-qual-3.37.0.pom (2.1 kB at 16 kB/s)
[INFO] Downloading from jitpack.io: https://jitpack.io/com/google/errorprone/error_prone_annotations/2.21.1/error_prone_annotations-2.21.1.pom
[INFO] Downloading from central: https://repo.maven.apache.org/maven2/com/google/errorprone/error_prone_annotations/2.21.1/error_prone_annotations-2.21.1.pom
[INFO] Downloaded from central: https://repo.maven.apache.org/maven2/com/google/errorprone/error_prone_annotations/2.21.1/error_prone_annotations-2.21.1.pom (1.8 kB at 45 kB/s)
[INFO] Downloading from jitpack.io: https://jitpack.io/com/google/errorprone/error_prone_parent/2.21.1/error_prone_parent-2.21.1.pom
[INFO] Downloading from central: https://repo.maven.apache.org/maven2/com/google/errorprone/error_prone_parent/2.21.1/error_prone_parent-2.21.1.pom
[INFO] Downloaded from central: https://repo.maven.apache.org/maven2/com/google/errorprone/error_prone_parent/2.21.1/error_prone_parent-2.21.1.pom (13 kB at 413 kB/s)
[INFO] Downloading from jitpack.io: https://jitpack.io/com/google/j2objc/j2objc-annotations/2.8/j2objc-annotations-2.8.pom
[INFO] Downloading from central: https://repo.maven.apache.org/maven2/com/google/j2objc/j2objc-annotations/2.8/j2objc-annotations-2.8.pom
[INFO] Downloaded from central: https://repo.maven.apache.org/maven2/com/google/j2objc/j2objc-annotations/2.8/j2objc-annotations-2.8.pom (2.9 kB at 89 kB/s)
[INFO] Downloading from jitpack.io: https://jitpack.io/org/springframework/boot/spring-boot-starter-test/3.2.0/spring-boot-starter-test-3.2.0.pom
[INFO] Downloading from central: https://repo.maven.apache.org/maven2/org/springframework/boot/spring-boot-starter-test/3.2.0/spring-boot-starter-test-3.2.0.pom
[INFO] Downloaded from central: https://repo.maven.apache.org/maven2/org/springframework/boot/spring-boot-starter-test/3.2.0/spring-boot-starter-test-3.2.0.pom (5.0 kB at 133 kB/s)
[INFO] Downloading from jitpack.io: https://jitpack.io/org/springframework/boot/spring-boot-test/3.2.0/spring-boot-test-3.2.0.pom
[INFO] Downloading from central: https://repo.maven.apache.org/maven2/org/springframework/boot/spring-boot-test/3.2.0/spring-boot-test-3.2.0.pom
[INFO] Downloaded from central: https://repo.maven.apache.org/maven2/org/springframework/boot/spring-boot-test/3.2.0/spring-boot-test-3.2.0.pom (2.0 kB at 61 kB/s)
[INFO] Downloading from jitpack.io: https://jitpack.io/org/springframework/boot/spring-boot-test-autoconfigure/3.2.0/spring-boot-test-autoconfigure-3.2.0.pom
[INFO] Downloading from central: https://repo.maven.apache.org/maven2/org/springframework/boot/spring-boot-test-autoconfigure/3.2.0/spring-boot-test-autoconfigure-3.2.0.pom
[INFO] Downloaded from central: https://repo.maven.apache.org/maven2/org/springframework/boot/spring-boot-test-autoconfigure/3.2.0/spring-boot-test-autoconfigure-3.2.0.pom (2.5 kB at 65 kB/s)
[INFO] Downloading from jitpack.io: https://jitpack.io/com/jayway/jsonpath/json-path/2.8.0/json-path-2.8.0.pom
[INFO] Downloading from central: https://repo.maven.apache.org/maven2/com/jayway/jsonpath/json-path/2.8.0/json-path-2.8.0.pom
[INFO] Downloaded from central: https://repo.maven.apache.org/maven2/com/jayway/jsonpath/json-path/2.8.0/json-path-2.8.0.pom (1.9 kB at 53 kB/s)
[INFO] Downloading from jitpack.io: https://jitpack.io/net/minidev/json-smart/2.5.0/json-smart-2.5.0.pom
[INFO] Downloading from central: https://repo.maven.apache.org/maven2/net/minidev/json-smart/2.5.0/json-smart-2.5.0.pom
[INFO] Downloaded from central: https://repo.maven.apache.org/maven2/net/minidev/json-smart/2.5.0/json-smart-2.5.0.pom (9.2 kB at 306 kB/s)
[INFO] Downloading from jitpack.io: https://jitpack.io/net/minidev/accessors-smart/2.5.0/accessors-smart-2.5.0.pom
[INFO] Downloading from central: https://repo.maven.apache.org/maven2/net/minidev/accessors-smart/2.5.0/accessors-smart-2.5.0.pom
[INFO] Downloaded from central: https://repo.maven.apache.org/maven2/net/minidev/accessors-smart/2.5.0/accessors-smart-2.5.0.pom (11 kB at 376 kB/s)
[INFO] Downloading from jitpack.io: https://jitpack.io/org/ow2/asm/asm/9.3/asm-9.3.pom
[INFO] Downloading from central: https://repo.maven.apache.org/maven2/org/ow2/asm/asm/9.3/asm-9.3.pom
[INFO] Downloaded from central: https://repo.maven.apache.org/maven2/org/ow2/asm/asm/9.3/asm-9.3.pom (2.4 kB at 68 kB/s)
[INFO] Downloading from jitpack.io: https://jitpack.io/org/ow2/ow2/1.5/ow2-1.5.pom
[INFO] Downloading from central: https://repo.maven.apache.org/maven2/org/ow2/ow2/1.5/ow2-1.5.pom
[INFO] Downloaded from central: https://repo.maven.apache.org/maven2/org/ow2/ow2/1.5/ow2-1.5.pom (11 kB at 374 kB/s)
[INFO] Downloading from jitpack.io: https://jitpack.io/org/assertj/assertj-core/3.24.2/assertj-core-3.24.2.pom
[INFO] Downloading from central: https://repo.maven.apache.org/maven2/org/assertj/assertj-core/3.24.2/assertj-core-3.24.2.pom
[INFO] Downloaded from central: https://repo.maven.apache.org/maven2/org/assertj/assertj-core/3.24.2/assertj-core-3.24.2.pom (19 kB at 377 kB/s)
[INFO] Downloading from jitpack.io: https://jitpack.io/org/assertj/assertj-parent/3.24.2/assertj-parent-3.24.2.pom
[INFO] Downloading from central: https://repo.maven.apache.org/maven2/org/assertj/assertj-parent/3.24.2/assertj-parent-3.24.2.pom
[INFO] Downloaded from central: https://repo.maven.apache.org/maven2/org/assertj/assertj-parent/3.24.2/assertj-parent-3.24.2.pom (13 kB at 121 kB/s)
[INFO] Downloading from jitpack.io: https://jitpack.io/org/assertj/assertj-build/3.24.2/assertj-build-3.24.2.pom
[INFO] Downloading from central: https://repo.maven.apache.org/maven2/org/assertj/assertj-build/3.24.2/assertj-build-3.24.2.pom
[INFO] Downloaded from central: https://repo.maven.apache.org/maven2/org/assertj/assertj-build/3.24.2/assertj-build-3.24.2.pom (8.8 kB at 258 kB/s)
[INFO] Downloading from jitpack.io: https://jitpack.io/org/awaitility/awaitility/4.2.0/awaitility-4.2.0.pom
[INFO] Downloading from central: https://repo.maven.apache.org/maven2/org/awaitility/awaitility/4.2.0/awaitility-4.2.0.pom
[INFO] Downloaded from central: https://repo.maven.apache.org/maven2/org/awaitility/awaitility/4.2.0/awaitility-4.2.0.pom (3.5 kB at 104 kB/s)
[INFO] Downloading from jitpack.io: https://jitpack.io/org/awaitility/awaitility-parent/4.2.0/awaitility-parent-4.2.0.pom
[INFO] Downloading from central: https://repo.maven.apache.org/maven2/org/awaitility/awaitility-parent/4.2.0/awaitility-parent-4.2.0.pom
[INFO] Downloaded from central: https://repo.maven.apache.org/maven2/org/awaitility/awaitility-parent/4.2.0/awaitility-parent-4.2.0.pom (10 kB at 239 kB/s)
[INFO] Downloading from jitpack.io: https://jitpack.io/org/hamcrest/hamcrest/2.2/hamcrest-2.2.pom
[INFO] Downloading from central: https://repo.maven.apache.org/maven2/org/hamcrest/hamcrest/2.2/hamcrest-2.2.pom
[INFO] Downloaded from central: https://repo.maven.apache.org/maven2/org/hamcrest/hamcrest/2.2/hamcrest-2.2.pom (1.1 kB at 36 kB/s)
[INFO] Downloading from jitpack.io: https://jitpack.io/org/mockito/mockito-core/5.7.0/mockito-core-5.7.0.pom
[INFO] Downloading from central: https://repo.maven.apache.org/maven2/org/mockito/mockito-core/5.7.0/mockito-core-5.7.0.pom
[INFO] Downloaded from central: https://repo.maven.apache.org/maven2/org/mockito/mockito-core/5.7.0/mockito-core-5.7.0.pom (2.5 kB at 77 kB/s)
[INFO] Downloading from jitpack.io: https://jitpack.io/net/bytebuddy/byte-buddy-agent/1.14.10/byte-buddy-agent-1.14.10.pom
[INFO] Downloading from central: https://repo.maven.apache.org/maven2/net/bytebuddy/byte-buddy-agent/1.14.10/byte-buddy-agent-1.14.10.pom
[INFO] Downloaded from central: https://repo.maven.apache.org/maven2/net/bytebuddy/byte-buddy-agent/1.14.10/byte-buddy-agent-1.14.10.pom (10 kB at 327 kB/s)
[INFO] Downloading from jitpack.io: https://jitpack.io/org/objenesis/objenesis/3.3/objenesis-3.3.pom
[INFO] Downloading from central: https://repo.maven.apache.org/maven2/org/objenesis/objenesis/3.3/objenesis-3.3.pom
[INFO] Downloaded from central: https://repo.maven.apache.org/maven2/org/objenesis/objenesis/3.3/objenesis-3.3.pom (3.0 kB at 88 kB/s)
[INFO] Downloading from jitpack.io: https://jitpack.io/org/objenesis/objenesis-parent/3.3/objenesis-parent-3.3.pom
[INFO] Downloading from central: https://repo.maven.apache.org/maven2/org/objenesis/objenesis-parent/3.3/objenesis-parent-3.3.pom
[INFO] Downloaded from central: https://repo.maven.apache.org/maven2/org/objenesis/objenesis-parent/3.3/objenesis-parent-3.3.pom (19 kB at 188 kB/s)
[INFO] Downloading from jitpack.io: https://jitpack.io/org/mockito/mockito-junit-jupiter/5.7.0/mockito-junit-jupiter-5.7.0.pom
[INFO] Downloading from central: https://repo.maven.apache.org/maven2/org/mockito/mockito-junit-jupiter/5.7.0/mockito-junit-jupiter-5.7.0.pom
[INFO] Downloaded from central: https://repo.maven.apache.org/maven2/org/mockito/mockito-junit-jupiter/5.7.0/mockito-junit-jupiter-5.7.0.pom (2.3 kB at 76 kB/s)
[INFO] Downloading from jitpack.io: https://jitpack.io/org/skyscreamer/jsonassert/1.5.1/jsonassert-1.5.1.pom
[INFO] Downloading from central: https://repo.maven.apache.org/maven2/org/skyscreamer/jsonassert/1.5.1/jsonassert-1.5.1.pom
[INFO] Downloaded from central: https://repo.maven.apache.org/maven2/org/skyscreamer/jsonassert/1.5.1/jsonassert-1.5.1.pom (5.2 kB at 162 kB/s)
[INFO] Downloading from jitpack.io: https://jitpack.io/com/vaadin/external/google/android-json/0.0.20131108.vaadin1/android-json-0.0.20131108.vaadin1.pom
[INFO] Downloading from central: https://repo.maven.apache.org/maven2/com/vaadin/external/google/android-json/0.0.20131108.vaadin1/android-json-0.0.20131108.vaadin1.pom
[INFO] Downloaded from central: https://repo.maven.apache.org/maven2/com/vaadin/external/google/android-json/0.0.20131108.vaadin1/android-json-0.0.20131108.vaadin1.pom (2.8 kB at 68 kB/s)
[INFO] Downloading from jitpack.io: https://jitpack.io/org/springframework/spring-test/6.1.1/spring-test-6.1.1.pom
[INFO] Downloading from central: https://repo.maven.apache.org/maven2/org/springframework/spring-test/6.1.1/spring-test-6.1.1.pom
[INFO] Downloaded from central: https://repo.maven.apache.org/maven2/org/springframework/spring-test/6.1.1/spring-test-6.1.1.pom (2.0 kB at 18 kB/s)
[INFO] Downloading from jitpack.io: https://jitpack.io/org/xmlunit/xmlunit-core/2.9.1/xmlunit-core-2.9.1.pom
[INFO] Downloading from central: https://repo.maven.apache.org/maven2/org/xmlunit/xmlunit-core/2.9.1/xmlunit-core-2.9.1.pom
[INFO] Downloaded from central: https://repo.maven.apache.org/maven2/org/xmlunit/xmlunit-core/2.9.1/xmlunit-core-2.9.1.pom (2.4 kB at 19 kB/s)
[INFO] Downloading from jitpack.io: https://jitpack.io/org/xmlunit/xmlunit-parent/2.9.1/xmlunit-parent-2.9.1.pom
[INFO] Downloading from central: https://repo.maven.apache.org/maven2/org/xmlunit/xmlunit-parent/2.9.1/xmlunit-parent-2.9.1.pom
[INFO] Downloaded from central: https://repo.maven.apache.org/maven2/org/xmlunit/xmlunit-parent/2.9.1/xmlunit-parent-2.9.1.pom (21 kB at 547 kB/s)
[INFO] Downloading from jitpack.io: https://jitpack.io/com/h2database/h2/2.2.224/h2-2.2.224.pom
[INFO] Downloading from central: https://repo.maven.apache.org/maven2/com/h2database/h2/2.2.224/h2-2.2.224.pom
[INFO] Downloaded from central: https://repo.maven.apache.org/maven2/com/h2database/h2/2.2.224/h2-2.2.224.pom (1.1 kB at 32 kB/s)
[INFO] Downloading from jitpack.io: https://jitpack.io/com/fasterxml/jackson/dataformat/jackson-dataformat-xml/2.15.3/jackson-dataformat-xml-2.15.3.jar
[INFO] Downloading from jitpack.io: https://jitpack.io/com/fasterxml/jackson/core/jackson-core/2.15.3/jackson-core-2.15.3.jar
[INFO] Downloading from jitpack.io: https://jitpack.io/com/fasterxml/jackson/core/jackson-annotations/2.15.3/jackson-annotations-2.15.3.jar
[INFO] Downloading from jitpack.io: https://jitpack.io/com/fasterxml/jackson/core/jackson-databind/2.15.3/jackson-databind-2.15.3.jar
[INFO] Downloading from jitpack.io: https://jitpack.io/org/codehaus/woodstox/stax2-api/4.2.1/stax2-api-4.2.1.jar
[INFO] Downloading from jitpack.io: https://jitpack.io/com/fasterxml/woodstox/woodstox-core/6.5.1/woodstox-core-6.5.1.jar
[INFO] Downloading from jitpack.io: https://jitpack.io/org/projectlombok/lombok/1.18.30/lombok-1.18.30.jar
[INFO] Downloading from jitpack.io: https://jitpack.io/com/fasterxml/jackson/dataformat/jackson-dataformat-toml/2.15.3/jackson-dataformat-toml-2.15.3.jar
[INFO] Downloading from jitpack.io: https://jitpack.io/org/flywaydb/flyway-core/9.22.3/flyway-core-9.22.3.jar
[INFO] Downloading from jitpack.io: https://jitpack.io/com/google/code/gson/gson/2.10.1/gson-2.10.1.jar
[INFO] Downloading from jitpack.io: https://jitpack.io/org/mapstruct/mapstruct/1.6.0.Beta1/mapstruct-1.6.0.Beta1.jar
[INFO] Downloading from jitpack.io: https://jitpack.io/org/mapstruct/mapstruct-processor/1.6.0.Beta1/mapstruct-processor-1.6.0.Beta1.jar
[INFO] Downloading from jitpack.io: https://jitpack.io/com/querydsl/querydsl-jpa/5.0.0/querydsl-jpa-5.0.0-jakarta.jar
[INFO] Downloading from jitpack.io: https://jitpack.io/com/querydsl/querydsl-core/5.0.0/querydsl-core-5.0.0.jar
[INFO] Downloading from jitpack.io: https://jitpack.io/com/mysema/commons/mysema-commons-lang/0.2.4/mysema-commons-lang-0.2.4.jar
[INFO] Downloading from jitpack.io: https://jitpack.io/org/springframework/boot/spring-boot-starter-data-jpa/3.2.0/spring-boot-starter-data-jpa-3.2.0.jar
[INFO] Downloading from jitpack.io: https://jitpack.io/org/springframework/boot/spring-boot-starter-aop/3.2.0/spring-boot-starter-aop-3.2.0.jar
[INFO] Downloading from jitpack.io: https://jitpack.io/org/aspectj/aspectjweaver/1.9.20.1/aspectjweaver-1.9.20.1.jar
[INFO] Downloading from jitpack.io: https://jitpack.io/org/springframework/boot/spring-boot-starter-jdbc/3.2.0/spring-boot-starter-jdbc-3.2.0.jar
[INFO] Downloading from jitpack.io: https://jitpack.io/com/zaxxer/HikariCP/5.0.1/HikariCP-5.0.1.jar
[INFO] Downloading from jitpack.io: https://jitpack.io/org/springframework/spring-jdbc/6.1.1/spring-jdbc-6.1.1.jar
[INFO] Downloading from jitpack.io: https://jitpack.io/org/hibernate/orm/hibernate-core/6.3.1.Final/hibernate-core-6.3.1.Final.jar
[INFO] Downloading from jitpack.io: https://jitpack.io/jakarta/persistence/jakarta.persistence-api/3.1.0/jakarta.persistence-api-3.1.0.jar
[INFO] Downloading from jitpack.io: https://jitpack.io/jakarta/transaction/jakarta.transaction-api/2.0.1/jakarta.transaction-api-2.0.1.jar
[INFO] Downloading from jitpack.io: https://jitpack.io/org/jboss/logging/jboss-logging/3.5.3.Final/jboss-logging-3.5.3.Final.jar
[INFO] Downloading from jitpack.io: https://jitpack.io/org/hibernate/common/hibernate-commons-annotations/6.0.6.Final/hibernate-commons-annotations-6.0.6.Final.jar
[INFO] Downloading from jitpack.io: https://jitpack.io/io/smallrye/jandex/3.1.2/jandex-3.1.2.jar
[INFO] Downloading from jitpack.io: https://jitpack.io/com/fasterxml/classmate/1.6.0/classmate-1.6.0.jar
[INFO] Downloading from jitpack.io: https://jitpack.io/net/bytebuddy/byte-buddy/1.14.10/byte-buddy-1.14.10.jar
[INFO] Downloading from jitpack.io: https://jitpack.io/org/glassfish/jaxb/jaxb-runtime/4.0.4/jaxb-runtime-4.0.4.jar
[INFO] Downloading from jitpack.io: https://jitpack.io/org/glassfish/jaxb/jaxb-core/4.0.4/jaxb-core-4.0.4.jar
[INFO] Downloading from jitpack.io: https://jitpack.io/org/eclipse/angus/angus-activation/2.0.1/angus-activation-2.0.1.jar
[INFO] Downloading from jitpack.io: https://jitpack.io/org/glassfish/jaxb/txw2/4.0.4/txw2-4.0.4.jar
[INFO] Downloading from jitpack.io: https://jitpack.io/com/sun/istack/istack-commons-runtime/4.1.2/istack-commons-runtime-4.1.2.jar
[INFO] Downloading from jitpack.io: https://jitpack.io/jakarta/inject/jakarta.inject-api/2.0.1/jakarta.inject-api-2.0.1.jar
[INFO] Downloading from jitpack.io: https://jitpack.io/org/antlr/antlr4-runtime/4.10.1/antlr4-runtime-4.10.1.jar
[INFO] Downloading from jitpack.io: https://jitpack.io/org/springframework/data/spring-data-jpa/3.2.0/spring-data-jpa-3.2.0.jar
[INFO] Downloading from jitpack.io: https://jitpack.io/org/springframework/data/spring-data-commons/3.2.0/spring-data-commons-3.2.0.jar
[INFO] Downloading from jitpack.io: https://jitpack.io/org/springframework/spring-orm/6.1.1/spring-orm-6.1.1.jar
[INFO] Downloading from jitpack.io: https://jitpack.io/org/springframework/spring-context/6.1.1/spring-context-6.1.1.jar
[INFO] Downloading from jitpack.io: https://jitpack.io/io/micrometer/micrometer-observation/1.12.0/micrometer-observation-1.12.0.jar
[INFO] Downloading from jitpack.io: https://jitpack.io/io/micrometer/micrometer-commons/1.12.0/micrometer-commons-1.12.0.jar
[INFO] Downloading from jitpack.io: https://jitpack.io/org/springframework/spring-tx/6.1.1/spring-tx-6.1.1.jar
[INFO] Downloading from jitpack.io: https://jitpack.io/org/springframework/spring-beans/6.1.1/spring-beans-6.1.1.jar
[INFO] Downloading from jitpack.io: https://jitpack.io/jakarta/annotation/jakarta.annotation-api/2.1.1/jakarta.annotation-api-2.1.1.jar
[INFO] Downloading from jitpack.io: https://jitpack.io/org/slf4j/slf4j-api/2.0.9/slf4j-api-2.0.9.jar
[INFO] Downloading from jitpack.io: https://jitpack.io/org/springframework/spring-aspects/6.1.1/spring-aspects-6.1.1.jar
[INFO] Downloading from jitpack.io: https://jitpack.io/org/springframework/boot/spring-boot/3.2.0/spring-boot-3.2.0.jar
[INFO] Downloading from jitpack.io: https://jitpack.io/org/springframework/boot/spring-boot-starter/3.2.0/spring-boot-starter-3.2.0.jar
[INFO] Downloading from jitpack.io: https://jitpack.io/org/springframework/boot/spring-boot-starter-security/3.2.0/spring-boot-starter-security-3.2.0.jar
[INFO] Downloading from jitpack.io: https://jitpack.io/org/springframework/boot/spring-boot-autoconfigure/3.2.0/spring-boot-autoconfigure-3.2.0.jar
[INFO] Downloading from jitpack.io: https://jitpack.io/org/springframework/boot/spring-boot-starter-logging/3.2.0/spring-boot-starter-logging-3.2.0.jar
[INFO] Downloading from jitpack.io: https://jitpack.io/ch/qos/logback/logback-classic/1.4.11/logback-classic-1.4.11.jar
[INFO] Downloading from jitpack.io: https://jitpack.io/ch/qos/logback/logback-core/1.4.11/logback-core-1.4.11.jar
[INFO] Downloading from jitpack.io: https://jitpack.io/org/apache/logging/log4j/log4j-to-slf4j/2.21.1/log4j-to-slf4j-2.21.1.jar
[INFO] Downloading from jitpack.io: https://jitpack.io/org/apache/logging/log4j/log4j-api/2.21.1/log4j-api-2.21.1.jar
[INFO] Downloading from jitpack.io: https://jitpack.io/org/slf4j/jul-to-slf4j/2.0.9/jul-to-slf4j-2.0.9.jar
[INFO] Downloading from jitpack.io: https://jitpack.io/org/yaml/snakeyaml/2.2/snakeyaml-2.2.jar
[INFO] Downloading from jitpack.io: https://jitpack.io/org/springframework/spring-aop/6.1.1/spring-aop-6.1.1.jar
[INFO] Downloading from jitpack.io: https://jitpack.io/org/springframework/security/spring-security-config/6.2.0/spring-security-config-6.2.0.jar
[INFO] Downloading from jitpack.io: https://jitpack.io/org/springframework/security/spring-security-core/6.2.0/spring-security-core-6.2.0.jar
[INFO] Downloading from jitpack.io: https://jitpack.io/org/springframework/security/spring-security-crypto/6.2.0/spring-security-crypto-6.2.0.jar
[INFO] Downloading from jitpack.io: https://jitpack.io/org/springframework/security/spring-security-web/6.2.0/spring-security-web-6.2.0.jar
[INFO] Downloading from jitpack.io: https://jitpack.io/org/springframework/spring-expression/6.1.1/spring-expression-6.1.1.jar
[INFO] Downloading from jitpack.io: https://jitpack.io/org/springframework/spring-web/6.1.1/spring-web-6.1.1.jar
[INFO] Downloading from jitpack.io: https://jitpack.io/com/google/guava/guava/32.1.3-jre/guava-32.1.3-jre.jar
[INFO] Downloading from jitpack.io: https://jitpack.io/com/google/guava/failureaccess/1.0.1/failureaccess-1.0.1.jar
[INFO] Downloading from jitpack.io: https://jitpack.io/com/google/guava/listenablefuture/9999.0-empty-to-avoid-conflict-with-guava/listenablefuture-9999.0-empty-to-avoid-conflict-with-guava.jar
[INFO] Downloading from jitpack.io: https://jitpack.io/com/google/code/findbugs/jsr305/3.0.2/jsr305-3.0.2.jar
[INFO] Downloading from jitpack.io: https://jitpack.io/com/google/errorprone/error_prone_annotations/2.21.1/error_prone_annotations-2.21.1.jar
[INFO] Downloading from jitpack.io: https://jitpack.io/org/springframework/boot/spring-boot-starter-test/3.2.0/spring-boot-starter-test-3.2.0.jar
[INFO] Downloading from jitpack.io: https://jitpack.io/com/google/j2objc/j2objc-annotations/2.8/j2objc-annotations-2.8.jar
[INFO] Downloading from jitpack.io: https://jitpack.io/org/checkerframework/checker-qual/3.37.0/checker-qual-3.37.0.jar
[INFO] Downloading from jitpack.io: https://jitpack.io/org/springframework/boot/spring-boot-test/3.2.0/spring-boot-test-3.2.0.jar
[INFO] Downloading from jitpack.io: https://jitpack.io/org/springframework/boot/spring-boot-test-autoconfigure/3.2.0/spring-boot-test-autoconfigure-3.2.0.jar
[INFO] Downloading from jitpack.io: https://jitpack.io/com/jayway/jsonpath/json-path/2.8.0/json-path-2.8.0.jar
[INFO] Downloading from jitpack.io: https://jitpack.io/jakarta/xml/bind/jakarta.xml.bind-api/4.0.1/jakarta.xml.bind-api-4.0.1.jar
[INFO] Downloading from jitpack.io: https://jitpack.io/jakarta/activation/jakarta.activation-api/2.1.2/jakarta.activation-api-2.1.2.jar
[INFO] Downloading from jitpack.io: https://jitpack.io/net/minidev/json-smart/2.5.0/json-smart-2.5.0.jar
[INFO] Downloading from jitpack.io: https://jitpack.io/net/minidev/accessors-smart/2.5.0/accessors-smart-2.5.0.jar
[INFO] Downloading from jitpack.io: https://jitpack.io/org/ow2/asm/asm/9.3/asm-9.3.jar
[INFO] Downloading from jitpack.io: https://jitpack.io/org/assertj/assertj-core/3.24.2/assertj-core-3.24.2.jar
[INFO] Downloading from jitpack.io: https://jitpack.io/org/awaitility/awaitility/4.2.0/awaitility-4.2.0.jar
[INFO] Downloading from jitpack.io: https://jitpack.io/org/hamcrest/hamcrest/2.2/hamcrest-2.2.jar
[INFO] Downloading from jitpack.io: https://jitpack.io/org/mockito/mockito-core/5.7.0/mockito-core-5.7.0.jar
[INFO] Downloading from jitpack.io: https://jitpack.io/net/bytebuddy/byte-buddy-agent/1.14.10/byte-buddy-agent-1.14.10.jar
[INFO] Downloading from jitpack.io: https://jitpack.io/org/objenesis/objenesis/3.3/objenesis-3.3.jar
[INFO] Downloading from jitpack.io: https://jitpack.io/org/mockito/mockito-junit-jupiter/5.7.0/mockito-junit-jupiter-5.7.0.jar
[INFO] Downloading from jitpack.io: https://jitpack.io/org/skyscreamer/jsonassert/1.5.1/jsonassert-1.5.1.jar
[INFO] Downloading from jitpack.io: https://jitpack.io/com/vaadin/external/google/android-json/0.0.20131108.vaadin1/android-json-0.0.20131108.vaadin1.jar
[INFO] Downloading from jitpack.io: https://jitpack.io/org/springframework/spring-core/6.1.1/spring-core-6.1.1.jar
[INFO] Downloading from jitpack.io: https://jitpack.io/org/springframework/spring-jcl/6.1.1/spring-jcl-6.1.1.jar
[INFO] Downloading from jitpack.io: https://jitpack.io/org/springframework/spring-test/6.1.1/spring-test-6.1.1.jar
[INFO] Downloading from jitpack.io: https://jitpack.io/org/xmlunit/xmlunit-core/2.9.1/xmlunit-core-2.9.1.jar
[INFO] Downloading from jitpack.io: https://jitpack.io/com/h2database/h2/2.2.224/h2-2.2.224.jar
[INFO] Downloading from central: https://repo.maven.apache.org/maven2/com/fasterxml/jackson/dataformat/jackson-dataformat-xml/2.15.3/jackson-dataformat-xml-2.15.3.jar
[INFO] Downloaded from central: https://repo.maven.apache.org/maven2/com/fasterxml/jackson/dataformat/jackson-dataformat-xml/2.15.3/jackson-dataformat-xml-2.15.3.jar (126 kB at 2.3 MB/s)
[INFO] Downloading from central: https://repo.maven.apache.org/maven2/com/fasterxml/jackson/core/jackson-core/2.15.3/jackson-core-2.15.3.jar
[INFO] Downloading from central: https://repo.maven.apache.org/maven2/com/fasterxml/jackson/core/jackson-annotations/2.15.3/jackson-annotations-2.15.3.jar
[INFO] Downloading from central: https://repo.maven.apache.org/maven2/com/fasterxml/jackson/core/jackson-databind/2.15.3/jackson-databind-2.15.3.jar
[INFO] Downloading from central: https://repo.maven.apache.org/maven2/org/codehaus/woodstox/stax2-api/4.2.1/stax2-api-4.2.1.jar
[INFO] Downloading from central: https://repo.maven.apache.org/maven2/com/fasterxml/woodstox/woodstox-core/6.5.1/woodstox-core-6.5.1.jar
[INFO] Downloaded from central: https://repo.maven.apache.org/maven2/com/fasterxml/jackson/core/jackson-annotations/2.15.3/jackson-annotations-2.15.3.jar (76 kB at 2.5 MB/s)
[INFO] Downloading from central: https://repo.maven.apache.org/maven2/org/projectlombok/lombok/1.18.30/lombok-1.18.30.jar
[INFO] Downloaded from central: https://repo.maven.apache.org/maven2/org/codehaus/woodstox/stax2-api/4.2.1/stax2-api-4.2.1.jar (196 kB at 3.3 MB/s)
[INFO] Downloading from central: https://repo.maven.apache.org/maven2/org/flywaydb/flyway-core/9.22.3/flyway-core-9.22.3.jar
[INFO] Downloaded from central: https://repo.maven.apache.org/maven2/com/fasterxml/jackson/core/jackson-core/2.15.3/jackson-core-2.15.3.jar (549 kB at 2.5 MB/s)
[INFO] Downloading from central: https://repo.maven.apache.org/maven2/com/fasterxml/jackson/dataformat/jackson-dataformat-toml/2.15.3/jackson-dataformat-toml-2.15.3.jar
[INFO] Downloaded from central: https://repo.maven.apache.org/maven2/com/fasterxml/woodstox/woodstox-core/6.5.1/woodstox-core-6.5.1.jar (1.6 MB at 3.6 MB/s)
[INFO] Downloading from central: https://repo.maven.apache.org/maven2/com/google/code/gson/gson/2.10.1/gson-2.10.1.jar
[INFO] Downloaded from central: https://repo.maven.apache.org/maven2/org/flywaydb/flyway-core/9.22.3/flyway-core-9.22.3.jar (885 kB at 2.0 MB/s)
[INFO] Downloading from central: https://repo.maven.apache.org/maven2/org/mapstruct/mapstruct/1.6.0.Beta1/mapstruct-1.6.0.Beta1.jar
[INFO] Downloaded from central: https://repo.maven.apache.org/maven2/com/fasterxml/jackson/dataformat/jackson-dataformat-toml/2.15.3/jackson-dataformat-toml-2.15.3.jar (56 kB at 122 kB/s)
[INFO] Downloading from central: https://repo.maven.apache.org/maven2/org/mapstruct/mapstruct-processor/1.6.0.Beta1/mapstruct-processor-1.6.0.Beta1.jar
[INFO] Downloaded from central: https://repo.maven.apache.org/maven2/com/fasterxml/jackson/core/jackson-databind/2.15.3/jackson-databind-2.15.3.jar (1.6 MB at 3.3 MB/s)
[INFO] Downloading from central: https://repo.maven.apache.org/maven2/com/querydsl/querydsl-jpa/5.0.0/querydsl-jpa-5.0.0-jakarta.jar
[INFO] Downloaded from central: https://repo.maven.apache.org/maven2/com/google/code/gson/gson/2.10.1/gson-2.10.1.jar (283 kB at 539 kB/s)
[INFO] Downloading from central: https://repo.maven.apache.org/maven2/com/querydsl/querydsl-core/5.0.0/querydsl-core-5.0.0.jar
[INFO] Downloaded from central: https://repo.maven.apache.org/maven2/org/mapstruct/mapstruct/1.6.0.Beta1/mapstruct-1.6.0.Beta1.jar (32 kB at 61 kB/s)
[INFO] Downloading from central: https://repo.maven.apache.org/maven2/com/mysema/commons/mysema-commons-lang/0.2.4/mysema-commons-lang-0.2.4.jar
[INFO] Downloaded from central: https://repo.maven.apache.org/maven2/org/projectlombok/lombok/1.18.30/lombok-1.18.30.jar (2.0 MB at 3.6 MB/s)
[INFO] Downloading from central: https://repo.maven.apache.org/maven2/org/springframework/boot/spring-boot-starter-data-jpa/3.2.0/spring-boot-starter-data-jpa-3.2.0.jar
[INFO] Downloaded from central: https://repo.maven.apache.org/maven2/com/querydsl/querydsl-jpa/5.0.0/querydsl-jpa-5.0.0-jakarta.jar (138 kB at 243 kB/s)
[INFO] Downloading from central: https://repo.maven.apache.org/maven2/org/springframework/boot/spring-boot-starter-aop/3.2.0/spring-boot-starter-aop-3.2.0.jar
[INFO] Downloaded from central: https://repo.maven.apache.org/maven2/com/querydsl/querydsl-core/5.0.0/querydsl-core-5.0.0.jar (472 kB at 798 kB/s)
[INFO] Downloading from central: https://repo.maven.apache.org/maven2/org/aspectj/aspectjweaver/1.9.20.1/aspectjweaver-1.9.20.1.jar
[INFO] Downloaded from central: https://repo.maven.apache.org/maven2/com/mysema/commons/mysema-commons-lang/0.2.4/mysema-commons-lang-0.2.4.jar (12 kB at 19 kB/s)
[INFO] Downloading from central: https://repo.maven.apache.org/maven2/org/springframework/boot/spring-boot-starter-jdbc/3.2.0/spring-boot-starter-jdbc-3.2.0.jar
[INFO] Downloaded from central: https://repo.maven.apache.org/maven2/org/springframework/boot/spring-boot-starter-aop/3.2.0/spring-boot-starter-aop-3.2.0.jar (4.8 kB at 7.6 kB/s)
[INFO] Downloading from central: https://repo.maven.apache.org/maven2/com/zaxxer/HikariCP/5.0.1/HikariCP-5.0.1.jar
[INFO] Downloaded from central: https://repo.maven.apache.org/maven2/org/springframework/boot/spring-boot-starter-data-jpa/3.2.0/spring-boot-starter-data-jpa-3.2.0.jar (4.8 kB at 7.5 kB/s)
[INFO] Downloading from central: https://repo.maven.apache.org/maven2/org/springframework/spring-jdbc/6.1.1/spring-jdbc-6.1.1.jar
[INFO] Downloaded from central: https://repo.maven.apache.org/maven2/org/springframework/boot/spring-boot-starter-jdbc/3.2.0/spring-boot-starter-jdbc-3.2.0.jar (4.8 kB at 7.1 kB/s)
[INFO] Downloading from central: https://repo.maven.apache.org/maven2/org/hibernate/orm/hibernate-core/6.3.1.Final/hibernate-core-6.3.1.Final.jar
[INFO] Downloaded from central: https://repo.maven.apache.org/maven2/org/springframework/spring-jdbc/6.1.1/spring-jdbc-6.1.1.jar (456 kB at 467 kB/s)
[INFO] Downloading from central: https://repo.maven.apache.org/maven2/jakarta/persistence/jakarta.persistence-api/3.1.0/jakarta.persistence-api-3.1.0.jar
[INFO] Downloaded from central: https://repo.maven.apache.org/maven2/com/zaxxer/HikariCP/5.0.1/HikariCP-5.0.1.jar (162 kB at 158 kB/s)
[INFO] Downloading from central: https://repo.maven.apache.org/maven2/jakarta/transaction/jakarta.transaction-api/2.0.1/jakarta.transaction-api-2.0.1.jar
[INFO] Downloaded from central: https://repo.maven.apache.org/maven2/jakarta/persistence/jakarta.persistence-api/3.1.0/jakarta.persistence-api-3.1.0.jar (165 kB at 131 kB/s)
[INFO] Downloading from central: https://repo.maven.apache.org/maven2/org/jboss/logging/jboss-logging/3.5.3.Final/jboss-logging-3.5.3.Final.jar
[INFO] Downloaded from central: https://repo.maven.apache.org/maven2/jakarta/transaction/jakarta.transaction-api/2.0.1/jakarta.transaction-api-2.0.1.jar (29 kB at 22 kB/s)
[INFO] Downloading from central: https://repo.maven.apache.org/maven2/org/hibernate/common/hibernate-commons-annotations/6.0.6.Final/hibernate-commons-annotations-6.0.6.Final.jar
[INFO] Downloaded from central: https://repo.maven.apache.org/maven2/org/aspectj/aspectjweaver/1.9.20.1/aspectjweaver-1.9.20.1.jar (2.1 MB at 1.6 MB/s)
[INFO] Downloading from central: https://repo.maven.apache.org/maven2/io/smallrye/jandex/3.1.2/jandex-3.1.2.jar
[INFO] Downloaded from central: https://repo.maven.apache.org/maven2/org/jboss/logging/jboss-logging/3.5.3.Final/jboss-logging-3.5.3.Final.jar (59 kB at 39 kB/s)
[INFO] Downloading from central: https://repo.maven.apache.org/maven2/com/fasterxml/classmate/1.6.0/classmate-1.6.0.jar
[INFO] Downloaded from central: https://repo.maven.apache.org/maven2/io/smallrye/jandex/3.1.2/jandex-3.1.2.jar (327 kB at 209 kB/s)
[INFO] Downloading from central: https://repo.maven.apache.org/maven2/net/bytebuddy/byte-buddy/1.14.10/byte-buddy-1.14.10.jar
[INFO] Downloaded from central: https://repo.maven.apache.org/maven2/org/hibernate/common/hibernate-commons-annotations/6.0.6.Final/hibernate-commons-annotations-6.0.6.Final.jar (68 kB at 43 kB/s)
[INFO] Downloading from central: https://repo.maven.apache.org/maven2/org/glassfish/jaxb/jaxb-runtime/4.0.4/jaxb-runtime-4.0.4.jar
[INFO] Downloaded from central: https://repo.maven.apache.org/maven2/org/mapstruct/mapstruct-processor/1.6.0.Beta1/mapstruct-processor-1.6.0.Beta1.jar (2.5 MB at 1.6 MB/s)
[INFO] Downloading from central: https://repo.maven.apache.org/maven2/org/glassfish/jaxb/jaxb-core/4.0.4/jaxb-core-4.0.4.jar
[INFO] Downloaded from central: https://repo.maven.apache.org/maven2/com/fasterxml/classmate/1.6.0/classmate-1.6.0.jar (69 kB at 43 kB/s)
[INFO] Downloading from central: https://repo.maven.apache.org/maven2/org/eclipse/angus/angus-activation/2.0.1/angus-activation-2.0.1.jar
[INFO] Downloaded from central: https://repo.maven.apache.org/maven2/org/eclipse/angus/angus-activation/2.0.1/angus-activation-2.0.1.jar (27 kB at 17 kB/s)
[INFO] Downloading from central: https://repo.maven.apache.org/maven2/org/glassfish/jaxb/txw2/4.0.4/txw2-4.0.4.jar
[INFO] Downloaded from central: https://repo.maven.apache.org/maven2/org/glassfish/jaxb/jaxb-core/4.0.4/jaxb-core-4.0.4.jar (139 kB at 75 kB/s)
[INFO] Downloading from central: https://repo.maven.apache.org/maven2/com/sun/istack/istack-commons-runtime/4.1.2/istack-commons-runtime-4.1.2.jar
[INFO] Downloaded from central: https://repo.maven.apache.org/maven2/org/glassfish/jaxb/txw2/4.0.4/txw2-4.0.4.jar (73 kB at 37 kB/s)
[INFO] Downloading from central: https://repo.maven.apache.org/maven2/jakarta/inject/jakarta.inject-api/2.0.1/jakarta.inject-api-2.0.1.jar
[INFO] Downloaded from central: https://repo.maven.apache.org/maven2/com/sun/istack/istack-commons-runtime/4.1.2/istack-commons-runtime-4.1.2.jar (26 kB at 12 kB/s)
[INFO] Downloading from central: https://repo.maven.apache.org/maven2/org/antlr/antlr4-runtime/4.10.1/antlr4-runtime-4.10.1.jar
[INFO] Downloaded from central: https://repo.maven.apache.org/maven2/jakarta/inject/jakarta.inject-api/2.0.1/jakarta.inject-api-2.0.1.jar (11 kB at 5.1 kB/s)
[INFO] Downloading from central: https://repo.maven.apache.org/maven2/org/springframework/data/spring-data-jpa/3.2.0/spring-data-jpa-3.2.0.jar
[INFO] Downloaded from central: https://repo.maven.apache.org/maven2/org/glassfish/jaxb/jaxb-runtime/4.0.4/jaxb-runtime-4.0.4.jar (920 kB at 431 kB/s)
[INFO] Downloading from central: https://repo.maven.apache.org/maven2/org/springframework/data/spring-data-commons/3.2.0/spring-data-commons-3.2.0.jar
[INFO] Downloaded from central: https://repo.maven.apache.org/maven2/org/antlr/antlr4-runtime/4.10.1/antlr4-runtime-4.10.1.jar (322 kB at 147 kB/s)
[INFO] Downloading from central: https://repo.maven.apache.org/maven2/org/springframework/spring-orm/6.1.1/spring-orm-6.1.1.jar
[INFO] Downloaded from central: https://repo.maven.apache.org/maven2/org/springframework/data/spring-data-commons/3.2.0/spring-data-commons-3.2.0.jar (1.4 MB at 604 kB/s)
[INFO] Downloading from central: https://repo.maven.apache.org/maven2/org/springframework/spring-context/6.1.1/spring-context-6.1.1.jar
[INFO] Downloaded from central: https://repo.maven.apache.org/maven2/org/springframework/spring-orm/6.1.1/spring-orm-6.1.1.jar (234 kB at 94 kB/s)
[INFO] Downloading from central: https://repo.maven.apache.org/maven2/io/micrometer/micrometer-observation/1.12.0/micrometer-observation-1.12.0.jar
[INFO] Downloaded from central: https://repo.maven.apache.org/maven2/net/bytebuddy/byte-buddy/1.14.10/byte-buddy-1.14.10.jar (4.2 MB at 1.6 MB/s)
[INFO] Downloading from central: https://repo.maven.apache.org/maven2/io/micrometer/micrometer-commons/1.12.0/micrometer-commons-1.12.0.jar
[INFO] Downloaded from central: https://repo.maven.apache.org/maven2/org/springframework/spring-context/6.1.1/spring-context-6.1.1.jar (1.3 MB at 478 kB/s)
[INFO] Downloading from central: https://repo.maven.apache.org/maven2/org/springframework/spring-tx/6.1.1/spring-tx-6.1.1.jar
[INFO] Downloaded from central: https://repo.maven.apache.org/maven2/org/springframework/data/spring-data-jpa/3.2.0/spring-data-jpa-3.2.0.jar (1.4 MB at 538 kB/s)
[INFO] Downloading from central: https://repo.maven.apache.org/maven2/org/springframework/spring-beans/6.1.1/spring-beans-6.1.1.jar
[INFO] Downloaded from central: https://repo.maven.apache.org/maven2/io/micrometer/micrometer-observation/1.12.0/micrometer-observation-1.12.0.jar (72 kB at 27 kB/s)
[INFO] Downloading from central: https://repo.maven.apache.org/maven2/jakarta/annotation/jakarta.annotation-api/2.1.1/jakarta.annotation-api-2.1.1.jar
[INFO] Downloaded from central: https://repo.maven.apache.org/maven2/io/micrometer/micrometer-commons/1.12.0/micrometer-commons-1.12.0.jar (47 kB at 17 kB/s)
[INFO] Downloading from central: https://repo.maven.apache.org/maven2/org/slf4j/slf4j-api/2.0.9/slf4j-api-2.0.9.jar
[INFO] Downloaded from central: https://repo.maven.apache.org/maven2/org/springframework/spring-tx/6.1.1/spring-tx-6.1.1.jar (284 kB at 103 kB/s)
[INFO] Downloading from central: https://repo.maven.apache.org/maven2/org/springframework/spring-aspects/6.1.1/spring-aspects-6.1.1.jar
[INFO] Downloaded from central: https://repo.maven.apache.org/maven2/jakarta/annotation/jakarta.annotation-api/2.1.1/jakarta.annotation-api-2.1.1.jar (26 kB at 9.4 kB/s)
[INFO] Downloading from central: https://repo.maven.apache.org/maven2/org/springframework/boot/spring-boot-starter-security/3.2.0/spring-boot-starter-security-3.2.0.jar
[INFO] Downloaded from central: https://repo.maven.apache.org/maven2/org/springframework/spring-beans/6.1.1/spring-beans-6.1.1.jar (873 kB at 304 kB/s)
[INFO] Downloading from central: https://repo.maven.apache.org/maven2/org/springframework/boot/spring-boot-starter/3.2.0/spring-boot-starter-3.2.0.jar
[INFO] Downloaded from central: https://repo.maven.apache.org/maven2/org/slf4j/slf4j-api/2.0.9/slf4j-api-2.0.9.jar (65 kB at 22 kB/s)
[INFO] Downloading from central: https://repo.maven.apache.org/maven2/org/springframework/boot/spring-boot/3.2.0/spring-boot-3.2.0.jar
[INFO] Downloaded from central: https://repo.maven.apache.org/maven2/org/springframework/spring-aspects/6.1.1/spring-aspects-6.1.1.jar (50 kB at 17 kB/s)
[INFO] Downloading from central: https://repo.maven.apache.org/maven2/org/springframework/boot/spring-boot-autoconfigure/3.2.0/spring-boot-autoconfigure-3.2.0.jar
[INFO] Downloaded from central: https://repo.maven.apache.org/maven2/org/springframework/boot/spring-boot-starter-security/3.2.0/spring-boot-starter-security-3.2.0.jar (4.7 kB at 1.6 kB/s)
[INFO] Downloading from central: https://repo.maven.apache.org/maven2/org/springframework/boot/spring-boot-starter-logging/3.2.0/spring-boot-starter-logging-3.2.0.jar
[INFO] Downloaded from central: https://repo.maven.apache.org/maven2/org/springframework/boot/spring-boot-starter/3.2.0/spring-boot-starter-3.2.0.jar (4.8 kB at 1.6 kB/s)
[INFO] Downloading from central: https://repo.maven.apache.org/maven2/ch/qos/logback/logback-classic/1.4.11/logback-classic-1.4.11.jar
[INFO] Downloaded from central: https://repo.maven.apache.org/maven2/org/springframework/boot/spring-boot-starter-logging/3.2.0/spring-boot-starter-logging-3.2.0.jar (4.8 kB at 1.6 kB/s)
[INFO] Downloading from central: https://repo.maven.apache.org/maven2/ch/qos/logback/logback-core/1.4.11/logback-core-1.4.11.jar
[INFO] Downloaded from central: https://repo.maven.apache.org/maven2/org/springframework/boot/spring-boot-autoconfigure/3.2.0/spring-boot-autoconfigure-3.2.0.jar (1.9 MB at 607 kB/s)
[INFO] Downloading from central: https://repo.maven.apache.org/maven2/org/apache/logging/log4j/log4j-to-slf4j/2.21.1/log4j-to-slf4j-2.21.1.jar
[INFO] Downloaded from central: https://repo.maven.apache.org/maven2/ch/qos/logback/logback-classic/1.4.11/logback-classic-1.4.11.jar (283 kB at 87 kB/s)
[INFO] Downloading from central: https://repo.maven.apache.org/maven2/org/apache/logging/log4j/log4j-api/2.21.1/log4j-api-2.21.1.jar
[INFO] Downloaded from central: https://repo.maven.apache.org/maven2/org/springframework/boot/spring-boot/3.2.0/spring-boot-3.2.0.jar (1.6 MB at 486 kB/s)
[INFO] Downloading from central: https://repo.maven.apache.org/maven2/org/slf4j/jul-to-slf4j/2.0.9/jul-to-slf4j-2.0.9.jar
[INFO] Downloaded from central: https://repo.maven.apache.org/maven2/org/apache/logging/log4j/log4j-to-slf4j/2.21.1/log4j-to-slf4j-2.21.1.jar (23 kB at 7.0 kB/s)
[INFO] Downloading from central: https://repo.maven.apache.org/maven2/org/yaml/snakeyaml/2.2/snakeyaml-2.2.jar
[INFO] Downloaded from central: https://repo.maven.apache.org/maven2/org/apache/logging/log4j/log4j-api/2.21.1/log4j-api-2.21.1.jar (317 kB at 95 kB/s)
[INFO] Downloaded from central: https://repo.maven.apache.org/maven2/ch/qos/logback/logback-core/1.4.11/logback-core-1.4.11.jar (598 kB at 179 kB/s)
[INFO] Downloading from central: https://repo.maven.apache.org/maven2/org/springframework/spring-aop/6.1.1/spring-aop-6.1.1.jar
[INFO] Downloading from central: https://repo.maven.apache.org/maven2/org/springframework/security/spring-security-config/6.2.0/spring-security-config-6.2.0.jar
[INFO] Downloaded from central: https://repo.maven.apache.org/maven2/org/slf4j/jul-to-slf4j/2.0.9/jul-to-slf4j-2.0.9.jar (6.3 kB at 1.9 kB/s)
[INFO] Downloading from central: https://repo.maven.apache.org/maven2/org/springframework/security/spring-security-core/6.2.0/spring-security-core-6.2.0.jar
[INFO] Downloaded from central: https://repo.maven.apache.org/maven2/org/yaml/snakeyaml/2.2/snakeyaml-2.2.jar (334 kB at 99 kB/s)
[INFO] Downloading from central: https://repo.maven.apache.org/maven2/org/springframework/security/spring-security-crypto/6.2.0/spring-security-crypto-6.2.0.jar
[INFO] Downloaded from central: https://repo.maven.apache.org/maven2/org/springframework/security/spring-security-core/6.2.0/spring-security-core-6.2.0.jar (513 kB at 143 kB/s)
[INFO] Downloading from central: https://repo.maven.apache.org/maven2/org/springframework/security/spring-security-web/6.2.0/spring-security-web-6.2.0.jar
[INFO] Downloaded from central: https://repo.maven.apache.org/maven2/org/springframework/security/spring-security-crypto/6.2.0/spring-security-crypto-6.2.0.jar (84 kB at 23 kB/s)
[INFO] Downloading from central: https://repo.maven.apache.org/maven2/org/springframework/spring-expression/6.1.1/spring-expression-6.1.1.jar
[INFO] Downloaded from central: https://repo.maven.apache.org/maven2/org/springframework/spring-aop/6.1.1/spring-aop-6.1.1.jar (414 kB at 114 kB/s)
[INFO] Downloading from central: https://repo.maven.apache.org/maven2/org/springframework/spring-web/6.1.1/spring-web-6.1.1.jar
[INFO] Downloaded from central: https://repo.maven.apache.org/maven2/org/springframework/security/spring-security-config/6.2.0/spring-security-config-6.2.0.jar (1.8 MB at 489 kB/s)
[INFO] Downloading from central: https://repo.maven.apache.org/maven2/com/google/guava/guava/32.1.3-jre/guava-32.1.3-jre.jar
[INFO] Downloaded from central: https://repo.maven.apache.org/maven2/org/springframework/security/spring-security-web/6.2.0/spring-security-web-6.2.0.jar (778 kB at 209 kB/s)
[INFO] Downloading from central: https://repo.maven.apache.org/maven2/com/google/guava/failureaccess/1.0.1/failureaccess-1.0.1.jar
[INFO] Downloaded from central: https://repo.maven.apache.org/maven2/org/springframework/spring-expression/6.1.1/spring-expression-6.1.1.jar (301 kB at 79 kB/s)
[INFO] Downloading from central: https://repo.maven.apache.org/maven2/com/google/guava/listenablefuture/9999.0-empty-to-avoid-conflict-with-guava/listenablefuture-9999.0-empty-to-avoid-conflict-with-guava.jar
[INFO] Downloaded from central: https://repo.maven.apache.org/maven2/org/springframework/spring-web/6.1.1/spring-web-6.1.1.jar (1.9 MB at 457 kB/s)
[INFO] Downloading from central: https://repo.maven.apache.org/maven2/com/google/code/findbugs/jsr305/3.0.2/jsr305-3.0.2.jar
[INFO] Downloaded from central: https://repo.maven.apache.org/maven2/com/google/guava/failureaccess/1.0.1/failureaccess-1.0.1.jar (4.6 kB at 1.1 kB/s)
[INFO] Downloading from central: https://repo.maven.apache.org/maven2/org/checkerframework/checker-qual/3.37.0/checker-qual-3.37.0.jar
[INFO] Downloaded from central: https://repo.maven.apache.org/maven2/com/google/guava/listenablefuture/9999.0-empty-to-avoid-conflict-with-guava/listenablefuture-9999.0-empty-to-avoid-conflict-with-guava.jar (2.2 kB at 527 B/s)
[INFO] Downloading from central: https://repo.maven.apache.org/maven2/com/google/errorprone/error_prone_annotations/2.21.1/error_prone_annotations-2.21.1.jar
[INFO] Downloaded from central: https://repo.maven.apache.org/maven2/com/google/code/findbugs/jsr305/3.0.2/jsr305-3.0.2.jar (20 kB at 4.8 kB/s)
[INFO] Downloading from central: https://repo.maven.apache.org/maven2/com/google/j2objc/j2objc-annotations/2.8/j2objc-annotations-2.8.jar
[INFO] Downloaded from central: https://repo.maven.apache.org/maven2/org/checkerframework/checker-qual/3.37.0/checker-qual-3.37.0.jar (224 kB at 52 kB/s)
[INFO] Downloading from central: https://repo.maven.apache.org/maven2/org/springframework/boot/spring-boot-starter-test/3.2.0/spring-boot-starter-test-3.2.0.jar
[INFO] Downloaded from central: https://repo.maven.apache.org/maven2/com/google/errorprone/error_prone_annotations/2.21.1/error_prone_annotations-2.21.1.jar (17 kB at 3.9 kB/s)
[INFO] Downloading from central: https://repo.maven.apache.org/maven2/org/springframework/boot/spring-boot-test/3.2.0/spring-boot-test-3.2.0.jar
[INFO] Downloaded from central: https://repo.maven.apache.org/maven2/com/google/j2objc/j2objc-annotations/2.8/j2objc-annotations-2.8.jar (9.3 kB at 2.2 kB/s)
[INFO] Downloading from central: https://repo.maven.apache.org/maven2/org/springframework/boot/spring-boot-test-autoconfigure/3.2.0/spring-boot-test-autoconfigure-3.2.0.jar
[INFO] Downloaded from central: https://repo.maven.apache.org/maven2/com/google/guava/guava/32.1.3-jre/guava-32.1.3-jre.jar (3.0 MB at 702 kB/s)
[INFO] Downloading from central: https://repo.maven.apache.org/maven2/com/jayway/jsonpath/json-path/2.8.0/json-path-2.8.0.jar
[INFO] Downloaded from central: https://repo.maven.apache.org/maven2/org/springframework/boot/spring-boot-test/3.2.0/spring-boot-test-3.2.0.jar (245 kB at 56 kB/s)
[INFO] Downloading from central: https://repo.maven.apache.org/maven2/jakarta/xml/bind/jakarta.xml.bind-api/4.0.1/jakarta.xml.bind-api-4.0.1.jar
[INFO] Downloaded from central: https://repo.maven.apache.org/maven2/org/springframework/boot/spring-boot-starter-test/3.2.0/spring-boot-starter-test-3.2.0.jar (4.8 kB at 1.1 kB/s)
[INFO] Downloading from central: https://repo.maven.apache.org/maven2/jakarta/activation/jakarta.activation-api/2.1.2/jakarta.activation-api-2.1.2.jar
[INFO] Downloaded from central: https://repo.maven.apache.org/maven2/org/springframework/boot/spring-boot-test-autoconfigure/3.2.0/spring-boot-test-autoconfigure-3.2.0.jar (219 kB at 50 kB/s)
[INFO] Downloading from central: https://repo.maven.apache.org/maven2/net/minidev/json-smart/2.5.0/json-smart-2.5.0.jar
[INFO] Downloaded from central: https://repo.maven.apache.org/maven2/com/jayway/jsonpath/json-path/2.8.0/json-path-2.8.0.jar (278 kB at 63 kB/s)
[INFO] Downloading from central: https://repo.maven.apache.org/maven2/net/minidev/accessors-smart/2.5.0/accessors-smart-2.5.0.jar
[INFO] Downloaded from central: https://repo.maven.apache.org/maven2/jakarta/xml/bind/jakarta.xml.bind-api/4.0.1/jakarta.xml.bind-api-4.0.1.jar (130 kB at 29 kB/s)
[INFO] Downloading from central: https://repo.maven.apache.org/maven2/org/ow2/asm/asm/9.3/asm-9.3.jar
[INFO] Downloaded from central: https://repo.maven.apache.org/maven2/jakarta/activation/jakarta.activation-api/2.1.2/jakarta.activation-api-2.1.2.jar (66 kB at 15 kB/s)
[INFO] Downloading from central: https://repo.maven.apache.org/maven2/org/assertj/assertj-core/3.24.2/assertj-core-3.24.2.jar
[INFO] Downloaded from central: https://repo.maven.apache.org/maven2/net/minidev/accessors-smart/2.5.0/accessors-smart-2.5.0.jar (30 kB at 6.7 kB/s)
[INFO] Downloading from central: https://repo.maven.apache.org/maven2/org/awaitility/awaitility/4.2.0/awaitility-4.2.0.jar
[INFO] Downloaded from central: https://repo.maven.apache.org/maven2/org/ow2/asm/asm/9.3/asm-9.3.jar (122 kB at 27 kB/s)
[INFO] Downloading from central: https://repo.maven.apache.org/maven2/org/hamcrest/hamcrest/2.2/hamcrest-2.2.jar
[INFO] Downloaded from central: https://repo.maven.apache.org/maven2/net/minidev/json-smart/2.5.0/json-smart-2.5.0.jar (120 kB at 27 kB/s)
[INFO] Downloading from central: https://repo.maven.apache.org/maven2/org/mockito/mockito-core/5.7.0/mockito-core-5.7.0.jar
[INFO] Downloaded from central: https://repo.maven.apache.org/maven2/org/awaitility/awaitility/4.2.0/awaitility-4.2.0.jar (96 kB at 21 kB/s)
[INFO] Downloading from central: https://repo.maven.apache.org/maven2/net/bytebuddy/byte-buddy-agent/1.14.10/byte-buddy-agent-1.14.10.jar
[INFO] Downloaded from central: https://repo.maven.apache.org/maven2/org/assertj/assertj-core/3.24.2/assertj-core-3.24.2.jar (1.3 MB at 287 kB/s)
[INFO] Downloading from central: https://repo.maven.apache.org/maven2/org/objenesis/objenesis/3.3/objenesis-3.3.jar
[INFO] Downloaded from central: https://repo.maven.apache.org/maven2/org/hamcrest/hamcrest/2.2/hamcrest-2.2.jar (123 kB at 26 kB/s)
[INFO] Downloading from central: https://repo.maven.apache.org/maven2/org/mockito/mockito-junit-jupiter/5.7.0/mockito-junit-jupiter-5.7.0.jar
[INFO] Downloaded from central: https://repo.maven.apache.org/maven2/net/bytebuddy/byte-buddy-agent/1.14.10/byte-buddy-agent-1.14.10.jar (257 kB at 54 kB/s)
[INFO] Downloading from central: https://repo.maven.apache.org/maven2/org/skyscreamer/jsonassert/1.5.1/jsonassert-1.5.1.jar
[INFO] Downloaded from central: https://repo.maven.apache.org/maven2/org/mockito/mockito-core/5.7.0/mockito-core-5.7.0.jar (700 kB at 147 kB/s)
[INFO] Downloading from central: https://repo.maven.apache.org/maven2/com/vaadin/external/google/android-json/0.0.20131108.vaadin1/android-json-0.0.20131108.vaadin1.jar
[INFO] Downloaded from central: https://repo.maven.apache.org/maven2/org/objenesis/objenesis/3.3/objenesis-3.3.jar (49 kB at 10 kB/s)
[INFO] Downloading from central: https://repo.maven.apache.org/maven2/org/springframework/spring-core/6.1.1/spring-core-6.1.1.jar
[INFO] Downloaded from central: https://repo.maven.apache.org/maven2/org/mockito/mockito-junit-jupiter/5.7.0/mockito-junit-jupiter-5.7.0.jar (8.8 kB at 1.8 kB/s)
[INFO] Downloading from central: https://repo.maven.apache.org/maven2/org/springframework/spring-jcl/6.1.1/spring-jcl-6.1.1.jar
[INFO] Downloaded from central: https://repo.maven.apache.org/maven2/org/skyscreamer/jsonassert/1.5.1/jsonassert-1.5.1.jar (31 kB at 6.4 kB/s)
[INFO] Downloading from central: https://repo.maven.apache.org/maven2/org/springframework/spring-test/6.1.1/spring-test-6.1.1.jar
[INFO] Downloaded from central: https://repo.maven.apache.org/maven2/com/vaadin/external/google/android-json/0.0.20131108.vaadin1/android-json-0.0.20131108.vaadin1.jar (18 kB at 3.8 kB/s)
[INFO] Downloading from central: https://repo.maven.apache.org/maven2/org/xmlunit/xmlunit-core/2.9.1/xmlunit-core-2.9.1.jar
[INFO] Downloaded from central: https://repo.maven.apache.org/maven2/org/springframework/spring-jcl/6.1.1/spring-jcl-6.1.1.jar (25 kB at 5.0 kB/s)
[INFO] Downloading from central: https://repo.maven.apache.org/maven2/com/h2database/h2/2.2.224/h2-2.2.224.jar
[INFO] Downloaded from central: https://repo.maven.apache.org/maven2/org/springframework/spring-test/6.1.1/spring-test-6.1.1.jar (852 kB at 167 kB/s)
[INFO] Downloaded from central: https://repo.maven.apache.org/maven2/org/hibernate/orm/hibernate-core/6.3.1.Final/hibernate-core-6.3.1.Final.jar (11 MB at 2.2 MB/s)
[INFO] Downloaded from central: https://repo.maven.apache.org/maven2/org/xmlunit/xmlunit-core/2.9.1/xmlunit-core-2.9.1.jar (175 kB at 34 kB/s)
[INFO] Downloaded from central: https://repo.maven.apache.org/maven2/org/springframework/spring-core/6.1.1/spring-core-6.1.1.jar (1.9 MB at 343 kB/s)
[INFO] Downloaded from central: https://repo.maven.apache.org/maven2/com/h2database/h2/2.2.224/h2-2.2.224.jar (2.6 MB at 480 kB/s)
[INFO] 
[INFO] --- apt:1.1.3:process (default) @ trading-common ---
[INFO] Downloading from central: https://repo.maven.apache.org/maven2/com/querydsl/querydsl-apt/5.0.0/querydsl-apt-5.0.0.pom
[INFO] Downloaded from central: https://repo.maven.apache.org/maven2/com/querydsl/querydsl-apt/5.0.0/querydsl-apt-5.0.0.pom (8.5 kB at 71 kB/s)
[INFO] Downloading from central: https://repo.maven.apache.org/maven2/com/querydsl/querydsl-codegen/5.0.0/querydsl-codegen-5.0.0.pom
[INFO] Downloaded from central: https://repo.maven.apache.org/maven2/com/querydsl/querydsl-codegen/5.0.0/querydsl-codegen-5.0.0.pom (3.4 kB at 116 kB/s)
[INFO] Downloading from central: https://repo.maven.apache.org/maven2/com/querydsl/codegen-utils/5.0.0/codegen-utils-5.0.0.pom
[INFO] Downloaded from central: https://repo.maven.apache.org/maven2/com/querydsl/codegen-utils/5.0.0/codegen-utils-5.0.0.pom (3.8 kB at 121 kB/s)
[INFO] Downloading from central: https://repo.maven.apache.org/maven2/org/eclipse/jdt/ecj/3.26.0/ecj-3.26.0.pom
[INFO] Downloaded from central: https://repo.maven.apache.org/maven2/org/eclipse/jdt/ecj/3.26.0/ecj-3.26.0.pom (1.7 kB at 52 kB/s)
[INFO] Downloading from central: https://repo.maven.apache.org/maven2/io/github/classgraph/classgraph/4.8.108/classgraph-4.8.108.pom
[INFO] Downloaded from central: https://repo.maven.apache.org/maven2/io/github/classgraph/classgraph/4.8.108/classgraph-4.8.108.pom (28 kB at 767 kB/s)
[INFO] Downloading from central: https://repo.maven.apache.org/maven2/org/codehaus/plexus/plexus-utils/1.5.8/plexus-utils-1.5.8.pom
[INFO] Downloaded from central: https://repo.maven.apache.org/maven2/org/codehaus/plexus/plexus-utils/1.5.8/plexus-utils-1.5.8.pom (8.1 kB at 288 kB/s)
[INFO] Downloading from central: https://repo.maven.apache.org/maven2/org/codehaus/plexus/plexus/2.0.2/plexus-2.0.2.pom
[INFO] Downloaded from central: https://repo.maven.apache.org/maven2/org/codehaus/plexus/plexus/2.0.2/plexus-2.0.2.pom (12 kB at 415 kB/s)
[INFO] Downloading from central: https://repo.maven.apache.org/maven2/org/apache/maven/maven-plugin-api/2.2.0/maven-plugin-api-2.2.0.pom
[INFO] Downloaded from central: https://repo.maven.apache.org/maven2/org/apache/maven/maven-plugin-api/2.2.0/maven-plugin-api-2.2.0.pom (1.5 kB at 47 kB/s)
[INFO] Downloading from central: https://repo.maven.apache.org/maven2/org/apache/maven/maven/2.2.0/maven-2.2.0.pom
[INFO] Downloaded from central: https://repo.maven.apache.org/maven2/org/apache/maven/maven/2.2.0/maven-2.2.0.pom (22 kB at 724 kB/s)
[INFO] Downloading from central: https://repo.maven.apache.org/maven2/org/apache/maven/maven-parent/11/maven-parent-11.pom
[INFO] Downloaded from central: https://repo.maven.apache.org/maven2/org/apache/maven/maven-parent/11/maven-parent-11.pom (32 kB at 338 kB/s)
[INFO] Downloading from central: https://repo.maven.apache.org/maven2/org/apache/apache/5/apache-5.pom
[INFO] Downloaded from central: https://repo.maven.apache.org/maven2/org/apache/apache/5/apache-5.pom (4.1 kB at 146 kB/s)
[INFO] Downloading from central: https://repo.maven.apache.org/maven2/org/apache/maven/maven-model/2.2.0/maven-model-2.2.0.pom
[INFO] Downloaded from central: https://repo.maven.apache.org/maven2/org/apache/maven/maven-model/2.2.0/maven-model-2.2.0.pom (3.2 kB at 34 kB/s)
[INFO] Downloading from central: https://repo.maven.apache.org/maven2/org/codehaus/plexus/plexus-utils/1.5.15/plexus-utils-1.5.15.pom
[INFO] Downloaded from central: https://repo.maven.apache.org/maven2/org/codehaus/plexus/plexus-utils/1.5.15/plexus-utils-1.5.15.pom (6.8 kB at 254 kB/s)
[INFO] Downloading from central: https://repo.maven.apache.org/maven2/org/apache/maven/maven-project/2.2.0/maven-project-2.2.0.pom
[INFO] Downloaded from central: https://repo.maven.apache.org/maven2/org/apache/maven/maven-project/2.2.0/maven-project-2.2.0.pom (2.8 kB at 75 kB/s)
[INFO] Downloading from central: https://repo.maven.apache.org/maven2/org/apache/maven/maven-settings/2.2.0/maven-settings-2.2.0.pom
[INFO] Downloaded from central: https://repo.maven.apache.org/maven2/org/apache/maven/maven-settings/2.2.0/maven-settings-2.2.0.pom (2.2 kB at 78 kB/s)
[INFO] Downloading from central: https://repo.maven.apache.org/maven2/org/codehaus/plexus/plexus-interpolation/1.11/plexus-interpolation-1.11.pom
[INFO] Downloaded from central: https://repo.maven.apache.org/maven2/org/codehaus/plexus/plexus-interpolation/1.11/plexus-interpolation-1.11.pom (889 B at 36 kB/s)
[INFO] Downloading from central: https://repo.maven.apache.org/maven2/org/codehaus/plexus/plexus-components/1.1.14/plexus-components-1.1.14.pom
[INFO] Downloaded from central: https://repo.maven.apache.org/maven2/org/codehaus/plexus/plexus-components/1.1.14/plexus-components-1.1.14.pom (5.8 kB at 209 kB/s)
[INFO] Downloading from central: https://repo.maven.apache.org/maven2/org/codehaus/plexus/plexus-container-default/1.0-alpha-9-stable-1/plexus-container-default-1.0-alpha-9-stable-1.pom
[INFO] Downloaded from central: https://repo.maven.apache.org/maven2/org/codehaus/plexus/plexus-container-default/1.0-alpha-9-stable-1/plexus-container-default-1.0-alpha-9-stable-1.pom (3.9 kB at 127 kB/s)
[INFO] Downloading from central: https://repo.maven.apache.org/maven2/org/codehaus/plexus/plexus-containers/1.0.3/plexus-containers-1.0.3.pom
[INFO] Downloaded from central: https://repo.maven.apache.org/maven2/org/codehaus/plexus/plexus-containers/1.0.3/plexus-containers-1.0.3.pom (492 B at 16 kB/s)
[INFO] Downloading from central: https://repo.maven.apache.org/maven2/org/codehaus/plexus/plexus/1.0.4/plexus-1.0.4.pom
[INFO] Downloaded from central: https://repo.maven.apache.org/maven2/org/codehaus/plexus/plexus/1.0.4/plexus-1.0.4.pom (5.7 kB at 205 kB/s)
[INFO] Downloading from central: https://repo.maven.apache.org/maven2/junit/junit/3.8.1/junit-3.8.1.pom
[INFO] Downloaded from central: https://repo.maven.apache.org/maven2/junit/junit/3.8.1/junit-3.8.1.pom (998 B at 32 kB/s)
[INFO] Downloading from central: https://repo.maven.apache.org/maven2/org/codehaus/plexus/plexus-utils/1.0.4/plexus-utils-1.0.4.pom
[INFO] Downloaded from central: https://repo.maven.apache.org/maven2/org/codehaus/plexus/plexus-utils/1.0.4/plexus-utils-1.0.4.pom (6.9 kB at 167 kB/s)
[INFO] Downloading from central: https://repo.maven.apache.org/maven2/classworlds/classworlds/1.1-alpha-2/classworlds-1.1-alpha-2.pom
[INFO] Downloaded from central: https://repo.maven.apache.org/maven2/classworlds/classworlds/1.1-alpha-2/classworlds-1.1-alpha-2.pom (3.1 kB at 112 kB/s)
[INFO] Downloading from central: https://repo.maven.apache.org/maven2/org/apache/maven/maven-profile/2.2.0/maven-profile-2.2.0.pom
[INFO] Downloaded from central: https://repo.maven.apache.org/maven2/org/apache/maven/maven-profile/2.2.0/maven-profile-2.2.0.pom (2.2 kB at 64 kB/s)
[INFO] Downloading from central: https://repo.maven.apache.org/maven2/org/apache/maven/maven-artifact-manager/2.2.0/maven-artifact-manager-2.2.0.pom
[INFO] Downloaded from central: https://repo.maven.apache.org/maven2/org/apache/maven/maven-artifact-manager/2.2.0/maven-artifact-manager-2.2.0.pom (3.1 kB at 31 kB/s)
[INFO] Downloading from central: https://repo.maven.apache.org/maven2/org/apache/maven/maven-repository-metadata/2.2.0/maven-repository-metadata-2.2.0.pom
[INFO] Downloaded from central: https://repo.maven.apache.org/maven2/org/apache/maven/maven-repository-metadata/2.2.0/maven-repository-metadata-2.2.0.pom (1.9 kB at 51 kB/s)
[INFO] Downloading from central: https://repo.maven.apache.org/maven2/org/apache/maven/maven-artifact/2.2.0/maven-artifact-2.2.0.pom
[INFO] Downloaded from central: https://repo.maven.apache.org/maven2/org/apache/maven/maven-artifact/2.2.0/maven-artifact-2.2.0.pom (1.6 kB at 53 kB/s)
[INFO] Downloading from central: https://repo.maven.apache.org/maven2/backport-util-concurrent/backport-util-concurrent/3.1/backport-util-concurrent-3.1.pom
[INFO] Downloaded from central: https://repo.maven.apache.org/maven2/backport-util-concurrent/backport-util-concurrent/3.1/backport-util-concurrent-3.1.pom (880 B at 23 kB/s)
[INFO] Downloading from central: https://repo.maven.apache.org/maven2/org/apache/maven/maven-plugin-registry/2.2.0/maven-plugin-registry-2.2.0.pom
[INFO] Downloaded from central: https://repo.maven.apache.org/maven2/org/apache/maven/maven-plugin-registry/2.2.0/maven-plugin-registry-2.2.0.pom (1.9 kB at 57 kB/s)
[INFO] Downloading from central: https://repo.maven.apache.org/maven2/org/apache/commons/commons-io/1.3.2/commons-io-1.3.2.pom
[INFO] Downloaded from central: https://repo.maven.apache.org/maven2/org/apache/commons/commons-io/1.3.2/commons-io-1.3.2.pom (640 B at 24 kB/s)
[INFO] Downloading from central: https://repo.maven.apache.org/maven2/commons-io/commons-io/1.3.2/commons-io-1.3.2.pom
[INFO] Downloaded from central: https://repo.maven.apache.org/maven2/commons-io/commons-io/1.3.2/commons-io-1.3.2.pom (9.7 kB at 232 kB/s)
[INFO] Downloading from central: https://repo.maven.apache.org/maven2/org/apache/commons/commons-parent/3/commons-parent-3.pom
[INFO] Downloaded from central: https://repo.maven.apache.org/maven2/org/apache/commons/commons-parent/3/commons-parent-3.pom (12 kB at 422 kB/s)
[INFO] Downloading from central: https://repo.maven.apache.org/maven2/org/apache/apache/4/apache-4.pom
[INFO] Downloaded from central: https://repo.maven.apache.org/maven2/org/apache/apache/4/apache-4.pom (4.5 kB at 39 kB/s)
[INFO] Downloading from central: https://repo.maven.apache.org/maven2/com/google/guava/guava/18.0/guava-18.0.pom
[INFO] Downloaded from central: https://repo.maven.apache.org/maven2/com/google/guava/guava/18.0/guava-18.0.pom (5.7 kB at 195 kB/s)
[INFO] Downloading from central: https://repo.maven.apache.org/maven2/com/google/guava/guava-parent/18.0/guava-parent-18.0.pom
[INFO] Downloaded from central: https://repo.maven.apache.org/maven2/com/google/guava/guava-parent/18.0/guava-parent-18.0.pom (7.7 kB at 69 kB/s)
[INFO] Downloading from central: https://repo.maven.apache.org/maven2/com/querydsl/querydsl-apt/5.0.0/querydsl-apt-5.0.0-jakarta.jar
[INFO] Downloaded from central: https://repo.maven.apache.org/maven2/com/querydsl/querydsl-apt/5.0.0/querydsl-apt-5.0.0-jakarta.jar (65 kB at 2.6 MB/s)
[INFO] Downloading from central: https://repo.maven.apache.org/maven2/com/querydsl/querydsl-codegen/5.0.0/querydsl-codegen-5.0.0.jar
[INFO] Downloading from central: https://repo.maven.apache.org/maven2/com/querydsl/codegen-utils/5.0.0/codegen-utils-5.0.0.jar
[INFO] Downloading from central: https://repo.maven.apache.org/maven2/org/eclipse/jdt/ecj/3.26.0/ecj-3.26.0.jar
[INFO] Downloading from central: https://repo.maven.apache.org/maven2/io/github/classgraph/classgraph/4.8.108/classgraph-4.8.108.jar
[INFO] Downloading from central: https://repo.maven.apache.org/maven2/org/codehaus/plexus/plexus-utils/1.5.8/plexus-utils-1.5.8.jar
[INFO] Downloaded from central: https://repo.maven.apache.org/maven2/com/querydsl/codegen-utils/5.0.0/codegen-utils-5.0.0.jar (73 kB at 2.4 MB/s)
[INFO] Downloading from central: https://repo.maven.apache.org/maven2/org/apache/maven/maven-plugin-api/2.2.0/maven-plugin-api-2.2.0.jar
[INFO] Downloaded from central: https://repo.maven.apache.org/maven2/com/querydsl/querydsl-codegen/5.0.0/querydsl-codegen-5.0.0.jar (87 kB at 2.6 MB/s)
[INFO] Downloading from central: https://repo.maven.apache.org/maven2/org/apache/maven/maven-model/2.2.0/maven-model-2.2.0.jar
[INFO] Downloaded from central: https://repo.maven.apache.org/maven2/org/codehaus/plexus/plexus-utils/1.5.8/plexus-utils-1.5.8.jar (268 kB at 5.8 MB/s)
[INFO] Downloading from central: https://repo.maven.apache.org/maven2/org/apache/maven/maven-project/2.2.0/maven-project-2.2.0.jar
[INFO] Downloaded from central: https://repo.maven.apache.org/maven2/org/apache/maven/maven-model/2.2.0/maven-model-2.2.0.jar (87 kB at 951 kB/s)
[INFO] Downloading from central: https://repo.maven.apache.org/maven2/org/apache/maven/maven-settings/2.2.0/maven-settings-2.2.0.jar
[INFO] Downloaded from central: https://repo.maven.apache.org/maven2/org/apache/maven/maven-plugin-api/2.2.0/maven-plugin-api-2.2.0.jar (12 kB at 133 kB/s)
[INFO] Downloading from central: https://repo.maven.apache.org/maven2/org/apache/maven/maven-profile/2.2.0/maven-profile-2.2.0.jar
[INFO] Downloaded from central: https://repo.maven.apache.org/maven2/org/apache/maven/maven-project/2.2.0/maven-project-2.2.0.jar (156 kB at 1.2 MB/s)
[INFO] Downloading from central: https://repo.maven.apache.org/maven2/org/apache/maven/maven-artifact-manager/2.2.0/maven-artifact-manager-2.2.0.jar
[INFO] Downloaded from central: https://repo.maven.apache.org/maven2/io/github/classgraph/classgraph/4.8.108/classgraph-4.8.108.jar (535 kB at 3.8 MB/s)
[INFO] Downloading from central: https://repo.maven.apache.org/maven2/org/apache/maven/maven-repository-metadata/2.2.0/maven-repository-metadata-2.2.0.jar
[INFO] Downloaded from central: https://repo.maven.apache.org/maven2/org/apache/maven/maven-settings/2.2.0/maven-settings-2.2.0.jar (49 kB at 308 kB/s)
[INFO] Downloading from central: https://repo.maven.apache.org/maven2/backport-util-concurrent/backport-util-concurrent/3.1/backport-util-concurrent-3.1.jar
[INFO] Downloaded from central: https://repo.maven.apache.org/maven2/org/apache/maven/maven-profile/2.2.0/maven-profile-2.2.0.jar (35 kB at 221 kB/s)
[INFO] Downloading from central: https://repo.maven.apache.org/maven2/org/apache/maven/maven-plugin-registry/2.2.0/maven-plugin-registry-2.2.0.jar
[INFO] Downloaded from central: https://repo.maven.apache.org/maven2/org/apache/maven/maven-artifact-manager/2.2.0/maven-artifact-manager-2.2.0.jar (65 kB at 389 kB/s)
[INFO] Downloading from central: https://repo.maven.apache.org/maven2/org/codehaus/plexus/plexus-interpolation/1.11/plexus-interpolation-1.11.jar
[INFO] Downloaded from central: https://repo.maven.apache.org/maven2/org/codehaus/plexus/plexus-interpolation/1.11/plexus-interpolation-1.11.jar (51 kB at 263 kB/s)
[INFO] Downloading from central: https://repo.maven.apache.org/maven2/org/apache/maven/maven-artifact/2.2.0/maven-artifact-2.2.0.jar
[INFO] Downloaded from central: https://repo.maven.apache.org/maven2/org/apache/maven/maven-plugin-registry/2.2.0/maven-plugin-registry-2.2.0.jar (30 kB at 150 kB/s)
[INFO] Downloading from central: https://repo.maven.apache.org/maven2/org/codehaus/plexus/plexus-container-default/1.0-alpha-9-stable-1/plexus-container-default-1.0-alpha-9-stable-1.jar
[INFO] Downloaded from central: https://repo.maven.apache.org/maven2/org/apache/maven/maven-repository-metadata/2.2.0/maven-repository-metadata-2.2.0.jar (26 kB at 128 kB/s)
[INFO] Downloading from central: https://repo.maven.apache.org/maven2/junit/junit/3.8.1/junit-3.8.1.jar
[INFO] Downloaded from central: https://repo.maven.apache.org/maven2/backport-util-concurrent/backport-util-concurrent/3.1/backport-util-concurrent-3.1.jar (332 kB at 1.5 MB/s)
[INFO] Downloading from central: https://repo.maven.apache.org/maven2/classworlds/classworlds/1.1-alpha-2/classworlds-1.1-alpha-2.jar
[INFO] Downloaded from central: https://repo.maven.apache.org/maven2/org/apache/maven/maven-artifact/2.2.0/maven-artifact-2.2.0.jar (80 kB at 331 kB/s)
[INFO] Downloading from central: https://repo.maven.apache.org/maven2/commons-io/commons-io/1.3.2/commons-io-1.3.2.jar
[INFO] Downloaded from central: https://repo.maven.apache.org/maven2/org/codehaus/plexus/plexus-container-default/1.0-alpha-9-stable-1/plexus-container-default-1.0-alpha-9-stable-1.jar (194 kB at 736 kB/s)
[INFO] Downloading from central: https://repo.maven.apache.org/maven2/com/google/guava/guava/18.0/guava-18.0.jar
[INFO] Downloaded from central: https://repo.maven.apache.org/maven2/classworlds/classworlds/1.1-alpha-2/classworlds-1.1-alpha-2.jar (38 kB at 137 kB/s)
[INFO] Downloaded from central: https://repo.maven.apache.org/maven2/junit/junit/3.8.1/junit-3.8.1.jar (121 kB at 426 kB/s)
[INFO] Downloaded from central: https://repo.maven.apache.org/maven2/commons-io/commons-io/1.3.2/commons-io-1.3.2.jar (88 kB at 298 kB/s)
[INFO] Downloaded from central: https://repo.maven.apache.org/maven2/org/eclipse/jdt/ecj/3.26.0/ecj-3.26.0.jar (3.1 MB at 5.7 MB/s)
[INFO] Downloaded from central: https://repo.maven.apache.org/maven2/com/google/guava/guava/18.0/guava-18.0.jar (2.3 MB at 4.0 MB/s)
[INFO] 
[INFO] --- resources:3.3.1:resources (default-resources) @ trading-common ---
[INFO] Copying 0 resource from src/main/resources to target/classes
[INFO] Copying 7 resources from src/main/resources to target/classes
[INFO] 
[INFO] --- compiler:3.11.0:compile (default-compile) @ trading-common ---
[INFO] Changes detected - recompiling the module! :source
[INFO] Compiling 92 source files with javac [debug release 21] to target/classes
[INFO] Annotation processing is enabled because one or more processors were found
  on the class path. A future release of javac may disable annotation processing
  unless at least one processor is specified by name (-processor), or a search
  path is specified (--processor-path, --processor-module-path), or annotation
  processing is enabled explicitly (-proc:only, -proc:full).
  Use -Xlint:-options to suppress this message.
  Use -proc:none to disable annotation processing.
[INFO] 
[INFO] --- resources:3.3.1:testResources (default-testResources) @ trading-common ---
[INFO] Not copying test resources
[INFO] 
[INFO] --- compiler:3.11.0:testCompile (default-testCompile) @ trading-common ---
[INFO] Not compiling test sources
[INFO] 
[INFO] --- surefire:3.1.2:test (default-test) @ trading-common ---
[INFO] Tests are skipped.
[INFO] 
[INFO] --- jar:3.3.0:jar (default-jar) @ trading-common ---
[INFO] Building jar: /project/trading-common/target/trading-common-5.0.0-SNAPSHOT.jar
[INFO] 
[INFO] --- install:3.1.1:install (default-install) @ trading-common ---
[INFO] Installing /project/trading-common/pom.xml to /root/.m2/repository/fr/ymanvieu/trading/trading-common/5.0.0-SNAPSHOT/trading-common-5.0.0-SNAPSHOT.pom
[INFO] Installing /project/trading-common/target/trading-common-5.0.0-SNAPSHOT.jar to /root/.m2/repository/fr/ymanvieu/trading/trading-common/5.0.0-SNAPSHOT/trading-common-5.0.0-SNAPSHOT.jar
[INFO] 
[INFO] --------------< fr.ymanvieu.trading:trading-data-collect >--------------
[INFO] Building trading-data-collect 5.0.0-SNAPSHOT                       [4/6]
[INFO]   from trading-data-collect/pom.xml
[INFO] --------------------------------[ jar ]---------------------------------
[INFO] Downloading from jitpack.io: https://jitpack.io/org/postgresql/postgresql/42.6.0/postgresql-42.6.0.pom
[INFO] Downloading from central: https://repo.maven.apache.org/maven2/org/postgresql/postgresql/42.6.0/postgresql-42.6.0.pom
[INFO] Downloaded from central: https://repo.maven.apache.org/maven2/org/postgresql/postgresql/42.6.0/postgresql-42.6.0.pom (2.7 kB at 23 kB/s)
[INFO] Downloading from jitpack.io: https://jitpack.io/org/springframework/boot/spring-boot-starter-artemis/3.2.0/spring-boot-starter-artemis-3.2.0.pom
[INFO] Downloading from central: https://repo.maven.apache.org/maven2/org/springframework/boot/spring-boot-starter-artemis/3.2.0/spring-boot-starter-artemis-3.2.0.pom
[INFO] Downloaded from central: https://repo.maven.apache.org/maven2/org/springframework/boot/spring-boot-starter-artemis/3.2.0/spring-boot-starter-artemis-3.2.0.pom (2.6 kB at 110 kB/s)
[INFO] Downloading from jitpack.io: https://jitpack.io/org/springframework/spring-jms/6.1.1/spring-jms-6.1.1.pom
[INFO] Downloading from central: https://repo.maven.apache.org/maven2/org/springframework/spring-jms/6.1.1/spring-jms-6.1.1.pom
[INFO] Downloaded from central: https://repo.maven.apache.org/maven2/org/springframework/spring-jms/6.1.1/spring-jms-6.1.1.pom (2.8 kB at 84 kB/s)
[INFO] Downloading from jitpack.io: https://jitpack.io/org/springframework/spring-messaging/6.1.1/spring-messaging-6.1.1.pom
[INFO] Downloading from central: https://repo.maven.apache.org/maven2/org/springframework/spring-messaging/6.1.1/spring-messaging-6.1.1.pom
[INFO] Downloaded from central: https://repo.maven.apache.org/maven2/org/springframework/spring-messaging/6.1.1/spring-messaging-6.1.1.pom (2.2 kB at 82 kB/s)
[INFO] Downloading from jitpack.io: https://jitpack.io/org/apache/activemq/artemis-jakarta-client/2.31.2/artemis-jakarta-client-2.31.2.pom
[INFO] Downloading from central: https://repo.maven.apache.org/maven2/org/apache/activemq/artemis-jakarta-client/2.31.2/artemis-jakarta-client-2.31.2.pom
[INFO] Downloaded from central: https://repo.maven.apache.org/maven2/org/apache/activemq/artemis-jakarta-client/2.31.2/artemis-jakarta-client-2.31.2.pom (4.1 kB at 165 kB/s)
[INFO] Downloading from jitpack.io: https://jitpack.io/org/apache/activemq/artemis-pom/2.31.2/artemis-pom-2.31.2.pom
[INFO] Downloading from central: https://repo.maven.apache.org/maven2/org/apache/activemq/artemis-pom/2.31.2/artemis-pom-2.31.2.pom
[INFO] Downloaded from central: https://repo.maven.apache.org/maven2/org/apache/activemq/artemis-pom/2.31.2/artemis-pom-2.31.2.pom (89 kB at 3.1 MB/s)
[INFO] Downloading from jitpack.io: https://jitpack.io/io/opentelemetry/opentelemetry-bom/1.24.0/opentelemetry-bom-1.24.0.pom
[INFO] Downloading from central: https://repo.maven.apache.org/maven2/io/opentelemetry/opentelemetry-bom/1.24.0/opentelemetry-bom-1.24.0.pom
[INFO] Downloaded from central: https://repo.maven.apache.org/maven2/io/opentelemetry/opentelemetry-bom/1.24.0/opentelemetry-bom-1.24.0.pom (6.0 kB at 288 kB/s)
[INFO] Downloading from jitpack.io: https://jitpack.io/io/opentelemetry/opentelemetry-bom-alpha/1.24.0-alpha/opentelemetry-bom-alpha-1.24.0-alpha.pom
[INFO] Downloading from central: https://repo.maven.apache.org/maven2/io/opentelemetry/opentelemetry-bom-alpha/1.24.0-alpha/opentelemetry-bom-alpha-1.24.0-alpha.pom
[INFO] Downloaded from central: https://repo.maven.apache.org/maven2/io/opentelemetry/opentelemetry-bom-alpha/1.24.0-alpha/opentelemetry-bom-alpha-1.24.0-alpha.pom (4.2 kB at 154 kB/s)
[INFO] Downloading from jitpack.io: https://jitpack.io/org/eclipse/jetty/jetty-bom/10.0.16/jetty-bom-10.0.16.pom
[INFO] Downloading from central: https://repo.maven.apache.org/maven2/org/eclipse/jetty/jetty-bom/10.0.16/jetty-bom-10.0.16.pom
[INFO] Downloaded from central: https://repo.maven.apache.org/maven2/org/eclipse/jetty/jetty-bom/10.0.16/jetty-bom-10.0.16.pom (19 kB at 818 kB/s)
[INFO] Downloading from jitpack.io: https://jitpack.io/org/apache/activemq/artemis-core-client/2.31.2/artemis-core-client-2.31.2.pom
[INFO] Downloading from central: https://repo.maven.apache.org/maven2/org/apache/activemq/artemis-core-client/2.31.2/artemis-core-client-2.31.2.pom
[INFO] Downloaded from central: https://repo.maven.apache.org/maven2/org/apache/activemq/artemis-core-client/2.31.2/artemis-core-client-2.31.2.pom (6.9 kB at 300 kB/s)
[INFO] Downloading from jitpack.io: https://jitpack.io/org/jgroups/jgroups/5.3.0.Final/jgroups-5.3.0.Final.pom
[INFO] Downloading from central: https://repo.maven.apache.org/maven2/org/jgroups/jgroups/5.3.0.Final/jgroups-5.3.0.Final.pom
[INFO] Downloaded from central: https://repo.maven.apache.org/maven2/org/jgroups/jgroups/5.3.0.Final/jgroups-5.3.0.Final.pom (21 kB at 775 kB/s)
[INFO] Downloading from jitpack.io: https://jitpack.io/org/apache/activemq/artemis-commons/2.31.2/artemis-commons-2.31.2.pom
[INFO] Downloading from central: https://repo.maven.apache.org/maven2/org/apache/activemq/artemis-commons/2.31.2/artemis-commons-2.31.2.pom
[INFO] Downloaded from central: https://repo.maven.apache.org/maven2/org/apache/activemq/artemis-commons/2.31.2/artemis-commons-2.31.2.pom (5.6 kB at 224 kB/s)
[INFO] Downloading from jitpack.io: https://jitpack.io/io/netty/netty-buffer/4.1.101.Final/netty-buffer-4.1.101.Final.pom
[INFO] Downloading from central: https://repo.maven.apache.org/maven2/io/netty/netty-buffer/4.1.101.Final/netty-buffer-4.1.101.Final.pom
[INFO] Downloaded from central: https://repo.maven.apache.org/maven2/io/netty/netty-buffer/4.1.101.Final/netty-buffer-4.1.101.Final.pom (1.6 kB at 63 kB/s)
[INFO] Downloading from jitpack.io: https://jitpack.io/io/netty/netty-parent/4.1.101.Final/netty-parent-4.1.101.Final.pom
[INFO] Downloading from central: https://repo.maven.apache.org/maven2/io/netty/netty-parent/4.1.101.Final/netty-parent-4.1.101.Final.pom
[INFO] Downloaded from central: https://repo.maven.apache.org/maven2/io/netty/netty-parent/4.1.101.Final/netty-parent-4.1.101.Final.pom (84 kB at 2.9 MB/s)
[INFO] Downloading from jitpack.io: https://jitpack.io/io/netty/netty-common/4.1.101.Final/netty-common-4.1.101.Final.pom
[INFO] Downloading from central: https://repo.maven.apache.org/maven2/io/netty/netty-common/4.1.101.Final/netty-common-4.1.101.Final.pom
[INFO] Downloaded from central: https://repo.maven.apache.org/maven2/io/netty/netty-common/4.1.101.Final/netty-common-4.1.101.Final.pom (12 kB at 347 kB/s)
[INFO] Downloading from jitpack.io: https://jitpack.io/commons-beanutils/commons-beanutils/1.9.4/commons-beanutils-1.9.4.pom
[INFO] Downloading from central: https://repo.maven.apache.org/maven2/commons-beanutils/commons-beanutils/1.9.4/commons-beanutils-1.9.4.pom
[INFO] Downloaded from central: https://repo.maven.apache.org/maven2/commons-beanutils/commons-beanutils/1.9.4/commons-beanutils-1.9.4.pom (18 kB at 692 kB/s)
[INFO] Downloading from jitpack.io: https://jitpack.io/org/apache/commons/commons-parent/47/commons-parent-47.pom
[INFO] Downloading from central: https://repo.maven.apache.org/maven2/org/apache/commons/commons-parent/47/commons-parent-47.pom
[INFO] Downloaded from central: https://repo.maven.apache.org/maven2/org/apache/commons/commons-parent/47/commons-parent-47.pom (78 kB at 699 kB/s)
[INFO] Downloading from jitpack.io: https://jitpack.io/org/apache/apache/19/apache-19.pom
[INFO] Downloading from central: https://repo.maven.apache.org/maven2/org/apache/apache/19/apache-19.pom
[INFO] Downloaded from central: https://repo.maven.apache.org/maven2/org/apache/apache/19/apache-19.pom (15 kB at 704 kB/s)
[INFO] Downloading from jitpack.io: https://jitpack.io/commons-collections/commons-collections/3.2.2/commons-collections-3.2.2.pom
[INFO] Downloading from central: https://repo.maven.apache.org/maven2/commons-collections/commons-collections/3.2.2/commons-collections-3.2.2.pom
[INFO] Downloaded from central: https://repo.maven.apache.org/maven2/commons-collections/commons-collections/3.2.2/commons-collections-3.2.2.pom (12 kB at 496 kB/s)
[INFO] Downloading from jitpack.io: https://jitpack.io/org/apache/commons/commons-parent/39/commons-parent-39.pom
[INFO] Downloading from central: https://repo.maven.apache.org/maven2/org/apache/commons/commons-parent/39/commons-parent-39.pom
[INFO] Downloaded from central: https://repo.maven.apache.org/maven2/org/apache/commons/commons-parent/39/commons-parent-39.pom (62 kB at 2.4 MB/s)
[INFO] Downloading from jitpack.io: https://jitpack.io/org/apache/apache/16/apache-16.pom
[INFO] Downloading from central: https://repo.maven.apache.org/maven2/org/apache/apache/16/apache-16.pom
[INFO] Downloaded from central: https://repo.maven.apache.org/maven2/org/apache/apache/16/apache-16.pom (15 kB at 669 kB/s)
[INFO] Downloading from jitpack.io: https://jitpack.io/io/netty/netty-transport-native-epoll/4.1.101.Final/netty-transport-native-epoll-4.1.101.Final.pom
[INFO] Downloading from central: https://repo.maven.apache.org/maven2/io/netty/netty-transport-native-epoll/4.1.101.Final/netty-transport-native-epoll-4.1.101.Final.pom
[INFO] Downloaded from central: https://repo.maven.apache.org/maven2/io/netty/netty-transport-native-epoll/4.1.101.Final/netty-transport-native-epoll-4.1.101.Final.pom (19 kB at 744 kB/s)
[INFO] Downloading from jitpack.io: https://jitpack.io/io/netty/netty-transport/4.1.101.Final/netty-transport-4.1.101.Final.pom
[INFO] Downloading from central: https://repo.maven.apache.org/maven2/io/netty/netty-transport/4.1.101.Final/netty-transport-4.1.101.Final.pom
[INFO] Downloaded from central: https://repo.maven.apache.org/maven2/io/netty/netty-transport/4.1.101.Final/netty-transport-4.1.101.Final.pom (2.2 kB at 83 kB/s)
[INFO] Downloading from jitpack.io: https://jitpack.io/io/netty/netty-resolver/4.1.101.Final/netty-resolver-4.1.101.Final.pom
[INFO] Downloading from central: https://repo.maven.apache.org/maven2/io/netty/netty-resolver/4.1.101.Final/netty-resolver-4.1.101.Final.pom
[INFO] Downloaded from central: https://repo.maven.apache.org/maven2/io/netty/netty-resolver/4.1.101.Final/netty-resolver-4.1.101.Final.pom (1.6 kB at 64 kB/s)
[INFO] Downloading from jitpack.io: https://jitpack.io/io/netty/netty-transport-native-unix-common/4.1.101.Final/netty-transport-native-unix-common-4.1.101.Final.pom
[INFO] Downloading from central: https://repo.maven.apache.org/maven2/io/netty/netty-transport-native-unix-common/4.1.101.Final/netty-transport-native-unix-common-4.1.101.Final.pom
[INFO] Downloaded from central: https://repo.maven.apache.org/maven2/io/netty/netty-transport-native-unix-common/4.1.101.Final/netty-transport-native-unix-common-4.1.101.Final.pom (30 kB at 1.1 MB/s)
[INFO] Downloading from jitpack.io: https://jitpack.io/io/netty/netty-transport-classes-epoll/4.1.101.Final/netty-transport-classes-epoll-4.1.101.Final.pom
[INFO] Downloading from central: https://repo.maven.apache.org/maven2/io/netty/netty-transport-classes-epoll/4.1.101.Final/netty-transport-classes-epoll-4.1.101.Final.pom
[INFO] Downloaded from central: https://repo.maven.apache.org/maven2/io/netty/netty-transport-classes-epoll/4.1.101.Final/netty-transport-classes-epoll-4.1.101.Final.pom (2.1 kB at 85 kB/s)
[INFO] Downloading from jitpack.io: https://jitpack.io/io/netty/netty-transport-native-kqueue/4.1.101.Final/netty-transport-native-kqueue-4.1.101.Final.pom
[INFO] Downloading from central: https://repo.maven.apache.org/maven2/io/netty/netty-transport-native-kqueue/4.1.101.Final/netty-transport-native-kqueue-4.1.101.Final.pom
[INFO] Downloaded from central: https://repo.maven.apache.org/maven2/io/netty/netty-transport-native-kqueue/4.1.101.Final/netty-transport-native-kqueue-4.1.101.Final.pom (30 kB at 1.2 MB/s)
[INFO] Downloading from jitpack.io: https://jitpack.io/io/netty/netty-transport-classes-kqueue/4.1.101.Final/netty-transport-classes-kqueue-4.1.101.Final.pom
[INFO] Downloading from central: https://repo.maven.apache.org/maven2/io/netty/netty-transport-classes-kqueue/4.1.101.Final/netty-transport-classes-kqueue-4.1.101.Final.pom
[INFO] Downloaded from central: https://repo.maven.apache.org/maven2/io/netty/netty-transport-classes-kqueue/4.1.101.Final/netty-transport-classes-kqueue-4.1.101.Final.pom (2.1 kB at 22 kB/s)
[INFO] Downloading from jitpack.io: https://jitpack.io/io/netty/netty-codec-http/4.1.101.Final/netty-codec-http-4.1.101.Final.pom
[INFO] Downloading from central: https://repo.maven.apache.org/maven2/io/netty/netty-codec-http/4.1.101.Final/netty-codec-http-4.1.101.Final.pom
[INFO] Downloaded from central: https://repo.maven.apache.org/maven2/io/netty/netty-codec-http/4.1.101.Final/netty-codec-http-4.1.101.Final.pom (4.2 kB at 162 kB/s)
[INFO] Downloading from jitpack.io: https://jitpack.io/io/netty/netty-codec/4.1.101.Final/netty-codec-4.1.101.Final.pom
[INFO] Downloading from central: https://repo.maven.apache.org/maven2/io/netty/netty-codec/4.1.101.Final/netty-codec-4.1.101.Final.pom
[INFO] Downloaded from central: https://repo.maven.apache.org/maven2/io/netty/netty-codec/4.1.101.Final/netty-codec-4.1.101.Final.pom (5.3 kB at 231 kB/s)
[INFO] Downloading from jitpack.io: https://jitpack.io/io/netty/netty-handler/4.1.101.Final/netty-handler-4.1.101.Final.pom
[INFO] Downloading from central: https://repo.maven.apache.org/maven2/io/netty/netty-handler/4.1.101.Final/netty-handler-4.1.101.Final.pom
[INFO] Downloaded from central: https://repo.maven.apache.org/maven2/io/netty/netty-handler/4.1.101.Final/netty-handler-4.1.101.Final.pom (4.6 kB at 231 kB/s)
[INFO] Downloading from jitpack.io: https://jitpack.io/io/netty/netty-handler-proxy/4.1.101.Final/netty-handler-proxy-4.1.101.Final.pom
[INFO] Downloading from central: https://repo.maven.apache.org/maven2/io/netty/netty-handler-proxy/4.1.101.Final/netty-handler-proxy-4.1.101.Final.pom
[INFO] Downloaded from central: https://repo.maven.apache.org/maven2/io/netty/netty-handler-proxy/4.1.101.Final/netty-handler-proxy-4.1.101.Final.pom (3.6 kB at 142 kB/s)
[INFO] Downloading from jitpack.io: https://jitpack.io/io/netty/netty-codec-socks/4.1.101.Final/netty-codec-socks-4.1.101.Final.pom
[INFO] Downloading from central: https://repo.maven.apache.org/maven2/io/netty/netty-codec-socks/4.1.101.Final/netty-codec-socks-4.1.101.Final.pom
[INFO] Downloaded from central: https://repo.maven.apache.org/maven2/io/netty/netty-codec-socks/4.1.101.Final/netty-codec-socks-4.1.101.Final.pom (2.5 kB at 91 kB/s)
[INFO] Downloading from jitpack.io: https://jitpack.io/org/apache/activemq/artemis-selector/2.31.2/artemis-selector-2.31.2.pom
[INFO] Downloading from central: https://repo.maven.apache.org/maven2/org/apache/activemq/artemis-selector/2.31.2/artemis-selector-2.31.2.pom
[INFO] Downloaded from central: https://repo.maven.apache.org/maven2/org/apache/activemq/artemis-selector/2.31.2/artemis-selector-2.31.2.pom (4.9 kB at 163 kB/s)
[INFO] Downloading from jitpack.io: https://jitpack.io/jakarta/jms/jakarta.jms-api/3.1.0/jakarta.jms-api-3.1.0.pom
[INFO] Downloading from central: https://repo.maven.apache.org/maven2/jakarta/jms/jakarta.jms-api/3.1.0/jakarta.jms-api-3.1.0.pom
[INFO] Downloaded from central: https://repo.maven.apache.org/maven2/jakarta/jms/jakarta.jms-api/3.1.0/jakarta.jms-api-3.1.0.pom (9.7 kB at 102 kB/s)
[INFO] Downloading from jitpack.io: https://jitpack.io/org/apache/activemq/artemis-jms-server/2.31.2/artemis-jms-server-2.31.2.pom
[INFO] Downloading from central: https://repo.maven.apache.org/maven2/org/apache/activemq/artemis-jms-server/2.31.2/artemis-jms-server-2.31.2.pom
[INFO] Downloaded from central: https://repo.maven.apache.org/maven2/org/apache/activemq/artemis-jms-server/2.31.2/artemis-jms-server-2.31.2.pom (3.8 kB at 33 kB/s)
[INFO] Downloading from jitpack.io: https://jitpack.io/commons-logging/commons-logging/1.2/commons-logging-1.2.pom
[INFO] Downloading from central: https://repo.maven.apache.org/maven2/commons-logging/commons-logging/1.2/commons-logging-1.2.pom
[INFO] Downloaded from central: https://repo.maven.apache.org/maven2/commons-logging/commons-logging/1.2/commons-logging-1.2.pom (19 kB at 662 kB/s)
[INFO] Downloading from jitpack.io: https://jitpack.io/org/apache/commons/commons-parent/34/commons-parent-34.pom
[INFO] Downloading from central: https://repo.maven.apache.org/maven2/org/apache/commons/commons-parent/34/commons-parent-34.pom
[INFO] Downloaded from central: https://repo.maven.apache.org/maven2/org/apache/commons/commons-parent/34/commons-parent-34.pom (56 kB at 2.3 MB/s)
[INFO] Downloading from jitpack.io: https://jitpack.io/org/apache/activemq/artemis-jms-client/2.31.2/artemis-jms-client-2.31.2.pom
[INFO] Downloading from central: https://repo.maven.apache.org/maven2/org/apache/activemq/artemis-jms-client/2.31.2/artemis-jms-client-2.31.2.pom
[INFO] Downloaded from central: https://repo.maven.apache.org/maven2/org/apache/activemq/artemis-jms-client/2.31.2/artemis-jms-client-2.31.2.pom (4.3 kB at 180 kB/s)
[INFO] Downloading from jitpack.io: https://jitpack.io/org/apache/activemq/artemis-server/2.31.2/artemis-server-2.31.2.pom
[INFO] Downloading from central: https://repo.maven.apache.org/maven2/org/apache/activemq/artemis-server/2.31.2/artemis-server-2.31.2.pom
[INFO] Downloaded from central: https://repo.maven.apache.org/maven2/org/apache/activemq/artemis-server/2.31.2/artemis-server-2.31.2.pom (13 kB at 498 kB/s)
[INFO] Downloading from jitpack.io: https://jitpack.io/com/github/ben-manes/caffeine/caffeine/3.1.8/caffeine-3.1.8.pom
[INFO] Downloaded from jitpack.io: https://jitpack.io/com/github/ben-manes/caffeine/caffeine/3.1.8/caffeine-3.1.8.pom (1.8 kB at 32 kB/s)
[INFO] Downloading from jitpack.io: https://jitpack.io/org/apache/activemq/artemis-journal/2.31.2/artemis-journal-2.31.2.pom
[INFO] Downloading from central: https://repo.maven.apache.org/maven2/org/apache/activemq/artemis-journal/2.31.2/artemis-journal-2.31.2.pom
[INFO] Downloaded from central: https://repo.maven.apache.org/maven2/org/apache/activemq/artemis-journal/2.31.2/artemis-journal-2.31.2.pom (3.4 kB at 125 kB/s)
[INFO] Downloading from jitpack.io: https://jitpack.io/org/jctools/jctools-core/2.1.2/jctools-core-2.1.2.pom
[INFO] Downloading from central: https://repo.maven.apache.org/maven2/org/jctools/jctools-core/2.1.2/jctools-core-2.1.2.pom
[INFO] Downloaded from central: https://repo.maven.apache.org/maven2/org/jctools/jctools-core/2.1.2/jctools-core-2.1.2.pom (4.0 kB at 175 kB/s)
[INFO] Downloading from jitpack.io: https://jitpack.io/org/apache/activemq/activemq-artemis-native/2.0.0/activemq-artemis-native-2.0.0.pom
[INFO] Downloading from central: https://repo.maven.apache.org/maven2/org/apache/activemq/activemq-artemis-native/2.0.0/activemq-artemis-native-2.0.0.pom
[INFO] Downloaded from central: https://repo.maven.apache.org/maven2/org/apache/activemq/activemq-artemis-native/2.0.0/activemq-artemis-native-2.0.0.pom (27 kB at 788 kB/s)
[INFO] Downloading from jitpack.io: https://jitpack.io/org/apache/activemq/artemis-jdbc-store/2.31.2/artemis-jdbc-store-2.31.2.pom
[INFO] Downloading from central: https://repo.maven.apache.org/maven2/org/apache/activemq/artemis-jdbc-store/2.31.2/artemis-jdbc-store-2.31.2.pom
[INFO] Downloaded from central: https://repo.maven.apache.org/maven2/org/apache/activemq/artemis-jdbc-store/2.31.2/artemis-jdbc-store-2.31.2.pom (3.4 kB at 146 kB/s)
[INFO] Downloading from jitpack.io: https://jitpack.io/org/apache/commons/commons-dbcp2/2.10.0/commons-dbcp2-2.10.0.pom
[INFO] Downloading from central: https://repo.maven.apache.org/maven2/org/apache/commons/commons-dbcp2/2.10.0/commons-dbcp2-2.10.0.pom
[INFO] Downloaded from central: https://repo.maven.apache.org/maven2/org/apache/commons/commons-dbcp2/2.10.0/commons-dbcp2-2.10.0.pom (18 kB at 626 kB/s)
[INFO] Downloading from jitpack.io: https://jitpack.io/org/apache/commons/commons-parent/60/commons-parent-60.pom
[INFO] Downloading from central: https://repo.maven.apache.org/maven2/org/apache/commons/commons-parent/60/commons-parent-60.pom
[INFO] Downloaded from central: https://repo.maven.apache.org/maven2/org/apache/commons/commons-parent/60/commons-parent-60.pom (81 kB at 2.6 MB/s)
[INFO] Downloading from jitpack.io: https://jitpack.io/org/apache/commons/commons-pool2/2.12.0/commons-pool2-2.12.0.pom
[INFO] Downloading from central: https://repo.maven.apache.org/maven2/org/apache/commons/commons-pool2/2.12.0/commons-pool2-2.12.0.pom
[INFO] Downloaded from central: https://repo.maven.apache.org/maven2/org/apache/commons/commons-pool2/2.12.0/commons-pool2-2.12.0.pom (16 kB at 693 kB/s)
[INFO] Downloading from jitpack.io: https://jitpack.io/org/apache/commons/commons-parent/62/commons-parent-62.pom
[INFO] Downloading from central: https://repo.maven.apache.org/maven2/org/apache/commons/commons-parent/62/commons-parent-62.pom
[INFO] Downloaded from central: https://repo.maven.apache.org/maven2/org/apache/commons/commons-parent/62/commons-parent-62.pom (81 kB at 2.2 MB/s)
[INFO] Downloading from jitpack.io: https://jitpack.io/org/apache/activemq/artemis-quorum-api/2.31.2/artemis-quorum-api-2.31.2.pom
[INFO] Downloading from central: https://repo.maven.apache.org/maven2/org/apache/activemq/artemis-quorum-api/2.31.2/artemis-quorum-api-2.31.2.pom
[INFO] Downloaded from central: https://repo.maven.apache.org/maven2/org/apache/activemq/artemis-quorum-api/2.31.2/artemis-quorum-api-2.31.2.pom (1.4 kB at 52 kB/s)
[INFO] Downloading from jitpack.io: https://jitpack.io/org/apache/commons/commons-lang3/3.13.0/commons-lang3-3.13.0.pom
[INFO] Downloading from central: https://repo.maven.apache.org/maven2/org/apache/commons/commons-lang3/3.13.0/commons-lang3-3.13.0.pom
[INFO] Downloaded from central: https://repo.maven.apache.org/maven2/org/apache/commons/commons-lang3/3.13.0/commons-lang3-3.13.0.pom (31 kB at 1.3 MB/s)
[INFO] Downloading from jitpack.io: https://jitpack.io/org/apache/commons/commons-parent/58/commons-parent-58.pom
[INFO] Downloading from central: https://repo.maven.apache.org/maven2/org/apache/commons/commons-parent/58/commons-parent-58.pom
[INFO] Downloaded from central: https://repo.maven.apache.org/maven2/org/apache/commons/commons-parent/58/commons-parent-58.pom (83 kB at 2.8 MB/s)
[INFO] Downloading from jitpack.io: https://jitpack.io/org/apache/commons/commons-configuration2/2.9.0/commons-configuration2-2.9.0.pom
[INFO] Downloading from central: https://repo.maven.apache.org/maven2/org/apache/commons/commons-configuration2/2.9.0/commons-configuration2-2.9.0.pom
[INFO] Downloaded from central: https://repo.maven.apache.org/maven2/org/apache/commons/commons-configuration2/2.9.0/commons-configuration2-2.9.0.pom (30 kB at 1.2 MB/s)
[INFO] Downloading from jitpack.io: https://jitpack.io/org/apache/commons/commons-parent/56/commons-parent-56.pom
[INFO] Downloading from central: https://repo.maven.apache.org/maven2/org/apache/commons/commons-parent/56/commons-parent-56.pom
[INFO] Downloaded from central: https://repo.maven.apache.org/maven2/org/apache/commons/commons-parent/56/commons-parent-56.pom (82 kB at 2.9 MB/s)
[INFO] Downloading from jitpack.io: https://jitpack.io/org/apache/commons/commons-text/1.10.0/commons-text-1.10.0.pom
[INFO] Downloading from central: https://repo.maven.apache.org/maven2/org/apache/commons/commons-text/1.10.0/commons-text-1.10.0.pom
[INFO] Downloaded from central: https://repo.maven.apache.org/maven2/org/apache/commons/commons-text/1.10.0/commons-text-1.10.0.pom (21 kB at 833 kB/s)
[INFO] Downloading from jitpack.io: https://jitpack.io/org/apache/commons/commons-parent/54/commons-parent-54.pom
[INFO] Downloading from central: https://repo.maven.apache.org/maven2/org/apache/commons/commons-parent/54/commons-parent-54.pom
[INFO] Downloaded from central: https://repo.maven.apache.org/maven2/org/apache/commons/commons-parent/54/commons-parent-54.pom (82 kB at 2.6 MB/s)
[INFO] Downloading from jitpack.io: https://jitpack.io/io/micrometer/micrometer-core/1.12.0/micrometer-core-1.12.0.pom
[INFO] Downloading from central: https://repo.maven.apache.org/maven2/io/micrometer/micrometer-core/1.12.0/micrometer-core-1.12.0.pom
[INFO] Downloaded from central: https://repo.maven.apache.org/maven2/io/micrometer/micrometer-core/1.12.0/micrometer-core-1.12.0.pom (10 kB at 360 kB/s)
[INFO] Downloading from jitpack.io: https://jitpack.io/org/apache/activemq/artemis-service-extensions/2.31.2/artemis-service-extensions-2.31.2.pom
[INFO] Downloading from central: https://repo.maven.apache.org/maven2/org/apache/activemq/artemis-service-extensions/2.31.2/artemis-service-extensions-2.31.2.pom
[INFO] Downloaded from central: https://repo.maven.apache.org/maven2/org/apache/activemq/artemis-service-extensions/2.31.2/artemis-service-extensions-2.31.2.pom (3.1 kB at 128 kB/s)
[INFO] Downloading from jitpack.io: https://jitpack.io/com/fasterxml/jackson/datatype/jackson-datatype-jsr310/2.15.3/jackson-datatype-jsr310-2.15.3.pom
[INFO] Downloading from central: https://repo.maven.apache.org/maven2/com/fasterxml/jackson/datatype/jackson-datatype-jsr310/2.15.3/jackson-datatype-jsr310-2.15.3.pom
[INFO] Downloaded from central: https://repo.maven.apache.org/maven2/com/fasterxml/jackson/datatype/jackson-datatype-jsr310/2.15.3/jackson-datatype-jsr310-2.15.3.pom (4.9 kB at 164 kB/s)
[INFO] Downloading from jitpack.io: https://jitpack.io/com/fasterxml/jackson/module/jackson-modules-java8/2.15.3/jackson-modules-java8-2.15.3.pom
[INFO] Downloading from central: https://repo.maven.apache.org/maven2/com/fasterxml/jackson/module/jackson-modules-java8/2.15.3/jackson-modules-java8-2.15.3.pom
[INFO] Downloaded from central: https://repo.maven.apache.org/maven2/com/fasterxml/jackson/module/jackson-modules-java8/2.15.3/jackson-modules-java8-2.15.3.pom (3.1 kB at 69 kB/s)
[INFO] Downloading from jitpack.io: https://jitpack.io/org/springframework/retry/spring-retry/2.0.4/spring-retry-2.0.4.pom
[INFO] Downloading from central: https://repo.maven.apache.org/maven2/org/springframework/retry/spring-retry/2.0.4/spring-retry-2.0.4.pom
[INFO] Downloaded from central: https://repo.maven.apache.org/maven2/org/springframework/retry/spring-retry/2.0.4/spring-retry-2.0.4.pom (8.7 kB at 458 kB/s)
[INFO] Downloading from jitpack.io: https://jitpack.io/org/springframework/spring-framework-bom/6.0.13/spring-framework-bom-6.0.13.pom
[INFO] Downloading from central: https://repo.maven.apache.org/maven2/org/springframework/spring-framework-bom/6.0.13/spring-framework-bom-6.0.13.pom
[INFO] Downloaded from central: https://repo.maven.apache.org/maven2/org/springframework/spring-framework-bom/6.0.13/spring-framework-bom-6.0.13.pom (5.8 kB at 278 kB/s)
[INFO] Downloading from jitpack.io: https://jitpack.io/org/springframework/boot/spring-boot-configuration-processor/3.2.0/spring-boot-configuration-processor-3.2.0.pom
[INFO] Downloading from central: https://repo.maven.apache.org/maven2/org/springframework/boot/spring-boot-configuration-processor/3.2.0/spring-boot-configuration-processor-3.2.0.pom
[INFO] Downloaded from central: https://repo.maven.apache.org/maven2/org/springframework/boot/spring-boot-configuration-processor/3.2.0/spring-boot-configuration-processor-3.2.0.pom (1.9 kB at 94 kB/s)
[INFO] Downloading from jitpack.io: https://jitpack.io/org/springframework/boot/spring-boot-devtools/3.2.0/spring-boot-devtools-3.2.0.pom
[INFO] Downloading from central: https://repo.maven.apache.org/maven2/org/springframework/boot/spring-boot-devtools/3.2.0/spring-boot-devtools-3.2.0.pom
[INFO] Downloaded from central: https://repo.maven.apache.org/maven2/org/springframework/boot/spring-boot-devtools/3.2.0/spring-boot-devtools-3.2.0.pom (2.3 kB at 22 kB/s)
[INFO] Downloading from jitpack.io: https://jitpack.io/org/postgresql/postgresql/42.6.0/postgresql-42.6.0.jar
[INFO] Downloading from jitpack.io: https://jitpack.io/org/springframework/boot/spring-boot-starter-artemis/3.2.0/spring-boot-starter-artemis-3.2.0.jar
[INFO] Downloading from jitpack.io: https://jitpack.io/org/springframework/spring-jms/6.1.1/spring-jms-6.1.1.jar
[INFO] Downloading from jitpack.io: https://jitpack.io/org/springframework/spring-messaging/6.1.1/spring-messaging-6.1.1.jar
[INFO] Downloading from jitpack.io: https://jitpack.io/org/apache/activemq/artemis-jakarta-client/2.31.2/artemis-jakarta-client-2.31.2.jar
[INFO] Downloading from jitpack.io: https://jitpack.io/org/apache/activemq/artemis-selector/2.31.2/artemis-selector-2.31.2.jar
[INFO] Downloading from jitpack.io: https://jitpack.io/org/apache/activemq/artemis-jms-server/2.31.2/artemis-jms-server-2.31.2.jar
[INFO] Downloading from jitpack.io: https://jitpack.io/org/apache/activemq/artemis-core-client/2.31.2/artemis-core-client-2.31.2.jar
[INFO] Downloading from jitpack.io: https://jitpack.io/org/jgroups/jgroups/5.3.0.Final/jgroups-5.3.0.Final.jar
[INFO] Downloading from jitpack.io: https://jitpack.io/io/netty/netty-transport-native-epoll/4.1.101.Final/netty-transport-native-epoll-4.1.101.Final-linux-x86_64.jar
[INFO] Downloading from jitpack.io: https://jitpack.io/io/netty/netty-transport-native-unix-common/4.1.101.Final/netty-transport-native-unix-common-4.1.101.Final.jar
[INFO] Downloading from jitpack.io: https://jitpack.io/io/netty/netty-transport-classes-epoll/4.1.101.Final/netty-transport-classes-epoll-4.1.101.Final.jar
[INFO] Downloading from jitpack.io: https://jitpack.io/io/netty/netty-transport-native-kqueue/4.1.101.Final/netty-transport-native-kqueue-4.1.101.Final-osx-x86_64.jar
[INFO] Downloading from jitpack.io: https://jitpack.io/io/netty/netty-transport-classes-kqueue/4.1.101.Final/netty-transport-classes-kqueue-4.1.101.Final.jar
[INFO] Downloading from jitpack.io: https://jitpack.io/io/netty/netty-codec-http/4.1.101.Final/netty-codec-http-4.1.101.Final.jar
[INFO] Downloading from jitpack.io: https://jitpack.io/io/netty/netty-buffer/4.1.101.Final/netty-buffer-4.1.101.Final.jar
[INFO] Downloading from jitpack.io: https://jitpack.io/io/netty/netty-transport/4.1.101.Final/netty-transport-4.1.101.Final.jar
[INFO] Downloading from jitpack.io: https://jitpack.io/io/netty/netty-handler/4.1.101.Final/netty-handler-4.1.101.Final.jar
[INFO] Downloading from jitpack.io: https://jitpack.io/io/netty/netty-handler-proxy/4.1.101.Final/netty-handler-proxy-4.1.101.Final.jar
[INFO] Downloading from jitpack.io: https://jitpack.io/io/netty/netty-codec/4.1.101.Final/netty-codec-4.1.101.Final.jar
[INFO] Downloading from jitpack.io: https://jitpack.io/io/netty/netty-codec-socks/4.1.101.Final/netty-codec-socks-4.1.101.Final.jar
[INFO] Downloading from jitpack.io: https://jitpack.io/io/netty/netty-common/4.1.101.Final/netty-common-4.1.101.Final.jar
[INFO] Downloading from jitpack.io: https://jitpack.io/io/netty/netty-resolver/4.1.101.Final/netty-resolver-4.1.101.Final.jar
[INFO] Downloading from jitpack.io: https://jitpack.io/org/apache/activemq/artemis-jms-client/2.31.2/artemis-jms-client-2.31.2.jar
[INFO] Downloading from jitpack.io: https://jitpack.io/org/apache/activemq/artemis-server/2.31.2/artemis-server-2.31.2.jar
[INFO] Downloading from jitpack.io: https://jitpack.io/com/github/ben-manes/caffeine/caffeine/3.1.8/caffeine-3.1.8.jar
[INFO] Downloading from jitpack.io: https://jitpack.io/org/apache/commons/commons-dbcp2/2.10.0/commons-dbcp2-2.10.0.jar
[INFO] Downloading from jitpack.io: https://jitpack.io/org/apache/activemq/artemis-jdbc-store/2.31.2/artemis-jdbc-store-2.31.2.jar
[INFO] Downloading from jitpack.io: https://jitpack.io/org/apache/commons/commons-pool2/2.12.0/commons-pool2-2.12.0.jar
[INFO] Downloading from jitpack.io: https://jitpack.io/org/apache/activemq/artemis-quorum-api/2.31.2/artemis-quorum-api-2.31.2.jar
[INFO] Downloading from jitpack.io: https://jitpack.io/org/jctools/jctools-core/2.1.2/jctools-core-2.1.2.jar
[INFO] Downloading from jitpack.io: https://jitpack.io/commons-beanutils/commons-beanutils/1.9.4/commons-beanutils-1.9.4.jar
[INFO] Downloading from jitpack.io: https://jitpack.io/commons-logging/commons-logging/1.2/commons-logging-1.2.jar
[INFO] Downloading from jitpack.io: https://jitpack.io/org/apache/commons/commons-lang3/3.13.0/commons-lang3-3.13.0.jar
[INFO] Downloading from jitpack.io: https://jitpack.io/org/apache/commons/commons-configuration2/2.9.0/commons-configuration2-2.9.0.jar
[INFO] Downloading from jitpack.io: https://jitpack.io/org/apache/commons/commons-text/1.10.0/commons-text-1.10.0.jar
[INFO] Downloading from jitpack.io: https://jitpack.io/commons-collections/commons-collections/3.2.2/commons-collections-3.2.2.jar
[INFO] Downloading from jitpack.io: https://jitpack.io/io/micrometer/micrometer-core/1.12.0/micrometer-core-1.12.0.jar
[INFO] Downloading from jitpack.io: https://jitpack.io/org/apache/activemq/artemis-journal/2.31.2/artemis-journal-2.31.2.jar
[INFO] Downloading from jitpack.io: https://jitpack.io/org/apache/activemq/activemq-artemis-native/2.0.0/activemq-artemis-native-2.0.0.jar
[INFO] Downloading from jitpack.io: https://jitpack.io/org/apache/activemq/artemis-commons/2.31.2/artemis-commons-2.31.2.jar
[INFO] Downloading from jitpack.io: https://jitpack.io/org/apache/activemq/artemis-service-extensions/2.31.2/artemis-service-extensions-2.31.2.jar
[INFO] Downloading from jitpack.io: https://jitpack.io/jakarta/jms/jakarta.jms-api/3.1.0/jakarta.jms-api-3.1.0.jar
[INFO] Downloading from jitpack.io: https://jitpack.io/com/fasterxml/jackson/datatype/jackson-datatype-jsr310/2.15.3/jackson-datatype-jsr310-2.15.3.jar
[INFO] Downloaded from jitpack.io: https://jitpack.io/com/github/ben-manes/caffeine/caffeine/3.1.8/caffeine-3.1.8.jar (889 kB at 5.6 MB/s)
[INFO] Downloading from jitpack.io: https://jitpack.io/org/springframework/retry/spring-retry/2.0.4/spring-retry-2.0.4.jar
[INFO] Downloading from jitpack.io: https://jitpack.io/org/springframework/boot/spring-boot-configuration-processor/3.2.0/spring-boot-configuration-processor-3.2.0.jar
[INFO] Downloading from jitpack.io: https://jitpack.io/org/springframework/boot/spring-boot-devtools/3.2.0/spring-boot-devtools-3.2.0.jar
[INFO] Downloading from central: https://repo.maven.apache.org/maven2/org/postgresql/postgresql/42.6.0/postgresql-42.6.0.jar
[INFO] Downloaded from central: https://repo.maven.apache.org/maven2/org/postgresql/postgresql/42.6.0/postgresql-42.6.0.jar (1.1 MB at 6.3 MB/s)
[INFO] Downloading from central: https://repo.maven.apache.org/maven2/org/springframework/boot/spring-boot-starter-artemis/3.2.0/spring-boot-starter-artemis-3.2.0.jar
[INFO] Downloading from central: https://repo.maven.apache.org/maven2/org/springframework/spring-jms/6.1.1/spring-jms-6.1.1.jar
[INFO] Downloading from central: https://repo.maven.apache.org/maven2/org/springframework/spring-messaging/6.1.1/spring-messaging-6.1.1.jar
[INFO] Downloading from central: https://repo.maven.apache.org/maven2/org/apache/activemq/artemis-jakarta-client/2.31.2/artemis-jakarta-client-2.31.2.jar
[INFO] Downloading from central: https://repo.maven.apache.org/maven2/org/apache/activemq/artemis-selector/2.31.2/artemis-selector-2.31.2.jar
[INFO] Downloaded from central: https://repo.maven.apache.org/maven2/org/springframework/boot/spring-boot-starter-artemis/3.2.0/spring-boot-starter-artemis-3.2.0.jar (4.8 kB at 198 kB/s)
[INFO] Downloading from central: https://repo.maven.apache.org/maven2/org/apache/activemq/artemis-jms-server/2.31.2/artemis-jms-server-2.31.2.jar
[INFO] Downloaded from central: https://repo.maven.apache.org/maven2/org/springframework/spring-messaging/6.1.1/spring-messaging-6.1.1.jar (612 kB at 8.2 MB/s)
[INFO] Downloading from central: https://repo.maven.apache.org/maven2/org/apache/activemq/artemis-core-client/2.31.2/artemis-core-client-2.31.2.jar
[INFO] Downloaded from central: https://repo.maven.apache.org/maven2/org/apache/activemq/artemis-selector/2.31.2/artemis-selector-2.31.2.jar (109 kB at 1.3 MB/s)
[INFO] Downloading from central: https://repo.maven.apache.org/maven2/org/jgroups/jgroups/5.3.0.Final/jgroups-5.3.0.Final.jar
[INFO] Downloaded from central: https://repo.maven.apache.org/maven2/org/springframework/spring-jms/6.1.1/spring-jms-6.1.1.jar (268 kB at 2.9 MB/s)
[INFO] Downloading from central: https://repo.maven.apache.org/maven2/io/netty/netty-transport-native-epoll/4.1.101.Final/netty-transport-native-epoll-4.1.101.Final-linux-x86_64.jar
[INFO] Downloaded from central: https://repo.maven.apache.org/maven2/org/apache/activemq/artemis-jakarta-client/2.31.2/artemis-jakarta-client-2.31.2.jar (191 kB at 1.9 MB/s)
[INFO] Downloading from central: https://repo.maven.apache.org/maven2/io/netty/netty-transport-native-unix-common/4.1.101.Final/netty-transport-native-unix-common-4.1.101.Final.jar
[INFO] Downloaded from central: https://repo.maven.apache.org/maven2/org/apache/activemq/artemis-jms-server/2.31.2/artemis-jms-server-2.31.2.jar (123 kB at 1.2 MB/s)
[INFO] Downloading from central: https://repo.maven.apache.org/maven2/io/netty/netty-transport-classes-epoll/4.1.101.Final/netty-transport-classes-epoll-4.1.101.Final.jar
[INFO] Downloaded from central: https://repo.maven.apache.org/maven2/io/netty/netty-transport-classes-epoll/4.1.101.Final/netty-transport-classes-epoll-4.1.101.Final.jar (147 kB at 1.1 MB/s)
[INFO] Downloading from central: https://repo.maven.apache.org/maven2/io/netty/netty-transport-native-kqueue/4.1.101.Final/netty-transport-native-kqueue-4.1.101.Final-osx-x86_64.jar
[INFO] Downloaded from central: https://repo.maven.apache.org/maven2/io/netty/netty-transport-native-unix-common/4.1.101.Final/netty-transport-native-unix-common-4.1.101.Final.jar (44 kB at 326 kB/s)
[INFO] Downloading from central: https://repo.maven.apache.org/maven2/io/netty/netty-transport-classes-kqueue/4.1.101.Final/netty-transport-classes-kqueue-4.1.101.Final.jar
[INFO] Downloaded from central: https://repo.maven.apache.org/maven2/io/netty/netty-transport-native-epoll/4.1.101.Final/netty-transport-native-epoll-4.1.101.Final-linux-x86_64.jar (39 kB at 281 kB/s)
[INFO] Downloading from central: https://repo.maven.apache.org/maven2/io/netty/netty-codec-http/4.1.101.Final/netty-codec-http-4.1.101.Final.jar
[INFO] Downloaded from central: https://repo.maven.apache.org/maven2/org/apache/activemq/artemis-core-client/2.31.2/artemis-core-client-2.31.2.jar (842 kB at 1.9 MB/s)
[INFO] Downloading from central: https://repo.maven.apache.org/maven2/io/netty/netty-buffer/4.1.101.Final/netty-buffer-4.1.101.Final.jar
[INFO] Downloaded from central: https://repo.maven.apache.org/maven2/io/netty/netty-transport-native-kqueue/4.1.101.Final/netty-transport-native-kqueue-4.1.101.Final-osx-x86_64.jar (25 kB at 54 kB/s)
[INFO] Downloading from central: https://repo.maven.apache.org/maven2/io/netty/netty-transport/4.1.101.Final/netty-transport-4.1.101.Final.jar
[INFO] Downloaded from central: https://repo.maven.apache.org/maven2/io/netty/netty-transport-classes-kqueue/4.1.101.Final/netty-transport-classes-kqueue-4.1.101.Final.jar (108 kB at 226 kB/s)
[INFO] Downloading from central: https://repo.maven.apache.org/maven2/io/netty/netty-handler/4.1.101.Final/netty-handler-4.1.101.Final.jar
[INFO] Downloaded from central: https://repo.maven.apache.org/maven2/org/jgroups/jgroups/5.3.0.Final/jgroups-5.3.0.Final.jar (2.3 MB at 4.5 MB/s)
[INFO] Downloading from central: https://repo.maven.apache.org/maven2/io/netty/netty-handler-proxy/4.1.101.Final/netty-handler-proxy-4.1.101.Final.jar
[INFO] Downloaded from central: https://repo.maven.apache.org/maven2/io/netty/netty-codec-http/4.1.101.Final/netty-codec-http-4.1.101.Final.jar (658 kB at 1.2 MB/s)
[INFO] Downloading from central: https://repo.maven.apache.org/maven2/io/netty/netty-codec/4.1.101.Final/netty-codec-4.1.101.Final.jar
[INFO] Downloaded from central: https://repo.maven.apache.org/maven2/io/netty/netty-buffer/4.1.101.Final/netty-buffer-4.1.101.Final.jar (307 kB at 536 kB/s)
[INFO] Downloading from central: https://repo.maven.apache.org/maven2/io/netty/netty-codec-socks/4.1.101.Final/netty-codec-socks-4.1.101.Final.jar
[INFO] Downloaded from central: https://repo.maven.apache.org/maven2/io/netty/netty-handler/4.1.101.Final/netty-handler-4.1.101.Final.jar (561 kB at 908 kB/s)
[INFO] Downloading from central: https://repo.maven.apache.org/maven2/io/netty/netty-common/4.1.101.Final/netty-common-4.1.101.Final.jar
[INFO] Downloaded from central: https://repo.maven.apache.org/maven2/io/netty/netty-handler-proxy/4.1.101.Final/netty-handler-proxy-4.1.101.Final.jar (25 kB at 41 kB/s)
[INFO] Downloading from central: https://repo.maven.apache.org/maven2/io/netty/netty-resolver/4.1.101.Final/netty-resolver-4.1.101.Final.jar
[INFO] Downloaded from central: https://repo.maven.apache.org/maven2/io/netty/netty-codec-socks/4.1.101.Final/netty-codec-socks-4.1.101.Final.jar (121 kB at 181 kB/s)
[INFO] Downloading from central: https://repo.maven.apache.org/maven2/org/apache/activemq/artemis-jms-client/2.31.2/artemis-jms-client-2.31.2.jar
[INFO] Downloaded from central: https://repo.maven.apache.org/maven2/io/netty/netty-codec/4.1.101.Final/netty-codec-4.1.101.Final.jar (345 kB at 508 kB/s)
[INFO] Downloading from central: https://repo.maven.apache.org/maven2/org/apache/activemq/artemis-server/2.31.2/artemis-server-2.31.2.jar
[INFO] Downloaded from central: https://repo.maven.apache.org/maven2/io/netty/netty-transport/4.1.101.Final/netty-transport-4.1.101.Final.jar (497 kB at 729 kB/s)
[INFO] Downloading from central: https://repo.maven.apache.org/maven2/org/apache/activemq/artemis-jdbc-store/2.31.2/artemis-jdbc-store-2.31.2.jar
[INFO] Downloaded from central: https://repo.maven.apache.org/maven2/io/netty/netty-resolver/4.1.101.Final/netty-resolver-4.1.101.Final.jar (38 kB at 55 kB/s)
[INFO] Downloading from central: https://repo.maven.apache.org/maven2/org/apache/commons/commons-dbcp2/2.10.0/commons-dbcp2-2.10.0.jar
[INFO] Downloaded from central: https://repo.maven.apache.org/maven2/io/netty/netty-common/4.1.101.Final/netty-common-4.1.101.Final.jar (661 kB at 915 kB/s)
[INFO] Downloading from central: https://repo.maven.apache.org/maven2/org/apache/commons/commons-pool2/2.12.0/commons-pool2-2.12.0.jar
[INFO] Downloaded from central: https://repo.maven.apache.org/maven2/org/apache/activemq/artemis-jms-client/2.31.2/artemis-jms-client-2.31.2.jar (191 kB at 260 kB/s)
[INFO] Downloading from central: https://repo.maven.apache.org/maven2/org/apache/activemq/artemis-quorum-api/2.31.2/artemis-quorum-api-2.31.2.jar
[INFO] Downloaded from central: https://repo.maven.apache.org/maven2/org/apache/commons/commons-dbcp2/2.10.0/commons-dbcp2-2.10.0.jar (214 kB at 279 kB/s)
[INFO] Downloading from central: https://repo.maven.apache.org/maven2/org/jctools/jctools-core/2.1.2/jctools-core-2.1.2.jar
[INFO] Downloaded from central: https://repo.maven.apache.org/maven2/org/apache/activemq/artemis-jdbc-store/2.31.2/artemis-jdbc-store-2.31.2.jar (112 kB at 146 kB/s)
[INFO] Downloading from central: https://repo.maven.apache.org/maven2/commons-beanutils/commons-beanutils/1.9.4/commons-beanutils-1.9.4.jar
[INFO] Downloaded from central: https://repo.maven.apache.org/maven2/org/apache/commons/commons-pool2/2.12.0/commons-pool2-2.12.0.jar (150 kB at 191 kB/s)
[INFO] Downloading from central: https://repo.maven.apache.org/maven2/commons-logging/commons-logging/1.2/commons-logging-1.2.jar
[INFO] Downloaded from central: https://repo.maven.apache.org/maven2/org/apache/activemq/artemis-quorum-api/2.31.2/artemis-quorum-api-2.31.2.jar (13 kB at 16 kB/s)
[INFO] Downloading from central: https://repo.maven.apache.org/maven2/org/apache/commons/commons-lang3/3.13.0/commons-lang3-3.13.0.jar
[INFO] Downloaded from central: https://repo.maven.apache.org/maven2/commons-beanutils/commons-beanutils/1.9.4/commons-beanutils-1.9.4.jar (247 kB at 297 kB/s)
[INFO] Downloading from central: https://repo.maven.apache.org/maven2/org/apache/commons/commons-configuration2/2.9.0/commons-configuration2-2.9.0.jar
[INFO] Downloaded from central: https://repo.maven.apache.org/maven2/commons-logging/commons-logging/1.2/commons-logging-1.2.jar (62 kB at 74 kB/s)
[INFO] Downloading from central: https://repo.maven.apache.org/maven2/org/apache/commons/commons-text/1.10.0/commons-text-1.10.0.jar
[INFO] Downloaded from central: https://repo.maven.apache.org/maven2/org/jctools/jctools-core/2.1.2/jctools-core-2.1.2.jar (252 kB at 296 kB/s)
[INFO] Downloading from central: https://repo.maven.apache.org/maven2/commons-collections/commons-collections/3.2.2/commons-collections-3.2.2.jar
[INFO] Downloaded from central: https://repo.maven.apache.org/maven2/org/apache/commons/commons-lang3/3.13.0/commons-lang3-3.13.0.jar (632 kB at 643 kB/s)
[INFO] Downloading from central: https://repo.maven.apache.org/maven2/io/micrometer/micrometer-core/1.12.0/micrometer-core-1.12.0.jar
[INFO] Downloaded from central: https://repo.maven.apache.org/maven2/org/apache/commons/commons-text/1.10.0/commons-text-1.10.0.jar (238 kB at 236 kB/s)
[INFO] Downloading from central: https://repo.maven.apache.org/maven2/org/apache/activemq/artemis-journal/2.31.2/artemis-journal-2.31.2.jar
[INFO] Downloaded from central: https://repo.maven.apache.org/maven2/org/apache/commons/commons-configuration2/2.9.0/commons-configuration2-2.9.0.jar (645 kB at 613 kB/s)
[INFO] Downloading from central: https://repo.maven.apache.org/maven2/org/apache/activemq/activemq-artemis-native/2.0.0/activemq-artemis-native-2.0.0.jar
[INFO] Downloaded from central: https://repo.maven.apache.org/maven2/commons-collections/commons-collections/3.2.2/commons-collections-3.2.2.jar (588 kB at 523 kB/s)
[INFO] Downloading from central: https://repo.maven.apache.org/maven2/org/apache/activemq/artemis-commons/2.31.2/artemis-commons-2.31.2.jar
[INFO] Downloaded from central: https://repo.maven.apache.org/maven2/io/micrometer/micrometer-core/1.12.0/micrometer-core-1.12.0.jar (882 kB at 760 kB/s)
[INFO] Downloading from central: https://repo.maven.apache.org/maven2/org/apache/activemq/artemis-service-extensions/2.31.2/artemis-service-extensions-2.31.2.jar
[INFO] Downloaded from central: https://repo.maven.apache.org/maven2/org/apache/activemq/artemis-journal/2.31.2/artemis-journal-2.31.2.jar (236 kB at 201 kB/s)
[INFO] Downloading from central: https://repo.maven.apache.org/maven2/jakarta/jms/jakarta.jms-api/3.1.0/jakarta.jms-api-3.1.0.jar
[INFO] Downloaded from central: https://repo.maven.apache.org/maven2/org/apache/activemq/activemq-artemis-native/2.0.0/activemq-artemis-native-2.0.0.jar (42 kB at 35 kB/s)
[INFO] Downloading from central: https://repo.maven.apache.org/maven2/com/fasterxml/jackson/datatype/jackson-datatype-jsr310/2.15.3/jackson-datatype-jsr310-2.15.3.jar
[INFO] Downloaded from central: https://repo.maven.apache.org/maven2/org/apache/activemq/artemis-service-extensions/2.31.2/artemis-service-extensions-2.31.2.jar (34 kB at 28 kB/s)
[INFO] Downloading from central: https://repo.maven.apache.org/maven2/org/springframework/retry/spring-retry/2.0.4/spring-retry-2.0.4.jar
[INFO] Downloaded from central: https://repo.maven.apache.org/maven2/jakarta/jms/jakarta.jms-api/3.1.0/jakarta.jms-api-3.1.0.jar (59 kB at 48 kB/s)
[INFO] Downloading from central: https://repo.maven.apache.org/maven2/org/springframework/boot/spring-boot-configuration-processor/3.2.0/spring-boot-configuration-processor-3.2.0.jar
[INFO] Downloaded from central: https://repo.maven.apache.org/maven2/org/apache/activemq/artemis-commons/2.31.2/artemis-commons-2.31.2.jar (666 kB at 532 kB/s)
[INFO] Downloading from central: https://repo.maven.apache.org/maven2/org/springframework/boot/spring-boot-devtools/3.2.0/spring-boot-devtools-3.2.0.jar
[INFO] Downloaded from central: https://repo.maven.apache.org/maven2/com/fasterxml/jackson/datatype/jackson-datatype-jsr310/2.15.3/jackson-datatype-jsr310-2.15.3.jar (123 kB at 98 kB/s)
[INFO] Downloaded from central: https://repo.maven.apache.org/maven2/org/springframework/boot/spring-boot-configuration-processor/3.2.0/spring-boot-configuration-processor-3.2.0.jar (122 kB at 90 kB/s)
[INFO] Downloaded from central: https://repo.maven.apache.org/maven2/org/springframework/retry/spring-retry/2.0.4/spring-retry-2.0.4.jar (154 kB at 112 kB/s)
[INFO] Downloaded from central: https://repo.maven.apache.org/maven2/org/springframework/boot/spring-boot-devtools/3.2.0/spring-boot-devtools-3.2.0.jar (203 kB at 137 kB/s)
[INFO] Downloaded from central: https://repo.maven.apache.org/maven2/org/apache/activemq/artemis-server/2.31.2/artemis-server-2.31.2.jar (2.4 MB at 1.6 MB/s)
[INFO] 
[INFO] --- resources:3.3.1:resources (default-resources) @ trading-data-collect ---
[INFO] Copying 3 resources from src/main/resources to target/classes
[INFO] Copying 3 resources from src/main/resources to target/classes
[INFO] 
[INFO] --- compiler:3.11.0:compile (default-compile) @ trading-data-collect ---
[INFO] Changes detected - recompiling the module! :dependency
[INFO] Compiling 11 source files with javac [debug release 21] to target/classes
[INFO] Annotation processing is enabled because one or more processors were found
  on the class path. A future release of javac may disable annotation processing
  unless at least one processor is specified by name (-processor), or a search
  path is specified (--processor-path, --processor-module-path), or annotation
  processing is enabled explicitly (-proc:only, -proc:full).
  Use -Xlint:-options to suppress this message.
  Use -proc:none to disable annotation processing.
[INFO] 
[INFO] --- resources:3.3.1:testResources (default-testResources) @ trading-data-collect ---
[INFO] Not copying test resources
[INFO] 
[INFO] --- compiler:3.11.0:testCompile (default-testCompile) @ trading-data-collect ---
[INFO] Not compiling test sources
[INFO] 
[INFO] --- surefire:3.1.2:test (default-test) @ trading-data-collect ---
[INFO] Tests are skipped.
[INFO] 
[INFO] --- jar:3.3.0:jar (default-jar) @ trading-data-collect ---
[INFO] Building jar: /project/trading-data-collect/target/trading-data-collect-5.0.0-SNAPSHOT.jar
[INFO] 
[INFO] --- install:3.1.1:install (default-install) @ trading-data-collect ---
[INFO] Installing /project/trading-data-collect/pom.xml to /root/.m2/repository/fr/ymanvieu/trading/trading-data-collect/5.0.0-SNAPSHOT/trading-data-collect-5.0.0-SNAPSHOT.pom
[INFO] Installing /project/trading-data-collect/target/trading-data-collect-5.0.0-SNAPSHOT.jar to /root/.m2/repository/fr/ymanvieu/trading/trading-data-collect/5.0.0-SNAPSHOT/trading-data-collect-5.0.0-SNAPSHOT.jar
[INFO] 
[INFO] -----------------< fr.ymanvieu.trading:trading-webapp >-----------------
[INFO] Building trading-webapp 5.0.0-SNAPSHOT                             [5/6]
[INFO]   from trading-webapp/pom.xml
[INFO] --------------------------------[ jar ]---------------------------------
[INFO] Downloading from central: https://repo.maven.apache.org/maven2/org/springframework/boot/spring-boot-maven-plugin/3.2.0/spring-boot-maven-plugin-3.2.0.pom
[INFO] Downloaded from central: https://repo.maven.apache.org/maven2/org/springframework/boot/spring-boot-maven-plugin/3.2.0/spring-boot-maven-plugin-3.2.0.pom (4.0 kB at 35 kB/s)
[INFO] Downloading from central: https://repo.maven.apache.org/maven2/org/springframework/boot/spring-boot-maven-plugin/3.2.0/spring-boot-maven-plugin-3.2.0.jar
[INFO] Downloaded from central: https://repo.maven.apache.org/maven2/org/springframework/boot/spring-boot-maven-plugin/3.2.0/spring-boot-maven-plugin-3.2.0.jar (134 kB at 1.1 MB/s)
[INFO] Downloading from central: https://repo.maven.apache.org/maven2/org/apache/maven/plugins/maven-enforcer-plugin/3.4.1/maven-enforcer-plugin-3.4.1.pom
[INFO] Downloaded from central: https://repo.maven.apache.org/maven2/org/apache/maven/plugins/maven-enforcer-plugin/3.4.1/maven-enforcer-plugin-3.4.1.pom (7.7 kB at 310 kB/s)
[INFO] Downloading from central: https://repo.maven.apache.org/maven2/org/apache/maven/enforcer/enforcer/3.4.1/enforcer-3.4.1.pom
[INFO] Downloaded from central: https://repo.maven.apache.org/maven2/org/apache/maven/enforcer/enforcer/3.4.1/enforcer-3.4.1.pom (9.1 kB at 348 kB/s)
[INFO] Downloading from central: https://repo.maven.apache.org/maven2/org/apache/maven/maven-parent/40/maven-parent-40.pom
[INFO] Downloaded from central: https://repo.maven.apache.org/maven2/org/apache/maven/maven-parent/40/maven-parent-40.pom (49 kB at 2.0 MB/s)
[INFO] Downloading from central: https://repo.maven.apache.org/maven2/org/apache/maven/plugins/maven-enforcer-plugin/3.4.1/maven-enforcer-plugin-3.4.1.jar
[INFO] Downloaded from central: https://repo.maven.apache.org/maven2/org/apache/maven/plugins/maven-enforcer-plugin/3.4.1/maven-enforcer-plugin-3.4.1.jar (39 kB at 1.4 MB/s)
[INFO] Downloading from jitpack.io: https://jitpack.io/org/springframework/boot/spring-boot-starter-web/3.2.0/spring-boot-starter-web-3.2.0.pom
[INFO] Downloading from central: https://repo.maven.apache.org/maven2/org/springframework/boot/spring-boot-starter-web/3.2.0/spring-boot-starter-web-3.2.0.pom
[INFO] Downloaded from central: https://repo.maven.apache.org/maven2/org/springframework/boot/spring-boot-starter-web/3.2.0/spring-boot-starter-web-3.2.0.pom (2.9 kB at 117 kB/s)
[INFO] Downloading from jitpack.io: https://jitpack.io/org/springframework/boot/spring-boot-starter-json/3.2.0/spring-boot-starter-json-3.2.0.pom
[INFO] Downloading from central: https://repo.maven.apache.org/maven2/org/springframework/boot/spring-boot-starter-json/3.2.0/spring-boot-starter-json-3.2.0.pom
[INFO] Downloaded from central: https://repo.maven.apache.org/maven2/org/springframework/boot/spring-boot-starter-json/3.2.0/spring-boot-starter-json-3.2.0.pom (3.1 kB at 99 kB/s)
[INFO] Downloading from jitpack.io: https://jitpack.io/com/fasterxml/jackson/datatype/jackson-datatype-jdk8/2.15.3/jackson-datatype-jdk8-2.15.3.pom
[INFO] Downloading from central: https://repo.maven.apache.org/maven2/com/fasterxml/jackson/datatype/jackson-datatype-jdk8/2.15.3/jackson-datatype-jdk8-2.15.3.pom
[INFO] Downloaded from central: https://repo.maven.apache.org/maven2/com/fasterxml/jackson/datatype/jackson-datatype-jdk8/2.15.3/jackson-datatype-jdk8-2.15.3.pom (2.6 kB at 112 kB/s)
[INFO] Downloading from jitpack.io: https://jitpack.io/com/fasterxml/jackson/module/jackson-module-parameter-names/2.15.3/jackson-module-parameter-names-2.15.3.pom
[INFO] Downloading from central: https://repo.maven.apache.org/maven2/com/fasterxml/jackson/module/jackson-module-parameter-names/2.15.3/jackson-module-parameter-names-2.15.3.pom
[INFO] Downloaded from central: https://repo.maven.apache.org/maven2/com/fasterxml/jackson/module/jackson-module-parameter-names/2.15.3/jackson-module-parameter-names-2.15.3.pom (4.4 kB at 198 kB/s)
[INFO] Downloading from jitpack.io: https://jitpack.io/org/springframework/boot/spring-boot-starter-tomcat/3.2.0/spring-boot-starter-tomcat-3.2.0.pom
[INFO] Downloading from central: https://repo.maven.apache.org/maven2/org/springframework/boot/spring-boot-starter-tomcat/3.2.0/spring-boot-starter-tomcat-3.2.0.pom
[INFO] Downloaded from central: https://repo.maven.apache.org/maven2/org/springframework/boot/spring-boot-starter-tomcat/3.2.0/spring-boot-starter-tomcat-3.2.0.pom (3.1 kB at 149 kB/s)
[INFO] Downloading from jitpack.io: https://jitpack.io/org/apache/tomcat/embed/tomcat-embed-core/10.1.16/tomcat-embed-core-10.1.16.pom
[INFO] Downloading from central: https://repo.maven.apache.org/maven2/org/apache/tomcat/embed/tomcat-embed-core/10.1.16/tomcat-embed-core-10.1.16.pom
[INFO] Downloaded from central: https://repo.maven.apache.org/maven2/org/apache/tomcat/embed/tomcat-embed-core/10.1.16/tomcat-embed-core-10.1.16.pom (1.8 kB at 74 kB/s)
[INFO] Downloading from jitpack.io: https://jitpack.io/org/apache/tomcat/embed/tomcat-embed-el/10.1.16/tomcat-embed-el-10.1.16.pom
[INFO] Downloading from central: https://repo.maven.apache.org/maven2/org/apache/tomcat/embed/tomcat-embed-el/10.1.16/tomcat-embed-el-10.1.16.pom
[INFO] Downloaded from central: https://repo.maven.apache.org/maven2/org/apache/tomcat/embed/tomcat-embed-el/10.1.16/tomcat-embed-el-10.1.16.pom (1.5 kB at 67 kB/s)
[INFO] Downloading from jitpack.io: https://jitpack.io/org/apache/tomcat/embed/tomcat-embed-websocket/10.1.16/tomcat-embed-websocket-10.1.16.pom
[INFO] Downloading from central: https://repo.maven.apache.org/maven2/org/apache/tomcat/embed/tomcat-embed-websocket/10.1.16/tomcat-embed-websocket-10.1.16.pom
[INFO] Downloaded from central: https://repo.maven.apache.org/maven2/org/apache/tomcat/embed/tomcat-embed-websocket/10.1.16/tomcat-embed-websocket-10.1.16.pom (1.8 kB at 19 kB/s)
[INFO] Downloading from jitpack.io: https://jitpack.io/org/springframework/spring-webmvc/6.1.1/spring-webmvc-6.1.1.pom
[INFO] Downloading from central: https://repo.maven.apache.org/maven2/org/springframework/spring-webmvc/6.1.1/spring-webmvc-6.1.1.pom
[INFO] Downloaded from central: https://repo.maven.apache.org/maven2/org/springframework/spring-webmvc/6.1.1/spring-webmvc-6.1.1.pom (2.9 kB at 118 kB/s)
[INFO] Downloading from jitpack.io: https://jitpack.io/org/springframework/boot/spring-boot-starter-validation/3.2.0/spring-boot-starter-validation-3.2.0.pom
[INFO] Downloading from central: https://repo.maven.apache.org/maven2/org/springframework/boot/spring-boot-starter-validation/3.2.0/spring-boot-starter-validation-3.2.0.pom
[INFO] Downloaded from central: https://repo.maven.apache.org/maven2/org/springframework/boot/spring-boot-starter-validation/3.2.0/spring-boot-starter-validation-3.2.0.pom (2.5 kB at 109 kB/s)
[INFO] Downloading from jitpack.io: https://jitpack.io/org/hibernate/validator/hibernate-validator/8.0.1.Final/hibernate-validator-8.0.1.Final.pom
[INFO] Downloading from central: https://repo.maven.apache.org/maven2/org/hibernate/validator/hibernate-validator/8.0.1.Final/hibernate-validator-8.0.1.Final.pom
[INFO] Downloaded from central: https://repo.maven.apache.org/maven2/org/hibernate/validator/hibernate-validator/8.0.1.Final/hibernate-validator-8.0.1.Final.pom (15 kB at 581 kB/s)
[INFO] Downloading from jitpack.io: https://jitpack.io/org/hibernate/validator/hibernate-validator-parent/8.0.1.Final/hibernate-validator-parent-8.0.1.Final.pom
[INFO] Downloading from central: https://repo.maven.apache.org/maven2/org/hibernate/validator/hibernate-validator-parent/8.0.1.Final/hibernate-validator-parent-8.0.1.Final.pom
[INFO] Downloaded from central: https://repo.maven.apache.org/maven2/org/hibernate/validator/hibernate-validator-parent/8.0.1.Final/hibernate-validator-parent-8.0.1.Final.pom (81 kB at 3.1 MB/s)
[INFO] Downloading from jitpack.io: https://jitpack.io/org/jboss/arquillian/arquillian-bom/1.7.0.Alpha10/arquillian-bom-1.7.0.Alpha10.pom
[INFO] Downloading from central: https://repo.maven.apache.org/maven2/org/jboss/arquillian/arquillian-bom/1.7.0.Alpha10/arquillian-bom-1.7.0.Alpha10.pom
[INFO] Downloaded from central: https://repo.maven.apache.org/maven2/org/jboss/arquillian/arquillian-bom/1.7.0.Alpha10/arquillian-bom-1.7.0.Alpha10.pom (10 kB at 416 kB/s)
[INFO] Downloading from jitpack.io: https://jitpack.io/org/jboss/shrinkwrap/shrinkwrap-bom/1.2.6/shrinkwrap-bom-1.2.6.pom
[INFO] Downloading from central: https://repo.maven.apache.org/maven2/org/jboss/shrinkwrap/shrinkwrap-bom/1.2.6/shrinkwrap-bom-1.2.6.pom
[INFO] Downloaded from central: https://repo.maven.apache.org/maven2/org/jboss/shrinkwrap/shrinkwrap-bom/1.2.6/shrinkwrap-bom-1.2.6.pom (4.0 kB at 173 kB/s)
[INFO] Downloading from jitpack.io: https://jitpack.io/org/jboss/shrinkwrap/resolver/shrinkwrap-resolver-bom/3.1.4/shrinkwrap-resolver-bom-3.1.4.pom
[INFO] Downloading from central: https://repo.maven.apache.org/maven2/org/jboss/shrinkwrap/resolver/shrinkwrap-resolver-bom/3.1.4/shrinkwrap-resolver-bom-3.1.4.pom
[INFO] Downloaded from central: https://repo.maven.apache.org/maven2/org/jboss/shrinkwrap/resolver/shrinkwrap-resolver-bom/3.1.4/shrinkwrap-resolver-bom-3.1.4.pom (7.0 kB at 318 kB/s)
[INFO] Downloading from jitpack.io: https://jitpack.io/org/apache/maven/maven/3.6.3/maven-3.6.3.pom
[INFO] Downloading from central: https://repo.maven.apache.org/maven2/org/apache/maven/maven/3.6.3/maven-3.6.3.pom
[INFO] Downloaded from central: https://repo.maven.apache.org/maven2/org/apache/maven/maven/3.6.3/maven-3.6.3.pom (26 kB at 230 kB/s)
[INFO] Downloading from jitpack.io: https://jitpack.io/org/apache/maven/maven-parent/33/maven-parent-33.pom
[INFO] Downloading from central: https://repo.maven.apache.org/maven2/org/apache/maven/maven-parent/33/maven-parent-33.pom
[INFO] Downloaded from central: https://repo.maven.apache.org/maven2/org/apache/maven/maven-parent/33/maven-parent-33.pom (44 kB at 460 kB/s)
[INFO] Downloading from jitpack.io: https://jitpack.io/org/apache/apache/21/apache-21.pom
[INFO] Downloading from central: https://repo.maven.apache.org/maven2/org/apache/apache/21/apache-21.pom
[INFO] Downloaded from central: https://repo.maven.apache.org/maven2/org/apache/apache/21/apache-21.pom (17 kB at 248 kB/s)
[INFO] Downloading from jitpack.io: https://jitpack.io/org/jboss/shrinkwrap/descriptors/shrinkwrap-descriptors-bom/2.0.0/shrinkwrap-descriptors-bom-2.0.0.pom
[INFO] Downloading from central: https://repo.maven.apache.org/maven2/org/jboss/shrinkwrap/descriptors/shrinkwrap-descriptors-bom/2.0.0/shrinkwrap-descriptors-bom-2.0.0.pom
[INFO] Downloaded from central: https://repo.maven.apache.org/maven2/org/jboss/shrinkwrap/descriptors/shrinkwrap-descriptors-bom/2.0.0/shrinkwrap-descriptors-bom-2.0.0.pom (5.2 kB at 209 kB/s)
[INFO] Downloading from jitpack.io: https://jitpack.io/jakarta/validation/jakarta.validation-api/3.0.2/jakarta.validation-api-3.0.2.pom
[INFO] Downloading from central: https://repo.maven.apache.org/maven2/jakarta/validation/jakarta.validation-api/3.0.2/jakarta.validation-api-3.0.2.pom
[INFO] Downloaded from central: https://repo.maven.apache.org/maven2/jakarta/validation/jakarta.validation-api/3.0.2/jakarta.validation-api-3.0.2.pom (11 kB at 407 kB/s)
[INFO] Downloading from jitpack.io: https://jitpack.io/org/springframework/boot/spring-boot-starter-oauth2-client/3.2.0/spring-boot-starter-oauth2-client-3.2.0.pom
[INFO] Downloading from central: https://repo.maven.apache.org/maven2/org/springframework/boot/spring-boot-starter-oauth2-client/3.2.0/spring-boot-starter-oauth2-client-3.2.0.pom
[INFO] Downloaded from central: https://repo.maven.apache.org/maven2/org/springframework/boot/spring-boot-starter-oauth2-client/3.2.0/spring-boot-starter-oauth2-client-3.2.0.pom (3.0 kB at 134 kB/s)
[INFO] Downloading from jitpack.io: https://jitpack.io/org/springframework/security/spring-security-oauth2-client/6.2.0/spring-security-oauth2-client-6.2.0.pom
[INFO] Downloading from central: https://repo.maven.apache.org/maven2/org/springframework/security/spring-security-oauth2-client/6.2.0/spring-security-oauth2-client-6.2.0.pom
[INFO] Downloaded from central: https://repo.maven.apache.org/maven2/org/springframework/security/spring-security-oauth2-client/6.2.0/spring-security-oauth2-client-6.2.0.pom (2.9 kB at 131 kB/s)
[INFO] Downloading from jitpack.io: https://jitpack.io/org/springframework/security/spring-security-oauth2-core/6.2.0/spring-security-oauth2-core-6.2.0.pom
[INFO] Downloading from central: https://repo.maven.apache.org/maven2/org/springframework/security/spring-security-oauth2-core/6.2.0/spring-security-oauth2-core-6.2.0.pom
[INFO] Downloaded from central: https://repo.maven.apache.org/maven2/org/springframework/security/spring-security-oauth2-core/6.2.0/spring-security-oauth2-core-6.2.0.pom (2.5 kB at 99 kB/s)
[INFO] Downloading from jitpack.io: https://jitpack.io/com/nimbusds/oauth2-oidc-sdk/9.43.3/oauth2-oidc-sdk-9.43.3.pom
[INFO] Downloading from central: https://repo.maven.apache.org/maven2/com/nimbusds/oauth2-oidc-sdk/9.43.3/oauth2-oidc-sdk-9.43.3.pom
[INFO] Downloaded from central: https://repo.maven.apache.org/maven2/com/nimbusds/oauth2-oidc-sdk/9.43.3/oauth2-oidc-sdk-9.43.3.pom (14 kB at 431 kB/s)
[INFO] Downloading from jitpack.io: https://jitpack.io/com/nimbusds/content-type/2.2/content-type-2.2.pom
[INFO] Downloading from central: https://repo.maven.apache.org/maven2/com/nimbusds/content-type/2.2/content-type-2.2.pom
[INFO] Downloaded from central: https://repo.maven.apache.org/maven2/com/nimbusds/content-type/2.2/content-type-2.2.pom (8.9 kB at 307 kB/s)
[INFO] Downloading from jitpack.io: https://jitpack.io/com/nimbusds/lang-tag/1.7/lang-tag-1.7.pom
[INFO] Downloading from central: https://repo.maven.apache.org/maven2/com/nimbusds/lang-tag/1.7/lang-tag-1.7.pom
[INFO] Downloaded from central: https://repo.maven.apache.org/maven2/com/nimbusds/lang-tag/1.7/lang-tag-1.7.pom (9.2 kB at 83 kB/s)
[INFO] Downloading from jitpack.io: https://jitpack.io/com/nimbusds/nimbus-jose-jwt/9.24.4/nimbus-jose-jwt-9.24.4.pom
[INFO] Downloading from central: https://repo.maven.apache.org/maven2/com/nimbusds/nimbus-jose-jwt/9.24.4/nimbus-jose-jwt-9.24.4.pom
[INFO] Downloaded from central: https://repo.maven.apache.org/maven2/com/nimbusds/nimbus-jose-jwt/9.24.4/nimbus-jose-jwt-9.24.4.pom (12 kB at 489 kB/s)
[INFO] Downloading from jitpack.io: https://jitpack.io/org/springframework/security/spring-security-oauth2-jose/6.2.0/spring-security-oauth2-jose-6.2.0.pom
[INFO] Downloading from central: https://repo.maven.apache.org/maven2/org/springframework/security/spring-security-oauth2-jose/6.2.0/spring-security-oauth2-jose-6.2.0.pom
[INFO] Downloaded from central: https://repo.maven.apache.org/maven2/org/springframework/security/spring-security-oauth2-jose/6.2.0/spring-security-oauth2-jose-6.2.0.pom (2.7 kB at 107 kB/s)
[INFO] Downloading from jitpack.io: https://jitpack.io/org/springframework/boot/spring-boot-starter-oauth2-resource-server/3.2.0/spring-boot-starter-oauth2-resource-server-3.2.0.pom
[INFO] Downloading from central: https://repo.maven.apache.org/maven2/org/springframework/boot/spring-boot-starter-oauth2-resource-server/3.2.0/spring-boot-starter-oauth2-resource-server-3.2.0.pom
[INFO] Downloaded from central: https://repo.maven.apache.org/maven2/org/springframework/boot/spring-boot-starter-oauth2-resource-server/3.2.0/spring-boot-starter-oauth2-resource-server-3.2.0.pom (3.0 kB at 119 kB/s)
[INFO] Downloading from jitpack.io: https://jitpack.io/org/springframework/security/spring-security-oauth2-resource-server/6.2.0/spring-security-oauth2-resource-server-6.2.0.pom
[INFO] Downloading from central: https://repo.maven.apache.org/maven2/org/springframework/security/spring-security-oauth2-resource-server/6.2.0/spring-security-oauth2-resource-server-6.2.0.pom
[INFO] Downloaded from central: https://repo.maven.apache.org/maven2/org/springframework/security/spring-security-oauth2-resource-server/6.2.0/spring-security-oauth2-resource-server-6.2.0.pom (2.7 kB at 130 kB/s)
[INFO] Downloading from jitpack.io: https://jitpack.io/com/github/stephenc/jcip/jcip-annotations/1.0-1/jcip-annotations-1.0-1.pom
[INFO] Downloading from central: https://repo.maven.apache.org/maven2/com/github/stephenc/jcip/jcip-annotations/1.0-1/jcip-annotations-1.0-1.pom
[INFO] Downloaded from central: https://repo.maven.apache.org/maven2/com/github/stephenc/jcip/jcip-annotations/1.0-1/jcip-annotations-1.0-1.pom (5.4 kB at 63 kB/s)
[INFO] Downloading from jitpack.io: https://jitpack.io/org/springframework/boot/spring-boot-starter-websocket/3.2.0/spring-boot-starter-websocket-3.2.0.pom
[INFO] Downloading from central: https://repo.maven.apache.org/maven2/org/springframework/boot/spring-boot-starter-websocket/3.2.0/spring-boot-starter-websocket-3.2.0.pom
[INFO] Downloaded from central: https://repo.maven.apache.org/maven2/org/springframework/boot/spring-boot-starter-websocket/3.2.0/spring-boot-starter-websocket-3.2.0.pom (2.5 kB at 110 kB/s)
[INFO] Downloading from jitpack.io: https://jitpack.io/org/springframework/spring-websocket/6.1.1/spring-websocket-6.1.1.pom
[INFO] Downloading from central: https://repo.maven.apache.org/maven2/org/springframework/spring-websocket/6.1.1/spring-websocket-6.1.1.pom
[INFO] Downloaded from central: https://repo.maven.apache.org/maven2/org/springframework/spring-websocket/6.1.1/spring-websocket-6.1.1.pom (2.4 kB at 22 kB/s)
[INFO] Downloading from jitpack.io: https://jitpack.io/org/springframework/security/spring-security-messaging/6.2.0/spring-security-messaging-6.2.0.pom
[INFO] Downloading from central: https://repo.maven.apache.org/maven2/org/springframework/security/spring-security-messaging/6.2.0/spring-security-messaging-6.2.0.pom
[INFO] Downloaded from central: https://repo.maven.apache.org/maven2/org/springframework/security/spring-security-messaging/6.2.0/spring-security-messaging-6.2.0.pom (3.0 kB at 89 kB/s)
[INFO] Downloading from jitpack.io: https://jitpack.io/org/springframework/security/spring-security-test/6.2.0/spring-security-test-6.2.0.pom
[INFO] Downloading from central: https://repo.maven.apache.org/maven2/org/springframework/security/spring-security-test/6.2.0/spring-security-test-6.2.0.pom
[INFO] Downloaded from central: https://repo.maven.apache.org/maven2/org/springframework/security/spring-security-test/6.2.0/spring-security-test-6.2.0.pom (2.7 kB at 111 kB/s)
[INFO] Downloading from jitpack.io: https://jitpack.io/com/github/ymanvieu/test-scenario/0.1.1/test-scenario-0.1.1.pom
[INFO] Downloaded from jitpack.io: https://jitpack.io/com/github/ymanvieu/test-scenario/0.1.1/test-scenario-0.1.1.pom (3.6 kB at 63 kB/s)
[INFO] Downloading from jitpack.io: https://jitpack.io/org/springframework/boot/spring-boot-starter-web/3.2.0/spring-boot-starter-web-3.2.0.jar
[INFO] Downloading from jitpack.io: https://jitpack.io/org/springframework/boot/spring-boot-starter-json/3.2.0/spring-boot-starter-json-3.2.0.jar
[INFO] Downloading from jitpack.io: https://jitpack.io/com/fasterxml/jackson/datatype/jackson-datatype-jdk8/2.15.3/jackson-datatype-jdk8-2.15.3.jar
[INFO] Downloading from jitpack.io: https://jitpack.io/com/fasterxml/jackson/module/jackson-module-parameter-names/2.15.3/jackson-module-parameter-names-2.15.3.jar
[INFO] Downloading from jitpack.io: https://jitpack.io/org/springframework/spring-webmvc/6.1.1/spring-webmvc-6.1.1.jar
[INFO] Downloading from jitpack.io: https://jitpack.io/org/springframework/boot/spring-boot-starter-validation/3.2.0/spring-boot-starter-validation-3.2.0.jar
[INFO] Downloading from jitpack.io: https://jitpack.io/org/apache/tomcat/embed/tomcat-embed-el/10.1.16/tomcat-embed-el-10.1.16.jar
[INFO] Downloading from jitpack.io: https://jitpack.io/org/hibernate/validator/hibernate-validator/8.0.1.Final/hibernate-validator-8.0.1.Final.jar
[INFO] Downloading from jitpack.io: https://jitpack.io/jakarta/validation/jakarta.validation-api/3.0.2/jakarta.validation-api-3.0.2.jar
[INFO] Downloading from jitpack.io: https://jitpack.io/org/springframework/boot/spring-boot-starter-tomcat/3.2.0/spring-boot-starter-tomcat-3.2.0.jar
[INFO] Downloading from jitpack.io: https://jitpack.io/org/apache/tomcat/embed/tomcat-embed-core/10.1.16/tomcat-embed-core-10.1.16.jar
[INFO] Downloading from jitpack.io: https://jitpack.io/org/apache/tomcat/embed/tomcat-embed-websocket/10.1.16/tomcat-embed-websocket-10.1.16.jar
[INFO] Downloading from jitpack.io: https://jitpack.io/org/springframework/boot/spring-boot-starter-oauth2-client/3.2.0/spring-boot-starter-oauth2-client-3.2.0.jar
[INFO] Downloading from jitpack.io: https://jitpack.io/org/springframework/security/spring-security-oauth2-client/6.2.0/spring-security-oauth2-client-6.2.0.jar
[INFO] Downloading from jitpack.io: https://jitpack.io/org/springframework/security/spring-security-oauth2-core/6.2.0/spring-security-oauth2-core-6.2.0.jar
[INFO] Downloading from jitpack.io: https://jitpack.io/com/nimbusds/oauth2-oidc-sdk/9.43.3/oauth2-oidc-sdk-9.43.3.jar
[INFO] Downloading from jitpack.io: https://jitpack.io/com/nimbusds/content-type/2.2/content-type-2.2.jar
[INFO] Downloading from jitpack.io: https://jitpack.io/com/nimbusds/lang-tag/1.7/lang-tag-1.7.jar
[INFO] Downloading from jitpack.io: https://jitpack.io/org/springframework/security/spring-security-oauth2-jose/6.2.0/spring-security-oauth2-jose-6.2.0.jar
[INFO] Downloading from jitpack.io: https://jitpack.io/com/nimbusds/nimbus-jose-jwt/9.24.4/nimbus-jose-jwt-9.24.4.jar
[INFO] Downloading from jitpack.io: https://jitpack.io/org/springframework/boot/spring-boot-starter-oauth2-resource-server/3.2.0/spring-boot-starter-oauth2-resource-server-3.2.0.jar
[INFO] Downloading from jitpack.io: https://jitpack.io/org/springframework/security/spring-security-oauth2-resource-server/6.2.0/spring-security-oauth2-resource-server-6.2.0.jar
[INFO] Downloading from jitpack.io: https://jitpack.io/org/springframework/boot/spring-boot-starter-websocket/3.2.0/spring-boot-starter-websocket-3.2.0.jar
[INFO] Downloading from jitpack.io: https://jitpack.io/org/springframework/spring-websocket/6.1.1/spring-websocket-6.1.1.jar
[INFO] Downloading from jitpack.io: https://jitpack.io/org/springframework/security/spring-security-messaging/6.2.0/spring-security-messaging-6.2.0.jar
[INFO] Downloading from jitpack.io: https://jitpack.io/org/springframework/security/spring-security-test/6.2.0/spring-security-test-6.2.0.jar
[INFO] Downloading from jitpack.io: https://jitpack.io/com/github/ymanvieu/test-scenario/0.1.1/test-scenario-0.1.1.jar
[INFO] Downloaded from jitpack.io: https://jitpack.io/com/github/ymanvieu/test-scenario/0.1.1/test-scenario-0.1.1.jar (13 kB at 134 kB/s)
[INFO] Downloading from central: https://repo.maven.apache.org/maven2/org/springframework/boot/spring-boot-starter-web/3.2.0/spring-boot-starter-web-3.2.0.jar
[INFO] Downloaded from central: https://repo.maven.apache.org/maven2/org/springframework/boot/spring-boot-starter-web/3.2.0/spring-boot-starter-web-3.2.0.jar (4.8 kB at 229 kB/s)
[INFO] Downloading from central: https://repo.maven.apache.org/maven2/org/springframework/boot/spring-boot-starter-json/3.2.0/spring-boot-starter-json-3.2.0.jar
[INFO] Downloading from central: https://repo.maven.apache.org/maven2/com/fasterxml/jackson/datatype/jackson-datatype-jdk8/2.15.3/jackson-datatype-jdk8-2.15.3.jar
[INFO] Downloading from central: https://repo.maven.apache.org/maven2/com/fasterxml/jackson/module/jackson-module-parameter-names/2.15.3/jackson-module-parameter-names-2.15.3.jar
[INFO] Downloading from central: https://repo.maven.apache.org/maven2/org/springframework/spring-webmvc/6.1.1/spring-webmvc-6.1.1.jar
[INFO] Downloading from central: https://repo.maven.apache.org/maven2/org/springframework/boot/spring-boot-starter-validation/3.2.0/spring-boot-starter-validation-3.2.0.jar
[INFO] Downloaded from central: https://repo.maven.apache.org/maven2/org/springframework/boot/spring-boot-starter-json/3.2.0/spring-boot-starter-json-3.2.0.jar (4.7 kB at 216 kB/s)
[INFO] Downloading from central: https://repo.maven.apache.org/maven2/org/apache/tomcat/embed/tomcat-embed-el/10.1.16/tomcat-embed-el-10.1.16.jar
[INFO] Downloaded from central: https://repo.maven.apache.org/maven2/com/fasterxml/jackson/datatype/jackson-datatype-jdk8/2.15.3/jackson-datatype-jdk8-2.15.3.jar (36 kB at 950 kB/s)
[INFO] Downloading from central: https://repo.maven.apache.org/maven2/org/hibernate/validator/hibernate-validator/8.0.1.Final/hibernate-validator-8.0.1.Final.jar
[INFO] Downloaded from central: https://repo.maven.apache.org/maven2/com/fasterxml/jackson/module/jackson-module-parameter-names/2.15.3/jackson-module-parameter-names-2.15.3.jar (10 kB at 259 kB/s)
[INFO] Downloading from central: https://repo.maven.apache.org/maven2/jakarta/validation/jakarta.validation-api/3.0.2/jakarta.validation-api-3.0.2.jar
[INFO] Downloaded from central: https://repo.maven.apache.org/maven2/org/springframework/boot/spring-boot-starter-validation/3.2.0/spring-boot-starter-validation-3.2.0.jar (4.8 kB at 90 kB/s)
[INFO] Downloading from central: https://repo.maven.apache.org/maven2/org/springframework/boot/spring-boot-starter-tomcat/3.2.0/spring-boot-starter-tomcat-3.2.0.jar
[INFO] Downloaded from central: https://repo.maven.apache.org/maven2/org/springframework/spring-webmvc/6.1.1/spring-webmvc-6.1.1.jar (1.0 MB at 12 MB/s)
[INFO] Downloading from central: https://repo.maven.apache.org/maven2/org/apache/tomcat/embed/tomcat-embed-core/10.1.16/tomcat-embed-core-10.1.16.jar
[INFO] Downloaded from central: https://repo.maven.apache.org/maven2/org/hibernate/validator/hibernate-validator/8.0.1.Final/hibernate-validator-8.0.1.Final.jar (1.3 MB at 5.4 MB/s)
[INFO] Downloading from central: https://repo.maven.apache.org/maven2/org/apache/tomcat/embed/tomcat-embed-websocket/10.1.16/tomcat-embed-websocket-10.1.16.jar
[INFO] Downloaded from central: https://repo.maven.apache.org/maven2/jakarta/validation/jakarta.validation-api/3.0.2/jakarta.validation-api-3.0.2.jar (93 kB at 369 kB/s)
[INFO] Downloading from central: https://repo.maven.apache.org/maven2/org/springframework/boot/spring-boot-starter-oauth2-client/3.2.0/spring-boot-starter-oauth2-client-3.2.0.jar
[INFO] Downloaded from central: https://repo.maven.apache.org/maven2/org/springframework/boot/spring-boot-starter-tomcat/3.2.0/spring-boot-starter-tomcat-3.2.0.jar (4.8 kB at 19 kB/s)
[INFO] Downloading from central: https://repo.maven.apache.org/maven2/org/springframework/security/spring-security-oauth2-client/6.2.0/spring-security-oauth2-client-6.2.0.jar
[INFO] Downloaded from central: https://repo.maven.apache.org/maven2/org/springframework/boot/spring-boot-starter-oauth2-client/3.2.0/spring-boot-starter-oauth2-client-3.2.0.jar (4.8 kB at 14 kB/s)
[INFO] Downloading from central: https://repo.maven.apache.org/maven2/org/springframework/security/spring-security-oauth2-core/6.2.0/spring-security-oauth2-core-6.2.0.jar
[INFO] Downloaded from central: https://repo.maven.apache.org/maven2/org/apache/tomcat/embed/tomcat-embed-websocket/10.1.16/tomcat-embed-websocket-10.1.16.jar (281 kB at 804 kB/s)
[INFO] Downloading from central: https://repo.maven.apache.org/maven2/com/nimbusds/oauth2-oidc-sdk/9.43.3/oauth2-oidc-sdk-9.43.3.jar
[INFO] Downloaded from central: https://repo.maven.apache.org/maven2/org/springframework/security/spring-security-oauth2-client/6.2.0/spring-security-oauth2-client-6.2.0.jar (401 kB at 998 kB/s)
[INFO] Downloading from central: https://repo.maven.apache.org/maven2/com/nimbusds/content-type/2.2/content-type-2.2.jar
[INFO] Downloaded from central: https://repo.maven.apache.org/maven2/org/springframework/security/spring-security-oauth2-core/6.2.0/spring-security-oauth2-core-6.2.0.jar (105 kB at 232 kB/s)
[INFO] Downloading from central: https://repo.maven.apache.org/maven2/com/nimbusds/lang-tag/1.7/lang-tag-1.7.jar
[INFO] Downloaded from central: https://repo.maven.apache.org/maven2/com/nimbusds/oauth2-oidc-sdk/9.43.3/oauth2-oidc-sdk-9.43.3.jar (821 kB at 1.2 MB/s)
[INFO] Downloading from central: https://repo.maven.apache.org/maven2/org/springframework/security/spring-security-oauth2-jose/6.2.0/spring-security-oauth2-jose-6.2.0.jar
[INFO] Downloaded from central: https://repo.maven.apache.org/maven2/com/nimbusds/content-type/2.2/content-type-2.2.jar (8.2 kB at 11 kB/s)
[INFO] Downloading from central: https://repo.maven.apache.org/maven2/com/nimbusds/nimbus-jose-jwt/9.24.4/nimbus-jose-jwt-9.24.4.jar
[INFO] Downloaded from central: https://repo.maven.apache.org/maven2/org/apache/tomcat/embed/tomcat-embed-core/10.1.16/tomcat-embed-core-10.1.16.jar (3.5 MB at 4.7 MB/s)
[INFO] Downloading from central: https://repo.maven.apache.org/maven2/org/springframework/boot/spring-boot-starter-oauth2-resource-server/3.2.0/spring-boot-starter-oauth2-resource-server-3.2.0.jar
[INFO] Downloaded from central: https://repo.maven.apache.org/maven2/com/nimbusds/lang-tag/1.7/lang-tag-1.7.jar (11 kB at 15 kB/s)
[INFO] Downloading from central: https://repo.maven.apache.org/maven2/org/springframework/security/spring-security-oauth2-resource-server/6.2.0/spring-security-oauth2-resource-server-6.2.0.jar
[INFO] Downloaded from central: https://repo.maven.apache.org/maven2/org/springframework/security/spring-security-oauth2-jose/6.2.0/spring-security-oauth2-jose-6.2.0.jar (97 kB at 129 kB/s)
[INFO] Downloading from central: https://repo.maven.apache.org/maven2/org/springframework/boot/spring-boot-starter-websocket/3.2.0/spring-boot-starter-websocket-3.2.0.jar
[INFO] Downloaded from central: https://repo.maven.apache.org/maven2/org/springframework/boot/spring-boot-starter-oauth2-resource-server/3.2.0/spring-boot-starter-oauth2-resource-server-3.2.0.jar (4.8 kB at 6.1 kB/s)
[INFO] Downloading from central: https://repo.maven.apache.org/maven2/org/springframework/spring-websocket/6.1.1/spring-websocket-6.1.1.jar
[INFO] Downloaded from central: https://repo.maven.apache.org/maven2/org/springframework/boot/spring-boot-starter-websocket/3.2.0/spring-boot-starter-websocket-3.2.0.jar (4.8 kB at 6.1 kB/s)
[INFO] Downloading from central: https://repo.maven.apache.org/maven2/org/springframework/security/spring-security-messaging/6.2.0/spring-security-messaging-6.2.0.jar
[INFO] Downloaded from central: https://repo.maven.apache.org/maven2/org/springframework/security/spring-security-oauth2-resource-server/6.2.0/spring-security-oauth2-resource-server-6.2.0.jar (99 kB at 124 kB/s)
[INFO] Downloading from central: https://repo.maven.apache.org/maven2/org/springframework/security/spring-security-test/6.2.0/spring-security-test-6.2.0.jar
[INFO] Downloaded from central: https://repo.maven.apache.org/maven2/org/springframework/security/spring-security-messaging/6.2.0/spring-security-messaging-6.2.0.jar (61 kB at 73 kB/s)
[INFO] Downloaded from central: https://repo.maven.apache.org/maven2/org/springframework/spring-websocket/6.1.1/spring-websocket-6.1.1.jar (442 kB at 496 kB/s)
[INFO] Downloaded from central: https://repo.maven.apache.org/maven2/com/nimbusds/nimbus-jose-jwt/9.24.4/nimbus-jose-jwt-9.24.4.jar (681 kB at 734 kB/s)
[INFO] Downloaded from central: https://repo.maven.apache.org/maven2/org/apache/tomcat/embed/tomcat-embed-el/10.1.16/tomcat-embed-el-10.1.16.jar (261 kB at 281 kB/s)
[INFO] Downloaded from central: https://repo.maven.apache.org/maven2/org/springframework/security/spring-security-test/6.2.0/spring-security-test-6.2.0.jar (132 kB at 128 kB/s)
[INFO] 
[INFO] --- enforcer:3.4.1:enforce (check-scenario-imports) @ trading-webapp ---
[INFO] Downloading from central: https://repo.maven.apache.org/maven2/de/skuzzle/enforcer/restrict-imports-enforcer-rule/2.0.0/restrict-imports-enforcer-rule-2.0.0.pom
[INFO] Downloaded from central: https://repo.maven.apache.org/maven2/de/skuzzle/enforcer/restrict-imports-enforcer-rule/2.0.0/restrict-imports-enforcer-rule-2.0.0.pom (11 kB at 281 kB/s)
[INFO] Downloading from central: https://repo.maven.apache.org/maven2/de/skuzzle/skuzzle-parent/3.0.1/skuzzle-parent-3.0.1.pom
[INFO] Downloaded from central: https://repo.maven.apache.org/maven2/de/skuzzle/skuzzle-parent/3.0.1/skuzzle-parent-3.0.1.pom (25 kB at 201 kB/s)
[INFO] Downloading from central: https://repo.maven.apache.org/maven2/org/junit/junit-bom/5.8.1/junit-bom-5.8.1.pom
[INFO] Downloaded from central: https://repo.maven.apache.org/maven2/org/junit/junit-bom/5.8.1/junit-bom-5.8.1.pom (5.6 kB at 209 kB/s)
[INFO] Downloading from central: https://repo.maven.apache.org/maven2/org/slf4j/slf4j-api/1.7.25/slf4j-api-1.7.25.pom
[INFO] Downloaded from central: https://repo.maven.apache.org/maven2/org/slf4j/slf4j-api/1.7.25/slf4j-api-1.7.25.pom (3.8 kB at 160 kB/s)
[INFO] Downloading from central: https://repo.maven.apache.org/maven2/org/slf4j/slf4j-parent/1.7.25/slf4j-parent-1.7.25.pom
[INFO] Downloaded from central: https://repo.maven.apache.org/maven2/org/slf4j/slf4j-parent/1.7.25/slf4j-parent-1.7.25.pom (14 kB at 614 kB/s)
[INFO] Downloading from central: https://repo.maven.apache.org/maven2/org/apache/maven/enforcer/enforcer-api/3.4.1/enforcer-api-3.4.1.pom
[INFO] Downloaded from central: https://repo.maven.apache.org/maven2/org/apache/maven/enforcer/enforcer-api/3.4.1/enforcer-api-3.4.1.pom (3.8 kB at 121 kB/s)
[INFO] Downloading from central: https://repo.maven.apache.org/maven2/org/apache/maven/enforcer/enforcer-rules/3.4.1/enforcer-rules-3.4.1.pom
[INFO] Downloaded from central: https://repo.maven.apache.org/maven2/org/apache/maven/enforcer/enforcer-rules/3.4.1/enforcer-rules-3.4.1.pom (4.3 kB at 164 kB/s)
[INFO] Downloading from central: https://repo.maven.apache.org/maven2/commons-codec/commons-codec/1.16.0/commons-codec-1.16.0.pom
[INFO] Downloaded from central: https://repo.maven.apache.org/maven2/commons-codec/commons-codec/1.16.0/commons-codec-1.16.0.pom (16 kB at 695 kB/s)
[INFO] Downloading from central: https://repo.maven.apache.org/maven2/commons-io/commons-io/2.13.0/commons-io-2.13.0.pom
[INFO] Downloaded from central: https://repo.maven.apache.org/maven2/commons-io/commons-io/2.13.0/commons-io-2.13.0.pom (20 kB at 1.0 MB/s)
[INFO] Downloading from central: https://repo.maven.apache.org/maven2/org/apache-extras/beanshell/bsh/2.0b6/bsh-2.0b6.pom
[INFO] Downloaded from central: https://repo.maven.apache.org/maven2/org/apache-extras/beanshell/bsh/2.0b6/bsh-2.0b6.pom (5.0 kB at 200 kB/s)
[INFO] Downloading from central: https://repo.maven.apache.org/maven2/de/skuzzle/enforcer/restrict-imports-enforcer-rule/2.0.0/restrict-imports-enforcer-rule-2.0.0.jar
[INFO] Downloaded from central: https://repo.maven.apache.org/maven2/de/skuzzle/enforcer/restrict-imports-enforcer-rule/2.0.0/restrict-imports-enforcer-rule-2.0.0.jar (78 kB at 2.9 MB/s)
[INFO] Downloading from central: https://repo.maven.apache.org/maven2/org/slf4j/slf4j-api/1.7.25/slf4j-api-1.7.25.jar
[INFO] Downloading from central: https://repo.maven.apache.org/maven2/org/apache/maven/enforcer/enforcer-api/3.4.1/enforcer-api-3.4.1.jar
[INFO] Downloading from central: https://repo.maven.apache.org/maven2/org/apache/maven/enforcer/enforcer-rules/3.4.1/enforcer-rules-3.4.1.jar
[INFO] Downloading from central: https://repo.maven.apache.org/maven2/commons-codec/commons-codec/1.16.0/commons-codec-1.16.0.jar
[INFO] Downloading from central: https://repo.maven.apache.org/maven2/commons-io/commons-io/2.13.0/commons-io-2.13.0.jar
[INFO] Downloaded from central: https://repo.maven.apache.org/maven2/org/slf4j/slf4j-api/1.7.25/slf4j-api-1.7.25.jar (41 kB at 1.5 MB/s)
[INFO] Downloading from central: https://repo.maven.apache.org/maven2/org/apache-extras/beanshell/bsh/2.0b6/bsh-2.0b6.jar
[INFO] Downloaded from central: https://repo.maven.apache.org/maven2/org/apache/maven/enforcer/enforcer-api/3.4.1/enforcer-api-3.4.1.jar (14 kB at 100 kB/s)
[INFO] Downloaded from central: https://repo.maven.apache.org/maven2/commons-io/commons-io/2.13.0/commons-io-2.13.0.jar (484 kB at 3.3 MB/s)
[INFO] Downloaded from central: https://repo.maven.apache.org/maven2/commons-codec/commons-codec/1.16.0/commons-codec-1.16.0.jar (361 kB at 2.2 MB/s)
[INFO] Downloaded from central: https://repo.maven.apache.org/maven2/org/apache-extras/beanshell/bsh/2.0b6/bsh-2.0b6.jar (389 kB at 1.5 MB/s)
[INFO] Downloaded from central: https://repo.maven.apache.org/maven2/org/apache/maven/enforcer/enforcer-rules/3.4.1/enforcer-rules-3.4.1.jar (145 kB at 441 kB/s)
[INFO] Rule 0: org.apache.maven.plugins.enforcer.RestrictImports passed
[INFO] 
[INFO] --- resources:3.3.1:resources (default-resources) @ trading-webapp ---
[INFO] Copying 4 resources from src/main/resources to target/classes
[INFO] Copying 4 resources from src/main/resources to target/classes
[INFO] 
[INFO] --- compiler:3.11.0:compile (default-compile) @ trading-webapp ---
[INFO] Changes detected - recompiling the module! :dependency
[INFO] Compiling 52 source files with javac [debug release 21] to target/classes
[INFO] Annotation processing is enabled because one or more processors were found
  on the class path. A future release of javac may disable annotation processing
  unless at least one processor is specified by name (-processor), or a search
  path is specified (--processor-path, --processor-module-path), or annotation
  processing is enabled explicitly (-proc:only, -proc:full).
  Use -Xlint:-options to suppress this message.
  Use -proc:none to disable annotation processing.
[INFO] /project/trading-webapp/src/main/java/fr/ymanvieu/trading/webapp/oauth2/CookieUtils.java: Some input files use or override a deprecated API.
[INFO] /project/trading-webapp/src/main/java/fr/ymanvieu/trading/webapp/oauth2/CookieUtils.java: Recompile with -Xlint:deprecation for details.
[INFO] 
[INFO] --- resources:3.3.1:testResources (default-testResources) @ trading-webapp ---
[INFO] Not copying test resources
[INFO] 
[INFO] --- compiler:3.11.0:testCompile (default-testCompile) @ trading-webapp ---
[INFO] Not compiling test sources
[INFO] 
[INFO] --- surefire:3.1.2:test (default-test) @ trading-webapp ---
[INFO] Tests are skipped.
[INFO] 
[INFO] --- jar:3.3.0:jar (default-jar) @ trading-webapp ---
[INFO] Building jar: /project/trading-webapp/target/trading-webapp-5.0.0-SNAPSHOT.jar
[INFO] 
[INFO] --- spring-boot:3.2.0:repackage (repackage) @ trading-webapp ---
[INFO] Downloading from central: https://repo.maven.apache.org/maven2/org/springframework/boot/spring-boot-buildpack-platform/3.2.0/spring-boot-buildpack-platform-3.2.0.pom
[INFO] Downloaded from central: https://repo.maven.apache.org/maven2/org/springframework/boot/spring-boot-buildpack-platform/3.2.0/spring-boot-buildpack-platform-3.2.0.pom (3.2 kB at 26 kB/s)
[INFO] Downloading from central: https://repo.maven.apache.org/maven2/com/fasterxml/jackson/core/jackson-databind/2.14.2/jackson-databind-2.14.2.pom
[INFO] Downloaded from central: https://repo.maven.apache.org/maven2/com/fasterxml/jackson/core/jackson-databind/2.14.2/jackson-databind-2.14.2.pom (19 kB at 672 kB/s)
[INFO] Downloading from central: https://repo.maven.apache.org/maven2/com/fasterxml/jackson/jackson-base/2.14.2/jackson-base-2.14.2.pom
[INFO] Downloaded from central: https://repo.maven.apache.org/maven2/com/fasterxml/jackson/jackson-base/2.14.2/jackson-base-2.14.2.pom (10 kB at 465 kB/s)
[INFO] Downloading from central: https://repo.maven.apache.org/maven2/com/fasterxml/jackson/jackson-bom/2.14.2/jackson-bom-2.14.2.pom
[INFO] Downloaded from central: https://repo.maven.apache.org/maven2/com/fasterxml/jackson/jackson-bom/2.14.2/jackson-bom-2.14.2.pom (17 kB at 648 kB/s)
[INFO] Downloading from central: https://repo.maven.apache.org/maven2/com/fasterxml/jackson/jackson-parent/2.14/jackson-parent-2.14.pom
[INFO] Downloaded from central: https://repo.maven.apache.org/maven2/com/fasterxml/jackson/jackson-parent/2.14/jackson-parent-2.14.pom (7.7 kB at 348 kB/s)
[INFO] Downloading from central: https://repo.maven.apache.org/maven2/com/fasterxml/oss-parent/48/oss-parent-48.pom
[INFO] Downloaded from central: https://repo.maven.apache.org/maven2/com/fasterxml/oss-parent/48/oss-parent-48.pom (24 kB at 880 kB/s)
[INFO] Downloading from central: https://repo.maven.apache.org/maven2/com/fasterxml/jackson/core/jackson-annotations/2.14.2/jackson-annotations-2.14.2.pom
[INFO] Downloaded from central: https://repo.maven.apache.org/maven2/com/fasterxml/jackson/core/jackson-annotations/2.14.2/jackson-annotations-2.14.2.pom (6.2 kB at 248 kB/s)
[INFO] Downloading from central: https://repo.maven.apache.org/maven2/com/fasterxml/jackson/core/jackson-core/2.14.2/jackson-core-2.14.2.pom
[INFO] Downloaded from central: https://repo.maven.apache.org/maven2/com/fasterxml/jackson/core/jackson-core/2.14.2/jackson-core-2.14.2.pom (7.0 kB at 251 kB/s)
[INFO] Downloading from central: https://repo.maven.apache.org/maven2/com/fasterxml/jackson/module/jackson-module-parameter-names/2.14.2/jackson-module-parameter-names-2.14.2.pom
[INFO] Downloaded from central: https://repo.maven.apache.org/maven2/com/fasterxml/jackson/module/jackson-module-parameter-names/2.14.2/jackson-module-parameter-names-2.14.2.pom (4.4 kB at 198 kB/s)
[INFO] Downloading from central: https://repo.maven.apache.org/maven2/com/fasterxml/jackson/module/jackson-modules-java8/2.14.2/jackson-modules-java8-2.14.2.pom
[INFO] Downloaded from central: https://repo.maven.apache.org/maven2/com/fasterxml/jackson/module/jackson-modules-java8/2.14.2/jackson-modules-java8-2.14.2.pom (3.1 kB at 111 kB/s)
[INFO] Downloading from central: https://repo.maven.apache.org/maven2/net/java/dev/jna/jna-platform/5.13.0/jna-platform-5.13.0.pom
[INFO] Downloaded from central: https://repo.maven.apache.org/maven2/net/java/dev/jna/jna-platform/5.13.0/jna-platform-5.13.0.pom (2.3 kB at 75 kB/s)
[INFO] Downloading from central: https://repo.maven.apache.org/maven2/net/java/dev/jna/jna/5.13.0/jna-5.13.0.pom
[INFO] Downloaded from central: https://repo.maven.apache.org/maven2/net/java/dev/jna/jna/5.13.0/jna-5.13.0.pom (2.0 kB at 78 kB/s)
[INFO] Downloading from central: https://repo.maven.apache.org/maven2/org/apache/commons/commons-compress/1.23.0/commons-compress-1.23.0.pom
[INFO] Downloaded from central: https://repo.maven.apache.org/maven2/org/apache/commons/commons-compress/1.23.0/commons-compress-1.23.0.pom (22 kB at 810 kB/s)
[INFO] Downloading from central: https://repo.maven.apache.org/maven2/org/apache/httpcomponents/client5/httpclient5/5.2.1/httpclient5-5.2.1.pom
[INFO] Downloaded from central: https://repo.maven.apache.org/maven2/org/apache/httpcomponents/client5/httpclient5/5.2.1/httpclient5-5.2.1.pom (6.0 kB at 53 kB/s)
[INFO] Downloading from central: https://repo.maven.apache.org/maven2/org/apache/httpcomponents/client5/httpclient5-parent/5.2.1/httpclient5-parent-5.2.1.pom
[INFO] Downloaded from central: https://repo.maven.apache.org/maven2/org/apache/httpcomponents/client5/httpclient5-parent/5.2.1/httpclient5-parent-5.2.1.pom (17 kB at 582 kB/s)
[INFO] Downloading from central: https://repo.maven.apache.org/maven2/org/apache/httpcomponents/httpcomponents-parent/13/httpcomponents-parent-13.pom
[INFO] Downloaded from central: https://repo.maven.apache.org/maven2/org/apache/httpcomponents/httpcomponents-parent/13/httpcomponents-parent-13.pom (30 kB at 1.2 MB/s)
[INFO] Downloading from central: https://repo.maven.apache.org/maven2/org/apache/httpcomponents/core5/httpcore5/5.2/httpcore5-5.2.pom
[INFO] Downloaded from central: https://repo.maven.apache.org/maven2/org/apache/httpcomponents/core5/httpcore5/5.2/httpcore5-5.2.pom (3.9 kB at 94 kB/s)
[INFO] Downloading from central: https://repo.maven.apache.org/maven2/org/apache/httpcomponents/core5/httpcore5-parent/5.2/httpcore5-parent-5.2.pom
[INFO] Downloaded from central: https://repo.maven.apache.org/maven2/org/apache/httpcomponents/core5/httpcore5-parent/5.2/httpcore5-parent-5.2.pom (14 kB at 549 kB/s)
[INFO] Downloading from central: https://repo.maven.apache.org/maven2/org/apache/httpcomponents/core5/httpcore5-h2/5.2/httpcore5-h2-5.2.pom
[INFO] Downloaded from central: https://repo.maven.apache.org/maven2/org/apache/httpcomponents/core5/httpcore5-h2/5.2/httpcore5-h2-5.2.pom (3.6 kB at 145 kB/s)
[INFO] Downloading from central: https://repo.maven.apache.org/maven2/org/springframework/spring-core/6.0.10/spring-core-6.0.10.pom
[INFO] Downloaded from central: https://repo.maven.apache.org/maven2/org/springframework/spring-core/6.0.10/spring-core-6.0.10.pom (2.0 kB at 84 kB/s)
[INFO] Downloading from central: https://repo.maven.apache.org/maven2/org/springframework/spring-jcl/6.0.10/spring-jcl-6.0.10.pom
[INFO] Downloaded from central: https://repo.maven.apache.org/maven2/org/springframework/spring-jcl/6.0.10/spring-jcl-6.0.10.pom (1.8 kB at 84 kB/s)
[INFO] Downloading from central: https://repo.maven.apache.org/maven2/org/tomlj/tomlj/1.0.0/tomlj-1.0.0.pom
[INFO] Downloaded from central: https://repo.maven.apache.org/maven2/org/tomlj/tomlj/1.0.0/tomlj-1.0.0.pom (2.8 kB at 123 kB/s)
[INFO] Downloading from central: https://repo.maven.apache.org/maven2/org/antlr/antlr4-runtime/4.7.2/antlr4-runtime-4.7.2.pom
[INFO] Downloaded from central: https://repo.maven.apache.org/maven2/org/antlr/antlr4-runtime/4.7.2/antlr4-runtime-4.7.2.pom (3.6 kB at 164 kB/s)
[INFO] Downloading from central: https://repo.maven.apache.org/maven2/org/antlr/antlr4-master/4.7.2/antlr4-master-4.7.2.pom
[INFO] Downloaded from central: https://repo.maven.apache.org/maven2/org/antlr/antlr4-master/4.7.2/antlr4-master-4.7.2.pom (4.4 kB at 184 kB/s)
[INFO] Downloading from central: https://repo.maven.apache.org/maven2/org/springframework/boot/spring-boot-loader-tools/3.2.0/spring-boot-loader-tools-3.2.0.pom
[INFO] Downloaded from central: https://repo.maven.apache.org/maven2/org/springframework/boot/spring-boot-loader-tools/3.2.0/spring-boot-loader-tools-3.2.0.pom (2.2 kB at 21 kB/s)
[INFO] Downloading from central: https://repo.maven.apache.org/maven2/org/apache/maven/shared/maven-common-artifact-filters/3.3.2/maven-common-artifact-filters-3.3.2.pom
[INFO] Downloaded from central: https://repo.maven.apache.org/maven2/org/apache/maven/shared/maven-common-artifact-filters/3.3.2/maven-common-artifact-filters-3.3.2.pom (5.3 kB at 47 kB/s)
[INFO] Downloading from central: https://repo.maven.apache.org/maven2/org/apache/maven/shared/maven-shared-components/37/maven-shared-components-37.pom
[INFO] Downloaded from central: https://repo.maven.apache.org/maven2/org/apache/maven/shared/maven-shared-components/37/maven-shared-components-37.pom (4.9 kB at 158 kB/s)
[INFO] Downloading from central: https://repo.maven.apache.org/maven2/org/apache/maven/plugins/maven-shade-plugin/3.5.0/maven-shade-plugin-3.5.0.pom
[INFO] Downloaded from central: https://repo.maven.apache.org/maven2/org/apache/maven/plugins/maven-shade-plugin/3.5.0/maven-shade-plugin-3.5.0.pom (12 kB at 429 kB/s)
[INFO] Downloading from central: https://repo.maven.apache.org/maven2/org/slf4j/slf4j-api/1.7.32/slf4j-api-1.7.32.pom
[INFO] Downloaded from central: https://repo.maven.apache.org/maven2/org/slf4j/slf4j-api/1.7.32/slf4j-api-1.7.32.pom (3.8 kB at 167 kB/s)
[INFO] Downloading from central: https://repo.maven.apache.org/maven2/org/slf4j/slf4j-parent/1.7.32/slf4j-parent-1.7.32.pom
[INFO] Downloaded from central: https://repo.maven.apache.org/maven2/org/slf4j/slf4j-parent/1.7.32/slf4j-parent-1.7.32.pom (14 kB at 628 kB/s)
[INFO] Downloading from central: https://repo.maven.apache.org/maven2/org/ow2/asm/asm/9.5/asm-9.5.pom
[INFO] Downloaded from central: https://repo.maven.apache.org/maven2/org/ow2/asm/asm/9.5/asm-9.5.pom (2.4 kB at 108 kB/s)
[INFO] Downloading from central: https://repo.maven.apache.org/maven2/org/ow2/asm/asm-commons/9.5/asm-commons-9.5.pom
[INFO] Downloaded from central: https://repo.maven.apache.org/maven2/org/ow2/asm/asm-commons/9.5/asm-commons-9.5.pom (2.8 kB at 127 kB/s)
[INFO] Downloading from central: https://repo.maven.apache.org/maven2/org/ow2/asm/asm-tree/9.5/asm-tree-9.5.pom
[INFO] Downloaded from central: https://repo.maven.apache.org/maven2/org/ow2/asm/asm-tree/9.5/asm-tree-9.5.pom (2.6 kB at 123 kB/s)
[INFO] Downloading from central: https://repo.maven.apache.org/maven2/org/jdom/jdom2/2.0.6.1/jdom2-2.0.6.1.pom
[INFO] Downloaded from central: https://repo.maven.apache.org/maven2/org/jdom/jdom2/2.0.6.1/jdom2-2.0.6.1.pom (4.6 kB at 200 kB/s)
[INFO] Downloading from central: https://repo.maven.apache.org/maven2/org/apache/maven/shared/maven-dependency-tree/3.2.1/maven-dependency-tree-3.2.1.pom
[INFO] Downloaded from central: https://repo.maven.apache.org/maven2/org/apache/maven/shared/maven-dependency-tree/3.2.1/maven-dependency-tree-3.2.1.pom (6.2 kB at 201 kB/s)
[INFO] Downloading from central: https://repo.maven.apache.org/maven2/org/vafer/jdependency/2.8.0/jdependency-2.8.0.pom
[INFO] Downloaded from central: https://repo.maven.apache.org/maven2/org/vafer/jdependency/2.8.0/jdependency-2.8.0.pom (14 kB at 514 kB/s)
[INFO] Downloading from central: https://repo.maven.apache.org/maven2/org/apache/commons/commons-collections4/4.4/commons-collections4-4.4.pom
[INFO] Downloaded from central: https://repo.maven.apache.org/maven2/org/apache/commons/commons-collections4/4.4/commons-collections4-4.4.pom (24 kB at 951 kB/s)
[INFO] Downloading from central: https://repo.maven.apache.org/maven2/org/apache/commons/commons-parent/48/commons-parent-48.pom
[INFO] Downloaded from central: https://repo.maven.apache.org/maven2/org/apache/commons/commons-parent/48/commons-parent-48.pom (72 kB at 2.0 MB/s)
[INFO] Downloading from central: https://repo.maven.apache.org/maven2/org/springframework/boot/spring-boot-buildpack-platform/3.2.0/spring-boot-buildpack-platform-3.2.0.jar
[INFO] Downloaded from central: https://repo.maven.apache.org/maven2/org/springframework/boot/spring-boot-buildpack-platform/3.2.0/spring-boot-buildpack-platform-3.2.0.jar (272 kB at 1.3 MB/s)
[INFO] Downloading from central: https://repo.maven.apache.org/maven2/com/fasterxml/jackson/core/jackson-databind/2.14.2/jackson-databind-2.14.2.jar
[INFO] Downloading from central: https://repo.maven.apache.org/maven2/com/fasterxml/jackson/core/jackson-annotations/2.14.2/jackson-annotations-2.14.2.jar
[INFO] Downloading from central: https://repo.maven.apache.org/maven2/com/fasterxml/jackson/core/jackson-core/2.14.2/jackson-core-2.14.2.jar
[INFO] Downloading from central: https://repo.maven.apache.org/maven2/com/fasterxml/jackson/module/jackson-module-parameter-names/2.14.2/jackson-module-parameter-names-2.14.2.jar
[INFO] Downloading from central: https://repo.maven.apache.org/maven2/net/java/dev/jna/jna-platform/5.13.0/jna-platform-5.13.0.jar
[INFO] Downloaded from central: https://repo.maven.apache.org/maven2/com/fasterxml/jackson/module/jackson-module-parameter-names/2.14.2/jackson-module-parameter-names-2.14.2.jar (9.5 kB at 364 kB/s)
[INFO] Downloading from central: https://repo.maven.apache.org/maven2/net/java/dev/jna/jna/5.13.0/jna-5.13.0.jar
[INFO] Downloaded from central: https://repo.maven.apache.org/maven2/com/fasterxml/jackson/core/jackson-annotations/2.14.2/jackson-annotations-2.14.2.jar (77 kB at 2.6 MB/s)
[INFO] Downloading from central: https://repo.maven.apache.org/maven2/org/apache/commons/commons-compress/1.23.0/commons-compress-1.23.0.jar
[INFO] Downloaded from central: https://repo.maven.apache.org/maven2/com/fasterxml/jackson/core/jackson-core/2.14.2/jackson-core-2.14.2.jar (459 kB at 7.8 MB/s)
[INFO] Downloading from central: https://repo.maven.apache.org/maven2/org/apache/httpcomponents/client5/httpclient5/5.2.1/httpclient5-5.2.1.jar
[INFO] Downloaded from central: https://repo.maven.apache.org/maven2/org/apache/httpcomponents/client5/httpclient5/5.2.1/httpclient5-5.2.1.jar (840 kB at 2.3 MB/s)
[INFO] Downloading from central: https://repo.maven.apache.org/maven2/org/apache/httpcomponents/core5/httpcore5/5.2/httpcore5-5.2.jar
[INFO] Downloaded from central: https://repo.maven.apache.org/maven2/org/apache/commons/commons-compress/1.23.0/commons-compress-1.23.0.jar (1.1 MB at 2.3 MB/s)
[INFO] Downloading from central: https://repo.maven.apache.org/maven2/org/apache/httpcomponents/core5/httpcore5-h2/5.2/httpcore5-h2-5.2.jar
[INFO] Downloaded from central: https://repo.maven.apache.org/maven2/org/apache/httpcomponents/core5/httpcore5-h2/5.2/httpcore5-h2-5.2.jar (237 kB at 436 kB/s)
[INFO] Downloading from central: https://repo.maven.apache.org/maven2/org/springframework/spring-core/6.0.10/spring-core-6.0.10.jar
[INFO] Downloaded from central: https://repo.maven.apache.org/maven2/net/java/dev/jna/jna/5.13.0/jna-5.13.0.jar (1.9 MB at 3.2 MB/s)
[INFO] Downloading from central: https://repo.maven.apache.org/maven2/org/springframework/spring-jcl/6.0.10/spring-jcl-6.0.10.jar
[INFO] Downloaded from central: https://repo.maven.apache.org/maven2/org/apache/httpcomponents/core5/httpcore5/5.2/httpcore5-5.2.jar (853 kB at 1.4 MB/s)
[INFO] Downloading from central: https://repo.maven.apache.org/maven2/org/tomlj/tomlj/1.0.0/tomlj-1.0.0.jar
[INFO] Downloaded from central: https://repo.maven.apache.org/maven2/net/java/dev/jna/jna-platform/5.13.0/jna-platform-5.13.0.jar (1.4 MB at 2.1 MB/s)
[INFO] Downloading from central: https://repo.maven.apache.org/maven2/org/antlr/antlr4-runtime/4.7.2/antlr4-runtime-4.7.2.jar
[INFO] Downloaded from central: https://repo.maven.apache.org/maven2/org/springframework/spring-jcl/6.0.10/spring-jcl-6.0.10.jar (24 kB at 35 kB/s)
[INFO] Downloading from central: https://repo.maven.apache.org/maven2/org/springframework/boot/spring-boot-loader-tools/3.2.0/spring-boot-loader-tools-3.2.0.jar
[INFO] Downloaded from central: https://repo.maven.apache.org/maven2/org/tomlj/tomlj/1.0.0/tomlj-1.0.0.jar (157 kB at 225 kB/s)
[INFO] Downloading from central: https://repo.maven.apache.org/maven2/org/apache/maven/shared/maven-common-artifact-filters/3.3.2/maven-common-artifact-filters-3.3.2.jar
[INFO] Downloaded from central: https://repo.maven.apache.org/maven2/org/springframework/spring-core/6.0.10/spring-core-6.0.10.jar (1.8 MB at 2.4 MB/s)
[INFO] Downloading from central: https://repo.maven.apache.org/maven2/org/apache/maven/plugins/maven-shade-plugin/3.5.0/maven-shade-plugin-3.5.0.jar
[INFO] Downloaded from central: https://repo.maven.apache.org/maven2/org/apache/maven/shared/maven-common-artifact-filters/3.3.2/maven-common-artifact-filters-3.3.2.jar (58 kB at 74 kB/s)
[INFO] Downloading from central: https://repo.maven.apache.org/maven2/org/ow2/asm/asm/9.5/asm-9.5.jar
[INFO] Downloaded from central: https://repo.maven.apache.org/maven2/org/antlr/antlr4-runtime/4.7.2/antlr4-runtime-4.7.2.jar (338 kB at 429 kB/s)
[INFO] Downloading from central: https://repo.maven.apache.org/maven2/org/ow2/asm/asm-commons/9.5/asm-commons-9.5.jar
[INFO] Downloaded from central: https://repo.maven.apache.org/maven2/org/springframework/boot/spring-boot-loader-tools/3.2.0/spring-boot-loader-tools-3.2.0.jar (432 kB at 523 kB/s)
[INFO] Downloading from central: https://repo.maven.apache.org/maven2/org/ow2/asm/asm-tree/9.5/asm-tree-9.5.jar
[INFO] Downloaded from central: https://repo.maven.apache.org/maven2/org/apache/maven/plugins/maven-shade-plugin/3.5.0/maven-shade-plugin-3.5.0.jar (147 kB at 176 kB/s)
[INFO] Downloading from central: https://repo.maven.apache.org/maven2/org/jdom/jdom2/2.0.6.1/jdom2-2.0.6.1.jar
[INFO] Downloaded from central: https://repo.maven.apache.org/maven2/org/ow2/asm/asm/9.5/asm-9.5.jar (122 kB at 145 kB/s)
[INFO] Downloading from central: https://repo.maven.apache.org/maven2/org/apache/maven/shared/maven-dependency-tree/3.2.1/maven-dependency-tree-3.2.1.jar
[INFO] Downloaded from central: https://repo.maven.apache.org/maven2/org/ow2/asm/asm-commons/9.5/asm-commons-9.5.jar (72 kB at 86 kB/s)
[INFO] Downloading from central: https://repo.maven.apache.org/maven2/org/vafer/jdependency/2.8.0/jdependency-2.8.0.jar
[INFO] Downloaded from central: https://repo.maven.apache.org/maven2/org/apache/maven/shared/maven-dependency-tree/3.2.1/maven-dependency-tree-3.2.1.jar (43 kB at 48 kB/s)
[INFO] Downloading from central: https://repo.maven.apache.org/maven2/org/apache/commons/commons-collections4/4.4/commons-collections4-4.4.jar
[INFO] Downloaded from central: https://repo.maven.apache.org/maven2/org/jdom/jdom2/2.0.6.1/jdom2-2.0.6.1.jar (328 kB at 336 kB/s)
[INFO] Downloaded from central: https://repo.maven.apache.org/maven2/org/ow2/asm/asm-tree/9.5/asm-tree-9.5.jar (52 kB at 53 kB/s)
[INFO] Downloaded from central: https://repo.maven.apache.org/maven2/org/vafer/jdependency/2.8.0/jdependency-2.8.0.jar (233 kB at 230 kB/s)
[INFO] Downloaded from central: https://repo.maven.apache.org/maven2/org/apache/commons/commons-collections4/4.4/commons-collections4-4.4.jar (752 kB at 708 kB/s)
[INFO] Downloaded from central: https://repo.maven.apache.org/maven2/com/fasterxml/jackson/core/jackson-databind/2.14.2/jackson-databind-2.14.2.jar (1.6 MB at 1.4 MB/s)
[WARNING]  Parameter 'finalName' is read-only, must not be used in configuration
[INFO] Replacing main artifact /project/trading-webapp/target/trading-webapp-5.0.0-SNAPSHOT.jar with repackaged archive, adding nested dependencies in BOOT-INF/.
[INFO] The original artifact has been renamed to /project/trading-webapp/target/trading-webapp-5.0.0-SNAPSHOT.jar.original
[INFO] 
[INFO] --- install:3.1.1:install (default-install) @ trading-webapp ---
[INFO] Installing /project/trading-webapp/pom.xml to /root/.m2/repository/fr/ymanvieu/trading/trading-webapp/5.0.0-SNAPSHOT/trading-webapp-5.0.0-SNAPSHOT.pom
[INFO] Installing /project/trading-webapp/target/trading-webapp.jar to /root/.m2/repository/fr/ymanvieu/trading/trading-webapp/5.0.0-SNAPSHOT/trading-webapp-5.0.0-SNAPSHOT.jar
[INFO] 
[INFO] ----------------< fr.ymanvieu.trading:trading-gatling >-----------------
[INFO] Building trading-gatling 5.0.0-SNAPSHOT                            [6/6]
[INFO]   from trading-gatling/pom.xml
[INFO] --------------------------------[ jar ]---------------------------------
[INFO] Downloading from central: https://repo.maven.apache.org/maven2/net/alchim31/maven/scala-maven-plugin/4.8.1/scala-maven-plugin-4.8.1.pom
[INFO] Downloaded from central: https://repo.maven.apache.org/maven2/net/alchim31/maven/scala-maven-plugin/4.8.1/scala-maven-plugin-4.8.1.pom (26 kB at 868 kB/s)
[INFO] Downloading from central: https://repo.maven.apache.org/maven2/net/alchim31/maven/scala-maven-plugin/4.8.1/scala-maven-plugin-4.8.1.jar
[INFO] Downloaded from central: https://repo.maven.apache.org/maven2/net/alchim31/maven/scala-maven-plugin/4.8.1/scala-maven-plugin-4.8.1.jar (159 kB at 1.2 MB/s)
[INFO] Downloading from jitpack.io: https://jitpack.io/io/gatling/highcharts/gatling-charts-highcharts/3.10.2/gatling-charts-highcharts-3.10.2.pom
[INFO] Downloading from central: https://repo.maven.apache.org/maven2/io/gatling/highcharts/gatling-charts-highcharts/3.10.2/gatling-charts-highcharts-3.10.2.pom
[INFO] Downloaded from central: https://repo.maven.apache.org/maven2/io/gatling/highcharts/gatling-charts-highcharts/3.10.2/gatling-charts-highcharts-3.10.2.pom (2.4 kB at 99 kB/s)
[INFO] Downloading from jitpack.io: https://jitpack.io/org/scala-lang/scala-library/2.13.12/scala-library-2.13.12.pom
[INFO] Downloading from central: https://repo.maven.apache.org/maven2/org/scala-lang/scala-library/2.13.12/scala-library-2.13.12.pom
[INFO] Downloaded from central: https://repo.maven.apache.org/maven2/org/scala-lang/scala-library/2.13.12/scala-library-2.13.12.pom (1.6 kB at 55 kB/s)
[INFO] Downloading from jitpack.io: https://jitpack.io/io/gatling/gatling-app/3.10.2/gatling-app-3.10.2.pom
[INFO] Downloading from central: https://repo.maven.apache.org/maven2/io/gatling/gatling-app/3.10.2/gatling-app-3.10.2.pom
[INFO] Downloaded from central: https://repo.maven.apache.org/maven2/io/gatling/gatling-app/3.10.2/gatling-app-3.10.2.pom (4.6 kB at 177 kB/s)
[INFO] Downloading from jitpack.io: https://jitpack.io/io/gatling/gatling-core/3.10.2/gatling-core-3.10.2.pom
[INFO] Downloading from central: https://repo.maven.apache.org/maven2/io/gatling/gatling-core/3.10.2/gatling-core-3.10.2.pom
[INFO] Downloaded from central: https://repo.maven.apache.org/maven2/io/gatling/gatling-core/3.10.2/gatling-core-3.10.2.pom (7.3 kB at 44 kB/s)
[INFO] Downloading from jitpack.io: https://jitpack.io/io/gatling/gatling-netty-util/3.10.2/gatling-netty-util-3.10.2.pom
[INFO] Downloading from central: https://repo.maven.apache.org/maven2/io/gatling/gatling-netty-util/3.10.2/gatling-netty-util-3.10.2.pom
[INFO] Downloaded from central: https://repo.maven.apache.org/maven2/io/gatling/gatling-netty-util/3.10.2/gatling-netty-util-3.10.2.pom (4.2 kB at 127 kB/s)
[INFO] Downloading from jitpack.io: https://jitpack.io/io/gatling/gatling-shared-util_2.13/0.0.5/gatling-shared-util_2.13-0.0.5.pom
[INFO] Downloading from central: https://repo.maven.apache.org/maven2/io/gatling/gatling-shared-util_2.13/0.0.5/gatling-shared-util_2.13-0.0.5.pom
[INFO] Downloaded from central: https://repo.maven.apache.org/maven2/io/gatling/gatling-shared-util_2.13/0.0.5/gatling-shared-util_2.13-0.0.5.pom (2.1 kB at 93 kB/s)
[INFO] Downloading from jitpack.io: https://jitpack.io/org/scala-lang/modules/scala-collection-compat_2.13/2.11.0/scala-collection-compat_2.13-2.11.0.pom
[INFO] Downloading from central: https://repo.maven.apache.org/maven2/org/scala-lang/modules/scala-collection-compat_2.13/2.11.0/scala-collection-compat_2.13-2.11.0.pom
[INFO] Downloaded from central: https://repo.maven.apache.org/maven2/org/scala-lang/modules/scala-collection-compat_2.13/2.11.0/scala-collection-compat_2.13-2.11.0.pom (2.1 kB at 91 kB/s)
[INFO] Downloading from jitpack.io: https://jitpack.io/org/scala-lang/scala-library/2.13.11/scala-library-2.13.11.pom
[INFO] Downloading from central: https://repo.maven.apache.org/maven2/org/scala-lang/scala-library/2.13.11/scala-library-2.13.11.pom
[INFO] Downloaded from central: https://repo.maven.apache.org/maven2/org/scala-lang/scala-library/2.13.11/scala-library-2.13.11.pom (1.6 kB at 73 kB/s)
[INFO] Downloading from jitpack.io: https://jitpack.io/io/netty/incubator/netty-incubator-transport-native-io_uring/0.0.24.Final/netty-incubator-transport-native-io_uring-0.0.24.Final.pom
[INFO] Downloading from central: https://repo.maven.apache.org/maven2/io/netty/incubator/netty-incubator-transport-native-io_uring/0.0.24.Final/netty-incubator-transport-native-io_uring-0.0.24.Final.pom
[INFO] Downloaded from central: https://repo.maven.apache.org/maven2/io/netty/incubator/netty-incubator-transport-native-io_uring/0.0.24.Final/netty-incubator-transport-native-io_uring-0.0.24.Final.pom (18 kB at 155 kB/s)
[INFO] Downloading from jitpack.io: https://jitpack.io/io/netty/incubator/netty-incubator-transport-parent-io_uring/0.0.24.Final/netty-incubator-transport-parent-io_uring-0.0.24.Final.pom
[INFO] Downloading from central: https://repo.maven.apache.org/maven2/io/netty/incubator/netty-incubator-transport-parent-io_uring/0.0.24.Final/netty-incubator-transport-parent-io_uring-0.0.24.Final.pom
[INFO] Downloaded from central: https://repo.maven.apache.org/maven2/io/netty/incubator/netty-incubator-transport-parent-io_uring/0.0.24.Final/netty-incubator-transport-parent-io_uring-0.0.24.Final.pom (16 kB at 149 kB/s)
[INFO] Downloading from jitpack.io: https://jitpack.io/io/netty/incubator/netty-incubator-transport-classes-io_uring/0.0.24.Final/netty-incubator-transport-classes-io_uring-0.0.24.Final.pom
[INFO] Downloading from central: https://repo.maven.apache.org/maven2/io/netty/incubator/netty-incubator-transport-classes-io_uring/0.0.24.Final/netty-incubator-transport-classes-io_uring-0.0.24.Final.pom
[INFO] Downloaded from central: https://repo.maven.apache.org/maven2/io/netty/incubator/netty-incubator-transport-classes-io_uring/0.0.24.Final/netty-incubator-transport-classes-io_uring-0.0.24.Final.pom (2.9 kB at 113 kB/s)
[INFO] Downloading from jitpack.io: https://jitpack.io/io/gatling/gatling-commons/3.10.2/gatling-commons-3.10.2.pom
[INFO] Downloading from central: https://repo.maven.apache.org/maven2/io/gatling/gatling-commons/3.10.2/gatling-commons-3.10.2.pom
[INFO] Downloaded from central: https://repo.maven.apache.org/maven2/io/gatling/gatling-commons/3.10.2/gatling-commons-3.10.2.pom (4.5 kB at 150 kB/s)
[INFO] Downloading from jitpack.io: https://jitpack.io/com/typesafe/config/1.4.3/config-1.4.3.pom
[INFO] Downloading from central: https://repo.maven.apache.org/maven2/com/typesafe/config/1.4.3/config-1.4.3.pom
[INFO] Downloaded from central: https://repo.maven.apache.org/maven2/com/typesafe/config/1.4.3/config-1.4.3.pom (2.2 kB at 60 kB/s)
[INFO] Downloading from jitpack.io: https://jitpack.io/io/github/metarank/cfor_2.13/0.3/cfor_2.13-0.3.pom
[INFO] Downloading from central: https://repo.maven.apache.org/maven2/io/github/metarank/cfor_2.13/0.3/cfor_2.13-0.3.pom
[INFO] Downloaded from central: https://repo.maven.apache.org/maven2/io/github/metarank/cfor_2.13/0.3/cfor_2.13-0.3.pom (1.9 kB at 60 kB/s)
[INFO] Downloading from jitpack.io: https://jitpack.io/org/scala-lang/scala-library/2.13.10/scala-library-2.13.10.pom
[INFO] Downloading from central: https://repo.maven.apache.org/maven2/org/scala-lang/scala-library/2.13.10/scala-library-2.13.10.pom
[INFO] Downloaded from central: https://repo.maven.apache.org/maven2/org/scala-lang/scala-library/2.13.10/scala-library-2.13.10.pom (1.6 kB at 73 kB/s)
[INFO] Downloading from jitpack.io: https://jitpack.io/org/scala-lang/scala-reflect/2.13.10/scala-reflect-2.13.10.pom
[INFO] Downloading from central: https://repo.maven.apache.org/maven2/org/scala-lang/scala-reflect/2.13.10/scala-reflect-2.13.10.pom
[INFO] Downloaded from central: https://repo.maven.apache.org/maven2/org/scala-lang/scala-reflect/2.13.10/scala-reflect-2.13.10.pom (1.8 kB at 19 kB/s)
[INFO] Downloading from jitpack.io: https://jitpack.io/com/typesafe/scala-logging/scala-logging_2.13/3.9.5/scala-logging_2.13-3.9.5.pom
[INFO] Downloading from central: https://repo.maven.apache.org/maven2/com/typesafe/scala-logging/scala-logging_2.13/3.9.5/scala-logging_2.13-3.9.5.pom
[INFO] Downloaded from central: https://repo.maven.apache.org/maven2/com/typesafe/scala-logging/scala-logging_2.13/3.9.5/scala-logging_2.13-3.9.5.pom (2.8 kB at 112 kB/s)
[INFO] Downloading from jitpack.io: https://jitpack.io/org/scala-lang/scala-library/2.13.8/scala-library-2.13.8.pom
[INFO] Downloading from central: https://repo.maven.apache.org/maven2/org/scala-lang/scala-library/2.13.8/scala-library-2.13.8.pom
[INFO] Downloaded from central: https://repo.maven.apache.org/maven2/org/scala-lang/scala-library/2.13.8/scala-library-2.13.8.pom (1.6 kB at 62 kB/s)
[INFO] Downloading from jitpack.io: https://jitpack.io/org/scala-lang/scala-reflect/2.13.8/scala-reflect-2.13.8.pom
[INFO] Downloading from central: https://repo.maven.apache.org/maven2/org/scala-lang/scala-reflect/2.13.8/scala-reflect-2.13.8.pom
[INFO] Downloaded from central: https://repo.maven.apache.org/maven2/org/scala-lang/scala-reflect/2.13.8/scala-reflect-2.13.8.pom (1.8 kB at 61 kB/s)
[INFO] Downloading from jitpack.io: https://jitpack.io/io/gatling/gatling-shared-enterprise/3.10.2/gatling-shared-enterprise-3.10.2.pom
[INFO] Downloading from central: https://repo.maven.apache.org/maven2/io/gatling/gatling-shared-enterprise/3.10.2/gatling-shared-enterprise-3.10.2.pom
[INFO] Downloaded from central: https://repo.maven.apache.org/maven2/io/gatling/gatling-shared-enterprise/3.10.2/gatling-shared-enterprise-3.10.2.pom (2.2 kB at 104 kB/s)
[INFO] Downloading from jitpack.io: https://jitpack.io/io/gatling/gatling-jsonpath/3.10.2/gatling-jsonpath-3.10.2.pom
[INFO] Downloading from central: https://repo.maven.apache.org/maven2/io/gatling/gatling-jsonpath/3.10.2/gatling-jsonpath-3.10.2.pom
[INFO] Downloaded from central: https://repo.maven.apache.org/maven2/io/gatling/gatling-jsonpath/3.10.2/gatling-jsonpath-3.10.2.pom (4.0 kB at 34 kB/s)
[INFO] Downloading from jitpack.io: https://jitpack.io/org/scala-lang/modules/scala-parser-combinators_2.13/2.3.0/scala-parser-combinators_2.13-2.3.0.pom
[INFO] Downloading from central: https://repo.maven.apache.org/maven2/org/scala-lang/modules/scala-parser-combinators_2.13/2.3.0/scala-parser-combinators_2.13-2.3.0.pom
[INFO] Downloaded from central: https://repo.maven.apache.org/maven2/org/scala-lang/modules/scala-parser-combinators_2.13/2.3.0/scala-parser-combinators_2.13-2.3.0.pom (2.3 kB at 74 kB/s)
[INFO] Downloading from jitpack.io: https://jitpack.io/io/gatling/gatling-shared-model_2.13/0.0.4/gatling-shared-model_2.13-0.0.4.pom
[INFO] Downloading from central: https://repo.maven.apache.org/maven2/io/gatling/gatling-shared-model_2.13/0.0.4/gatling-shared-model_2.13-0.0.4.pom
[INFO] Downloaded from central: https://repo.maven.apache.org/maven2/io/gatling/gatling-shared-model_2.13/0.0.4/gatling-shared-model_2.13-0.0.4.pom (2.7 kB at 24 kB/s)
[INFO] Downloading from jitpack.io: https://jitpack.io/io/suzaku/boopickle_2.13/1.3.3/boopickle_2.13-1.3.3.pom
[INFO] Downloading from central: https://repo.maven.apache.org/maven2/io/suzaku/boopickle_2.13/1.3.3/boopickle_2.13-1.3.3.pom
[INFO] Downloaded from central: https://repo.maven.apache.org/maven2/io/suzaku/boopickle_2.13/1.3.3/boopickle_2.13-1.3.3.pom (2.0 kB at 19 kB/s)
[INFO] Downloading from jitpack.io: https://jitpack.io/org/scala-lang/scala-library/2.13.2/scala-library-2.13.2.pom
[INFO] Downloading from central: https://repo.maven.apache.org/maven2/org/scala-lang/scala-library/2.13.2/scala-library-2.13.2.pom
[INFO] Downloaded from central: https://repo.maven.apache.org/maven2/org/scala-lang/scala-library/2.13.2/scala-library-2.13.2.pom (1.6 kB at 70 kB/s)
[INFO] Downloading from jitpack.io: https://jitpack.io/com/typesafe/akka/akka-actor_2.13/2.6.20/akka-actor_2.13-2.6.20.pom
[INFO] Downloading from central: https://repo.maven.apache.org/maven2/com/typesafe/akka/akka-actor_2.13/2.6.20/akka-actor_2.13-2.6.20.pom
[INFO] Downloaded from central: https://repo.maven.apache.org/maven2/com/typesafe/akka/akka-actor_2.13/2.6.20/akka-actor_2.13-2.6.20.pom (2.2 kB at 89 kB/s)
[INFO] Downloading from jitpack.io: https://jitpack.io/com/typesafe/config/1.4.2/config-1.4.2.pom
[INFO] Downloading from central: https://repo.maven.apache.org/maven2/com/typesafe/config/1.4.2/config-1.4.2.pom
[INFO] Downloaded from central: https://repo.maven.apache.org/maven2/com/typesafe/config/1.4.2/config-1.4.2.pom (2.2 kB at 19 kB/s)
[INFO] Downloading from jitpack.io: https://jitpack.io/org/scala-lang/modules/scala-java8-compat_2.13/1.0.0/scala-java8-compat_2.13-1.0.0.pom
[INFO] Downloading from central: https://repo.maven.apache.org/maven2/org/scala-lang/modules/scala-java8-compat_2.13/1.0.0/scala-java8-compat_2.13-1.0.0.pom
[INFO] Downloaded from central: https://repo.maven.apache.org/maven2/org/scala-lang/modules/scala-java8-compat_2.13/1.0.0/scala-java8-compat_2.13-1.0.0.pom (2.5 kB at 112 kB/s)
[INFO] Downloading from jitpack.io: https://jitpack.io/org/scala-lang/scala-library/2.13.5/scala-library-2.13.5.pom
[INFO] Downloading from central: https://repo.maven.apache.org/maven2/org/scala-lang/scala-library/2.13.5/scala-library-2.13.5.pom
[INFO] Downloaded from central: https://repo.maven.apache.org/maven2/org/scala-lang/scala-library/2.13.5/scala-library-2.13.5.pom (1.6 kB at 73 kB/s)
[INFO] Downloading from jitpack.io: https://jitpack.io/com/typesafe/akka/akka-slf4j_2.13/2.6.20/akka-slf4j_2.13-2.6.20.pom
[INFO] Downloading from central: https://repo.maven.apache.org/maven2/com/typesafe/akka/akka-slf4j_2.13/2.6.20/akka-slf4j_2.13-2.6.20.pom
[INFO] Downloaded from central: https://repo.maven.apache.org/maven2/com/typesafe/akka/akka-slf4j_2.13/2.6.20/akka-slf4j_2.13-2.6.20.pom (2.7 kB at 22 kB/s)
[INFO] Downloading from jitpack.io: https://jitpack.io/org/simpleflatmapper/lightning-csv/8.2.3/lightning-csv-8.2.3.pom
[INFO] Downloading from central: https://repo.maven.apache.org/maven2/org/simpleflatmapper/lightning-csv/8.2.3/lightning-csv-8.2.3.pom
[INFO] Downloaded from central: https://repo.maven.apache.org/maven2/org/simpleflatmapper/lightning-csv/8.2.3/lightning-csv-8.2.3.pom (2.7 kB at 111 kB/s)
[INFO] Downloading from jitpack.io: https://jitpack.io/org/simpleflatmapper/sfm-util/8.2.3/sfm-util-8.2.3.pom
[INFO] Downloading from central: https://repo.maven.apache.org/maven2/org/simpleflatmapper/sfm-util/8.2.3/sfm-util-8.2.3.pom
[INFO] Downloaded from central: https://repo.maven.apache.org/maven2/org/simpleflatmapper/sfm-util/8.2.3/sfm-util-8.2.3.pom (2.1 kB at 90 kB/s)
[INFO] Downloading from jitpack.io: https://jitpack.io/io/pebbletemplates/pebble/3.2.2/pebble-3.2.2.pom
[INFO] Downloading from central: https://repo.maven.apache.org/maven2/io/pebbletemplates/pebble/3.2.2/pebble-3.2.2.pom
[INFO] Downloaded from central: https://repo.maven.apache.org/maven2/io/pebbletemplates/pebble/3.2.2/pebble-3.2.2.pom (4.7 kB at 223 kB/s)
[INFO] Downloading from jitpack.io: https://jitpack.io/io/pebbletemplates/pebble-project/3.2.2/pebble-project-3.2.2.pom
[INFO] Downloading from central: https://repo.maven.apache.org/maven2/io/pebbletemplates/pebble-project/3.2.2/pebble-project-3.2.2.pom
[INFO] Downloaded from central: https://repo.maven.apache.org/maven2/io/pebbletemplates/pebble-project/3.2.2/pebble-project-3.2.2.pom (5.5 kB at 227 kB/s)
[INFO] Downloading from jitpack.io: https://jitpack.io/org/unbescape/unbescape/1.1.6.RELEASE/unbescape-1.1.6.RELEASE.pom
[INFO] Downloading from central: https://repo.maven.apache.org/maven2/org/unbescape/unbescape/1.1.6.RELEASE/unbescape-1.1.6.RELEASE.pom
[INFO] Downloaded from central: https://repo.maven.apache.org/maven2/org/unbescape/unbescape/1.1.6.RELEASE/unbescape-1.1.6.RELEASE.pom (10.0 kB at 343 kB/s)
[INFO] Downloading from jitpack.io: https://jitpack.io/com/github/scopt/scopt_2.13/3.7.1/scopt_2.13-3.7.1.pom
[INFO] Downloading from central: https://repo.maven.apache.org/maven2/com/github/scopt/scopt_2.13/3.7.1/scopt_2.13-3.7.1.pom
[INFO] Downloaded from central: https://repo.maven.apache.org/maven2/com/github/scopt/scopt_2.13/3.7.1/scopt_2.13-3.7.1.pom (1.9 kB at 80 kB/s)
[INFO] Downloading from jitpack.io: https://jitpack.io/org/scala-lang/scala-library/2.13.0/scala-library-2.13.0.pom
[INFO] Downloading from central: https://repo.maven.apache.org/maven2/org/scala-lang/scala-library/2.13.0/scala-library-2.13.0.pom
[INFO] Downloaded from central: https://repo.maven.apache.org/maven2/org/scala-lang/scala-library/2.13.0/scala-library-2.13.0.pom (1.6 kB at 70 kB/s)
[INFO] Downloading from jitpack.io: https://jitpack.io/io/netty/netty-tcnative-classes/2.0.61.Final/netty-tcnative-classes-2.0.61.Final.pom
[INFO] Downloading from central: https://repo.maven.apache.org/maven2/io/netty/netty-tcnative-classes/2.0.61.Final/netty-tcnative-classes-2.0.61.Final.pom
[INFO] Downloaded from central: https://repo.maven.apache.org/maven2/io/netty/netty-tcnative-classes/2.0.61.Final/netty-tcnative-classes-2.0.61.Final.pom (1.6 kB at 78 kB/s)
[INFO] Downloading from jitpack.io: https://jitpack.io/io/netty/netty-tcnative-parent/2.0.61.Final/netty-tcnative-parent-2.0.61.Final.pom
[INFO] Downloading from central: https://repo.maven.apache.org/maven2/io/netty/netty-tcnative-parent/2.0.61.Final/netty-tcnative-parent-2.0.61.Final.pom
[INFO] Downloaded from central: https://repo.maven.apache.org/maven2/io/netty/netty-tcnative-parent/2.0.61.Final/netty-tcnative-parent-2.0.61.Final.pom (26 kB at 1.1 MB/s)
[INFO] Downloading from jitpack.io: https://jitpack.io/com/softwaremill/quicklens/quicklens_2.13/1.9.6/quicklens_2.13-1.9.6.pom
[INFO] Downloading from central: https://repo.maven.apache.org/maven2/com/softwaremill/quicklens/quicklens_2.13/1.9.6/quicklens_2.13-1.9.6.pom
[INFO] Downloaded from central: https://repo.maven.apache.org/maven2/com/softwaremill/quicklens/quicklens_2.13/1.9.6/quicklens_2.13-1.9.6.pom (2.5 kB at 90 kB/s)
[INFO] Downloading from jitpack.io: https://jitpack.io/net/sf/saxon/Saxon-HE/10.6/Saxon-HE-10.6.pom
[INFO] Downloading from central: https://repo.maven.apache.org/maven2/net/sf/saxon/Saxon-HE/10.6/Saxon-HE-10.6.pom
[INFO] Downloaded from central: https://repo.maven.apache.org/maven2/net/sf/saxon/Saxon-HE/10.6/Saxon-HE-10.6.pom (2.6 kB at 59 kB/s)
[INFO] Downloading from jitpack.io: https://jitpack.io/org/jodd/jodd-lagarto/6.0.6/jodd-lagarto-6.0.6.pom
[INFO] Downloading from central: https://repo.maven.apache.org/maven2/org/jodd/jodd-lagarto/6.0.6/jodd-lagarto-6.0.6.pom
[INFO] Downloaded from central: https://repo.maven.apache.org/maven2/org/jodd/jodd-lagarto/6.0.6/jodd-lagarto-6.0.6.pom (1.8 kB at 66 kB/s)
[INFO] Downloading from jitpack.io: https://jitpack.io/org/jodd/jodd-util/6.1.0/jodd-util-6.1.0.pom
[INFO] Downloading from central: https://repo.maven.apache.org/maven2/org/jodd/jodd-util/6.1.0/jodd-util-6.1.0.pom
[INFO] Downloaded from central: https://repo.maven.apache.org/maven2/org/jodd/jodd-util/6.1.0/jodd-util-6.1.0.pom (1.4 kB at 62 kB/s)
[INFO] Downloading from jitpack.io: https://jitpack.io/org/jodd/jodd-util/6.2.2/jodd-util-6.2.2.pom
[INFO] Downloading from central: https://repo.maven.apache.org/maven2/org/jodd/jodd-util/6.2.2/jodd-util-6.2.2.pom
[INFO] Downloaded from central: https://repo.maven.apache.org/maven2/org/jodd/jodd-util/6.2.2/jodd-util-6.2.2.pom (1.4 kB at 60 kB/s)
[INFO] Downloading from jitpack.io: https://jitpack.io/io/burt/jmespath-jackson/0.6.0/jmespath-jackson-0.6.0.pom
[INFO] Downloading from central: https://repo.maven.apache.org/maven2/io/burt/jmespath-jackson/0.6.0/jmespath-jackson-0.6.0.pom
[INFO] Downloaded from central: https://repo.maven.apache.org/maven2/io/burt/jmespath-jackson/0.6.0/jmespath-jackson-0.6.0.pom (1.2 kB at 57 kB/s)
[INFO] Downloading from jitpack.io: https://jitpack.io/io/burt/jmespath/0.6.0/jmespath-0.6.0.pom
[INFO] Downloading from central: https://repo.maven.apache.org/maven2/io/burt/jmespath/0.6.0/jmespath-0.6.0.pom
[INFO] Downloaded from central: https://repo.maven.apache.org/maven2/io/burt/jmespath/0.6.0/jmespath-0.6.0.pom (7.4 kB at 286 kB/s)
[INFO] Downloading from jitpack.io: https://jitpack.io/io/burt/jmespath-core/0.6.0/jmespath-core-0.6.0.pom
[INFO] Downloading from central: https://repo.maven.apache.org/maven2/io/burt/jmespath-core/0.6.0/jmespath-core-0.6.0.pom
[INFO] Downloaded from central: https://repo.maven.apache.org/maven2/io/burt/jmespath-core/0.6.0/jmespath-core-0.6.0.pom (3.0 kB at 130 kB/s)
[INFO] Downloading from jitpack.io: https://jitpack.io/io/gatling/gatling-core-java/3.10.2/gatling-core-java-3.10.2.pom
[INFO] Downloading from central: https://repo.maven.apache.org/maven2/io/gatling/gatling-core-java/3.10.2/gatling-core-java-3.10.2.pom
[INFO] Downloaded from central: https://repo.maven.apache.org/maven2/io/gatling/gatling-core-java/3.10.2/gatling-core-java-3.10.2.pom (4.6 kB at 201 kB/s)
[INFO] Downloading from jitpack.io: https://jitpack.io/net/jodah/typetools/0.6.3/typetools-0.6.3.pom
[INFO] Downloading from central: https://repo.maven.apache.org/maven2/net/jodah/typetools/0.6.3/typetools-0.6.3.pom
[INFO] Downloaded from central: https://repo.maven.apache.org/maven2/net/jodah/typetools/0.6.3/typetools-0.6.3.pom (6.8 kB at 285 kB/s)
[INFO] Downloading from jitpack.io: https://jitpack.io/com/github/spotbugs/spotbugs-annotations/4.7.3/spotbugs-annotations-4.7.3.pom
[INFO] Downloading from central: https://repo.maven.apache.org/maven2/com/github/spotbugs/spotbugs-annotations/4.7.3/spotbugs-annotations-4.7.3.pom
[INFO] Downloaded from central: https://repo.maven.apache.org/maven2/com/github/spotbugs/spotbugs-annotations/4.7.3/spotbugs-annotations-4.7.3.pom (3.5 kB at 115 kB/s)
[INFO] Downloading from jitpack.io: https://jitpack.io/io/gatling/gatling-http/3.10.2/gatling-http-3.10.2.pom
[INFO] Downloading from central: https://repo.maven.apache.org/maven2/io/gatling/gatling-http/3.10.2/gatling-http-3.10.2.pom
[INFO] Downloaded from central: https://repo.maven.apache.org/maven2/io/gatling/gatling-http/3.10.2/gatling-http-3.10.2.pom (4.0 kB at 34 kB/s)
[INFO] Downloading from jitpack.io: https://jitpack.io/io/gatling/gatling-http-client/3.10.2/gatling-http-client-3.10.2.pom
[INFO] Downloading from central: https://repo.maven.apache.org/maven2/io/gatling/gatling-http-client/3.10.2/gatling-http-client-3.10.2.pom
[INFO] Downloaded from central: https://repo.maven.apache.org/maven2/io/gatling/gatling-http-client/3.10.2/gatling-http-client-3.10.2.pom (9.0 kB at 410 kB/s)
[INFO] Downloading from jitpack.io: https://jitpack.io/io/netty/netty-resolver-dns/4.1.101.Final/netty-resolver-dns-4.1.101.Final.pom
[INFO] Downloading from central: https://repo.maven.apache.org/maven2/io/netty/netty-resolver-dns/4.1.101.Final/netty-resolver-dns-4.1.101.Final.pom
[INFO] Downloaded from central: https://repo.maven.apache.org/maven2/io/netty/netty-resolver-dns/4.1.101.Final/netty-resolver-dns-4.1.101.Final.pom (3.7 kB at 124 kB/s)
[INFO] Downloading from jitpack.io: https://jitpack.io/io/netty/netty-codec-dns/4.1.101.Final/netty-codec-dns-4.1.101.Final.pom
[INFO] Downloading from central: https://repo.maven.apache.org/maven2/io/netty/netty-codec-dns/4.1.101.Final/netty-codec-dns-4.1.101.Final.pom
[INFO] Downloaded from central: https://repo.maven.apache.org/maven2/io/netty/netty-codec-dns/4.1.101.Final/netty-codec-dns-4.1.101.Final.pom (2.7 kB at 112 kB/s)
[INFO] Downloading from jitpack.io: https://jitpack.io/io/netty/netty-codec-http2/4.1.101.Final/netty-codec-http2-4.1.101.Final.pom
[INFO] Downloading from central: https://repo.maven.apache.org/maven2/io/netty/netty-codec-http2/4.1.101.Final/netty-codec-http2-4.1.101.Final.pom
[INFO] Downloaded from central: https://repo.maven.apache.org/maven2/io/netty/netty-codec-http2/4.1.101.Final/netty-codec-http2-4.1.101.Final.pom (5.0 kB at 238 kB/s)
[INFO] Downloading from jitpack.io: https://jitpack.io/io/netty/netty-resolver-dns-native-macos/4.1.101.Final/netty-resolver-dns-native-macos-4.1.101.Final.pom
[INFO] Downloading from central: https://repo.maven.apache.org/maven2/io/netty/netty-resolver-dns-native-macos/4.1.101.Final/netty-resolver-dns-native-macos-4.1.101.Final.pom
[INFO] Downloaded from central: https://repo.maven.apache.org/maven2/io/netty/netty-resolver-dns-native-macos/4.1.101.Final/netty-resolver-dns-native-macos-4.1.101.Final.pom (18 kB at 788 kB/s)
[INFO] Downloading from jitpack.io: https://jitpack.io/io/netty/netty-resolver-dns-classes-macos/4.1.101.Final/netty-resolver-dns-classes-macos-4.1.101.Final.pom
[INFO] Downloading from central: https://repo.maven.apache.org/maven2/io/netty/netty-resolver-dns-classes-macos/4.1.101.Final/netty-resolver-dns-classes-macos-4.1.101.Final.pom
[INFO] Downloaded from central: https://repo.maven.apache.org/maven2/io/netty/netty-resolver-dns-classes-macos/4.1.101.Final/netty-resolver-dns-classes-macos-4.1.101.Final.pom (2.0 kB at 58 kB/s)
[INFO] Downloading from jitpack.io: https://jitpack.io/io/netty/netty-tcnative-boringssl-static/2.0.61.Final/netty-tcnative-boringssl-static-2.0.61.Final.pom
[INFO] Downloading from central: https://repo.maven.apache.org/maven2/io/netty/netty-tcnative-boringssl-static/2.0.61.Final/netty-tcnative-boringssl-static-2.0.61.Final.pom
[INFO] Downloaded from central: https://repo.maven.apache.org/maven2/io/netty/netty-tcnative-boringssl-static/2.0.61.Final/netty-tcnative-boringssl-static-2.0.61.Final.pom (5.3 kB at 49 kB/s)
[INFO] Downloading from jitpack.io: https://jitpack.io/com/aayushatharva/brotli4j/brotli4j/1.13.0/brotli4j-1.13.0.pom
[INFO] Downloading from central: https://repo.maven.apache.org/maven2/com/aayushatharva/brotli4j/brotli4j/1.13.0/brotli4j-1.13.0.pom
[INFO] Downloaded from central: https://repo.maven.apache.org/maven2/com/aayushatharva/brotli4j/brotli4j/1.13.0/brotli4j-1.13.0.pom (8.5 kB at 355 kB/s)
[INFO] Downloading from jitpack.io: https://jitpack.io/com/aayushatharva/brotli4j/brotli4j-parent/1.13.0/brotli4j-parent-1.13.0.pom
[INFO] Downloading from central: https://repo.maven.apache.org/maven2/com/aayushatharva/brotli4j/brotli4j-parent/1.13.0/brotli4j-parent-1.13.0.pom
[INFO] Downloaded from central: https://repo.maven.apache.org/maven2/com/aayushatharva/brotli4j/brotli4j-parent/1.13.0/brotli4j-parent-1.13.0.pom (7.5 kB at 252 kB/s)
[INFO] Downloading from jitpack.io: https://jitpack.io/com/aayushatharva/brotli4j/service/1.13.0/service-1.13.0.pom
[INFO] Downloading from central: https://repo.maven.apache.org/maven2/com/aayushatharva/brotli4j/service/1.13.0/service-1.13.0.pom
[INFO] Downloaded from central: https://repo.maven.apache.org/maven2/com/aayushatharva/brotli4j/service/1.13.0/service-1.13.0.pom (2.0 kB at 87 kB/s)
[INFO] Downloading from jitpack.io: https://jitpack.io/com/aayushatharva/brotli4j/native-linux-x86_64/1.13.0/native-linux-x86_64-1.13.0.pom
[INFO] Downloading from central: https://repo.maven.apache.org/maven2/com/aayushatharva/brotli4j/native-linux-x86_64/1.13.0/native-linux-x86_64-1.13.0.pom
[INFO] Downloaded from central: https://repo.maven.apache.org/maven2/com/aayushatharva/brotli4j/native-linux-x86_64/1.13.0/native-linux-x86_64-1.13.0.pom (4.8 kB at 191 kB/s)
[INFO] Downloading from jitpack.io: https://jitpack.io/com/aayushatharva/brotli4j/natives/1.13.0/natives-1.13.0.pom
[INFO] Downloading from central: https://repo.maven.apache.org/maven2/com/aayushatharva/brotli4j/natives/1.13.0/natives-1.13.0.pom
[INFO] Downloaded from central: https://repo.maven.apache.org/maven2/com/aayushatharva/brotli4j/natives/1.13.0/natives-1.13.0.pom (5.7 kB at 203 kB/s)
[INFO] Downloading from jitpack.io: https://jitpack.io/com/aayushatharva/brotli4j/native-linux-aarch64/1.13.0/native-linux-aarch64-1.13.0.pom
[INFO] Downloading from central: https://repo.maven.apache.org/maven2/com/aayushatharva/brotli4j/native-linux-aarch64/1.13.0/native-linux-aarch64-1.13.0.pom
[INFO] Downloaded from central: https://repo.maven.apache.org/maven2/com/aayushatharva/brotli4j/native-linux-aarch64/1.13.0/native-linux-aarch64-1.13.0.pom (4.7 kB at 181 kB/s)
[INFO] Downloading from jitpack.io: https://jitpack.io/com/aayushatharva/brotli4j/native-osx-x86_64/1.13.0/native-osx-x86_64-1.13.0.pom
[INFO] Downloading from central: https://repo.maven.apache.org/maven2/com/aayushatharva/brotli4j/native-osx-x86_64/1.13.0/native-osx-x86_64-1.13.0.pom
[INFO] Downloaded from central: https://repo.maven.apache.org/maven2/com/aayushatharva/brotli4j/native-osx-x86_64/1.13.0/native-osx-x86_64-1.13.0.pom (4.7 kB at 204 kB/s)
[INFO] Downloading from jitpack.io: https://jitpack.io/com/aayushatharva/brotli4j/native-osx-aarch64/1.13.0/native-osx-aarch64-1.13.0.pom
[INFO] Downloading from central: https://repo.maven.apache.org/maven2/com/aayushatharva/brotli4j/native-osx-aarch64/1.13.0/native-osx-aarch64-1.13.0.pom
[INFO] Downloaded from central: https://repo.maven.apache.org/maven2/com/aayushatharva/brotli4j/native-osx-aarch64/1.13.0/native-osx-aarch64-1.13.0.pom (4.7 kB at 50 kB/s)
[INFO] Downloading from jitpack.io: https://jitpack.io/com/aayushatharva/brotli4j/native-windows-x86_64/1.13.0/native-windows-x86_64-1.13.0.pom
[INFO] Downloading from central: https://repo.maven.apache.org/maven2/com/aayushatharva/brotli4j/native-windows-x86_64/1.13.0/native-windows-x86_64-1.13.0.pom
[INFO] Downloaded from central: https://repo.maven.apache.org/maven2/com/aayushatharva/brotli4j/native-windows-x86_64/1.13.0/native-windows-x86_64-1.13.0.pom (4.5 kB at 187 kB/s)
[INFO] Downloading from jitpack.io: https://jitpack.io/io/gatling/gatling-http-java/3.10.2/gatling-http-java-3.10.2.pom
[INFO] Downloading from central: https://repo.maven.apache.org/maven2/io/gatling/gatling-http-java/3.10.2/gatling-http-java-3.10.2.pom
[INFO] Downloaded from central: https://repo.maven.apache.org/maven2/io/gatling/gatling-http-java/3.10.2/gatling-http-java-3.10.2.pom (4.6 kB at 201 kB/s)
[INFO] Downloading from jitpack.io: https://jitpack.io/io/gatling/gatling-jms/3.10.2/gatling-jms-3.10.2.pom
[INFO] Downloading from central: https://repo.maven.apache.org/maven2/io/gatling/gatling-jms/3.10.2/gatling-jms-3.10.2.pom
[INFO] Downloaded from central: https://repo.maven.apache.org/maven2/io/gatling/gatling-jms/3.10.2/gatling-jms-3.10.2.pom (4.4 kB at 210 kB/s)
[INFO] Downloading from jitpack.io: https://jitpack.io/javax/jms/javax.jms-api/2.0.1/javax.jms-api-2.0.1.pom
[INFO] Downloading from central: https://repo.maven.apache.org/maven2/javax/jms/javax.jms-api/2.0.1/javax.jms-api-2.0.1.pom
[INFO] Downloaded from central: https://repo.maven.apache.org/maven2/javax/jms/javax.jms-api/2.0.1/javax.jms-api-2.0.1.pom (13 kB at 136 kB/s)
[INFO] Downloading from jitpack.io: https://jitpack.io/net/java/jvnet-parent/4/jvnet-parent-4.pom
[INFO] Downloading from central: https://repo.maven.apache.org/maven2/net/java/jvnet-parent/4/jvnet-parent-4.pom
[INFO] Downloaded from central: https://repo.maven.apache.org/maven2/net/java/jvnet-parent/4/jvnet-parent-4.pom (7.8 kB at 323 kB/s)
[INFO] Downloading from jitpack.io: https://jitpack.io/com/eatthepath/fast-uuid/0.2.0/fast-uuid-0.2.0.pom
[INFO] Downloading from central: https://repo.maven.apache.org/maven2/com/eatthepath/fast-uuid/0.2.0/fast-uuid-0.2.0.pom
[INFO] Downloaded from central: https://repo.maven.apache.org/maven2/com/eatthepath/fast-uuid/0.2.0/fast-uuid-0.2.0.pom (9.3 kB at 273 kB/s)
[INFO] Downloading from jitpack.io: https://jitpack.io/io/gatling/gatling-jms-java/3.10.2/gatling-jms-java-3.10.2.pom
[INFO] Downloading from central: https://repo.maven.apache.org/maven2/io/gatling/gatling-jms-java/3.10.2/gatling-jms-java-3.10.2.pom
[INFO] Downloaded from central: https://repo.maven.apache.org/maven2/io/gatling/gatling-jms-java/3.10.2/gatling-jms-java-3.10.2.pom (4.6 kB at 178 kB/s)
[INFO] Downloading from jitpack.io: https://jitpack.io/io/gatling/gatling-mqtt/3.10.2/gatling-mqtt-3.10.2.pom
[INFO] Downloading from central: https://repo.maven.apache.org/maven2/io/gatling/gatling-mqtt/3.10.2/gatling-mqtt-3.10.2.pom
[INFO] Downloaded from central: https://repo.maven.apache.org/maven2/io/gatling/gatling-mqtt/3.10.2/gatling-mqtt-3.10.2.pom (3.5 kB at 141 kB/s)
[INFO] Downloading from jitpack.io: https://jitpack.io/io/netty/netty-codec-mqtt/4.1.101.Final/netty-codec-mqtt-4.1.101.Final.pom
[INFO] Downloading from central: https://repo.maven.apache.org/maven2/io/netty/netty-codec-mqtt/4.1.101.Final/netty-codec-mqtt-4.1.101.Final.pom
[INFO] Downloaded from central: https://repo.maven.apache.org/maven2/io/netty/netty-codec-mqtt/4.1.101.Final/netty-codec-mqtt-4.1.101.Final.pom (2.6 kB at 25 kB/s)
[INFO] Downloading from jitpack.io: https://jitpack.io/io/gatling/gatling-mqtt-java/3.10.2/gatling-mqtt-java-3.10.2.pom
[INFO] Downloading from central: https://repo.maven.apache.org/maven2/io/gatling/gatling-mqtt-java/3.10.2/gatling-mqtt-java-3.10.2.pom
[INFO] Downloaded from central: https://repo.maven.apache.org/maven2/io/gatling/gatling-mqtt-java/3.10.2/gatling-mqtt-java-3.10.2.pom (4.6 kB at 185 kB/s)
[INFO] Downloading from jitpack.io: https://jitpack.io/io/gatling/gatling-jdbc/3.10.2/gatling-jdbc-3.10.2.pom
[INFO] Downloading from central: https://repo.maven.apache.org/maven2/io/gatling/gatling-jdbc/3.10.2/gatling-jdbc-3.10.2.pom
[INFO] Downloaded from central: https://repo.maven.apache.org/maven2/io/gatling/gatling-jdbc/3.10.2/gatling-jdbc-3.10.2.pom (3.8 kB at 146 kB/s)
[INFO] Downloading from jitpack.io: https://jitpack.io/io/gatling/gatling-jdbc-java/3.10.2/gatling-jdbc-java-3.10.2.pom
[INFO] Downloading from central: https://repo.maven.apache.org/maven2/io/gatling/gatling-jdbc-java/3.10.2/gatling-jdbc-java-3.10.2.pom
[INFO] Downloaded from central: https://repo.maven.apache.org/maven2/io/gatling/gatling-jdbc-java/3.10.2/gatling-jdbc-java-3.10.2.pom (4.6 kB at 44 kB/s)
[INFO] Downloading from jitpack.io: https://jitpack.io/io/gatling/gatling-redis/3.10.2/gatling-redis-3.10.2.pom
[INFO] Downloading from central: https://repo.maven.apache.org/maven2/io/gatling/gatling-redis/3.10.2/gatling-redis-3.10.2.pom
[INFO] Downloaded from central: https://repo.maven.apache.org/maven2/io/gatling/gatling-redis/3.10.2/gatling-redis-3.10.2.pom (3.8 kB at 172 kB/s)
[INFO] Downloading from jitpack.io: https://jitpack.io/net/debasishg/redisclient_2.13/3.42/redisclient_2.13-3.42.pom
[INFO] Downloading from central: https://repo.maven.apache.org/maven2/net/debasishg/redisclient_2.13/3.42/redisclient_2.13-3.42.pom
[INFO] Downloaded from central: https://repo.maven.apache.org/maven2/net/debasishg/redisclient_2.13/3.42/redisclient_2.13-3.42.pom (3.1 kB at 122 kB/s)
[INFO] Downloading from jitpack.io: https://jitpack.io/org/scala-lang/scala-library/2.13.7/scala-library-2.13.7.pom
[INFO] Downloading from central: https://repo.maven.apache.org/maven2/org/scala-lang/scala-library/2.13.7/scala-library-2.13.7.pom
[INFO] Downloaded from central: https://repo.maven.apache.org/maven2/org/scala-lang/scala-library/2.13.7/scala-library-2.13.7.pom (1.6 kB at 73 kB/s)
[INFO] Downloading from jitpack.io: https://jitpack.io/io/gatling/gatling-redis-java/3.10.2/gatling-redis-java-3.10.2.pom
[INFO] Downloading from central: https://repo.maven.apache.org/maven2/io/gatling/gatling-redis-java/3.10.2/gatling-redis-java-3.10.2.pom
[INFO] Downloaded from central: https://repo.maven.apache.org/maven2/io/gatling/gatling-redis-java/3.10.2/gatling-redis-java-3.10.2.pom (4.6 kB at 193 kB/s)
[INFO] Downloading from jitpack.io: https://jitpack.io/io/gatling/gatling-graphite/3.10.2/gatling-graphite-3.10.2.pom
[INFO] Downloading from central: https://repo.maven.apache.org/maven2/io/gatling/gatling-graphite/3.10.2/gatling-graphite-3.10.2.pom
[INFO] Downloaded from central: https://repo.maven.apache.org/maven2/io/gatling/gatling-graphite/3.10.2/gatling-graphite-3.10.2.pom (3.8 kB at 140 kB/s)
[INFO] Downloading from jitpack.io: https://jitpack.io/org/hdrhistogram/HdrHistogram/2.1.12/HdrHistogram-2.1.12.pom
[INFO] Downloading from central: https://repo.maven.apache.org/maven2/org/hdrhistogram/HdrHistogram/2.1.12/HdrHistogram-2.1.12.pom
[INFO] Downloaded from central: https://repo.maven.apache.org/maven2/org/hdrhistogram/HdrHistogram/2.1.12/HdrHistogram-2.1.12.pom (11 kB at 415 kB/s)
[INFO] Downloading from jitpack.io: https://jitpack.io/io/gatling/gatling-charts/3.10.2/gatling-charts-3.10.2.pom
[INFO] Downloading from central: https://repo.maven.apache.org/maven2/io/gatling/gatling-charts/3.10.2/gatling-charts-3.10.2.pom
[INFO] Downloaded from central: https://repo.maven.apache.org/maven2/io/gatling/gatling-charts/3.10.2/gatling-charts-3.10.2.pom (3.8 kB at 145 kB/s)
[INFO] Downloading from jitpack.io: https://jitpack.io/com/tdunning/t-digest/3.1/t-digest-3.1.pom
[INFO] Downloading from central: https://repo.maven.apache.org/maven2/com/tdunning/t-digest/3.1/t-digest-3.1.pom
[INFO] Downloaded from central: https://repo.maven.apache.org/maven2/com/tdunning/t-digest/3.1/t-digest-3.1.pom (7.4 kB at 194 kB/s)
[INFO] Downloading from jitpack.io: https://jitpack.io/io/gatling/gatling-recorder/3.10.2/gatling-recorder-3.10.2.pom
[INFO] Downloading from central: https://repo.maven.apache.org/maven2/io/gatling/gatling-recorder/3.10.2/gatling-recorder-3.10.2.pom
[INFO] Downloaded from central: https://repo.maven.apache.org/maven2/io/gatling/gatling-recorder/3.10.2/gatling-recorder-3.10.2.pom (4.7 kB at 175 kB/s)
[INFO] Downloading from jitpack.io: https://jitpack.io/org/scala-lang/modules/scala-swing_2.13/3.0.0/scala-swing_2.13-3.0.0.pom
[INFO] Downloading from central: https://repo.maven.apache.org/maven2/org/scala-lang/modules/scala-swing_2.13/3.0.0/scala-swing_2.13-3.0.0.pom
[INFO] Downloaded from central: https://repo.maven.apache.org/maven2/org/scala-lang/modules/scala-swing_2.13/3.0.0/scala-swing_2.13-3.0.0.pom (2.2 kB at 94 kB/s)
[INFO] Downloading from jitpack.io: https://jitpack.io/org/scala-lang/scala-library/2.13.3/scala-library-2.13.3.pom
[INFO] Downloading from central: https://repo.maven.apache.org/maven2/org/scala-lang/scala-library/2.13.3/scala-library-2.13.3.pom
[INFO] Downloaded from central: https://repo.maven.apache.org/maven2/org/scala-lang/scala-library/2.13.3/scala-library-2.13.3.pom (1.6 kB at 55 kB/s)
[INFO] Downloading from jitpack.io: https://jitpack.io/io/gatling/gatling-recorder-bc-shaded/1.77.0/gatling-recorder-bc-shaded-1.77.0.pom
[INFO] Downloading from central: https://repo.maven.apache.org/maven2/io/gatling/gatling-recorder-bc-shaded/1.77.0/gatling-recorder-bc-shaded-1.77.0.pom
[INFO] Downloaded from central: https://repo.maven.apache.org/maven2/io/gatling/gatling-recorder-bc-shaded/1.77.0/gatling-recorder-bc-shaded-1.77.0.pom (5.9 kB at 219 kB/s)
[INFO] Downloading from jitpack.io: https://jitpack.io/io/gatling/highcharts/gatling-charts-highcharts/3.10.2/gatling-charts-highcharts-3.10.2.jar
[INFO] Downloading from jitpack.io: https://jitpack.io/org/scala-lang/scala-library/2.13.12/scala-library-2.13.12.jar
[INFO] Downloading from jitpack.io: https://jitpack.io/io/gatling/gatling-app/3.10.2/gatling-app-3.10.2.jar
[INFO] Downloading from jitpack.io: https://jitpack.io/io/gatling/gatling-core/3.10.2/gatling-core-3.10.2.jar
[INFO] Downloading from jitpack.io: https://jitpack.io/io/gatling/gatling-netty-util/3.10.2/gatling-netty-util-3.10.2.jar
[INFO] Downloading from jitpack.io: https://jitpack.io/io/gatling/gatling-shared-util_2.13/0.0.5/gatling-shared-util_2.13-0.0.5.jar
[INFO] Downloading from jitpack.io: https://jitpack.io/org/scala-lang/modules/scala-collection-compat_2.13/2.11.0/scala-collection-compat_2.13-2.11.0.jar
[INFO] Downloading from jitpack.io: https://jitpack.io/io/netty/incubator/netty-incubator-transport-native-io_uring/0.0.24.Final/netty-incubator-transport-native-io_uring-0.0.24.Final-linux-x86_64.jar
[INFO] Downloading from jitpack.io: https://jitpack.io/io/netty/incubator/netty-incubator-transport-classes-io_uring/0.0.24.Final/netty-incubator-transport-classes-io_uring-0.0.24.Final.jar
[INFO] Downloading from jitpack.io: https://jitpack.io/io/netty/incubator/netty-incubator-transport-native-io_uring/0.0.24.Final/netty-incubator-transport-native-io_uring-0.0.24.Final-linux-aarch_64.jar
[INFO] Downloading from jitpack.io: https://jitpack.io/io/gatling/gatling-commons/3.10.2/gatling-commons-3.10.2.jar
[INFO] Downloading from jitpack.io: https://jitpack.io/io/github/metarank/cfor_2.13/0.3/cfor_2.13-0.3.jar
[INFO] Downloading from jitpack.io: https://jitpack.io/org/scala-lang/scala-reflect/2.13.10/scala-reflect-2.13.10.jar
[INFO] Downloading from jitpack.io: https://jitpack.io/com/typesafe/scala-logging/scala-logging_2.13/3.9.5/scala-logging_2.13-3.9.5.jar
[INFO] Downloading from jitpack.io: https://jitpack.io/io/gatling/gatling-shared-enterprise/3.10.2/gatling-shared-enterprise-3.10.2.jar
[INFO] Downloading from jitpack.io: https://jitpack.io/io/gatling/gatling-jsonpath/3.10.2/gatling-jsonpath-3.10.2.jar
[INFO] Downloading from jitpack.io: https://jitpack.io/io/gatling/gatling-shared-model_2.13/0.0.4/gatling-shared-model_2.13-0.0.4.jar
[INFO] Downloading from jitpack.io: https://jitpack.io/io/suzaku/boopickle_2.13/1.3.3/boopickle_2.13-1.3.3.jar
[INFO] Downloading from jitpack.io: https://jitpack.io/com/typesafe/akka/akka-slf4j_2.13/2.6.20/akka-slf4j_2.13-2.6.20.jar
[INFO] Downloading from jitpack.io: https://jitpack.io/org/simpleflatmapper/lightning-csv/8.2.3/lightning-csv-8.2.3.jar
[INFO] Downloading from jitpack.io: https://jitpack.io/org/simpleflatmapper/sfm-util/8.2.3/sfm-util-8.2.3.jar
[INFO] Downloading from jitpack.io: https://jitpack.io/io/pebbletemplates/pebble/3.2.2/pebble-3.2.2.jar
[INFO] Downloading from jitpack.io: https://jitpack.io/org/unbescape/unbescape/1.1.6.RELEASE/unbescape-1.1.6.RELEASE.jar
[INFO] Downloading from jitpack.io: https://jitpack.io/org/scala-lang/modules/scala-parser-combinators_2.13/2.3.0/scala-parser-combinators_2.13-2.3.0.jar
[INFO] Downloading from jitpack.io: https://jitpack.io/com/github/scopt/scopt_2.13/3.7.1/scopt_2.13-3.7.1.jar
[INFO] Downloading from jitpack.io: https://jitpack.io/io/netty/netty-tcnative-classes/2.0.61.Final/netty-tcnative-classes-2.0.61.Final.jar
[INFO] Downloading from jitpack.io: https://jitpack.io/com/softwaremill/quicklens/quicklens_2.13/1.9.6/quicklens_2.13-1.9.6.jar
[INFO] Downloading from jitpack.io: https://jitpack.io/net/sf/saxon/Saxon-HE/10.6/Saxon-HE-10.6.jar
[INFO] Downloading from jitpack.io: https://jitpack.io/org/jodd/jodd-lagarto/6.0.6/jodd-lagarto-6.0.6.jar
[INFO] Downloading from jitpack.io: https://jitpack.io/org/jodd/jodd-util/6.2.2/jodd-util-6.2.2.jar
[INFO] Downloading from jitpack.io: https://jitpack.io/io/burt/jmespath-jackson/0.6.0/jmespath-jackson-0.6.0.jar
[INFO] Downloading from jitpack.io: https://jitpack.io/io/burt/jmespath-core/0.6.0/jmespath-core-0.6.0.jar
[INFO] Downloading from jitpack.io: https://jitpack.io/io/gatling/gatling-core-java/3.10.2/gatling-core-java-3.10.2.jar
[INFO] Downloading from jitpack.io: https://jitpack.io/com/github/spotbugs/spotbugs-annotations/4.7.3/spotbugs-annotations-4.7.3.jar
[INFO] Downloading from jitpack.io: https://jitpack.io/io/gatling/gatling-http-client/3.10.2/gatling-http-client-3.10.2.jar
[INFO] Downloading from jitpack.io: https://jitpack.io/io/netty/netty-resolver-dns/4.1.101.Final/netty-resolver-dns-4.1.101.Final.jar
[INFO] Downloading from jitpack.io: https://jitpack.io/io/gatling/gatling-http/3.10.2/gatling-http-3.10.2.jar
[INFO] Downloading from jitpack.io: https://jitpack.io/net/jodah/typetools/0.6.3/typetools-0.6.3.jar
[INFO] Downloading from jitpack.io: https://jitpack.io/io/netty/netty-codec-dns/4.1.101.Final/netty-codec-dns-4.1.101.Final.jar
[INFO] Downloading from jitpack.io: https://jitpack.io/io/netty/netty-codec-http2/4.1.101.Final/netty-codec-http2-4.1.101.Final.jar
[INFO] Downloading from jitpack.io: https://jitpack.io/io/netty/netty-resolver-dns-native-macos/4.1.101.Final/netty-resolver-dns-native-macos-4.1.101.Final-osx-x86_64.jar
[INFO] Downloading from jitpack.io: https://jitpack.io/io/netty/netty-resolver-dns-classes-macos/4.1.101.Final/netty-resolver-dns-classes-macos-4.1.101.Final.jar
[INFO] Downloading from jitpack.io: https://jitpack.io/io/netty/netty-resolver-dns-native-macos/4.1.101.Final/netty-resolver-dns-native-macos-4.1.101.Final-osx-aarch_64.jar
[INFO] Downloading from jitpack.io: https://jitpack.io/io/netty/netty-tcnative-boringssl-static/2.0.61.Final/netty-tcnative-boringssl-static-2.0.61.Final.jar
[INFO] Downloading from jitpack.io: https://jitpack.io/io/netty/netty-tcnative-boringssl-static/2.0.61.Final/netty-tcnative-boringssl-static-2.0.61.Final-linux-x86_64.jar
[INFO] Downloading from jitpack.io: https://jitpack.io/io/netty/netty-tcnative-boringssl-static/2.0.61.Final/netty-tcnative-boringssl-static-2.0.61.Final-linux-aarch_64.jar
[INFO] Downloading from jitpack.io: https://jitpack.io/io/netty/netty-tcnative-boringssl-static/2.0.61.Final/netty-tcnative-boringssl-static-2.0.61.Final-osx-x86_64.jar
[INFO] Downloading from jitpack.io: https://jitpack.io/io/netty/netty-tcnative-boringssl-static/2.0.61.Final/netty-tcnative-boringssl-static-2.0.61.Final-osx-aarch_64.jar
[INFO] Downloading from jitpack.io: https://jitpack.io/io/netty/netty-tcnative-boringssl-static/2.0.61.Final/netty-tcnative-boringssl-static-2.0.61.Final-windows-x86_64.jar
[INFO] Downloading from jitpack.io: https://jitpack.io/com/aayushatharva/brotli4j/brotli4j/1.13.0/brotli4j-1.13.0.jar
[INFO] Downloading from jitpack.io: https://jitpack.io/com/aayushatharva/brotli4j/service/1.13.0/service-1.13.0.jar
[INFO] Downloading from jitpack.io: https://jitpack.io/com/aayushatharva/brotli4j/native-linux-x86_64/1.13.0/native-linux-x86_64-1.13.0.jar
[INFO] Downloading from jitpack.io: https://jitpack.io/com/aayushatharva/brotli4j/native-linux-aarch64/1.13.0/native-linux-aarch64-1.13.0.jar
[INFO] Downloading from jitpack.io: https://jitpack.io/com/aayushatharva/brotli4j/native-osx-x86_64/1.13.0/native-osx-x86_64-1.13.0.jar
[INFO] Downloading from jitpack.io: https://jitpack.io/com/aayushatharva/brotli4j/native-osx-aarch64/1.13.0/native-osx-aarch64-1.13.0.jar
[INFO] Downloading from jitpack.io: https://jitpack.io/com/aayushatharva/brotli4j/native-windows-x86_64/1.13.0/native-windows-x86_64-1.13.0.jar
[INFO] Downloading from jitpack.io: https://jitpack.io/javax/jms/javax.jms-api/2.0.1/javax.jms-api-2.0.1.jar
[INFO] Downloading from jitpack.io: https://jitpack.io/com/eatthepath/fast-uuid/0.2.0/fast-uuid-0.2.0.jar
[INFO] Downloading from jitpack.io: https://jitpack.io/io/gatling/gatling-jms/3.10.2/gatling-jms-3.10.2.jar
[INFO] Downloading from jitpack.io: https://jitpack.io/io/gatling/gatling-http-java/3.10.2/gatling-http-java-3.10.2.jar
[INFO] Downloading from jitpack.io: https://jitpack.io/io/gatling/gatling-jms-java/3.10.2/gatling-jms-java-3.10.2.jar
[INFO] Downloading from jitpack.io: https://jitpack.io/io/gatling/gatling-mqtt/3.10.2/gatling-mqtt-3.10.2.jar
[INFO] Downloading from jitpack.io: https://jitpack.io/io/netty/netty-codec-mqtt/4.1.101.Final/netty-codec-mqtt-4.1.101.Final.jar
[INFO] Downloading from jitpack.io: https://jitpack.io/io/netty/netty-transport-native-epoll/4.1.101.Final/netty-transport-native-epoll-4.1.101.Final-linux-aarch_64.jar
[INFO] Downloading from jitpack.io: https://jitpack.io/io/gatling/gatling-mqtt-java/3.10.2/gatling-mqtt-java-3.10.2.jar
[INFO] Downloading from jitpack.io: https://jitpack.io/io/gatling/gatling-jdbc/3.10.2/gatling-jdbc-3.10.2.jar
[INFO] Downloading from jitpack.io: https://jitpack.io/io/gatling/gatling-jdbc-java/3.10.2/gatling-jdbc-java-3.10.2.jar
[INFO] Downloading from jitpack.io: https://jitpack.io/io/gatling/gatling-redis/3.10.2/gatling-redis-3.10.2.jar
[INFO] Downloading from jitpack.io: https://jitpack.io/net/debasishg/redisclient_2.13/3.42/redisclient_2.13-3.42.jar
[INFO] Downloading from jitpack.io: https://jitpack.io/io/gatling/gatling-redis-java/3.10.2/gatling-redis-java-3.10.2.jar
[INFO] Downloading from jitpack.io: https://jitpack.io/io/gatling/gatling-graphite/3.10.2/gatling-graphite-3.10.2.jar
[INFO] Downloading from jitpack.io: https://jitpack.io/org/hdrhistogram/HdrHistogram/2.1.12/HdrHistogram-2.1.12.jar
[INFO] Downloading from jitpack.io: https://jitpack.io/io/gatling/gatling-charts/3.10.2/gatling-charts-3.10.2.jar
[INFO] Downloading from jitpack.io: https://jitpack.io/com/tdunning/t-digest/3.1/t-digest-3.1.jar
[INFO] Downloading from jitpack.io: https://jitpack.io/io/gatling/gatling-recorder/3.10.2/gatling-recorder-3.10.2.jar
[INFO] Downloading from jitpack.io: https://jitpack.io/org/scala-lang/modules/scala-swing_2.13/3.0.0/scala-swing_2.13-3.0.0.jar
[INFO] Downloading from jitpack.io: https://jitpack.io/io/gatling/gatling-recorder-bc-shaded/1.77.0/gatling-recorder-bc-shaded-1.77.0.jar
[INFO] Downloading from jitpack.io: https://jitpack.io/com/typesafe/akka/akka-actor_2.13/2.6.20/akka-actor_2.13-2.6.20.jar
[INFO] Downloading from jitpack.io: https://jitpack.io/com/typesafe/config/1.4.2/config-1.4.2.jar
[INFO] Downloading from jitpack.io: https://jitpack.io/org/scala-lang/modules/scala-java8-compat_2.13/1.0.0/scala-java8-compat_2.13-1.0.0.jar
[INFO] Downloading from central: https://repo.maven.apache.org/maven2/io/gatling/highcharts/gatling-charts-highcharts/3.10.2/gatling-charts-highcharts-3.10.2.jar
[INFO] Downloaded from central: https://repo.maven.apache.org/maven2/io/gatling/highcharts/gatling-charts-highcharts/3.10.2/gatling-charts-highcharts-3.10.2.jar (186 kB at 3.9 MB/s)
[INFO] Downloading from central: https://repo.maven.apache.org/maven2/org/scala-lang/scala-library/2.13.12/scala-library-2.13.12.jar
[INFO] Downloading from central: https://repo.maven.apache.org/maven2/io/gatling/gatling-app/3.10.2/gatling-app-3.10.2.jar
[INFO] Downloading from central: https://repo.maven.apache.org/maven2/io/gatling/gatling-core/3.10.2/gatling-core-3.10.2.jar
[INFO] Downloading from central: https://repo.maven.apache.org/maven2/io/gatling/gatling-netty-util/3.10.2/gatling-netty-util-3.10.2.jar
[INFO] Downloading from central: https://repo.maven.apache.org/maven2/io/gatling/gatling-shared-util_2.13/0.0.5/gatling-shared-util_2.13-0.0.5.jar
[INFO] Downloaded from central: https://repo.maven.apache.org/maven2/io/gatling/gatling-shared-util_2.13/0.0.5/gatling-shared-util_2.13-0.0.5.jar (52 kB at 1.7 MB/s)
[INFO] Downloading from central: https://repo.maven.apache.org/maven2/org/scala-lang/modules/scala-collection-compat_2.13/2.11.0/scala-collection-compat_2.13-2.11.0.jar
[INFO] Downloaded from central: https://repo.maven.apache.org/maven2/io/gatling/gatling-netty-util/3.10.2/gatling-netty-util-3.10.2.jar (14 kB at 433 kB/s)
[INFO] Downloading from central: https://repo.maven.apache.org/maven2/io/netty/incubator/netty-incubator-transport-native-io_uring/0.0.24.Final/netty-incubator-transport-native-io_uring-0.0.24.Final-linux-x86_64.jar
[INFO] Downloaded from central: https://repo.maven.apache.org/maven2/io/gatling/gatling-app/3.10.2/gatling-app-3.10.2.jar (76 kB at 1.9 MB/s)
[INFO] Downloading from central: https://repo.maven.apache.org/maven2/io/netty/incubator/netty-incubator-transport-classes-io_uring/0.0.24.Final/netty-incubator-transport-classes-io_uring-0.0.24.Final.jar
[INFO] Downloaded from central: https://repo.maven.apache.org/maven2/io/netty/incubator/netty-incubator-transport-native-io_uring/0.0.24.Final/netty-incubator-transport-native-io_uring-0.0.24.Final-linux-x86_64.jar (38 kB at 494 kB/s)
[INFO] Downloading from central: https://repo.maven.apache.org/maven2/io/netty/incubator/netty-incubator-transport-native-io_uring/0.0.24.Final/netty-incubator-transport-native-io_uring-0.0.24.Final-linux-aarch_64.jar
[INFO] Downloaded from central: https://repo.maven.apache.org/maven2/io/netty/incubator/netty-incubator-transport-classes-io_uring/0.0.24.Final/netty-incubator-transport-classes-io_uring-0.0.24.Final.jar (103 kB at 1.1 MB/s)
[INFO] Downloading from central: https://repo.maven.apache.org/maven2/io/gatling/gatling-commons/3.10.2/gatling-commons-3.10.2.jar
[INFO] Downloaded from central: https://repo.maven.apache.org/maven2/org/scala-lang/modules/scala-collection-compat_2.13/2.11.0/scala-collection-compat_2.13-2.11.0.jar (7.1 kB at 75 kB/s)
[INFO] Downloading from central: https://repo.maven.apache.org/maven2/io/github/metarank/cfor_2.13/0.3/cfor_2.13-0.3.jar
[INFO] Downloaded from central: https://repo.maven.apache.org/maven2/io/netty/incubator/netty-incubator-transport-native-io_uring/0.0.24.Final/netty-incubator-transport-native-io_uring-0.0.24.Final-linux-aarch_64.jar (39 kB at 310 kB/s)
[INFO] Downloading from central: https://repo.maven.apache.org/maven2/org/scala-lang/scala-reflect/2.13.10/scala-reflect-2.13.10.jar
[INFO] Downloaded from central: https://repo.maven.apache.org/maven2/io/github/metarank/cfor_2.13/0.3/cfor_2.13-0.3.jar (37 kB at 243 kB/s)
[INFO] Downloading from central: https://repo.maven.apache.org/maven2/com/typesafe/scala-logging/scala-logging_2.13/3.9.5/scala-logging_2.13-3.9.5.jar
[INFO] Downloaded from central: https://repo.maven.apache.org/maven2/io/gatling/gatling-commons/3.10.2/gatling-commons-3.10.2.jar (177 kB at 962 kB/s)
[INFO] Downloading from central: https://repo.maven.apache.org/maven2/io/gatling/gatling-shared-enterprise/3.10.2/gatling-shared-enterprise-3.10.2.jar
[INFO] Downloaded from central: https://repo.maven.apache.org/maven2/com/typesafe/scala-logging/scala-logging_2.13/3.9.5/scala-logging_2.13-3.9.5.jar (62 kB at 138 kB/s)
[INFO] Downloading from central: https://repo.maven.apache.org/maven2/io/gatling/gatling-jsonpath/3.10.2/gatling-jsonpath-3.10.2.jar
[INFO] Downloaded from central: https://repo.maven.apache.org/maven2/io/gatling/gatling-shared-enterprise/3.10.2/gatling-shared-enterprise-3.10.2.jar (4.5 kB at 9.4 kB/s)
[INFO] Downloading from central: https://repo.maven.apache.org/maven2/io/gatling/gatling-shared-model_2.13/0.0.4/gatling-shared-model_2.13-0.0.4.jar
[INFO] Downloaded from central: https://repo.maven.apache.org/maven2/io/gatling/gatling-core/3.10.2/gatling-core-3.10.2.jar (1.9 MB at 3.4 MB/s)
[INFO] Downloading from central: https://repo.maven.apache.org/maven2/io/suzaku/boopickle_2.13/1.3.3/boopickle_2.13-1.3.3.jar
[INFO] Downloaded from central: https://repo.maven.apache.org/maven2/io/gatling/gatling-jsonpath/3.10.2/gatling-jsonpath-3.10.2.jar (134 kB at 229 kB/s)
[INFO] Downloading from central: https://repo.maven.apache.org/maven2/com/typesafe/akka/akka-slf4j_2.13/2.6.20/akka-slf4j_2.13-2.6.20.jar
[INFO] Downloaded from central: https://repo.maven.apache.org/maven2/io/gatling/gatling-shared-model_2.13/0.0.4/gatling-shared-model_2.13-0.0.4.jar (164 kB at 268 kB/s)
[INFO] Downloading from central: https://repo.maven.apache.org/maven2/org/simpleflatmapper/lightning-csv/8.2.3/lightning-csv-8.2.3.jar
[INFO] Downloaded from central: https://repo.maven.apache.org/maven2/io/suzaku/boopickle_2.13/1.3.3/boopickle_2.13-1.3.3.jar (248 kB at 364 kB/s)
[INFO] Downloading from central: https://repo.maven.apache.org/maven2/org/simpleflatmapper/sfm-util/8.2.3/sfm-util-8.2.3.jar
[INFO] Downloaded from central: https://repo.maven.apache.org/maven2/com/typesafe/akka/akka-slf4j_2.13/2.6.20/akka-slf4j_2.13-2.6.20.jar (17 kB at 24 kB/s)
[INFO] Downloading from central: https://repo.maven.apache.org/maven2/io/pebbletemplates/pebble/3.2.2/pebble-3.2.2.jar
[INFO] Downloaded from central: https://repo.maven.apache.org/maven2/org/simpleflatmapper/lightning-csv/8.2.3/lightning-csv-8.2.3.jar (83 kB at 115 kB/s)
[INFO] Downloading from central: https://repo.maven.apache.org/maven2/org/unbescape/unbescape/1.1.6.RELEASE/unbescape-1.1.6.RELEASE.jar
[INFO] Downloaded from central: https://repo.maven.apache.org/maven2/org/scala-lang/scala-reflect/2.13.10/scala-reflect-2.13.10.jar (3.7 MB at 5.0 MB/s)
[INFO] Downloading from central: https://repo.maven.apache.org/maven2/org/scala-lang/modules/scala-parser-combinators_2.13/2.3.0/scala-parser-combinators_2.13-2.3.0.jar
[INFO] Downloaded from central: https://repo.maven.apache.org/maven2/org/simpleflatmapper/sfm-util/8.2.3/sfm-util-8.2.3.jar (63 kB at 83 kB/s)
[INFO] Downloading from central: https://repo.maven.apache.org/maven2/com/github/scopt/scopt_2.13/3.7.1/scopt_2.13-3.7.1.jar
[INFO] Downloaded from central: https://repo.maven.apache.org/maven2/org/unbescape/unbescape/1.1.6.RELEASE/unbescape-1.1.6.RELEASE.jar (174 kB at 224 kB/s)
[INFO] Downloading from central: https://repo.maven.apache.org/maven2/io/netty/netty-tcnative-classes/2.0.61.Final/netty-tcnative-classes-2.0.61.Final.jar
[INFO] Downloaded from central: https://repo.maven.apache.org/maven2/io/pebbletemplates/pebble/3.2.2/pebble-3.2.2.jar (331 kB at 409 kB/s)
[INFO] Downloading from central: https://repo.maven.apache.org/maven2/com/softwaremill/quicklens/quicklens_2.13/1.9.6/quicklens_2.13-1.9.6.jar
[INFO] Downloaded from central: https://repo.maven.apache.org/maven2/io/netty/netty-tcnative-classes/2.0.61.Final/netty-tcnative-classes-2.0.61.Final.jar (35 kB at 42 kB/s)
[INFO] Downloading from central: https://repo.maven.apache.org/maven2/net/sf/saxon/Saxon-HE/10.6/Saxon-HE-10.6.jar
[INFO] Downloaded from central: https://repo.maven.apache.org/maven2/org/scala-lang/modules/scala-parser-combinators_2.13/2.3.0/scala-parser-combinators_2.13-2.3.0.jar (189 kB at 229 kB/s)
[INFO] Downloading from central: https://repo.maven.apache.org/maven2/org/jodd/jodd-lagarto/6.0.6/jodd-lagarto-6.0.6.jar
[INFO] Downloaded from central: https://repo.maven.apache.org/maven2/com/github/scopt/scopt_2.13/3.7.1/scopt_2.13-3.7.1.jar (80 kB at 97 kB/s)
[INFO] Downloading from central: https://repo.maven.apache.org/maven2/org/jodd/jodd-util/6.2.2/jodd-util-6.2.2.jar
[INFO] Downloaded from central: https://repo.maven.apache.org/maven2/com/softwaremill/quicklens/quicklens_2.13/1.9.6/quicklens_2.13-1.9.6.jar (103 kB at 120 kB/s)
[INFO] Downloading from central: https://repo.maven.apache.org/maven2/io/burt/jmespath-jackson/0.6.0/jmespath-jackson-0.6.0.jar
[INFO] Downloaded from central: https://repo.maven.apache.org/maven2/org/jodd/jodd-lagarto/6.0.6/jodd-lagarto-6.0.6.jar (226 kB at 219 kB/s)
[INFO] Downloading from central: https://repo.maven.apache.org/maven2/io/burt/jmespath-core/0.6.0/jmespath-core-0.6.0.jar
[INFO] Downloaded from central: https://repo.maven.apache.org/maven2/io/burt/jmespath-jackson/0.6.0/jmespath-jackson-0.6.0.jar (7.1 kB at 6.6 kB/s)
[INFO] Downloading from central: https://repo.maven.apache.org/maven2/io/gatling/gatling-core-java/3.10.2/gatling-core-java-3.10.2.jar
[INFO] Downloaded from central: https://repo.maven.apache.org/maven2/org/jodd/jodd-util/6.2.2/jodd-util-6.2.2.jar (338 kB at 298 kB/s)
[INFO] Downloading from central: https://repo.maven.apache.org/maven2/net/jodah/typetools/0.6.3/typetools-0.6.3.jar
[INFO] Downloaded from central: https://repo.maven.apache.org/maven2/io/burt/jmespath-core/0.6.0/jmespath-core-0.6.0.jar (489 kB at 352 kB/s)
[INFO] Downloading from central: https://repo.maven.apache.org/maven2/com/github/spotbugs/spotbugs-annotations/4.7.3/spotbugs-annotations-4.7.3.jar
[INFO] Downloaded from central: https://repo.maven.apache.org/maven2/net/jodah/typetools/0.6.3/typetools-0.6.3.jar (18 kB at 12 kB/s)
[INFO] Downloading from central: https://repo.maven.apache.org/maven2/io/gatling/gatling-http/3.10.2/gatling-http-3.10.2.jar
[INFO] Downloaded from central: https://repo.maven.apache.org/maven2/net/sf/saxon/Saxon-HE/10.6/Saxon-HE-10.6.jar (5.8 MB at 3.4 MB/s)
[INFO] Downloading from central: https://repo.maven.apache.org/maven2/io/gatling/gatling-http-client/3.10.2/gatling-http-client-3.10.2.jar
[INFO] Downloaded from central: https://repo.maven.apache.org/maven2/io/gatling/gatling-core-java/3.10.2/gatling-core-java-3.10.2.jar (310 kB at 185 kB/s)
[INFO] Downloading from central: https://repo.maven.apache.org/maven2/io/netty/netty-resolver-dns/4.1.101.Final/netty-resolver-dns-4.1.101.Final.jar
[INFO] Downloaded from central: https://repo.maven.apache.org/maven2/com/github/spotbugs/spotbugs-annotations/4.7.3/spotbugs-annotations-4.7.3.jar (15 kB at 9.1 kB/s)
[INFO] Downloading from central: https://repo.maven.apache.org/maven2/io/netty/netty-codec-dns/4.1.101.Final/netty-codec-dns-4.1.101.Final.jar
[INFO] Downloaded from central: https://repo.maven.apache.org/maven2/io/netty/netty-codec-dns/4.1.101.Final/netty-codec-dns-4.1.101.Final.jar (67 kB at 38 kB/s)
[INFO] Downloading from central: https://repo.maven.apache.org/maven2/io/netty/netty-codec-http2/4.1.101.Final/netty-codec-http2-4.1.101.Final.jar
[INFO] Downloaded from central: https://repo.maven.apache.org/maven2/io/netty/netty-resolver-dns/4.1.101.Final/netty-resolver-dns-4.1.101.Final.jar (172 kB at 97 kB/s)
[INFO] Downloading from central: https://repo.maven.apache.org/maven2/io/netty/netty-resolver-dns-native-macos/4.1.101.Final/netty-resolver-dns-native-macos-4.1.101.Final-osx-x86_64.jar
[INFO] Downloaded from central: https://repo.maven.apache.org/maven2/io/gatling/gatling-http-client/3.10.2/gatling-http-client-3.10.2.jar (187 kB at 105 kB/s)
[INFO] Downloading from central: https://repo.maven.apache.org/maven2/io/netty/netty-resolver-dns-classes-macos/4.1.101.Final/netty-resolver-dns-classes-macos-4.1.101.Final.jar
[INFO] Downloaded from central: https://repo.maven.apache.org/maven2/io/netty/netty-codec-http2/4.1.101.Final/netty-codec-http2-4.1.101.Final.jar (488 kB at 267 kB/s)
[INFO] Downloading from central: https://repo.maven.apache.org/maven2/io/netty/netty-resolver-dns-native-macos/4.1.101.Final/netty-resolver-dns-native-macos-4.1.101.Final-osx-aarch_64.jar
[INFO] Downloaded from central: https://repo.maven.apache.org/maven2/io/netty/netty-resolver-dns-native-macos/4.1.101.Final/netty-resolver-dns-native-macos-4.1.101.Final-osx-x86_64.jar (19 kB at 10 kB/s)
[INFO] Downloading from central: https://repo.maven.apache.org/maven2/io/netty/netty-tcnative-boringssl-static/2.0.61.Final/netty-tcnative-boringssl-static-2.0.61.Final.jar
[INFO] Downloaded from central: https://repo.maven.apache.org/maven2/io/netty/netty-resolver-dns-classes-macos/4.1.101.Final/netty-resolver-dns-classes-macos-4.1.101.Final.jar (9.1 kB at 4.9 kB/s)
[INFO] Downloading from central: https://repo.maven.apache.org/maven2/io/netty/netty-tcnative-boringssl-static/2.0.61.Final/netty-tcnative-boringssl-static-2.0.61.Final-linux-x86_64.jar
[INFO] Downloaded from central: https://repo.maven.apache.org/maven2/io/netty/netty-resolver-dns-native-macos/4.1.101.Final/netty-resolver-dns-native-macos-4.1.101.Final-osx-aarch_64.jar (20 kB at 10 kB/s)
[INFO] Downloading from central: https://repo.maven.apache.org/maven2/io/netty/netty-tcnative-boringssl-static/2.0.61.Final/netty-tcnative-boringssl-static-2.0.61.Final-linux-aarch_64.jar
[INFO] Downloaded from central: https://repo.maven.apache.org/maven2/io/gatling/gatling-http/3.10.2/gatling-http-3.10.2.jar (1.2 MB at 617 kB/s)
[INFO] Downloading from central: https://repo.maven.apache.org/maven2/io/netty/netty-tcnative-boringssl-static/2.0.61.Final/netty-tcnative-boringssl-static-2.0.61.Final-osx-x86_64.jar
[INFO] Downloaded from central: https://repo.maven.apache.org/maven2/io/netty/netty-tcnative-boringssl-static/2.0.61.Final/netty-tcnative-boringssl-static-2.0.61.Final.jar (3.2 kB at 1.6 kB/s)
[INFO] Downloading from central: https://repo.maven.apache.org/maven2/io/netty/netty-tcnative-boringssl-static/2.0.61.Final/netty-tcnative-boringssl-static-2.0.61.Final-osx-aarch_64.jar
[INFO] Downloaded from central: https://repo.maven.apache.org/maven2/io/netty/netty-tcnative-boringssl-static/2.0.61.Final/netty-tcnative-boringssl-static-2.0.61.Final-linux-aarch_64.jar (1.1 MB at 518 kB/s)
[INFO] Downloading from central: https://repo.maven.apache.org/maven2/io/netty/netty-tcnative-boringssl-static/2.0.61.Final/netty-tcnative-boringssl-static-2.0.61.Final-windows-x86_64.jar
[INFO] Downloaded from central: https://repo.maven.apache.org/maven2/io/netty/netty-tcnative-boringssl-static/2.0.61.Final/netty-tcnative-boringssl-static-2.0.61.Final-windows-x86_64.jar (1.0 MB at 392 kB/s)
[INFO] Downloading from central: https://repo.maven.apache.org/maven2/com/aayushatharva/brotli4j/brotli4j/1.13.0/brotli4j-1.13.0.jar
[INFO] Downloaded from central: https://repo.maven.apache.org/maven2/io/netty/netty-tcnative-boringssl-static/2.0.61.Final/netty-tcnative-boringssl-static-2.0.61.Final-osx-aarch_64.jar (999 kB at 385 kB/s)
[INFO] Downloading from central: https://repo.maven.apache.org/maven2/com/aayushatharva/brotli4j/service/1.13.0/service-1.13.0.jar
[INFO] Downloaded from central: https://repo.maven.apache.org/maven2/com/aayushatharva/brotli4j/brotli4j/1.13.0/brotli4j-1.13.0.jar (46 kB at 17 kB/s)
[INFO] Downloading from central: https://repo.maven.apache.org/maven2/com/aayushatharva/brotli4j/native-linux-x86_64/1.13.0/native-linux-x86_64-1.13.0.jar
[INFO] Downloaded from central: https://repo.maven.apache.org/maven2/com/aayushatharva/brotli4j/service/1.13.0/service-1.13.0.jar (3.4 kB at 1.3 kB/s)
[INFO] Downloading from central: https://repo.maven.apache.org/maven2/com/aayushatharva/brotli4j/native-linux-aarch64/1.13.0/native-linux-aarch64-1.13.0.jar
[INFO] Downloaded from central: https://repo.maven.apache.org/maven2/org/scala-lang/scala-library/2.13.12/scala-library-2.13.12.jar (5.9 MB at 2.2 MB/s)
[INFO] Downloading from central: https://repo.maven.apache.org/maven2/com/aayushatharva/brotli4j/native-osx-x86_64/1.13.0/native-osx-x86_64-1.13.0.jar
[INFO] Downloaded from central: https://repo.maven.apache.org/maven2/io/netty/netty-tcnative-boringssl-static/2.0.61.Final/netty-tcnative-boringssl-static-2.0.61.Final-osx-x86_64.jar (1.1 MB at 418 kB/s)
[INFO] Downloading from central: https://repo.maven.apache.org/maven2/com/aayushatharva/brotli4j/native-osx-aarch64/1.13.0/native-osx-aarch64-1.13.0.jar
[INFO] Downloaded from central: https://repo.maven.apache.org/maven2/com/aayushatharva/brotli4j/native-linux-x86_64/1.13.0/native-linux-x86_64-1.13.0.jar (427 kB at 158 kB/s)
[INFO] Downloading from central: https://repo.maven.apache.org/maven2/com/aayushatharva/brotli4j/native-windows-x86_64/1.13.0/native-windows-x86_64-1.13.0.jar
[INFO] Downloaded from central: https://repo.maven.apache.org/maven2/com/aayushatharva/brotli4j/native-linux-aarch64/1.13.0/native-linux-aarch64-1.13.0.jar (425 kB at 154 kB/s)
[INFO] Downloading from central: https://repo.maven.apache.org/maven2/io/gatling/gatling-http-java/3.10.2/gatling-http-java-3.10.2.jar
[INFO] Downloaded from central: https://repo.maven.apache.org/maven2/com/aayushatharva/brotli4j/native-osx-x86_64/1.13.0/native-osx-x86_64-1.13.0.jar (442 kB at 153 kB/s)
[INFO] Downloading from central: https://repo.maven.apache.org/maven2/io/gatling/gatling-jms/3.10.2/gatling-jms-3.10.2.jar
[INFO] Downloaded from central: https://repo.maven.apache.org/maven2/com/aayushatharva/brotli4j/native-windows-x86_64/1.13.0/native-windows-x86_64-1.13.0.jar (1.9 MB at 673 kB/s)
[INFO] Downloading from central: https://repo.maven.apache.org/maven2/javax/jms/javax.jms-api/2.0.1/javax.jms-api-2.0.1.jar
[INFO] Downloaded from central: https://repo.maven.apache.org/maven2/com/aayushatharva/brotli4j/native-osx-aarch64/1.13.0/native-osx-aarch64-1.13.0.jar (425 kB at 147 kB/s)
[INFO] Downloading from central: https://repo.maven.apache.org/maven2/com/eatthepath/fast-uuid/0.2.0/fast-uuid-0.2.0.jar
[INFO] Downloaded from central: https://repo.maven.apache.org/maven2/io/gatling/gatling-http-java/3.10.2/gatling-http-java-3.10.2.jar (110 kB at 38 kB/s)
[INFO] Downloading from central: https://repo.maven.apache.org/maven2/io/gatling/gatling-jms-java/3.10.2/gatling-jms-java-3.10.2.jar
[INFO] Downloaded from central: https://repo.maven.apache.org/maven2/io/netty/netty-tcnative-boringssl-static/2.0.61.Final/netty-tcnative-boringssl-static-2.0.61.Final-linux-x86_64.jar (1.2 MB at 428 kB/s)
[INFO] Downloading from central: https://repo.maven.apache.org/maven2/io/gatling/gatling-mqtt/3.10.2/gatling-mqtt-3.10.2.jar
[INFO] Downloaded from central: https://repo.maven.apache.org/maven2/com/eatthepath/fast-uuid/0.2.0/fast-uuid-0.2.0.jar (6.1 kB at 2.1 kB/s)
[INFO] Downloading from central: https://repo.maven.apache.org/maven2/io/netty/netty-codec-mqtt/4.1.101.Final/netty-codec-mqtt-4.1.101.Final.jar
[INFO] Downloaded from central: https://repo.maven.apache.org/maven2/javax/jms/javax.jms-api/2.0.1/javax.jms-api-2.0.1.jar (64 kB at 22 kB/s)
[INFO] Downloading from central: https://repo.maven.apache.org/maven2/io/netty/netty-transport-native-epoll/4.1.101.Final/netty-transport-native-epoll-4.1.101.Final-linux-aarch_64.jar
[INFO] Downloaded from central: https://repo.maven.apache.org/maven2/io/gatling/gatling-jms-java/3.10.2/gatling-jms-java-3.10.2.jar (39 kB at 13 kB/s)
[INFO] Downloading from central: https://repo.maven.apache.org/maven2/io/gatling/gatling-mqtt-java/3.10.2/gatling-mqtt-java-3.10.2.jar
[INFO] Downloaded from central: https://repo.maven.apache.org/maven2/io/gatling/gatling-jms/3.10.2/gatling-jms-3.10.2.jar (216 kB at 73 kB/s)
[INFO] Downloading from central: https://repo.maven.apache.org/maven2/io/gatling/gatling-jdbc/3.10.2/gatling-jdbc-3.10.2.jar
[INFO] Downloaded from central: https://repo.maven.apache.org/maven2/io/netty/netty-transport-native-epoll/4.1.101.Final/netty-transport-native-epoll-4.1.101.Final-linux-aarch_64.jar (41 kB at 13 kB/s)
[INFO] Downloading from central: https://repo.maven.apache.org/maven2/io/gatling/gatling-jdbc-java/3.10.2/gatling-jdbc-java-3.10.2.jar
[INFO] Downloaded from central: https://repo.maven.apache.org/maven2/io/gatling/gatling-mqtt-java/3.10.2/gatling-mqtt-java-3.10.2.jar (23 kB at 7.4 kB/s)
[INFO] Downloaded from central: https://repo.maven.apache.org/maven2/io/gatling/gatling-jdbc/3.10.2/gatling-jdbc-3.10.2.jar (11 kB at 3.5 kB/s)
[INFO] Downloading from central: https://repo.maven.apache.org/maven2/io/gatling/gatling-redis/3.10.2/gatling-redis-3.10.2.jar
[INFO] Downloading from central: https://repo.maven.apache.org/maven2/net/debasishg/redisclient_2.13/3.42/redisclient_2.13-3.42.jar
[INFO] Downloaded from central: https://repo.maven.apache.org/maven2/io/gatling/gatling-mqtt/3.10.2/gatling-mqtt-3.10.2.jar (100 kB at 33 kB/s)
[INFO] Downloaded from central: https://repo.maven.apache.org/maven2/io/netty/netty-codec-mqtt/4.1.101.Final/netty-codec-mqtt-4.1.101.Final.jar (114 kB at 37 kB/s)
[INFO] Downloading from central: https://repo.maven.apache.org/maven2/io/gatling/gatling-graphite/3.10.2/gatling-graphite-3.10.2.jar
[INFO] Downloading from central: https://repo.maven.apache.org/maven2/io/gatling/gatling-redis-java/3.10.2/gatling-redis-java-3.10.2.jar
[INFO] Downloaded from central: https://repo.maven.apache.org/maven2/io/gatling/gatling-jdbc-java/3.10.2/gatling-jdbc-java-3.10.2.jar (5.6 kB at 1.8 kB/s)
[INFO] Downloading from central: https://repo.maven.apache.org/maven2/org/hdrhistogram/HdrHistogram/2.1.12/HdrHistogram-2.1.12.jar
[INFO] Downloaded from central: https://repo.maven.apache.org/maven2/io/gatling/gatling-redis/3.10.2/gatling-redis-3.10.2.jar (15 kB at 4.7 kB/s)
[INFO] Downloading from central: https://repo.maven.apache.org/maven2/io/gatling/gatling-charts/3.10.2/gatling-charts-3.10.2.jar
[INFO] Downloaded from central: https://repo.maven.apache.org/maven2/io/gatling/gatling-redis-java/3.10.2/gatling-redis-java-3.10.2.jar (7.8 kB at 2.5 kB/s)
[INFO] Downloading from central: https://repo.maven.apache.org/maven2/com/tdunning/t-digest/3.1/t-digest-3.1.jar
[INFO] Downloaded from central: https://repo.maven.apache.org/maven2/io/gatling/gatling-graphite/3.10.2/gatling-graphite-3.10.2.jar (103 kB at 33 kB/s)
[INFO] Downloading from central: https://repo.maven.apache.org/maven2/io/gatling/gatling-recorder/3.10.2/gatling-recorder-3.10.2.jar
[INFO] Downloaded from central: https://repo.maven.apache.org/maven2/io/gatling/gatling-charts/3.10.2/gatling-charts-3.10.2.jar (400 kB at 127 kB/s)
[INFO] Downloading from central: https://repo.maven.apache.org/maven2/org/scala-lang/modules/scala-swing_2.13/3.0.0/scala-swing_2.13-3.0.0.jar
[INFO] Downloaded from central: https://repo.maven.apache.org/maven2/org/hdrhistogram/HdrHistogram/2.1.12/HdrHistogram-2.1.12.jar (174 kB at 55 kB/s)
[INFO] Downloading from central: https://repo.maven.apache.org/maven2/io/gatling/gatling-recorder-bc-shaded/1.77.0/gatling-recorder-bc-shaded-1.77.0.jar
[INFO] Downloaded from central: https://repo.maven.apache.org/maven2/com/tdunning/t-digest/3.1/t-digest-3.1.jar (61 kB at 19 kB/s)
[INFO] Downloading from central: https://repo.maven.apache.org/maven2/com/typesafe/akka/akka-actor_2.13/2.6.20/akka-actor_2.13-2.6.20.jar
[INFO] Downloaded from central: https://repo.maven.apache.org/maven2/net/debasishg/redisclient_2.13/3.42/redisclient_2.13-3.42.jar (410 kB at 129 kB/s)
[INFO] Downloading from central: https://repo.maven.apache.org/maven2/com/typesafe/config/1.4.2/config-1.4.2.jar
[INFO] Downloaded from central: https://repo.maven.apache.org/maven2/org/scala-lang/modules/scala-swing_2.13/3.0.0/scala-swing_2.13-3.0.0.jar (739 kB at 228 kB/s)
[INFO] Downloading from central: https://repo.maven.apache.org/maven2/org/scala-lang/modules/scala-java8-compat_2.13/1.0.0/scala-java8-compat_2.13-1.0.0.jar
[INFO] Downloaded from central: https://repo.maven.apache.org/maven2/io/gatling/gatling-recorder/3.10.2/gatling-recorder-3.10.2.jar (743 kB at 221 kB/s)
[INFO] Downloaded from central: https://repo.maven.apache.org/maven2/com/typesafe/config/1.4.2/config-1.4.2.jar (295 kB at 85 kB/s)
[INFO] Downloaded from central: https://repo.maven.apache.org/maven2/org/scala-lang/modules/scala-java8-compat_2.13/1.0.0/scala-java8-compat_2.13-1.0.0.jar (638 kB at 184 kB/s)
[INFO] Downloaded from central: https://repo.maven.apache.org/maven2/io/gatling/gatling-recorder-bc-shaded/1.77.0/gatling-recorder-bc-shaded-1.77.0.jar (8.3 MB at 1.7 MB/s)
[INFO] Downloaded from central: https://repo.maven.apache.org/maven2/com/typesafe/akka/akka-actor_2.13/2.6.20/akka-actor_2.13-2.6.20.jar (3.8 MB at 786 kB/s)
[INFO] 
[INFO] --- resources:3.3.1:resources (default-resources) @ trading-gatling ---
[INFO] skip non existing resourceDirectory /project/trading-gatling/src/main/resources
[INFO] skip non existing resourceDirectory /project/trading-gatling/src/main/resources
[INFO] 
[INFO] --- compiler:3.11.0:compile (default-compile) @ trading-gatling ---
[INFO] No sources to compile
[INFO] 
[INFO] --- resources:3.3.1:testResources (default-testResources) @ trading-gatling ---
[INFO] Not copying test resources
[INFO] 
[INFO] --- compiler:3.11.0:testCompile (default-testCompile) @ trading-gatling ---
[INFO] Not compiling test sources
[INFO] 
[INFO] --- scala:4.8.1:testCompile (default) @ trading-gatling ---
[INFO] Downloading from central: https://repo.maven.apache.org/maven2/org/apache/maven/reporting/maven-reporting-api/3.1.1/maven-reporting-api-3.1.1.pom
[INFO] Downloaded from central: https://repo.maven.apache.org/maven2/org/apache/maven/reporting/maven-reporting-api/3.1.1/maven-reporting-api-3.1.1.pom (3.8 kB at 157 kB/s)
[INFO] Downloading from central: https://repo.maven.apache.org/maven2/org/apache/maven/doxia/doxia-sink-api/1.11.1/doxia-sink-api-1.11.1.pom
[INFO] Downloaded from central: https://repo.maven.apache.org/maven2/org/apache/maven/doxia/doxia-sink-api/1.11.1/doxia-sink-api-1.11.1.pom (1.6 kB at 63 kB/s)
[INFO] Downloading from central: https://repo.maven.apache.org/maven2/org/apache/maven/doxia/doxia/1.11.1/doxia-1.11.1.pom
[INFO] Downloaded from central: https://repo.maven.apache.org/maven2/org/apache/maven/doxia/doxia/1.11.1/doxia-1.11.1.pom (18 kB at 784 kB/s)
[INFO] Downloading from central: https://repo.maven.apache.org/maven2/org/apache/maven/doxia/doxia-logging-api/1.11.1/doxia-logging-api-1.11.1.pom
[INFO] Downloaded from central: https://repo.maven.apache.org/maven2/org/apache/maven/doxia/doxia-logging-api/1.11.1/doxia-logging-api-1.11.1.pom (1.6 kB at 72 kB/s)
[INFO] Downloading from central: https://repo.maven.apache.org/maven2/org/apache/commons/commons-exec/1.3/commons-exec-1.3.pom
[INFO] Downloaded from central: https://repo.maven.apache.org/maven2/org/apache/commons/commons-exec/1.3/commons-exec-1.3.pom (11 kB at 478 kB/s)
[INFO] Downloading from central: https://repo.maven.apache.org/maven2/org/apache/commons/commons-parent/35/commons-parent-35.pom
[INFO] Downloaded from central: https://repo.maven.apache.org/maven2/org/apache/commons/commons-parent/35/commons-parent-35.pom (58 kB at 2.4 MB/s)
[INFO] Downloading from central: https://repo.maven.apache.org/maven2/org/codehaus/plexus/plexus-archiver/4.6.1/plexus-archiver-4.6.1.pom
[INFO] Downloaded from central: https://repo.maven.apache.org/maven2/org/codehaus/plexus/plexus-archiver/4.6.1/plexus-archiver-4.6.1.pom (6.6 kB at 298 kB/s)
[INFO] Downloading from central: https://repo.maven.apache.org/maven2/org/apache/commons/commons-compress/1.22/commons-compress-1.22.pom
[INFO] Downloaded from central: https://repo.maven.apache.org/maven2/org/apache/commons/commons-compress/1.22/commons-compress-1.22.pom (22 kB at 1.0 MB/s)
[INFO] Downloading from central: https://repo.maven.apache.org/maven2/com/github/luben/zstd-jni/1.5.2-5/zstd-jni-1.5.2-5.pom
[INFO] Downloaded from central: https://repo.maven.apache.org/maven2/com/github/luben/zstd-jni/1.5.2-5/zstd-jni-1.5.2-5.pom (1.9 kB at 20 kB/s)
[INFO] Downloading from central: https://repo.maven.apache.org/maven2/org/codehaus/plexus/plexus-classworlds/2.7.0/plexus-classworlds-2.7.0.pom
[INFO] Downloaded from central: https://repo.maven.apache.org/maven2/org/codehaus/plexus/plexus-classworlds/2.7.0/plexus-classworlds-2.7.0.pom (7.6 kB at 247 kB/s)
[INFO] Downloading from central: https://repo.maven.apache.org/maven2/org/scala-sbt/zinc_2.13/1.8.0/zinc_2.13-1.8.0.pom
[INFO] Downloaded from central: https://repo.maven.apache.org/maven2/org/scala-sbt/zinc_2.13/1.8.0/zinc_2.13-1.8.0.pom (4.1 kB at 188 kB/s)
[INFO] Downloading from central: https://repo.maven.apache.org/maven2/org/scala-sbt/zinc-core_2.13/1.8.0/zinc-core_2.13-1.8.0.pom
[INFO] Downloaded from central: https://repo.maven.apache.org/maven2/org/scala-sbt/zinc-core_2.13/1.8.0/zinc-core_2.13-1.8.0.pom (5.3 kB at 251 kB/s)
[INFO] Downloading from central: https://repo.maven.apache.org/maven2/org/scala-sbt/zinc-compile-core_2.13/1.8.0/zinc-compile-core_2.13-1.8.0.pom
[INFO] Downloaded from central: https://repo.maven.apache.org/maven2/org/scala-sbt/zinc-compile-core_2.13/1.8.0/zinc-compile-core_2.13-1.8.0.pom (5.5 kB at 237 kB/s)
[INFO] Downloading from central: https://repo.maven.apache.org/maven2/org/scala-sbt/compiler-interface/1.8.0/compiler-interface-1.8.0.pom
[INFO] Downloaded from central: https://repo.maven.apache.org/maven2/org/scala-sbt/compiler-interface/1.8.0/compiler-interface-1.8.0.pom (3.0 kB at 81 kB/s)
[INFO] Downloading from central: https://repo.maven.apache.org/maven2/org/scala-sbt/util-interface/1.8.0/util-interface-1.8.0.pom
[INFO] Downloaded from central: https://repo.maven.apache.org/maven2/org/scala-sbt/util-interface/1.8.0/util-interface-1.8.0.pom (2.6 kB at 102 kB/s)
[INFO] Downloading from central: https://repo.maven.apache.org/maven2/org/scala-sbt/zinc-classpath_2.13/1.8.0/zinc-classpath_2.13-1.8.0.pom
[INFO] Downloaded from central: https://repo.maven.apache.org/maven2/org/scala-sbt/zinc-classpath_2.13/1.8.0/zinc-classpath_2.13-1.8.0.pom (3.9 kB at 196 kB/s)
[INFO] Downloading from central: https://repo.maven.apache.org/maven2/org/scala-lang/scala-compiler/2.13.8/scala-compiler-2.13.8.pom
[INFO] Downloaded from central: https://repo.maven.apache.org/maven2/org/scala-lang/scala-compiler/2.13.8/scala-compiler-2.13.8.pom (2.3 kB at 84 kB/s)
[INFO] Downloading from central: https://repo.maven.apache.org/maven2/net/java/dev/jna/jna/5.9.0/jna-5.9.0.pom
[INFO] Downloaded from central: https://repo.maven.apache.org/maven2/net/java/dev/jna/jna/5.9.0/jna-5.9.0.pom (2.0 kB at 101 kB/s)
[INFO] Downloading from central: https://repo.maven.apache.org/maven2/org/scala-sbt/io_2.13/1.8.0/io_2.13-1.8.0.pom
[INFO] Downloaded from central: https://repo.maven.apache.org/maven2/org/scala-sbt/io_2.13/1.8.0/io_2.13-1.8.0.pom (3.3 kB at 149 kB/s)
[INFO] Downloading from central: https://repo.maven.apache.org/maven2/com/swoval/file-tree-views/2.1.9/file-tree-views-2.1.9.pom
[INFO] Downloaded from central: https://repo.maven.apache.org/maven2/com/swoval/file-tree-views/2.1.9/file-tree-views-2.1.9.pom (1.7 kB at 82 kB/s)
[INFO] Downloading from central: https://repo.maven.apache.org/maven2/net/java/dev/jna/jna/5.12.0/jna-5.12.0.pom
[INFO] Downloaded from central: https://repo.maven.apache.org/maven2/net/java/dev/jna/jna/5.12.0/jna-5.12.0.pom (2.0 kB at 21 kB/s)
[INFO] Downloading from central: https://repo.maven.apache.org/maven2/net/java/dev/jna/jna-platform/5.12.0/jna-platform-5.12.0.pom
[INFO] Downloaded from central: https://repo.maven.apache.org/maven2/net/java/dev/jna/jna-platform/5.12.0/jna-platform-5.12.0.pom (2.3 kB at 90 kB/s)
[INFO] Downloading from central: https://repo.maven.apache.org/maven2/org/scala-sbt/zinc-apiinfo_2.13/1.8.0/zinc-apiinfo_2.13-1.8.0.pom
[INFO] Downloaded from central: https://repo.maven.apache.org/maven2/org/scala-sbt/zinc-apiinfo_2.13/1.8.0/zinc-apiinfo_2.13-1.8.0.pom (3.8 kB at 36 kB/s)
[INFO] Downloading from central: https://repo.maven.apache.org/maven2/org/scala-sbt/compiler-bridge_2.13/1.8.0/compiler-bridge_2.13-1.8.0.pom
[INFO] Downloaded from central: https://repo.maven.apache.org/maven2/org/scala-sbt/compiler-bridge_2.13/1.8.0/compiler-bridge_2.13-1.8.0.pom (2.8 kB at 127 kB/s)
[INFO] Downloading from central: https://repo.maven.apache.org/maven2/org/scala-sbt/zinc-classfile_2.13/1.8.0/zinc-classfile_2.13-1.8.0.pom
[INFO] Downloaded from central: https://repo.maven.apache.org/maven2/org/scala-sbt/zinc-classfile_2.13/1.8.0/zinc-classfile_2.13-1.8.0.pom (4.0 kB at 172 kB/s)
[INFO] Downloading from central: https://repo.maven.apache.org/maven2/org/scala-sbt/util-logging_2.13/1.8.0/util-logging_2.13-1.8.0.pom
[INFO] Downloaded from central: https://repo.maven.apache.org/maven2/org/scala-sbt/util-logging_2.13/1.8.0/util-logging_2.13-1.8.0.pom (5.7 kB at 221 kB/s)
[INFO] Downloading from central: https://repo.maven.apache.org/maven2/org/scala-sbt/collections_2.13/1.8.0/collections_2.13-1.8.0.pom
[INFO] Downloaded from central: https://repo.maven.apache.org/maven2/org/scala-sbt/collections_2.13/1.8.0/collections_2.13-1.8.0.pom (4.4 kB at 199 kB/s)
[INFO] Downloading from central: https://repo.maven.apache.org/maven2/org/scala-sbt/util-position_2.13/1.8.0/util-position_2.13-1.8.0.pom
[INFO] Downloaded from central: https://repo.maven.apache.org/maven2/org/scala-sbt/util-position_2.13/1.8.0/util-position_2.13-1.8.0.pom (3.2 kB at 138 kB/s)
[INFO] Downloading from central: https://repo.maven.apache.org/maven2/org/scala-lang/modules/scala-parallel-collections_2.13/0.2.0/scala-parallel-collections_2.13-0.2.0.pom
[INFO] Downloaded from central: https://repo.maven.apache.org/maven2/org/scala-lang/modules/scala-parallel-collections_2.13/0.2.0/scala-parallel-collections_2.13-0.2.0.pom (1.8 kB at 86 kB/s)
[INFO] Downloading from central: https://repo.maven.apache.org/maven2/org/scala-sbt/core-macros_2.13/1.8.0/core-macros_2.13-1.8.0.pom
[INFO] Downloaded from central: https://repo.maven.apache.org/maven2/org/scala-sbt/core-macros_2.13/1.8.0/core-macros_2.13-1.8.0.pom (3.1 kB at 130 kB/s)
[INFO] Downloading from central: https://repo.maven.apache.org/maven2/org/jline/jline-terminal/3.19.0/jline-terminal-3.19.0.pom
[INFO] Downloaded from central: https://repo.maven.apache.org/maven2/org/jline/jline-terminal/3.19.0/jline-terminal-3.19.0.pom (1.3 kB at 52 kB/s)
[INFO] Downloading from central: https://repo.maven.apache.org/maven2/org/jline/jline-parent/3.19.0/jline-parent-3.19.0.pom
[INFO] Downloaded from central: https://repo.maven.apache.org/maven2/org/jline/jline-parent/3.19.0/jline-parent-3.19.0.pom (24 kB at 906 kB/s)
[INFO] Downloading from central: https://repo.maven.apache.org/maven2/org/scala-lang/modules/scala-parser-combinators_2.13/1.1.2/scala-parser-combinators_2.13-1.1.2.pom
[INFO] Downloaded from central: https://repo.maven.apache.org/maven2/org/scala-lang/modules/scala-parser-combinators_2.13/1.1.2/scala-parser-combinators_2.13-1.1.2.pom (2.2 kB at 88 kB/s)
[INFO] Downloading from central: https://repo.maven.apache.org/maven2/net/openhft/zero-allocation-hashing/0.10.1/zero-allocation-hashing-0.10.1.pom
[INFO] Downloaded from central: https://repo.maven.apache.org/maven2/net/openhft/zero-allocation-hashing/0.10.1/zero-allocation-hashing-0.10.1.pom (8.1 kB at 311 kB/s)
[INFO] Downloading from central: https://repo.maven.apache.org/maven2/net/openhft/root-parent-pom/1.1.13/root-parent-pom-1.1.13.pom
[INFO] Downloaded from central: https://repo.maven.apache.org/maven2/net/openhft/root-parent-pom/1.1.13/root-parent-pom-1.1.13.pom (9.8 kB at 264 kB/s)
[INFO] Downloading from central: https://repo.maven.apache.org/maven2/org/scala-sbt/util-control_2.13/1.8.0/util-control_2.13-1.8.0.pom
[INFO] Downloaded from central: https://repo.maven.apache.org/maven2/org/scala-sbt/util-control_2.13/1.8.0/util-control_2.13-1.8.0.pom (2.8 kB at 116 kB/s)
[INFO] Downloading from central: https://repo.maven.apache.org/maven2/org/scala-sbt/zinc-persist-core-assembly/1.8.0/zinc-persist-core-assembly-1.8.0.pom
[INFO] Downloaded from central: https://repo.maven.apache.org/maven2/org/scala-sbt/zinc-persist-core-assembly/1.8.0/zinc-persist-core-assembly-1.8.0.pom (2.4 kB at 66 kB/s)
[INFO] Downloading from central: https://repo.maven.apache.org/maven2/org/scala-sbt/util-relation_2.13/1.8.0/util-relation_2.13-1.8.0.pom
[INFO] Downloaded from central: https://repo.maven.apache.org/maven2/org/scala-sbt/util-relation_2.13/1.8.0/util-relation_2.13-1.8.0.pom (3.0 kB at 115 kB/s)
[INFO] Downloading from central: https://repo.maven.apache.org/maven2/org/scala-sbt/zinc-persist_2.13/1.8.0/zinc-persist_2.13-1.8.0.pom
[INFO] Downloaded from central: https://repo.maven.apache.org/maven2/org/scala-sbt/zinc-persist_2.13/1.8.0/zinc-persist_2.13-1.8.0.pom (4.3 kB at 36 kB/s)
[INFO] Downloading from central: https://repo.maven.apache.org/maven2/org/apache/maven/reporting/maven-reporting-api/3.1.1/maven-reporting-api-3.1.1.jar
[INFO] Downloaded from central: https://repo.maven.apache.org/maven2/org/apache/maven/reporting/maven-reporting-api/3.1.1/maven-reporting-api-3.1.1.jar (11 kB at 480 kB/s)
[INFO] Downloading from central: https://repo.maven.apache.org/maven2/org/apache/maven/doxia/doxia-sink-api/1.11.1/doxia-sink-api-1.11.1.jar
[INFO] Downloading from central: https://repo.maven.apache.org/maven2/org/apache/maven/doxia/doxia-logging-api/1.11.1/doxia-logging-api-1.11.1.jar
[INFO] Downloading from central: https://repo.maven.apache.org/maven2/org/apache/commons/commons-exec/1.3/commons-exec-1.3.jar
[INFO] Downloading from central: https://repo.maven.apache.org/maven2/org/codehaus/plexus/plexus-archiver/4.6.1/plexus-archiver-4.6.1.jar
[INFO] Downloading from central: https://repo.maven.apache.org/maven2/org/apache/commons/commons-compress/1.22/commons-compress-1.22.jar
[INFO] Downloaded from central: https://repo.maven.apache.org/maven2/org/apache/maven/doxia/doxia-sink-api/1.11.1/doxia-sink-api-1.11.1.jar (12 kB at 580 kB/s)
[INFO] Downloading from central: https://repo.maven.apache.org/maven2/com/github/luben/zstd-jni/1.5.2-5/zstd-jni-1.5.2-5.jar
[INFO] Downloaded from central: https://repo.maven.apache.org/maven2/org/apache/maven/doxia/doxia-logging-api/1.11.1/doxia-logging-api-1.11.1.jar (12 kB at 510 kB/s)
[INFO] Downloading from central: https://repo.maven.apache.org/maven2/org/codehaus/plexus/plexus-classworlds/2.7.0/plexus-classworlds-2.7.0.jar
[INFO] Downloaded from central: https://repo.maven.apache.org/maven2/org/apache/commons/commons-exec/1.3/commons-exec-1.3.jar (54 kB at 1.6 MB/s)
[INFO] Downloading from central: https://repo.maven.apache.org/maven2/org/scala-sbt/zinc_2.13/1.8.0/zinc_2.13-1.8.0.jar
[INFO] Downloaded from central: https://repo.maven.apache.org/maven2/org/codehaus/plexus/plexus-classworlds/2.7.0/plexus-classworlds-2.7.0.jar (53 kB at 1.1 MB/s)
[INFO] Downloading from central: https://repo.maven.apache.org/maven2/org/scala-lang/scala-library/2.13.8/scala-library-2.13.8.jar
[INFO] Downloaded from central: https://repo.maven.apache.org/maven2/org/codehaus/plexus/plexus-archiver/4.6.1/plexus-archiver-4.6.1.jar (218 kB at 3.0 MB/s)
[INFO] Downloading from central: https://repo.maven.apache.org/maven2/org/scala-sbt/zinc-core_2.13/1.8.0/zinc-core_2.13-1.8.0.jar
[INFO] Downloaded from central: https://repo.maven.apache.org/maven2/org/scala-sbt/zinc_2.13/1.8.0/zinc_2.13-1.8.0.jar (85 kB at 1.2 MB/s)
[INFO] Downloading from central: https://repo.maven.apache.org/maven2/org/scala-sbt/zinc-apiinfo_2.13/1.8.0/zinc-apiinfo_2.13-1.8.0.jar
[INFO] Downloaded from central: https://repo.maven.apache.org/maven2/org/scala-sbt/zinc-apiinfo_2.13/1.8.0/zinc-apiinfo_2.13-1.8.0.jar (165 kB at 1.4 MB/s)
[INFO] Downloading from central: https://repo.maven.apache.org/maven2/org/scala-sbt/compiler-bridge_2.13/1.8.0/compiler-bridge_2.13-1.8.0.jar
[INFO] Downloaded from central: https://repo.maven.apache.org/maven2/org/scala-sbt/compiler-bridge_2.13/1.8.0/compiler-bridge_2.13-1.8.0.jar (243 kB at 1.1 MB/s)
[INFO] Downloading from central: https://repo.maven.apache.org/maven2/org/scala-sbt/zinc-classpath_2.13/1.8.0/zinc-classpath_2.13-1.8.0.jar
[INFO] Downloaded from central: https://repo.maven.apache.org/maven2/org/scala-sbt/zinc-core_2.13/1.8.0/zinc-core_2.13-1.8.0.jar (490 kB at 1.4 MB/s)
[INFO] Downloading from central: https://repo.maven.apache.org/maven2/org/scala-lang/scala-compiler/2.13.8/scala-compiler-2.13.8.jar
[INFO] Downloaded from central: https://repo.maven.apache.org/maven2/org/scala-sbt/zinc-classpath_2.13/1.8.0/zinc-classpath_2.13-1.8.0.jar (89 kB at 189 kB/s)
[INFO] Downloading from central: https://repo.maven.apache.org/maven2/org/scala-sbt/compiler-interface/1.8.0/compiler-interface-1.8.0.jar
[INFO] Downloaded from central: https://repo.maven.apache.org/maven2/org/apache/commons/commons-compress/1.22/commons-compress-1.22.jar (1.0 MB at 2.1 MB/s)
[INFO] Downloading from central: https://repo.maven.apache.org/maven2/org/scala-sbt/util-interface/1.8.0/util-interface-1.8.0.jar
[INFO] Downloaded from central: https://repo.maven.apache.org/maven2/org/scala-sbt/compiler-interface/1.8.0/compiler-interface-1.8.0.jar (112 kB at 196 kB/s)
[INFO] Downloading from central: https://repo.maven.apache.org/maven2/org/scala-sbt/zinc-persist-core-assembly/1.8.0/zinc-persist-core-assembly-1.8.0.jar
[INFO] Downloaded from central: https://repo.maven.apache.org/maven2/org/scala-sbt/util-interface/1.8.0/util-interface-1.8.0.jar (3.3 kB at 5.7 kB/s)
[INFO] Downloading from central: https://repo.maven.apache.org/maven2/org/scala-lang/modules/scala-parallel-collections_2.13/0.2.0/scala-parallel-collections_2.13-0.2.0.jar
[INFO] Downloaded from central: https://repo.maven.apache.org/maven2/org/scala-sbt/zinc-persist-core-assembly/1.8.0/zinc-persist-core-assembly-1.8.0.jar (2.6 MB at 2.5 MB/s)
[INFO] Downloading from central: https://repo.maven.apache.org/maven2/org/scala-sbt/io_2.13/1.8.0/io_2.13-1.8.0.jar
[INFO] Downloaded from central: https://repo.maven.apache.org/maven2/org/scala-sbt/io_2.13/1.8.0/io_2.13-1.8.0.jar (636 kB at 539 kB/s)
[INFO] Downloading from central: https://repo.maven.apache.org/maven2/com/swoval/file-tree-views/2.1.9/file-tree-views-2.1.9.jar
[INFO] Downloaded from central: https://repo.maven.apache.org/maven2/com/swoval/file-tree-views/2.1.9/file-tree-views-2.1.9.jar (229 kB at 185 kB/s)
[INFO] Downloading from central: https://repo.maven.apache.org/maven2/net/java/dev/jna/jna/5.12.0/jna-5.12.0.jar
[INFO] Downloaded from central: https://repo.maven.apache.org/maven2/org/scala-lang/modules/scala-parallel-collections_2.13/0.2.0/scala-parallel-collections_2.13-0.2.0.jar (1.1 MB at 808 kB/s)
[INFO] Downloading from central: https://repo.maven.apache.org/maven2/net/java/dev/jna/jna-platform/5.12.0/jna-platform-5.12.0.jar
[INFO] Downloaded from central: https://repo.maven.apache.org/maven2/net/java/dev/jna/jna/5.12.0/jna-5.12.0.jar (1.9 MB at 1.1 MB/s)
[INFO] Downloading from central: https://repo.maven.apache.org/maven2/org/scala-sbt/util-logging_2.13/1.8.0/util-logging_2.13-1.8.0.jar
[INFO] Downloaded from central: https://repo.maven.apache.org/maven2/org/scala-sbt/util-logging_2.13/1.8.0/util-logging_2.13-1.8.0.jar (463 kB at 257 kB/s)
[INFO] Downloading from central: https://repo.maven.apache.org/maven2/org/scala-sbt/collections_2.13/1.8.0/collections_2.13-1.8.0.jar
[INFO] Downloaded from central: https://repo.maven.apache.org/maven2/org/scala-sbt/collections_2.13/1.8.0/collections_2.13-1.8.0.jar (365 kB at 191 kB/s)
[INFO] Downloading from central: https://repo.maven.apache.org/maven2/org/scala-sbt/util-position_2.13/1.8.0/util-position_2.13-1.8.0.jar
[INFO] Downloaded from central: https://repo.maven.apache.org/maven2/net/java/dev/jna/jna-platform/5.12.0/jna-platform-5.12.0.jar (1.4 MB at 658 kB/s)
[INFO] Downloading from central: https://repo.maven.apache.org/maven2/org/scala-sbt/core-macros_2.13/1.8.0/core-macros_2.13-1.8.0.jar
[INFO] Downloaded from central: https://repo.maven.apache.org/maven2/org/scala-sbt/util-position_2.13/1.8.0/util-position_2.13-1.8.0.jar (28 kB at 14 kB/s)
[INFO] Downloading from central: https://repo.maven.apache.org/maven2/org/jline/jline-terminal/3.19.0/jline-terminal-3.19.0.jar
[INFO] Downloaded from central: https://repo.maven.apache.org/maven2/org/scala-sbt/core-macros_2.13/1.8.0/core-macros_2.13-1.8.0.jar (87 kB at 41 kB/s)
[INFO] Downloading from central: https://repo.maven.apache.org/maven2/org/scala-lang/scala-reflect/2.13.8/scala-reflect-2.13.8.jar
[INFO] Downloaded from central: https://repo.maven.apache.org/maven2/org/jline/jline-terminal/3.19.0/jline-terminal-3.19.0.jar (228 kB at 106 kB/s)
[INFO] Downloading from central: https://repo.maven.apache.org/maven2/org/scala-sbt/util-relation_2.13/1.8.0/util-relation_2.13-1.8.0.jar
[INFO] Downloaded from central: https://repo.maven.apache.org/maven2/org/scala-sbt/util-relation_2.13/1.8.0/util-relation_2.13-1.8.0.jar (15 kB at 6.8 kB/s)
[INFO] Downloading from central: https://repo.maven.apache.org/maven2/org/scala-sbt/zinc-persist_2.13/1.8.0/zinc-persist_2.13-1.8.0.jar
[INFO] Downloaded from central: https://repo.maven.apache.org/maven2/org/scala-sbt/zinc-persist_2.13/1.8.0/zinc-persist_2.13-1.8.0.jar (270 kB at 110 kB/s)
[INFO] Downloading from central: https://repo.maven.apache.org/maven2/org/scala-sbt/zinc-compile-core_2.13/1.8.0/zinc-compile-core_2.13-1.8.0.jar
[INFO] Downloaded from central: https://repo.maven.apache.org/maven2/org/scala-sbt/zinc-compile-core_2.13/1.8.0/zinc-compile-core_2.13-1.8.0.jar (254 kB at 96 kB/s)
[INFO] Downloading from central: https://repo.maven.apache.org/maven2/org/scala-lang/modules/scala-parser-combinators_2.13/1.1.2/scala-parser-combinators_2.13-1.1.2.jar
[INFO] Downloaded from central: https://repo.maven.apache.org/maven2/org/scala-lang/scala-library/2.13.8/scala-library-2.13.8.jar (6.0 MB at 2.2 MB/s)
[INFO] Downloading from central: https://repo.maven.apache.org/maven2/net/openhft/zero-allocation-hashing/0.10.1/zero-allocation-hashing-0.10.1.jar
[INFO] Downloaded from central: https://repo.maven.apache.org/maven2/org/scala-lang/modules/scala-parser-combinators_2.13/1.1.2/scala-parser-combinators_2.13-1.1.2.jar (225 kB at 83 kB/s)
[INFO] Downloading from central: https://repo.maven.apache.org/maven2/org/scala-sbt/util-control_2.13/1.8.0/util-control_2.13-1.8.0.jar
[INFO] Downloaded from central: https://repo.maven.apache.org/maven2/org/scala-sbt/util-control_2.13/1.8.0/util-control_2.13-1.8.0.jar (19 kB at 7.0 kB/s)
[INFO] Downloading from central: https://repo.maven.apache.org/maven2/org/scala-sbt/zinc-classfile_2.13/1.8.0/zinc-classfile_2.13-1.8.0.jar
[INFO] Downloaded from central: https://repo.maven.apache.org/maven2/net/openhft/zero-allocation-hashing/0.10.1/zero-allocation-hashing-0.10.1.jar (60 kB at 22 kB/s)
[INFO] Downloaded from central: https://repo.maven.apache.org/maven2/org/scala-sbt/zinc-classfile_2.13/1.8.0/zinc-classfile_2.13-1.8.0.jar (108 kB at 38 kB/s)
[INFO] Downloaded from central: https://repo.maven.apache.org/maven2/org/scala-lang/scala-reflect/2.13.8/scala-reflect-2.13.8.jar (3.8 MB at 1.2 MB/s)
[INFO] Downloaded from central: https://repo.maven.apache.org/maven2/org/scala-lang/scala-compiler/2.13.8/scala-compiler-2.13.8.jar (12 MB at 3.1 MB/s)
[INFO] Downloaded from central: https://repo.maven.apache.org/maven2/com/github/luben/zstd-jni/1.5.2-5/zstd-jni-1.5.2-5.jar (6.3 MB at 1.6 MB/s)
[INFO] Not compiling test sources
[INFO] 
[INFO] --- surefire:3.1.2:test (default-test) @ trading-gatling ---
[INFO] Tests are skipped.
[INFO] 
[INFO] --- jar:3.3.0:jar (default-jar) @ trading-gatling ---
[WARNING] JAR will be empty - no content was marked for inclusion!
[INFO] Building jar: /project/trading-gatling/target/trading-gatling-5.0.0-SNAPSHOT.jar
[INFO] 
[INFO] --- install:3.1.1:install (default-install) @ trading-gatling ---
[INFO] Installing /project/trading-gatling/pom.xml to /root/.m2/repository/fr/ymanvieu/trading/trading-gatling/5.0.0-SNAPSHOT/trading-gatling-5.0.0-SNAPSHOT.pom
[INFO] Installing /project/trading-gatling/target/trading-gatling-5.0.0-SNAPSHOT.jar to /root/.m2/repository/fr/ymanvieu/trading/trading-gatling/5.0.0-SNAPSHOT/trading-gatling-5.0.0-SNAPSHOT.jar
[INFO] ------------------------------------------------------------------------
[INFO] Reactor Summary for trading 5.0.0-SNAPSHOT:
[INFO] 
[INFO] trading ............................................ SUCCESS [  0.984 s]
[INFO] trading-test ....................................... SUCCESS [  9.251 s]
[INFO] trading-common ..................................... SUCCESS [ 33.193 s]
[INFO] trading-data-collect ............................... SUCCESS [  8.434 s]
[INFO] trading-webapp ..................................... SUCCESS [ 15.692 s]
[INFO] trading-gatling .................................... SUCCESS [ 28.282 s]
[INFO] ------------------------------------------------------------------------
[INFO] BUILD SUCCESS
[INFO] ------------------------------------------------------------------------
[INFO] Total time:  01:44 min
[INFO] Finished at: 2026-05-04T17:37:30Z
[INFO] ------------------------------------------------------------------------
