[INFO] Scanning for projects...
[INFO] Downloading from central: https://repo.maven.apache.org/maven2/org/springframework/boot/spring-boot-starter-parent/2.6.4/spring-boot-starter-parent-2.6.4.pom
[INFO] Downloaded from central: https://repo.maven.apache.org/maven2/org/springframework/boot/spring-boot-starter-parent/2.6.4/spring-boot-starter-parent-2.6.4.pom (8.6 kB at 19 kB/s)
[INFO] Downloading from central: https://repo.maven.apache.org/maven2/org/springframework/boot/spring-boot-dependencies/2.6.4/spring-boot-dependencies-2.6.4.pom
[INFO] Downloaded from central: https://repo.maven.apache.org/maven2/org/springframework/boot/spring-boot-dependencies/2.6.4/spring-boot-dependencies-2.6.4.pom (105 kB at 2.2 MB/s)
[INFO] Downloading from central: https://repo.maven.apache.org/maven2/com/datastax/oss/java-driver-bom/4.13.0/java-driver-bom-4.13.0.pom
[INFO] Downloaded from central: https://repo.maven.apache.org/maven2/com/datastax/oss/java-driver-bom/4.13.0/java-driver-bom-4.13.0.pom (4.1 kB at 43 kB/s)
[INFO] Downloading from central: https://repo.maven.apache.org/maven2/io/dropwizard/metrics/metrics-bom/4.2.8/metrics-bom-4.2.8.pom
[INFO] Downloaded from central: https://repo.maven.apache.org/maven2/io/dropwizard/metrics/metrics-bom/4.2.8/metrics-bom-4.2.8.pom (6.9 kB at 62 kB/s)
[INFO] Downloading from central: https://repo.maven.apache.org/maven2/io/dropwizard/metrics/metrics-parent/4.2.8/metrics-parent-4.2.8.pom
[INFO] Downloaded from central: https://repo.maven.apache.org/maven2/io/dropwizard/metrics/metrics-parent/4.2.8/metrics-parent-4.2.8.pom (20 kB at 702 kB/s)
[INFO] Downloading from central: https://repo.maven.apache.org/maven2/org/codehaus/groovy/groovy-bom/3.0.9/groovy-bom-3.0.9.pom
[INFO] Downloaded from central: https://repo.maven.apache.org/maven2/org/codehaus/groovy/groovy-bom/3.0.9/groovy-bom-3.0.9.pom (26 kB at 880 kB/s)
[INFO] Downloading from central: https://repo.maven.apache.org/maven2/org/infinispan/infinispan-bom/12.1.11.Final/infinispan-bom-12.1.11.Final.pom
[INFO] Downloaded from central: https://repo.maven.apache.org/maven2/org/infinispan/infinispan-bom/12.1.11.Final/infinispan-bom-12.1.11.Final.pom (18 kB at 616 kB/s)
[INFO] Downloading from central: https://repo.maven.apache.org/maven2/org/infinispan/infinispan-build-configuration-parent/12.1.11.Final/infinispan-build-configuration-parent-12.1.11.Final.pom
[INFO] Downloaded from central: https://repo.maven.apache.org/maven2/org/infinispan/infinispan-build-configuration-parent/12.1.11.Final/infinispan-build-configuration-parent-12.1.11.Final.pom (14 kB at 422 kB/s)
[INFO] Downloading from central: https://repo.maven.apache.org/maven2/org/jboss/jboss-parent/36/jboss-parent-36.pom
[INFO] Downloaded from central: https://repo.maven.apache.org/maven2/org/jboss/jboss-parent/36/jboss-parent-36.pom (66 kB at 1.6 MB/s)
[INFO] Downloading from central: https://repo.maven.apache.org/maven2/com/fasterxml/jackson/jackson-bom/2.13.1/jackson-bom-2.13.1.pom
[INFO] Downloaded from central: https://repo.maven.apache.org/maven2/com/fasterxml/jackson/jackson-bom/2.13.1/jackson-bom-2.13.1.pom (17 kB at 543 kB/s)
[INFO] Downloading from central: https://repo.maven.apache.org/maven2/com/fasterxml/jackson/jackson-parent/2.13/jackson-parent-2.13.pom
[INFO] Downloaded from central: https://repo.maven.apache.org/maven2/com/fasterxml/jackson/jackson-parent/2.13/jackson-parent-2.13.pom (7.4 kB at 239 kB/s)
[INFO] Downloading from central: https://repo.maven.apache.org/maven2/com/fasterxml/oss-parent/43/oss-parent-43.pom
[INFO] Downloaded from central: https://repo.maven.apache.org/maven2/com/fasterxml/oss-parent/43/oss-parent-43.pom (24 kB at 605 kB/s)
[INFO] Downloading from central: https://repo.maven.apache.org/maven2/org/glassfish/jersey/jersey-bom/2.35/jersey-bom-2.35.pom
[INFO] Downloaded from central: https://repo.maven.apache.org/maven2/org/glassfish/jersey/jersey-bom/2.35/jersey-bom-2.35.pom (19 kB at 690 kB/s)
[INFO] Downloading from central: https://repo.maven.apache.org/maven2/org/eclipse/ee4j/project/1.0.6/project-1.0.6.pom
[INFO] Downloaded from central: https://repo.maven.apache.org/maven2/org/eclipse/ee4j/project/1.0.6/project-1.0.6.pom (13 kB at 109 kB/s)
[INFO] Downloading from central: https://repo.maven.apache.org/maven2/org/eclipse/jetty/jetty-bom/9.4.45.v20220203/jetty-bom-9.4.45.v20220203.pom
[INFO] Downloaded from central: https://repo.maven.apache.org/maven2/org/eclipse/jetty/jetty-bom/9.4.45.v20220203/jetty-bom-9.4.45.v20220203.pom (18 kB at 490 kB/s)
[INFO] Downloading from central: https://repo.maven.apache.org/maven2/org/junit/junit-bom/5.8.2/junit-bom-5.8.2.pom
[INFO] Downloaded from central: https://repo.maven.apache.org/maven2/org/junit/junit-bom/5.8.2/junit-bom-5.8.2.pom (5.6 kB at 171 kB/s)
[INFO] Downloading from central: https://repo.maven.apache.org/maven2/org/jetbrains/kotlin/kotlin-bom/1.6.10/kotlin-bom-1.6.10.pom
[INFO] Downloaded from central: https://repo.maven.apache.org/maven2/org/jetbrains/kotlin/kotlin-bom/1.6.10/kotlin-bom-1.6.10.pom (9.3 kB at 283 kB/s)
[INFO] Downloading from central: https://repo.maven.apache.org/maven2/org/jetbrains/kotlinx/kotlinx-coroutines-bom/1.5.2/kotlinx-coroutines-bom-1.5.2.pom
[INFO] Downloaded from central: https://repo.maven.apache.org/maven2/org/jetbrains/kotlinx/kotlinx-coroutines-bom/1.5.2/kotlinx-coroutines-bom-1.5.2.pom (4.1 kB at 124 kB/s)
[INFO] Downloading from central: https://repo.maven.apache.org/maven2/org/apache/logging/log4j/log4j-bom/2.17.1/log4j-bom-2.17.1.pom
[INFO] Downloaded from central: https://repo.maven.apache.org/maven2/org/apache/logging/log4j/log4j-bom/2.17.1/log4j-bom-2.17.1.pom (8.1 kB at 172 kB/s)
[INFO] Downloading from central: https://repo.maven.apache.org/maven2/org/apache/logging/logging-parent/3/logging-parent-3.pom
[INFO] Downloaded from central: https://repo.maven.apache.org/maven2/org/apache/logging/logging-parent/3/logging-parent-3.pom (3.1 kB at 98 kB/s)
[INFO] Downloading from central: https://repo.maven.apache.org/maven2/org/apache/apache/23/apache-23.pom
[INFO] Downloaded from central: https://repo.maven.apache.org/maven2/org/apache/apache/23/apache-23.pom (18 kB at 163 kB/s)
[INFO] Downloading from central: https://repo.maven.apache.org/maven2/io/micrometer/micrometer-bom/1.8.3/micrometer-bom-1.8.3.pom
[INFO] Downloaded from central: https://repo.maven.apache.org/maven2/io/micrometer/micrometer-bom/1.8.3/micrometer-bom-1.8.3.pom (6.9 kB at 61 kB/s)
[INFO] Downloading from central: https://repo.maven.apache.org/maven2/io/netty/netty-bom/4.1.74.Final/netty-bom-4.1.74.Final.pom
[INFO] Downloaded from central: https://repo.maven.apache.org/maven2/io/netty/netty-bom/4.1.74.Final/netty-bom-4.1.74.Final.pom (13 kB at 425 kB/s)
[INFO] Downloading from central: https://repo.maven.apache.org/maven2/org/sonatype/oss/oss-parent/7/oss-parent-7.pom
[INFO] Downloaded from central: https://repo.maven.apache.org/maven2/org/sonatype/oss/oss-parent/7/oss-parent-7.pom (4.8 kB at 151 kB/s)
[INFO] Downloading from central: https://repo.maven.apache.org/maven2/com/oracle/database/jdbc/ojdbc-bom/21.3.0.0/ojdbc-bom-21.3.0.0.pom
[INFO] Downloaded from central: https://repo.maven.apache.org/maven2/com/oracle/database/jdbc/ojdbc-bom/21.3.0.0/ojdbc-bom-21.3.0.0.pom (13 kB at 452 kB/s)
[INFO] Downloading from central: https://repo.maven.apache.org/maven2/io/prometheus/simpleclient_bom/0.12.0/simpleclient_bom-0.12.0.pom
[INFO] Downloaded from central: https://repo.maven.apache.org/maven2/io/prometheus/simpleclient_bom/0.12.0/simpleclient_bom-0.12.0.pom (5.8 kB at 193 kB/s)
[INFO] Downloading from central: https://repo.maven.apache.org/maven2/io/prometheus/parent/0.12.0/parent-0.12.0.pom
[INFO] Downloaded from central: https://repo.maven.apache.org/maven2/io/prometheus/parent/0.12.0/parent-0.12.0.pom (12 kB at 418 kB/s)
[INFO] Downloading from central: https://repo.maven.apache.org/maven2/com/querydsl/querydsl-bom/5.0.0/querydsl-bom-5.0.0.pom
[INFO] Downloaded from central: https://repo.maven.apache.org/maven2/com/querydsl/querydsl-bom/5.0.0/querydsl-bom-5.0.0.pom (7.2 kB at 231 kB/s)
[INFO] Downloading from central: https://repo.maven.apache.org/maven2/io/r2dbc/r2dbc-bom/Arabba-SR12/r2dbc-bom-Arabba-SR12.pom
[INFO] Downloaded from central: https://repo.maven.apache.org/maven2/io/r2dbc/r2dbc-bom/Arabba-SR12/r2dbc-bom-Arabba-SR12.pom (4.3 kB at 140 kB/s)
[INFO] Downloading from central: https://repo.maven.apache.org/maven2/io/projectreactor/reactor-bom/2020.0.16/reactor-bom-2020.0.16.pom
[INFO] Downloaded from central: https://repo.maven.apache.org/maven2/io/projectreactor/reactor-bom/2020.0.16/reactor-bom-2020.0.16.pom (4.2 kB at 132 kB/s)
[INFO] Downloading from central: https://repo.maven.apache.org/maven2/io/rsocket/rsocket-bom/1.1.1/rsocket-bom-1.1.1.pom
[INFO] Downloaded from central: https://repo.maven.apache.org/maven2/io/rsocket/rsocket-bom/1.1.1/rsocket-bom-1.1.1.pom (2.6 kB at 91 kB/s)
[INFO] Downloading from central: https://repo.maven.apache.org/maven2/org/springframework/data/spring-data-bom/2021.1.2/spring-data-bom-2021.1.2.pom
[INFO] Downloaded from central: https://repo.maven.apache.org/maven2/org/springframework/data/spring-data-bom/2021.1.2/spring-data-bom-2021.1.2.pom (5.7 kB at 183 kB/s)
[INFO] Downloading from central: https://repo.maven.apache.org/maven2/org/springframework/spring-framework-bom/5.3.16/spring-framework-bom-5.3.16.pom
[INFO] Downloaded from central: https://repo.maven.apache.org/maven2/org/springframework/spring-framework-bom/5.3.16/spring-framework-bom-5.3.16.pom (5.7 kB at 202 kB/s)
[INFO] Downloading from central: https://repo.maven.apache.org/maven2/org/springframework/integration/spring-integration-bom/5.5.9/spring-integration-bom-5.5.9.pom
[INFO] Downloaded from central: https://repo.maven.apache.org/maven2/org/springframework/integration/spring-integration-bom/5.5.9/spring-integration-bom-5.5.9.pom (9.1 kB at 83 kB/s)
[INFO] Downloading from central: https://repo.maven.apache.org/maven2/org/springframework/security/spring-security-bom/5.6.2/spring-security-bom-5.6.2.pom
[INFO] Downloaded from central: https://repo.maven.apache.org/maven2/org/springframework/security/spring-security-bom/5.6.2/spring-security-bom-5.6.2.pom (5.7 kB at 178 kB/s)
[INFO] Downloading from central: https://repo.maven.apache.org/maven2/org/springframework/session/spring-session-bom/2021.1.2/spring-session-bom-2021.1.2.pom
[INFO] Downloaded from central: https://repo.maven.apache.org/maven2/org/springframework/session/spring-session-bom/2021.1.2/spring-session-bom-2021.1.2.pom (2.7 kB at 97 kB/s)
[INFO] 
[INFO] ----------------------< com.zcunsoft:clklog-api >-----------------------
[INFO] Building clklog-api 1.2.1
[INFO]   from pom.xml
[INFO] --------------------------------[ jar ]---------------------------------
[INFO] Downloading from central: https://repo.maven.apache.org/maven2/org/springframework/boot/spring-boot-maven-plugin/2.6.4/spring-boot-maven-plugin-2.6.4.pom
[INFO] Downloaded from central: https://repo.maven.apache.org/maven2/org/springframework/boot/spring-boot-maven-plugin/2.6.4/spring-boot-maven-plugin-2.6.4.pom (4.0 kB at 155 kB/s)
[INFO] Downloading from central: https://repo.maven.apache.org/maven2/org/springframework/boot/spring-boot-maven-plugin/2.6.4/spring-boot-maven-plugin-2.6.4.jar
[INFO] Downloaded from central: https://repo.maven.apache.org/maven2/org/springframework/boot/spring-boot-maven-plugin/2.6.4/spring-boot-maven-plugin-2.6.4.jar (105 kB at 3.3 MB/s)
[INFO] Downloading from central: https://repo.maven.apache.org/maven2/org/apache/maven/plugins/maven-resources-plugin/3.2.0/maven-resources-plugin-3.2.0.pom
[INFO] Downloaded from central: https://repo.maven.apache.org/maven2/org/apache/maven/plugins/maven-resources-plugin/3.2.0/maven-resources-plugin-3.2.0.pom (8.1 kB at 184 kB/s)
[INFO] Downloading from central: https://repo.maven.apache.org/maven2/org/apache/maven/plugins/maven-plugins/34/maven-plugins-34.pom
[INFO] Downloaded from central: https://repo.maven.apache.org/maven2/org/apache/maven/plugins/maven-plugins/34/maven-plugins-34.pom (11 kB at 95 kB/s)
[INFO] Downloading from central: https://repo.maven.apache.org/maven2/org/apache/maven/maven-parent/34/maven-parent-34.pom
[INFO] Downloaded from central: https://repo.maven.apache.org/maven2/org/apache/maven/maven-parent/34/maven-parent-34.pom (43 kB at 340 kB/s)
[INFO] Downloading from central: https://repo.maven.apache.org/maven2/org/apache/maven/plugins/maven-resources-plugin/3.2.0/maven-resources-plugin-3.2.0.jar
[INFO] Downloaded from central: https://repo.maven.apache.org/maven2/org/apache/maven/plugins/maven-resources-plugin/3.2.0/maven-resources-plugin-3.2.0.jar (33 kB at 942 kB/s)
[INFO] Downloading from central: https://repo.maven.apache.org/maven2/org/apache/maven/plugins/maven-compiler-plugin/3.8.1/maven-compiler-plugin-3.8.1.pom
[INFO] Downloaded from central: https://repo.maven.apache.org/maven2/org/apache/maven/plugins/maven-compiler-plugin/3.8.1/maven-compiler-plugin-3.8.1.pom (12 kB at 480 kB/s)
[INFO] Downloading from central: https://repo.maven.apache.org/maven2/org/apache/maven/plugins/maven-plugins/33/maven-plugins-33.pom
[INFO] Downloaded from central: https://repo.maven.apache.org/maven2/org/apache/maven/plugins/maven-plugins/33/maven-plugins-33.pom (11 kB at 396 kB/s)
[INFO] Downloading from central: https://repo.maven.apache.org/maven2/org/apache/maven/maven-parent/33/maven-parent-33.pom
[INFO] Downloaded from central: https://repo.maven.apache.org/maven2/org/apache/maven/maven-parent/33/maven-parent-33.pom (44 kB at 1.2 MB/s)
[INFO] Downloading from central: https://repo.maven.apache.org/maven2/org/apache/apache/21/apache-21.pom
[INFO] Downloaded from central: https://repo.maven.apache.org/maven2/org/apache/apache/21/apache-21.pom (17 kB at 552 kB/s)
[INFO] Downloading from central: https://repo.maven.apache.org/maven2/org/apache/maven/plugins/maven-compiler-plugin/3.8.1/maven-compiler-plugin-3.8.1.jar
[INFO] Downloaded from central: https://repo.maven.apache.org/maven2/org/apache/maven/plugins/maven-compiler-plugin/3.8.1/maven-compiler-plugin-3.8.1.jar (62 kB at 1.2 MB/s)
[INFO] Downloading from central: https://repo.maven.apache.org/maven2/org/apache/maven/plugins/maven-surefire-plugin/2.22.2/maven-surefire-plugin-2.22.2.pom
[INFO] Downloaded from central: https://repo.maven.apache.org/maven2/org/apache/maven/plugins/maven-surefire-plugin/2.22.2/maven-surefire-plugin-2.22.2.pom (5.0 kB at 178 kB/s)
[INFO] Downloading from central: https://repo.maven.apache.org/maven2/org/apache/maven/surefire/surefire/2.22.2/surefire-2.22.2.pom
[INFO] Downloaded from central: https://repo.maven.apache.org/maven2/org/apache/maven/surefire/surefire/2.22.2/surefire-2.22.2.pom (26 kB at 614 kB/s)
[INFO] Downloading from central: https://repo.maven.apache.org/maven2/org/apache/maven/plugins/maven-surefire-plugin/2.22.2/maven-surefire-plugin-2.22.2.jar
[INFO] Downloaded from central: https://repo.maven.apache.org/maven2/org/apache/maven/plugins/maven-surefire-plugin/2.22.2/maven-surefire-plugin-2.22.2.jar (41 kB at 1.6 MB/s)
[INFO] Downloading from central: https://repo.maven.apache.org/maven2/org/apache/maven/plugins/maven-jar-plugin/3.2.2/maven-jar-plugin-3.2.2.pom
[INFO] Downloaded from central: https://repo.maven.apache.org/maven2/org/apache/maven/plugins/maven-jar-plugin/3.2.2/maven-jar-plugin-3.2.2.pom (7.5 kB at 66 kB/s)
[INFO] Downloading from central: https://repo.maven.apache.org/maven2/org/apache/maven/plugins/maven-jar-plugin/3.2.2/maven-jar-plugin-3.2.2.jar
[INFO] Downloaded from central: https://repo.maven.apache.org/maven2/org/apache/maven/plugins/maven-jar-plugin/3.2.2/maven-jar-plugin-3.2.2.jar (29 kB at 1.0 MB/s)
[INFO] Downloading from central: https://repo.maven.apache.org/maven2/org/apache/maven/plugins/maven-install-plugin/2.5.2/maven-install-plugin-2.5.2.pom
[INFO] Downloaded from central: https://repo.maven.apache.org/maven2/org/apache/maven/plugins/maven-install-plugin/2.5.2/maven-install-plugin-2.5.2.pom (6.4 kB at 267 kB/s)
[INFO] Downloading from central: https://repo.maven.apache.org/maven2/org/apache/maven/plugins/maven-plugins/25/maven-plugins-25.pom
[INFO] Downloaded from central: https://repo.maven.apache.org/maven2/org/apache/maven/plugins/maven-plugins/25/maven-plugins-25.pom (9.6 kB at 341 kB/s)
[INFO] Downloading from central: https://repo.maven.apache.org/maven2/org/apache/maven/maven-parent/24/maven-parent-24.pom
[INFO] Downloaded from central: https://repo.maven.apache.org/maven2/org/apache/maven/maven-parent/24/maven-parent-24.pom (37 kB at 900 kB/s)
[INFO] Downloading from central: https://repo.maven.apache.org/maven2/org/apache/apache/14/apache-14.pom
[INFO] Downloaded from central: https://repo.maven.apache.org/maven2/org/apache/apache/14/apache-14.pom (15 kB at 386 kB/s)
[INFO] Downloading from central: https://repo.maven.apache.org/maven2/org/apache/maven/plugins/maven-install-plugin/2.5.2/maven-install-plugin-2.5.2.jar
[INFO] Downloaded from central: https://repo.maven.apache.org/maven2/org/apache/maven/plugins/maven-install-plugin/2.5.2/maven-install-plugin-2.5.2.jar (33 kB at 1.2 MB/s)
[INFO] Downloading from central: https://repo.maven.apache.org/maven2/org/projectlombok/lombok/1.18.22/lombok-1.18.22.pom
[INFO] Downloaded from central: https://repo.maven.apache.org/maven2/org/projectlombok/lombok/1.18.22/lombok-1.18.22.pom (1.5 kB at 55 kB/s)
[INFO] Downloading from central: https://repo.maven.apache.org/maven2/org/junit/jupiter/junit-jupiter/5.8.2/junit-jupiter-5.8.2.pom
[INFO] Downloaded from central: https://repo.maven.apache.org/maven2/org/junit/jupiter/junit-jupiter/5.8.2/junit-jupiter-5.8.2.pom (3.2 kB at 28 kB/s)
[INFO] Downloading from central: https://repo.maven.apache.org/maven2/org/junit/jupiter/junit-jupiter-api/5.8.2/junit-jupiter-api-5.8.2.pom
[INFO] Downloaded from central: https://repo.maven.apache.org/maven2/org/junit/jupiter/junit-jupiter-api/5.8.2/junit-jupiter-api-5.8.2.pom (3.2 kB at 27 kB/s)
[INFO] Downloading from central: https://repo.maven.apache.org/maven2/org/opentest4j/opentest4j/1.2.0/opentest4j-1.2.0.pom
[INFO] Downloaded from central: https://repo.maven.apache.org/maven2/org/opentest4j/opentest4j/1.2.0/opentest4j-1.2.0.pom (1.7 kB at 41 kB/s)
[INFO] Downloading from central: https://repo.maven.apache.org/maven2/org/junit/platform/junit-platform-commons/1.8.2/junit-platform-commons-1.8.2.pom
[INFO] Downloaded from central: https://repo.maven.apache.org/maven2/org/junit/platform/junit-platform-commons/1.8.2/junit-platform-commons-1.8.2.pom (2.8 kB at 109 kB/s)
[INFO] Downloading from central: https://repo.maven.apache.org/maven2/org/apiguardian/apiguardian-api/1.1.2/apiguardian-api-1.1.2.pom
[INFO] Downloaded from central: https://repo.maven.apache.org/maven2/org/apiguardian/apiguardian-api/1.1.2/apiguardian-api-1.1.2.pom (1.5 kB at 53 kB/s)
[INFO] Downloading from central: https://repo.maven.apache.org/maven2/org/junit/jupiter/junit-jupiter-params/5.8.2/junit-jupiter-params-5.8.2.pom
[INFO] Downloaded from central: https://repo.maven.apache.org/maven2/org/junit/jupiter/junit-jupiter-params/5.8.2/junit-jupiter-params-5.8.2.pom (3.0 kB at 116 kB/s)
[INFO] Downloading from central: https://repo.maven.apache.org/maven2/org/junit/jupiter/junit-jupiter-engine/5.8.2/junit-jupiter-engine-5.8.2.pom
[INFO] Downloaded from central: https://repo.maven.apache.org/maven2/org/junit/jupiter/junit-jupiter-engine/5.8.2/junit-jupiter-engine-5.8.2.pom (3.2 kB at 114 kB/s)
[INFO] Downloading from central: https://repo.maven.apache.org/maven2/org/junit/platform/junit-platform-engine/1.8.2/junit-platform-engine-1.8.2.pom
[INFO] Downloaded from central: https://repo.maven.apache.org/maven2/org/junit/platform/junit-platform-engine/1.8.2/junit-platform-engine-1.8.2.pom (3.2 kB at 114 kB/s)
[INFO] Downloading from central: https://repo.maven.apache.org/maven2/org/apache/poi/poi/5.2.2/poi-5.2.2.pom
[INFO] Downloaded from central: https://repo.maven.apache.org/maven2/org/apache/poi/poi/5.2.2/poi-5.2.2.pom (3.5 kB at 125 kB/s)
[INFO] Downloading from central: https://repo.maven.apache.org/maven2/commons-codec/commons-codec/1.15/commons-codec-1.15.pom
[INFO] Downloaded from central: https://repo.maven.apache.org/maven2/commons-codec/commons-codec/1.15/commons-codec-1.15.pom (15 kB at 336 kB/s)
[INFO] Downloading from central: https://repo.maven.apache.org/maven2/org/apache/commons/commons-parent/52/commons-parent-52.pom
[INFO] Downloaded from central: https://repo.maven.apache.org/maven2/org/apache/commons/commons-parent/52/commons-parent-52.pom (79 kB at 2.1 MB/s)
[INFO] Downloading from central: https://repo.maven.apache.org/maven2/org/apache/commons/commons-collections4/4.4/commons-collections4-4.4.pom
[INFO] Downloaded from central: https://repo.maven.apache.org/maven2/org/apache/commons/commons-collections4/4.4/commons-collections4-4.4.pom (24 kB at 915 kB/s)
[INFO] Downloading from central: https://repo.maven.apache.org/maven2/org/apache/commons/commons-parent/48/commons-parent-48.pom
[INFO] Downloaded from central: https://repo.maven.apache.org/maven2/org/apache/commons/commons-parent/48/commons-parent-48.pom (72 kB at 655 kB/s)
[INFO] Downloading from central: https://repo.maven.apache.org/maven2/org/apache/commons/commons-math3/3.6.1/commons-math3-3.6.1.pom
[INFO] Downloaded from central: https://repo.maven.apache.org/maven2/org/apache/commons/commons-math3/3.6.1/commons-math3-3.6.1.pom (29 kB at 1.0 MB/s)
[INFO] Downloading from central: https://repo.maven.apache.org/maven2/org/apache/commons/commons-parent/39/commons-parent-39.pom
[INFO] Downloaded from central: https://repo.maven.apache.org/maven2/org/apache/commons/commons-parent/39/commons-parent-39.pom (62 kB at 2.5 MB/s)
[INFO] Downloading from central: https://repo.maven.apache.org/maven2/org/apache/apache/16/apache-16.pom
[INFO] Downloaded from central: https://repo.maven.apache.org/maven2/org/apache/apache/16/apache-16.pom (15 kB at 513 kB/s)
[INFO] Downloading from central: https://repo.maven.apache.org/maven2/commons-io/commons-io/2.11.0/commons-io-2.11.0.pom
[INFO] Downloaded from central: https://repo.maven.apache.org/maven2/commons-io/commons-io/2.11.0/commons-io-2.11.0.pom (20 kB at 789 kB/s)
[INFO] Downloading from central: https://repo.maven.apache.org/maven2/org/junit/junit-bom/5.7.2/junit-bom-5.7.2.pom
[INFO] Downloaded from central: https://repo.maven.apache.org/maven2/org/junit/junit-bom/5.7.2/junit-bom-5.7.2.pom (5.1 kB at 204 kB/s)
[INFO] Downloading from central: https://repo.maven.apache.org/maven2/com/zaxxer/SparseBitSet/1.2/SparseBitSet-1.2.pom
[INFO] Downloaded from central: https://repo.maven.apache.org/maven2/com/zaxxer/SparseBitSet/1.2/SparseBitSet-1.2.pom (4.2 kB at 170 kB/s)
[INFO] Downloading from central: https://repo.maven.apache.org/maven2/org/apache/logging/log4j/log4j-api/2.17.1/log4j-api-2.17.1.pom
[INFO] Downloaded from central: https://repo.maven.apache.org/maven2/org/apache/logging/log4j/log4j-api/2.17.1/log4j-api-2.17.1.pom (14 kB at 262 kB/s)
[INFO] Downloading from central: https://repo.maven.apache.org/maven2/org/apache/logging/log4j/log4j/2.17.1/log4j-2.17.1.pom
[INFO] Downloaded from central: https://repo.maven.apache.org/maven2/org/apache/logging/log4j/log4j/2.17.1/log4j-2.17.1.pom (69 kB at 2.1 MB/s)
[INFO] Downloading from central: https://repo.maven.apache.org/maven2/org/apache/poi/poi-ooxml/5.2.2/poi-ooxml-5.2.2.pom
[INFO] Downloaded from central: https://repo.maven.apache.org/maven2/org/apache/poi/poi-ooxml/5.2.2/poi-ooxml-5.2.2.pom (6.3 kB at 61 kB/s)
[INFO] Downloading from central: https://repo.maven.apache.org/maven2/org/apache/poi/poi-ooxml-lite/5.2.2/poi-ooxml-lite-5.2.2.pom
[INFO] Downloaded from central: https://repo.maven.apache.org/maven2/org/apache/poi/poi-ooxml-lite/5.2.2/poi-ooxml-lite-5.2.2.pom (2.6 kB at 27 kB/s)
[INFO] Downloading from central: https://repo.maven.apache.org/maven2/org/apache/xmlbeans/xmlbeans/5.0.3/xmlbeans-5.0.3.pom
[INFO] Downloaded from central: https://repo.maven.apache.org/maven2/org/apache/xmlbeans/xmlbeans/5.0.3/xmlbeans-5.0.3.pom (4.6 kB at 112 kB/s)
[INFO] Downloading from central: https://repo.maven.apache.org/maven2/org/apache/commons/commons-compress/1.21/commons-compress-1.21.pom
[INFO] Downloaded from central: https://repo.maven.apache.org/maven2/org/apache/commons/commons-compress/1.21/commons-compress-1.21.pom (20 kB at 703 kB/s)
[INFO] Downloading from central: https://repo.maven.apache.org/maven2/com/github/virtuald/curvesapi/1.07/curvesapi-1.07.pom
[INFO] Downloaded from central: https://repo.maven.apache.org/maven2/com/github/virtuald/curvesapi/1.07/curvesapi-1.07.pom (4.4 kB at 156 kB/s)
[INFO] Downloading from central: https://repo.maven.apache.org/maven2/io/jsonwebtoken/jjwt/0.9.1/jjwt-0.9.1.pom
[INFO] Downloaded from central: https://repo.maven.apache.org/maven2/io/jsonwebtoken/jjwt/0.9.1/jjwt-0.9.1.pom (20 kB at 470 kB/s)
[INFO] Downloading from central: https://repo.maven.apache.org/maven2/com/fasterxml/jackson/core/jackson-databind/2.13.1/jackson-databind-2.13.1.pom
[INFO] Downloaded from central: https://repo.maven.apache.org/maven2/com/fasterxml/jackson/core/jackson-databind/2.13.1/jackson-databind-2.13.1.pom (16 kB at 571 kB/s)
[INFO] Downloading from central: https://repo.maven.apache.org/maven2/com/fasterxml/jackson/jackson-base/2.13.1/jackson-base-2.13.1.pom
[INFO] Downloaded from central: https://repo.maven.apache.org/maven2/com/fasterxml/jackson/jackson-base/2.13.1/jackson-base-2.13.1.pom (9.7 kB at 374 kB/s)
[INFO] Downloading from central: https://repo.maven.apache.org/maven2/com/fasterxml/jackson/core/jackson-annotations/2.13.1/jackson-annotations-2.13.1.pom
[INFO] Downloaded from central: https://repo.maven.apache.org/maven2/com/fasterxml/jackson/core/jackson-annotations/2.13.1/jackson-annotations-2.13.1.pom (6.1 kB at 217 kB/s)
[INFO] Downloading from central: https://repo.maven.apache.org/maven2/com/fasterxml/jackson/core/jackson-core/2.13.1/jackson-core-2.13.1.pom
[INFO] Downloaded from central: https://repo.maven.apache.org/maven2/com/fasterxml/jackson/core/jackson-core/2.13.1/jackson-core-2.13.1.pom (5.5 kB at 205 kB/s)
[INFO] Downloading from central: https://repo.maven.apache.org/maven2/org/projectlombok/lombok/1.18.22/lombok-1.18.22.jar
[INFO] Downloaded from central: https://repo.maven.apache.org/maven2/org/projectlombok/lombok/1.18.22/lombok-1.18.22.jar (2.0 MB at 21 MB/s)
[INFO] Downloading from central: https://repo.maven.apache.org/maven2/org/junit/jupiter/junit-jupiter/5.8.2/junit-jupiter-5.8.2.jar
[INFO] Downloading from central: https://repo.maven.apache.org/maven2/org/junit/jupiter/junit-jupiter-api/5.8.2/junit-jupiter-api-5.8.2.jar
[INFO] Downloading from central: https://repo.maven.apache.org/maven2/org/opentest4j/opentest4j/1.2.0/opentest4j-1.2.0.jar
[INFO] Downloading from central: https://repo.maven.apache.org/maven2/org/junit/platform/junit-platform-commons/1.8.2/junit-platform-commons-1.8.2.jar
[INFO] Downloading from central: https://repo.maven.apache.org/maven2/org/apiguardian/apiguardian-api/1.1.2/apiguardian-api-1.1.2.jar
[INFO] Downloaded from central: https://repo.maven.apache.org/maven2/org/junit/jupiter/junit-jupiter/5.8.2/junit-jupiter-5.8.2.jar (6.4 kB at 56 kB/s)
[INFO] Downloading from central: https://repo.maven.apache.org/maven2/org/junit/jupiter/junit-jupiter-params/5.8.2/junit-jupiter-params-5.8.2.jar
[INFO] Downloaded from central: https://repo.maven.apache.org/maven2/org/junit/jupiter/junit-jupiter-params/5.8.2/junit-jupiter-params-5.8.2.jar (577 kB at 3.8 MB/s)
[INFO] Downloading from central: https://repo.maven.apache.org/maven2/org/junit/jupiter/junit-jupiter-engine/5.8.2/junit-jupiter-engine-5.8.2.jar
[INFO] Downloaded from central: https://repo.maven.apache.org/maven2/org/opentest4j/opentest4j/1.2.0/opentest4j-1.2.0.jar (7.7 kB at 49 kB/s)
[INFO] Downloading from central: https://repo.maven.apache.org/maven2/org/junit/platform/junit-platform-engine/1.8.2/junit-platform-engine-1.8.2.jar
[INFO] Downloaded from central: https://repo.maven.apache.org/maven2/org/apiguardian/apiguardian-api/1.1.2/apiguardian-api-1.1.2.jar (6.8 kB at 43 kB/s)
[INFO] Downloading from central: https://repo.maven.apache.org/maven2/org/apache/poi/poi/5.2.2/poi-5.2.2.jar
[INFO] Downloaded from central: https://repo.maven.apache.org/maven2/org/junit/jupiter/junit-jupiter-api/5.8.2/junit-jupiter-api-5.8.2.jar (194 kB at 1.1 MB/s)
[INFO] Downloading from central: https://repo.maven.apache.org/maven2/commons-codec/commons-codec/1.15/commons-codec-1.15.jar
[INFO] Downloaded from central: https://repo.maven.apache.org/maven2/org/junit/platform/junit-platform-commons/1.8.2/junit-platform-commons-1.8.2.jar (100 kB at 581 kB/s)
[INFO] Downloading from central: https://repo.maven.apache.org/maven2/org/apache/commons/commons-collections4/4.4/commons-collections4-4.4.jar
[INFO] Downloaded from central: https://repo.maven.apache.org/maven2/org/junit/platform/junit-platform-engine/1.8.2/junit-platform-engine-1.8.2.jar (186 kB at 1.0 MB/s)
[INFO] Downloading from central: https://repo.maven.apache.org/maven2/org/apache/commons/commons-math3/3.6.1/commons-math3-3.6.1.jar
[INFO] Downloaded from central: https://repo.maven.apache.org/maven2/org/junit/jupiter/junit-jupiter-engine/5.8.2/junit-jupiter-engine-5.8.2.jar (230 kB at 1.1 MB/s)
[INFO] Downloading from central: https://repo.maven.apache.org/maven2/commons-io/commons-io/2.11.0/commons-io-2.11.0.jar
[INFO] Downloaded from central: https://repo.maven.apache.org/maven2/commons-codec/commons-codec/1.15/commons-codec-1.15.jar (354 kB at 1.7 MB/s)
[INFO] Downloading from central: https://repo.maven.apache.org/maven2/com/zaxxer/SparseBitSet/1.2/SparseBitSet-1.2.jar
[INFO] Downloaded from central: https://repo.maven.apache.org/maven2/org/apache/commons/commons-collections4/4.4/commons-collections4-4.4.jar (752 kB at 3.1 MB/s)
[INFO] Downloading from central: https://repo.maven.apache.org/maven2/org/apache/logging/log4j/log4j-api/2.17.1/log4j-api-2.17.1.jar
[INFO] Downloaded from central: https://repo.maven.apache.org/maven2/com/zaxxer/SparseBitSet/1.2/SparseBitSet-1.2.jar (25 kB at 101 kB/s)
[INFO] Downloading from central: https://repo.maven.apache.org/maven2/org/apache/poi/poi-ooxml/5.2.2/poi-ooxml-5.2.2.jar
[INFO] Downloaded from central: https://repo.maven.apache.org/maven2/commons-io/commons-io/2.11.0/commons-io-2.11.0.jar (327 kB at 1.2 MB/s)
[INFO] Downloading from central: https://repo.maven.apache.org/maven2/org/apache/poi/poi-ooxml-lite/5.2.2/poi-ooxml-lite-5.2.2.jar
[INFO] Downloaded from central: https://repo.maven.apache.org/maven2/org/apache/logging/log4j/log4j-api/2.17.1/log4j-api-2.17.1.jar (302 kB at 1.1 MB/s)
[INFO] Downloading from central: https://repo.maven.apache.org/maven2/org/apache/xmlbeans/xmlbeans/5.0.3/xmlbeans-5.0.3.jar
[INFO] Downloaded from central: https://repo.maven.apache.org/maven2/org/apache/commons/commons-math3/3.6.1/commons-math3-3.6.1.jar (2.2 MB at 7.8 MB/s)
[INFO] Downloading from central: https://repo.maven.apache.org/maven2/org/apache/commons/commons-compress/1.21/commons-compress-1.21.jar
[INFO] Downloaded from central: https://repo.maven.apache.org/maven2/org/apache/poi/poi/5.2.2/poi-5.2.2.jar (2.9 MB at 8.9 MB/s)
[INFO] Downloading from central: https://repo.maven.apache.org/maven2/com/github/virtuald/curvesapi/1.07/curvesapi-1.07.jar
[INFO] Downloaded from central: https://repo.maven.apache.org/maven2/org/apache/poi/poi-ooxml/5.2.2/poi-ooxml-5.2.2.jar (2.0 MB at 5.8 MB/s)
[INFO] Downloading from central: https://repo.maven.apache.org/maven2/io/jsonwebtoken/jjwt/0.9.1/jjwt-0.9.1.jar
[INFO] Downloaded from central: https://repo.maven.apache.org/maven2/com/github/virtuald/curvesapi/1.07/curvesapi-1.07.jar (112 kB at 289 kB/s)
[INFO] Downloading from central: https://repo.maven.apache.org/maven2/com/fasterxml/jackson/core/jackson-databind/2.13.1/jackson-databind-2.13.1.jar
[INFO] Downloaded from central: https://repo.maven.apache.org/maven2/io/jsonwebtoken/jjwt/0.9.1/jjwt-0.9.1.jar (114 kB at 291 kB/s)
[INFO] Downloading from central: https://repo.maven.apache.org/maven2/com/fasterxml/jackson/core/jackson-annotations/2.13.1/jackson-annotations-2.13.1.jar
[INFO] Downloaded from central: https://repo.maven.apache.org/maven2/org/apache/xmlbeans/xmlbeans/5.0.3/xmlbeans-5.0.3.jar (2.2 MB at 5.6 MB/s)
[INFO] Downloading from central: https://repo.maven.apache.org/maven2/com/fasterxml/jackson/core/jackson-core/2.13.1/jackson-core-2.13.1.jar
[INFO] Downloaded from central: https://repo.maven.apache.org/maven2/com/fasterxml/jackson/core/jackson-annotations/2.13.1/jackson-annotations-2.13.1.jar (76 kB at 150 kB/s)
[INFO] Downloaded from central: https://repo.maven.apache.org/maven2/org/apache/commons/commons-compress/1.21/commons-compress-1.21.jar (1.0 MB at 2.0 MB/s)
[INFO] Downloaded from central: https://repo.maven.apache.org/maven2/com/fasterxml/jackson/core/jackson-core/2.13.1/jackson-core-2.13.1.jar (375 kB at 727 kB/s)
[INFO] Downloaded from central: https://repo.maven.apache.org/maven2/com/fasterxml/jackson/core/jackson-databind/2.13.1/jackson-databind-2.13.1.jar (1.5 MB at 2.5 MB/s)
[INFO] Downloaded from central: https://repo.maven.apache.org/maven2/org/apache/poi/poi-ooxml-lite/5.2.2/poi-ooxml-lite-5.2.2.jar (5.8 MB at 7.0 MB/s)
[INFO] 
[INFO] --- spring-boot:2.6.4:build-info (build-info) @ clklog-api ---
[INFO] Downloading from central: https://repo.maven.apache.org/maven2/org/springframework/boot/spring-boot-buildpack-platform/2.6.4/spring-boot-buildpack-platform-2.6.4.pom
[INFO] Downloaded from central: https://repo.maven.apache.org/maven2/org/springframework/boot/spring-boot-buildpack-platform/2.6.4/spring-boot-buildpack-platform-2.6.4.pom (3.4 kB at 126 kB/s)
[INFO] Downloading from central: https://repo.maven.apache.org/maven2/com/fasterxml/jackson/module/jackson-module-parameter-names/2.13.1/jackson-module-parameter-names-2.13.1.pom
[INFO] Downloaded from central: https://repo.maven.apache.org/maven2/com/fasterxml/jackson/module/jackson-module-parameter-names/2.13.1/jackson-module-parameter-names-2.13.1.pom (4.4 kB at 145 kB/s)
[INFO] Downloading from central: https://repo.maven.apache.org/maven2/com/fasterxml/jackson/module/jackson-modules-java8/2.13.1/jackson-modules-java8-2.13.1.pom
[INFO] Downloaded from central: https://repo.maven.apache.org/maven2/com/fasterxml/jackson/module/jackson-modules-java8/2.13.1/jackson-modules-java8-2.13.1.pom (3.2 kB at 111 kB/s)
[INFO] Downloading from central: https://repo.maven.apache.org/maven2/net/java/dev/jna/jna-platform/5.7.0/jna-platform-5.7.0.pom
[INFO] Downloaded from central: https://repo.maven.apache.org/maven2/net/java/dev/jna/jna-platform/5.7.0/jna-platform-5.7.0.pom (1.8 kB at 62 kB/s)
[INFO] Downloading from central: https://repo.maven.apache.org/maven2/net/java/dev/jna/jna/5.7.0/jna-5.7.0.pom
[INFO] Downloaded from central: https://repo.maven.apache.org/maven2/net/java/dev/jna/jna/5.7.0/jna-5.7.0.pom (1.6 kB at 54 kB/s)
[INFO] Downloading from central: https://repo.maven.apache.org/maven2/org/apache/httpcomponents/httpclient/4.5.13/httpclient-4.5.13.pom
[INFO] Downloaded from central: https://repo.maven.apache.org/maven2/org/apache/httpcomponents/httpclient/4.5.13/httpclient-4.5.13.pom (6.6 kB at 65 kB/s)
[INFO] Downloading from central: https://repo.maven.apache.org/maven2/org/apache/httpcomponents/httpcomponents-client/4.5.13/httpcomponents-client-4.5.13.pom
[INFO] Downloaded from central: https://repo.maven.apache.org/maven2/org/apache/httpcomponents/httpcomponents-client/4.5.13/httpcomponents-client-4.5.13.pom (16 kB at 443 kB/s)
[INFO] Downloading from central: https://repo.maven.apache.org/maven2/org/apache/httpcomponents/httpcomponents-parent/11/httpcomponents-parent-11.pom
[INFO] Downloaded from central: https://repo.maven.apache.org/maven2/org/apache/httpcomponents/httpcomponents-parent/11/httpcomponents-parent-11.pom (35 kB at 1.2 MB/s)
[INFO] Downloading from central: https://repo.maven.apache.org/maven2/org/apache/httpcomponents/httpcore/4.4.13/httpcore-4.4.13.pom
[INFO] Downloaded from central: https://repo.maven.apache.org/maven2/org/apache/httpcomponents/httpcore/4.4.13/httpcore-4.4.13.pom (5.0 kB at 199 kB/s)
[INFO] Downloading from central: https://repo.maven.apache.org/maven2/org/apache/httpcomponents/httpcomponents-core/4.4.13/httpcomponents-core-4.4.13.pom
[INFO] Downloaded from central: https://repo.maven.apache.org/maven2/org/apache/httpcomponents/httpcomponents-core/4.4.13/httpcomponents-core-4.4.13.pom (13 kB at 411 kB/s)
[INFO] Downloading from central: https://repo.maven.apache.org/maven2/commons-codec/commons-codec/1.11/commons-codec-1.11.pom
[INFO] Downloaded from central: https://repo.maven.apache.org/maven2/commons-codec/commons-codec/1.11/commons-codec-1.11.pom (14 kB at 482 kB/s)
[INFO] Downloading from central: https://repo.maven.apache.org/maven2/org/apache/commons/commons-parent/42/commons-parent-42.pom
[INFO] Downloaded from central: https://repo.maven.apache.org/maven2/org/apache/commons/commons-parent/42/commons-parent-42.pom (68 kB at 1.9 MB/s)
[INFO] Downloading from central: https://repo.maven.apache.org/maven2/org/apache/apache/18/apache-18.pom
[INFO] Downloaded from central: https://repo.maven.apache.org/maven2/org/apache/apache/18/apache-18.pom (16 kB at 490 kB/s)
[INFO] Downloading from central: https://repo.maven.apache.org/maven2/org/springframework/spring-core/5.3.16/spring-core-5.3.16.pom
[INFO] Downloaded from central: https://repo.maven.apache.org/maven2/org/springframework/spring-core/5.3.16/spring-core-5.3.16.pom (2.0 kB at 18 kB/s)
[INFO] Downloading from central: https://repo.maven.apache.org/maven2/org/springframework/spring-jcl/5.3.16/spring-jcl-5.3.16.pom
[INFO] Downloaded from central: https://repo.maven.apache.org/maven2/org/springframework/spring-jcl/5.3.16/spring-jcl-5.3.16.pom (1.8 kB at 18 kB/s)
[INFO] Downloading from central: https://repo.maven.apache.org/maven2/org/tomlj/tomlj/1.0.0/tomlj-1.0.0.pom
[INFO] Downloaded from central: https://repo.maven.apache.org/maven2/org/tomlj/tomlj/1.0.0/tomlj-1.0.0.pom (2.8 kB at 105 kB/s)
[INFO] Downloading from central: https://repo.maven.apache.org/maven2/org/antlr/antlr4-runtime/4.7.2/antlr4-runtime-4.7.2.pom
[INFO] Downloaded from central: https://repo.maven.apache.org/maven2/org/antlr/antlr4-runtime/4.7.2/antlr4-runtime-4.7.2.pom (3.6 kB at 151 kB/s)
[INFO] Downloading from central: https://repo.maven.apache.org/maven2/org/antlr/antlr4-master/4.7.2/antlr4-master-4.7.2.pom
[INFO] Downloaded from central: https://repo.maven.apache.org/maven2/org/antlr/antlr4-master/4.7.2/antlr4-master-4.7.2.pom (4.4 kB at 163 kB/s)
[INFO] Downloading from central: https://repo.maven.apache.org/maven2/org/sonatype/oss/oss-parent/9/oss-parent-9.pom
[INFO] Downloaded from central: https://repo.maven.apache.org/maven2/org/sonatype/oss/oss-parent/9/oss-parent-9.pom (6.6 kB at 219 kB/s)
[INFO] Downloading from central: https://repo.maven.apache.org/maven2/com/google/code/findbugs/jsr305/3.0.2/jsr305-3.0.2.pom
[INFO] Downloaded from central: https://repo.maven.apache.org/maven2/com/google/code/findbugs/jsr305/3.0.2/jsr305-3.0.2.pom (4.3 kB at 138 kB/s)
[INFO] Downloading from central: https://repo.maven.apache.org/maven2/org/springframework/boot/spring-boot-loader-tools/2.6.4/spring-boot-loader-tools-2.6.4.pom
[INFO] Downloaded from central: https://repo.maven.apache.org/maven2/org/springframework/boot/spring-boot-loader-tools/2.6.4/spring-boot-loader-tools-2.6.4.pom (2.3 kB at 84 kB/s)
[INFO] Downloading from central: https://repo.maven.apache.org/maven2/org/apache/maven/shared/maven-common-artifact-filters/3.2.0/maven-common-artifact-filters-3.2.0.pom
[INFO] Downloaded from central: https://repo.maven.apache.org/maven2/org/apache/maven/shared/maven-common-artifact-filters/3.2.0/maven-common-artifact-filters-3.2.0.pom (6.9 kB at 257 kB/s)
[INFO] Downloading from central: https://repo.maven.apache.org/maven2/org/apache/maven/shared/maven-shared-components/34/maven-shared-components-34.pom
[INFO] Downloaded from central: https://repo.maven.apache.org/maven2/org/apache/maven/shared/maven-shared-components/34/maven-shared-components-34.pom (5.1 kB at 176 kB/s)
[INFO] Downloading from central: https://repo.maven.apache.org/maven2/org/apache/maven/maven-artifact/3.1.1/maven-artifact-3.1.1.pom
[INFO] Downloaded from central: https://repo.maven.apache.org/maven2/org/apache/maven/maven-artifact/3.1.1/maven-artifact-3.1.1.pom (2.0 kB at 55 kB/s)
[INFO] Downloading from central: https://repo.maven.apache.org/maven2/org/apache/maven/maven/3.1.1/maven-3.1.1.pom
[INFO] Downloaded from central: https://repo.maven.apache.org/maven2/org/apache/maven/maven/3.1.1/maven-3.1.1.pom (22 kB at 762 kB/s)
[INFO] Downloading from central: https://repo.maven.apache.org/maven2/org/apache/maven/maven-parent/23/maven-parent-23.pom
[INFO] Downloaded from central: https://repo.maven.apache.org/maven2/org/apache/maven/maven-parent/23/maven-parent-23.pom (33 kB at 1.2 MB/s)
[INFO] Downloading from central: https://repo.maven.apache.org/maven2/org/apache/apache/13/apache-13.pom
[INFO] Downloaded from central: https://repo.maven.apache.org/maven2/org/apache/apache/13/apache-13.pom (14 kB at 518 kB/s)
[INFO] Downloading from central: https://repo.maven.apache.org/maven2/org/codehaus/plexus/plexus-utils/3.0.15/plexus-utils-3.0.15.pom
[INFO] Downloaded from central: https://repo.maven.apache.org/maven2/org/codehaus/plexus/plexus-utils/3.0.15/plexus-utils-3.0.15.pom (3.1 kB at 27 kB/s)
[INFO] Downloading from central: https://repo.maven.apache.org/maven2/org/codehaus/plexus/plexus/3.3.1/plexus-3.3.1.pom
[INFO] Downloaded from central: https://repo.maven.apache.org/maven2/org/codehaus/plexus/plexus/3.3.1/plexus-3.3.1.pom (20 kB at 639 kB/s)
[INFO] Downloading from central: https://repo.maven.apache.org/maven2/org/sonatype/spice/spice-parent/17/spice-parent-17.pom
[INFO] Downloaded from central: https://repo.maven.apache.org/maven2/org/sonatype/spice/spice-parent/17/spice-parent-17.pom (6.8 kB at 233 kB/s)
[INFO] Downloading from central: https://repo.maven.apache.org/maven2/org/sonatype/forge/forge-parent/10/forge-parent-10.pom
[INFO] Downloaded from central: https://repo.maven.apache.org/maven2/org/sonatype/forge/forge-parent/10/forge-parent-10.pom (14 kB at 502 kB/s)
[INFO] Downloading from central: https://repo.maven.apache.org/maven2/org/apache/maven/maven-model/3.1.1/maven-model-3.1.1.pom
[INFO] Downloaded from central: https://repo.maven.apache.org/maven2/org/apache/maven/maven-model/3.1.1/maven-model-3.1.1.pom (4.1 kB at 173 kB/s)
[INFO] Downloading from central: https://repo.maven.apache.org/maven2/org/apache/maven/maven-core/3.1.1/maven-core-3.1.1.pom
[INFO] Downloaded from central: https://repo.maven.apache.org/maven2/org/apache/maven/maven-core/3.1.1/maven-core-3.1.1.pom (7.3 kB at 202 kB/s)
[INFO] Downloading from central: https://repo.maven.apache.org/maven2/org/apache/maven/maven-settings/3.1.1/maven-settings-3.1.1.pom
[INFO] Downloaded from central: https://repo.maven.apache.org/maven2/org/apache/maven/maven-settings/3.1.1/maven-settings-3.1.1.pom (2.2 kB at 103 kB/s)
[INFO] Downloading from central: https://repo.maven.apache.org/maven2/org/apache/maven/maven-settings-builder/3.1.1/maven-settings-builder-3.1.1.pom
[INFO] Downloaded from central: https://repo.maven.apache.org/maven2/org/apache/maven/maven-settings-builder/3.1.1/maven-settings-builder-3.1.1.pom (2.6 kB at 118 kB/s)
[INFO] Downloading from central: https://repo.maven.apache.org/maven2/org/codehaus/plexus/plexus-interpolation/1.19/plexus-interpolation-1.19.pom
[INFO] Downloaded from central: https://repo.maven.apache.org/maven2/org/codehaus/plexus/plexus-interpolation/1.19/plexus-interpolation-1.19.pom (1.0 kB at 8.9 kB/s)
[INFO] Downloading from central: https://repo.maven.apache.org/maven2/org/codehaus/plexus/plexus-components/1.3.1/plexus-components-1.3.1.pom
[INFO] Downloaded from central: https://repo.maven.apache.org/maven2/org/codehaus/plexus/plexus-components/1.3.1/plexus-components-1.3.1.pom (3.1 kB at 106 kB/s)
[INFO] Downloading from central: https://repo.maven.apache.org/maven2/org/codehaus/plexus/plexus-component-annotations/1.5.5/plexus-component-annotations-1.5.5.pom
[INFO] Downloaded from central: https://repo.maven.apache.org/maven2/org/codehaus/plexus/plexus-component-annotations/1.5.5/plexus-component-annotations-1.5.5.pom (815 B at 7.8 kB/s)
[INFO] Downloading from central: https://repo.maven.apache.org/maven2/org/codehaus/plexus/plexus-containers/1.5.5/plexus-containers-1.5.5.pom
[INFO] Downloaded from central: https://repo.maven.apache.org/maven2/org/codehaus/plexus/plexus-containers/1.5.5/plexus-containers-1.5.5.pom (4.2 kB at 112 kB/s)
[INFO] Downloading from central: https://repo.maven.apache.org/maven2/org/codehaus/plexus/plexus/2.0.7/plexus-2.0.7.pom
[INFO] Downloaded from central: https://repo.maven.apache.org/maven2/org/codehaus/plexus/plexus/2.0.7/plexus-2.0.7.pom (17 kB at 540 kB/s)
[INFO] Downloading from central: https://repo.maven.apache.org/maven2/org/sonatype/plexus/plexus-sec-dispatcher/1.3/plexus-sec-dispatcher-1.3.pom
[INFO] Downloaded from central: https://repo.maven.apache.org/maven2/org/sonatype/plexus/plexus-sec-dispatcher/1.3/plexus-sec-dispatcher-1.3.pom (3.0 kB at 63 kB/s)
[INFO] Downloading from central: https://repo.maven.apache.org/maven2/org/sonatype/spice/spice-parent/12/spice-parent-12.pom
[INFO] Downloaded from central: https://repo.maven.apache.org/maven2/org/sonatype/spice/spice-parent/12/spice-parent-12.pom (6.8 kB at 261 kB/s)
[INFO] Downloading from central: https://repo.maven.apache.org/maven2/org/sonatype/forge/forge-parent/4/forge-parent-4.pom
[INFO] Downloaded from central: https://repo.maven.apache.org/maven2/org/sonatype/forge/forge-parent/4/forge-parent-4.pom (8.4 kB at 350 kB/s)
[INFO] Downloading from central: https://repo.maven.apache.org/maven2/org/codehaus/plexus/plexus-utils/1.5.5/plexus-utils-1.5.5.pom
[INFO] Downloaded from central: https://repo.maven.apache.org/maven2/org/codehaus/plexus/plexus-utils/1.5.5/plexus-utils-1.5.5.pom (5.1 kB at 214 kB/s)
[INFO] Downloading from central: https://repo.maven.apache.org/maven2/org/codehaus/plexus/plexus/1.0.11/plexus-1.0.11.pom
[INFO] Downloaded from central: https://repo.maven.apache.org/maven2/org/codehaus/plexus/plexus/1.0.11/plexus-1.0.11.pom (9.0 kB at 374 kB/s)
[INFO] Downloading from central: https://repo.maven.apache.org/maven2/org/sonatype/plexus/plexus-cipher/1.4/plexus-cipher-1.4.pom
[INFO] Downloaded from central: https://repo.maven.apache.org/maven2/org/sonatype/plexus/plexus-cipher/1.4/plexus-cipher-1.4.pom (2.1 kB at 86 kB/s)
[INFO] Downloading from central: https://repo.maven.apache.org/maven2/org/apache/maven/maven-repository-metadata/3.1.1/maven-repository-metadata-3.1.1.pom
[INFO] Downloaded from central: https://repo.maven.apache.org/maven2/org/apache/maven/maven-repository-metadata/3.1.1/maven-repository-metadata-3.1.1.pom (2.2 kB at 93 kB/s)
[INFO] Downloading from central: https://repo.maven.apache.org/maven2/org/apache/maven/maven-plugin-api/3.1.1/maven-plugin-api-3.1.1.pom
[INFO] Downloaded from central: https://repo.maven.apache.org/maven2/org/apache/maven/maven-plugin-api/3.1.1/maven-plugin-api-3.1.1.pom (3.4 kB at 130 kB/s)
[INFO] Downloading from central: https://repo.maven.apache.org/maven2/org/eclipse/sisu/org.eclipse.sisu.plexus/0.0.0.M5/org.eclipse.sisu.plexus-0.0.0.M5.pom
[INFO] Downloaded from central: https://repo.maven.apache.org/maven2/org/eclipse/sisu/org.eclipse.sisu.plexus/0.0.0.M5/org.eclipse.sisu.plexus-0.0.0.M5.pom (4.8 kB at 230 kB/s)
[INFO] Downloading from central: https://repo.maven.apache.org/maven2/org/eclipse/sisu/sisu-plexus/0.0.0.M5/sisu-plexus-0.0.0.M5.pom
[INFO] Downloaded from central: https://repo.maven.apache.org/maven2/org/eclipse/sisu/sisu-plexus/0.0.0.M5/sisu-plexus-0.0.0.M5.pom (13 kB at 600 kB/s)
[INFO] Downloading from central: https://repo.maven.apache.org/maven2/com/google/guava/guava/10.0.1/guava-10.0.1.pom
[INFO] Downloaded from central: https://repo.maven.apache.org/maven2/com/google/guava/guava/10.0.1/guava-10.0.1.pom (5.4 kB at 50 kB/s)
[INFO] Downloading from central: https://repo.maven.apache.org/maven2/com/google/guava/guava-parent/10.0.1/guava-parent-10.0.1.pom
[INFO] Downloaded from central: https://repo.maven.apache.org/maven2/com/google/guava/guava-parent/10.0.1/guava-parent-10.0.1.pom (2.0 kB at 82 kB/s)
[INFO] Downloading from central: https://repo.maven.apache.org/maven2/com/google/code/findbugs/jsr305/1.3.9/jsr305-1.3.9.pom
[INFO] Downloaded from central: https://repo.maven.apache.org/maven2/com/google/code/findbugs/jsr305/1.3.9/jsr305-1.3.9.pom (965 B at 40 kB/s)
[INFO] Downloading from central: https://repo.maven.apache.org/maven2/org/sonatype/sisu/sisu-guice/3.1.0/sisu-guice-3.1.0.pom
[INFO] Downloaded from central: https://repo.maven.apache.org/maven2/org/sonatype/sisu/sisu-guice/3.1.0/sisu-guice-3.1.0.pom (10 kB at 423 kB/s)
[INFO] Downloading from central: https://repo.maven.apache.org/maven2/org/sonatype/sisu/inject/guice-parent/3.1.0/guice-parent-3.1.0.pom
[INFO] Downloaded from central: https://repo.maven.apache.org/maven2/org/sonatype/sisu/inject/guice-parent/3.1.0/guice-parent-3.1.0.pom (11 kB at 455 kB/s)
[INFO] Downloading from central: https://repo.maven.apache.org/maven2/aopalliance/aopalliance/1.0/aopalliance-1.0.pom
[INFO] Downloaded from central: https://repo.maven.apache.org/maven2/aopalliance/aopalliance/1.0/aopalliance-1.0.pom (363 B at 16 kB/s)
[INFO] Downloading from central: https://repo.maven.apache.org/maven2/org/eclipse/sisu/org.eclipse.sisu.inject/0.0.0.M5/org.eclipse.sisu.inject-0.0.0.M5.pom
[INFO] Downloaded from central: https://repo.maven.apache.org/maven2/org/eclipse/sisu/org.eclipse.sisu.inject/0.0.0.M5/org.eclipse.sisu.inject-0.0.0.M5.pom (2.5 kB at 97 kB/s)
[INFO] Downloading from central: https://repo.maven.apache.org/maven2/org/eclipse/sisu/sisu-inject/0.0.0.M5/sisu-inject-0.0.0.M5.pom
[INFO] Downloaded from central: https://repo.maven.apache.org/maven2/org/eclipse/sisu/sisu-inject/0.0.0.M5/sisu-inject-0.0.0.M5.pom (14 kB at 608 kB/s)
[INFO] Downloading from central: https://repo.maven.apache.org/maven2/org/codehaus/plexus/plexus-classworlds/2.4/plexus-classworlds-2.4.pom
[INFO] Downloaded from central: https://repo.maven.apache.org/maven2/org/codehaus/plexus/plexus-classworlds/2.4/plexus-classworlds-2.4.pom (3.9 kB at 155 kB/s)
[INFO] Downloading from central: https://repo.maven.apache.org/maven2/org/codehaus/plexus/plexus-utils/2.1/plexus-utils-2.1.pom
[INFO] Downloaded from central: https://repo.maven.apache.org/maven2/org/codehaus/plexus/plexus-utils/2.1/plexus-utils-2.1.pom (4.0 kB at 168 kB/s)
[INFO] Downloading from central: https://repo.maven.apache.org/maven2/org/sonatype/spice/spice-parent/16/spice-parent-16.pom
[INFO] Downloaded from central: https://repo.maven.apache.org/maven2/org/sonatype/spice/spice-parent/16/spice-parent-16.pom (8.4 kB at 321 kB/s)
[INFO] Downloading from central: https://repo.maven.apache.org/maven2/org/sonatype/forge/forge-parent/5/forge-parent-5.pom
[INFO] Downloaded from central: https://repo.maven.apache.org/maven2/org/sonatype/forge/forge-parent/5/forge-parent-5.pom (8.4 kB at 73 kB/s)
[INFO] Downloading from central: https://repo.maven.apache.org/maven2/org/apache/maven/maven-model-builder/3.1.1/maven-model-builder-3.1.1.pom
[INFO] Downloaded from central: https://repo.maven.apache.org/maven2/org/apache/maven/maven-model-builder/3.1.1/maven-model-builder-3.1.1.pom (2.8 kB at 28 kB/s)
[INFO] Downloading from central: https://repo.maven.apache.org/maven2/org/apache/maven/maven-aether-provider/3.1.1/maven-aether-provider-3.1.1.pom
[INFO] Downloaded from central: https://repo.maven.apache.org/maven2/org/apache/maven/maven-aether-provider/3.1.1/maven-aether-provider-3.1.1.pom (4.1 kB at 111 kB/s)
[INFO] Downloading from central: https://repo.maven.apache.org/maven2/org/eclipse/aether/aether-api/0.9.0.M2/aether-api-0.9.0.M2.pom
[INFO] Downloaded from central: https://repo.maven.apache.org/maven2/org/eclipse/aether/aether-api/0.9.0.M2/aether-api-0.9.0.M2.pom (1.7 kB at 69 kB/s)
[INFO] Downloading from central: https://repo.maven.apache.org/maven2/org/eclipse/aether/aether/0.9.0.M2/aether-0.9.0.M2.pom
[INFO] Downloaded from central: https://repo.maven.apache.org/maven2/org/eclipse/aether/aether/0.9.0.M2/aether-0.9.0.M2.pom (28 kB at 961 kB/s)
[INFO] Downloading from central: https://repo.maven.apache.org/maven2/org/eclipse/aether/aether-spi/0.9.0.M2/aether-spi-0.9.0.M2.pom
[INFO] Downloaded from central: https://repo.maven.apache.org/maven2/org/eclipse/aether/aether-spi/0.9.0.M2/aether-spi-0.9.0.M2.pom (1.8 kB at 63 kB/s)
[INFO] Downloading from central: https://repo.maven.apache.org/maven2/org/eclipse/aether/aether-util/0.9.0.M2/aether-util-0.9.0.M2.pom
[INFO] Downloaded from central: https://repo.maven.apache.org/maven2/org/eclipse/aether/aether-util/0.9.0.M2/aether-util-0.9.0.M2.pom (2.0 kB at 85 kB/s)
[INFO] Downloading from central: https://repo.maven.apache.org/maven2/org/eclipse/aether/aether-impl/0.9.0.M2/aether-impl-0.9.0.M2.pom
[INFO] Downloaded from central: https://repo.maven.apache.org/maven2/org/eclipse/aether/aether-impl/0.9.0.M2/aether-impl-0.9.0.M2.pom (3.3 kB at 98 kB/s)
[INFO] Downloading from central: https://repo.maven.apache.org/maven2/org/codehaus/plexus/plexus-classworlds/2.5.1/plexus-classworlds-2.5.1.pom
[INFO] Downloaded from central: https://repo.maven.apache.org/maven2/org/codehaus/plexus/plexus-classworlds/2.5.1/plexus-classworlds-2.5.1.pom (5.0 kB at 209 kB/s)
[INFO] Downloading from central: https://repo.maven.apache.org/maven2/commons-io/commons-io/2.6/commons-io-2.6.pom
[INFO] Downloaded from central: https://repo.maven.apache.org/maven2/commons-io/commons-io/2.6/commons-io-2.6.pom (14 kB at 509 kB/s)
[INFO] Downloading from central: https://repo.maven.apache.org/maven2/org/apache/maven/shared/maven-shared-utils/3.3.3/maven-shared-utils-3.3.3.pom
[INFO] Downloaded from central: https://repo.maven.apache.org/maven2/org/apache/maven/shared/maven-shared-utils/3.3.3/maven-shared-utils-3.3.3.pom (5.8 kB at 231 kB/s)
[INFO] Downloading from central: https://repo.maven.apache.org/maven2/org/apache/maven/maven-plugin-api/3.6.3/maven-plugin-api-3.6.3.pom
[INFO] Downloaded from central: https://repo.maven.apache.org/maven2/org/apache/maven/maven-plugin-api/3.6.3/maven-plugin-api-3.6.3.pom (3.0 kB at 132 kB/s)
[INFO] Downloading from central: https://repo.maven.apache.org/maven2/org/apache/maven/maven/3.6.3/maven-3.6.3.pom
[INFO] Downloaded from central: https://repo.maven.apache.org/maven2/org/apache/maven/maven/3.6.3/maven-3.6.3.pom (26 kB at 1.1 MB/s)
[INFO] Downloading from central: https://repo.maven.apache.org/maven2/org/apache/maven/maven-model/3.6.3/maven-model-3.6.3.pom
[INFO] Downloaded from central: https://repo.maven.apache.org/maven2/org/apache/maven/maven-model/3.6.3/maven-model-3.6.3.pom (4.1 kB at 170 kB/s)
[INFO] Downloading from central: https://repo.maven.apache.org/maven2/org/codehaus/plexus/plexus-utils/3.2.1/plexus-utils-3.2.1.pom
[INFO] Downloaded from central: https://repo.maven.apache.org/maven2/org/codehaus/plexus/plexus-utils/3.2.1/plexus-utils-3.2.1.pom (5.3 kB at 49 kB/s)
[INFO] Downloading from central: https://repo.maven.apache.org/maven2/org/codehaus/plexus/plexus/5.1/plexus-5.1.pom
[INFO] Downloaded from central: https://repo.maven.apache.org/maven2/org/codehaus/plexus/plexus/5.1/plexus-5.1.pom (23 kB at 592 kB/s)
[INFO] Downloading from central: https://repo.maven.apache.org/maven2/org/apache/maven/maven-artifact/3.6.3/maven-artifact-3.6.3.pom
[INFO] Downloaded from central: https://repo.maven.apache.org/maven2/org/apache/maven/maven-artifact/3.6.3/maven-artifact-3.6.3.pom (2.4 kB at 86 kB/s)
[INFO] Downloading from central: https://repo.maven.apache.org/maven2/org/apache/commons/commons-lang3/3.8.1/commons-lang3-3.8.1.pom
[INFO] Downloaded from central: https://repo.maven.apache.org/maven2/org/apache/commons/commons-lang3/3.8.1/commons-lang3-3.8.1.pom (28 kB at 1.0 MB/s)
[INFO] Downloading from central: https://repo.maven.apache.org/maven2/org/apache/commons/commons-parent/47/commons-parent-47.pom
[INFO] Downloaded from central: https://repo.maven.apache.org/maven2/org/apache/commons/commons-parent/47/commons-parent-47.pom (78 kB at 1.9 MB/s)
[INFO] Downloading from central: https://repo.maven.apache.org/maven2/org/apache/apache/19/apache-19.pom
[INFO] Downloaded from central: https://repo.maven.apache.org/maven2/org/apache/apache/19/apache-19.pom (15 kB at 574 kB/s)
[INFO] Downloading from central: https://repo.maven.apache.org/maven2/org/eclipse/sisu/org.eclipse.sisu.plexus/0.3.4/org.eclipse.sisu.plexus-0.3.4.pom
[INFO] Downloaded from central: https://repo.maven.apache.org/maven2/org/eclipse/sisu/org.eclipse.sisu.plexus/0.3.4/org.eclipse.sisu.plexus-0.3.4.pom (4.2 kB at 181 kB/s)
[INFO] Downloading from central: https://repo.maven.apache.org/maven2/org/eclipse/sisu/sisu-plexus/0.3.4/sisu-plexus-0.3.4.pom
[INFO] Downloaded from central: https://repo.maven.apache.org/maven2/org/eclipse/sisu/sisu-plexus/0.3.4/sisu-plexus-0.3.4.pom (14 kB at 597 kB/s)
[INFO] Downloading from central: https://repo.maven.apache.org/maven2/org/eclipse/sisu/org.eclipse.sisu.inject/0.3.4/org.eclipse.sisu.inject-0.3.4.pom
[INFO] Downloaded from central: https://repo.maven.apache.org/maven2/org/eclipse/sisu/org.eclipse.sisu.inject/0.3.4/org.eclipse.sisu.inject-0.3.4.pom (2.6 kB at 109 kB/s)
[INFO] Downloading from central: https://repo.maven.apache.org/maven2/org/eclipse/sisu/sisu-inject/0.3.4/sisu-inject-0.3.4.pom
[INFO] Downloaded from central: https://repo.maven.apache.org/maven2/org/eclipse/sisu/sisu-inject/0.3.4/sisu-inject-0.3.4.pom (14 kB at 626 kB/s)
[INFO] Downloading from central: https://repo.maven.apache.org/maven2/org/codehaus/plexus/plexus-classworlds/2.5.2/plexus-classworlds-2.5.2.pom
[INFO] Downloaded from central: https://repo.maven.apache.org/maven2/org/codehaus/plexus/plexus-classworlds/2.5.2/plexus-classworlds-2.5.2.pom (7.3 kB at 69 kB/s)
[INFO] Downloading from central: https://repo.maven.apache.org/maven2/org/codehaus/plexus/plexus-utils/3.0.17/plexus-utils-3.0.17.pom
[INFO] Downloaded from central: https://repo.maven.apache.org/maven2/org/codehaus/plexus/plexus-utils/3.0.17/plexus-utils-3.0.17.pom (3.4 kB at 141 kB/s)
[INFO] Downloading from central: https://repo.maven.apache.org/maven2/org/codehaus/plexus/plexus-classworlds/2.6.0/plexus-classworlds-2.6.0.pom
[INFO] Downloaded from central: https://repo.maven.apache.org/maven2/org/codehaus/plexus/plexus-classworlds/2.6.0/plexus-classworlds-2.6.0.pom (7.9 kB at 75 kB/s)
[INFO] Downloading from central: https://repo.maven.apache.org/maven2/org/sonatype/plexus/plexus-build-api/0.0.7/plexus-build-api-0.0.7.pom
[INFO] Downloaded from central: https://repo.maven.apache.org/maven2/org/sonatype/plexus/plexus-build-api/0.0.7/plexus-build-api-0.0.7.pom (3.2 kB at 103 kB/s)
[INFO] Downloading from central: https://repo.maven.apache.org/maven2/org/sonatype/spice/spice-parent/15/spice-parent-15.pom
[INFO] Downloaded from central: https://repo.maven.apache.org/maven2/org/sonatype/spice/spice-parent/15/spice-parent-15.pom (8.4 kB at 334 kB/s)
[INFO] Downloading from central: https://repo.maven.apache.org/maven2/org/codehaus/plexus/plexus-utils/1.5.8/plexus-utils-1.5.8.pom
[INFO] Downloaded from central: https://repo.maven.apache.org/maven2/org/codehaus/plexus/plexus-utils/1.5.8/plexus-utils-1.5.8.pom (8.1 kB at 323 kB/s)
[INFO] Downloading from central: https://repo.maven.apache.org/maven2/org/codehaus/plexus/plexus/2.0.2/plexus-2.0.2.pom
[INFO] Downloaded from central: https://repo.maven.apache.org/maven2/org/codehaus/plexus/plexus/2.0.2/plexus-2.0.2.pom (12 kB at 464 kB/s)
[INFO] Downloading from central: https://repo.maven.apache.org/maven2/org/apache/maven/plugins/maven-shade-plugin/3.2.4/maven-shade-plugin-3.2.4.pom
[INFO] Downloaded from central: https://repo.maven.apache.org/maven2/org/apache/maven/plugins/maven-shade-plugin/3.2.4/maven-shade-plugin-3.2.4.pom (11 kB at 371 kB/s)
[INFO] Downloading from central: https://repo.maven.apache.org/maven2/org/apache/maven/maven-plugin-api/3.0/maven-plugin-api-3.0.pom
[INFO] Downloaded from central: https://repo.maven.apache.org/maven2/org/apache/maven/maven-plugin-api/3.0/maven-plugin-api-3.0.pom (2.3 kB at 95 kB/s)
[INFO] Downloading from central: https://repo.maven.apache.org/maven2/org/apache/maven/maven/3.0/maven-3.0.pom
[INFO] Downloaded from central: https://repo.maven.apache.org/maven2/org/apache/maven/maven/3.0/maven-3.0.pom (22 kB at 706 kB/s)
[INFO] Downloading from central: https://repo.maven.apache.org/maven2/org/apache/maven/maven-parent/15/maven-parent-15.pom
[INFO] Downloaded from central: https://repo.maven.apache.org/maven2/org/apache/maven/maven-parent/15/maven-parent-15.pom (24 kB at 750 kB/s)
[INFO] Downloading from central: https://repo.maven.apache.org/maven2/org/apache/apache/6/apache-6.pom
[INFO] Downloaded from central: https://repo.maven.apache.org/maven2/org/apache/apache/6/apache-6.pom (13 kB at 474 kB/s)
[INFO] Downloading from central: https://repo.maven.apache.org/maven2/org/apache/maven/maven-model/3.0/maven-model-3.0.pom
[INFO] Downloaded from central: https://repo.maven.apache.org/maven2/org/apache/maven/maven-model/3.0/maven-model-3.0.pom (3.9 kB at 144 kB/s)
[INFO] Downloading from central: https://repo.maven.apache.org/maven2/org/codehaus/plexus/plexus-utils/2.0.4/plexus-utils-2.0.4.pom
[INFO] Downloaded from central: https://repo.maven.apache.org/maven2/org/codehaus/plexus/plexus-utils/2.0.4/plexus-utils-2.0.4.pom (3.3 kB at 123 kB/s)
[INFO] Downloading from central: https://repo.maven.apache.org/maven2/org/codehaus/plexus/plexus/2.0.6/plexus-2.0.6.pom
[INFO] Downloaded from central: https://repo.maven.apache.org/maven2/org/codehaus/plexus/plexus/2.0.6/plexus-2.0.6.pom (17 kB at 148 kB/s)
[INFO] Downloading from central: https://repo.maven.apache.org/maven2/org/apache/maven/maven-artifact/3.0/maven-artifact-3.0.pom
[INFO] Downloaded from central: https://repo.maven.apache.org/maven2/org/apache/maven/maven-artifact/3.0/maven-artifact-3.0.pom (1.9 kB at 66 kB/s)
[INFO] Downloading from central: https://repo.maven.apache.org/maven2/org/sonatype/sisu/sisu-inject-plexus/1.4.2/sisu-inject-plexus-1.4.2.pom
[INFO] Downloaded from central: https://repo.maven.apache.org/maven2/org/sonatype/sisu/sisu-inject-plexus/1.4.2/sisu-inject-plexus-1.4.2.pom (5.4 kB at 224 kB/s)
[INFO] Downloading from central: https://repo.maven.apache.org/maven2/org/sonatype/sisu/inject/guice-plexus/1.4.2/guice-plexus-1.4.2.pom
[INFO] Downloaded from central: https://repo.maven.apache.org/maven2/org/sonatype/sisu/inject/guice-plexus/1.4.2/guice-plexus-1.4.2.pom (3.1 kB at 125 kB/s)
[INFO] Downloading from central: https://repo.maven.apache.org/maven2/org/sonatype/sisu/inject/guice-bean/1.4.2/guice-bean-1.4.2.pom
[INFO] Downloaded from central: https://repo.maven.apache.org/maven2/org/sonatype/sisu/inject/guice-bean/1.4.2/guice-bean-1.4.2.pom (2.6 kB at 100 kB/s)
[INFO] Downloading from central: https://repo.maven.apache.org/maven2/org/sonatype/sisu/sisu-inject/1.4.2/sisu-inject-1.4.2.pom
[INFO] Downloaded from central: https://repo.maven.apache.org/maven2/org/sonatype/sisu/sisu-inject/1.4.2/sisu-inject-1.4.2.pom (1.2 kB at 48 kB/s)
[INFO] Downloading from central: https://repo.maven.apache.org/maven2/org/sonatype/sisu/sisu-parent/1.4.2/sisu-parent-1.4.2.pom
[INFO] Downloaded from central: https://repo.maven.apache.org/maven2/org/sonatype/sisu/sisu-parent/1.4.2/sisu-parent-1.4.2.pom (7.8 kB at 268 kB/s)
[INFO] Downloading from central: https://repo.maven.apache.org/maven2/org/sonatype/forge/forge-parent/6/forge-parent-6.pom
[INFO] Downloaded from central: https://repo.maven.apache.org/maven2/org/sonatype/forge/forge-parent/6/forge-parent-6.pom (11 kB at 299 kB/s)
[INFO] Downloading from central: https://repo.maven.apache.org/maven2/org/codehaus/plexus/plexus-component-annotations/1.5.4/plexus-component-annotations-1.5.4.pom
[INFO] Downloaded from central: https://repo.maven.apache.org/maven2/org/codehaus/plexus/plexus-component-annotations/1.5.4/plexus-component-annotations-1.5.4.pom (815 B at 35 kB/s)
[INFO] Downloading from central: https://repo.maven.apache.org/maven2/org/codehaus/plexus/plexus-containers/1.5.4/plexus-containers-1.5.4.pom
[INFO] Downloaded from central: https://repo.maven.apache.org/maven2/org/codehaus/plexus/plexus-containers/1.5.4/plexus-containers-1.5.4.pom (4.2 kB at 163 kB/s)
[INFO] Downloading from central: https://repo.maven.apache.org/maven2/org/codehaus/plexus/plexus/2.0.5/plexus-2.0.5.pom
[INFO] Downloaded from central: https://repo.maven.apache.org/maven2/org/codehaus/plexus/plexus/2.0.5/plexus-2.0.5.pom (17 kB at 165 kB/s)
[INFO] Downloading from central: https://repo.maven.apache.org/maven2/org/codehaus/plexus/plexus-classworlds/2.2.3/plexus-classworlds-2.2.3.pom
[INFO] Downloaded from central: https://repo.maven.apache.org/maven2/org/codehaus/plexus/plexus-classworlds/2.2.3/plexus-classworlds-2.2.3.pom (4.0 kB at 138 kB/s)
[INFO] Downloading from central: https://repo.maven.apache.org/maven2/org/codehaus/plexus/plexus-utils/2.0.5/plexus-utils-2.0.5.pom
[INFO] Downloaded from central: https://repo.maven.apache.org/maven2/org/codehaus/plexus/plexus-utils/2.0.5/plexus-utils-2.0.5.pom (3.3 kB at 34 kB/s)
[INFO] Downloading from central: https://repo.maven.apache.org/maven2/org/sonatype/sisu/sisu-inject-bean/1.4.2/sisu-inject-bean-1.4.2.pom
[INFO] Downloaded from central: https://repo.maven.apache.org/maven2/org/sonatype/sisu/sisu-inject-bean/1.4.2/sisu-inject-bean-1.4.2.pom (5.5 kB at 130 kB/s)
[INFO] Downloading from central: https://repo.maven.apache.org/maven2/org/sonatype/sisu/sisu-guice/2.1.7/sisu-guice-2.1.7.pom
[INFO] Downloaded from central: https://repo.maven.apache.org/maven2/org/sonatype/sisu/sisu-guice/2.1.7/sisu-guice-2.1.7.pom (11 kB at 425 kB/s)
[INFO] Downloading from central: https://repo.maven.apache.org/maven2/org/apache/maven/maven-core/3.0/maven-core-3.0.pom
[INFO] Downloaded from central: https://repo.maven.apache.org/maven2/org/apache/maven/maven-core/3.0/maven-core-3.0.pom (6.6 kB at 316 kB/s)
[INFO] Downloading from central: https://repo.maven.apache.org/maven2/org/apache/maven/maven-settings/3.0/maven-settings-3.0.pom
[INFO] Downloaded from central: https://repo.maven.apache.org/maven2/org/apache/maven/maven-settings/3.0/maven-settings-3.0.pom (1.9 kB at 41 kB/s)
[INFO] Downloading from central: https://repo.maven.apache.org/maven2/org/apache/maven/maven-settings-builder/3.0/maven-settings-builder-3.0.pom
[INFO] Downloaded from central: https://repo.maven.apache.org/maven2/org/apache/maven/maven-settings-builder/3.0/maven-settings-builder-3.0.pom (2.2 kB at 85 kB/s)
[INFO] Downloading from central: https://repo.maven.apache.org/maven2/org/codehaus/plexus/plexus-interpolation/1.14/plexus-interpolation-1.14.pom
[INFO] Downloaded from central: https://repo.maven.apache.org/maven2/org/codehaus/plexus/plexus-interpolation/1.14/plexus-interpolation-1.14.pom (910 B at 35 kB/s)
[INFO] Downloading from central: https://repo.maven.apache.org/maven2/org/codehaus/plexus/plexus-components/1.1.18/plexus-components-1.1.18.pom
[INFO] Downloaded from central: https://repo.maven.apache.org/maven2/org/codehaus/plexus/plexus-components/1.1.18/plexus-components-1.1.18.pom (5.4 kB at 206 kB/s)
[INFO] Downloading from central: https://repo.maven.apache.org/maven2/org/apache/maven/maven-repository-metadata/3.0/maven-repository-metadata-3.0.pom
[INFO] Downloaded from central: https://repo.maven.apache.org/maven2/org/apache/maven/maven-repository-metadata/3.0/maven-repository-metadata-3.0.pom (1.9 kB at 69 kB/s)
[INFO] Downloading from central: https://repo.maven.apache.org/maven2/org/apache/maven/maven-model-builder/3.0/maven-model-builder-3.0.pom
[INFO] Downloaded from central: https://repo.maven.apache.org/maven2/org/apache/maven/maven-model-builder/3.0/maven-model-builder-3.0.pom (2.2 kB at 77 kB/s)
[INFO] Downloading from central: https://repo.maven.apache.org/maven2/org/apache/maven/maven-aether-provider/3.0/maven-aether-provider-3.0.pom
[INFO] Downloaded from central: https://repo.maven.apache.org/maven2/org/apache/maven/maven-aether-provider/3.0/maven-aether-provider-3.0.pom (2.5 kB at 103 kB/s)
[INFO] Downloading from central: https://repo.maven.apache.org/maven2/org/sonatype/aether/aether-api/1.7/aether-api-1.7.pom
[INFO] Downloaded from central: https://repo.maven.apache.org/maven2/org/sonatype/aether/aether-api/1.7/aether-api-1.7.pom (1.7 kB at 58 kB/s)
[INFO] Downloading from central: https://repo.maven.apache.org/maven2/org/sonatype/aether/aether-parent/1.7/aether-parent-1.7.pom
[INFO] Downloaded from central: https://repo.maven.apache.org/maven2/org/sonatype/aether/aether-parent/1.7/aether-parent-1.7.pom (7.7 kB at 74 kB/s)
[INFO] Downloading from central: https://repo.maven.apache.org/maven2/org/sonatype/aether/aether-util/1.7/aether-util-1.7.pom
[INFO] Downloaded from central: https://repo.maven.apache.org/maven2/org/sonatype/aether/aether-util/1.7/aether-util-1.7.pom (2.1 kB at 86 kB/s)
[INFO] Downloading from central: https://repo.maven.apache.org/maven2/org/sonatype/aether/aether-impl/1.7/aether-impl-1.7.pom
[INFO] Downloaded from central: https://repo.maven.apache.org/maven2/org/sonatype/aether/aether-impl/1.7/aether-impl-1.7.pom (3.7 kB at 88 kB/s)
[INFO] Downloading from central: https://repo.maven.apache.org/maven2/org/sonatype/aether/aether-spi/1.7/aether-spi-1.7.pom
[INFO] Downloaded from central: https://repo.maven.apache.org/maven2/org/sonatype/aether/aether-spi/1.7/aether-spi-1.7.pom (1.7 kB at 64 kB/s)
[INFO] Downloading from central: https://repo.maven.apache.org/maven2/org/codehaus/plexus/plexus-utils/3.3.0/plexus-utils-3.3.0.pom
[INFO] Downloaded from central: https://repo.maven.apache.org/maven2/org/codehaus/plexus/plexus-utils/3.3.0/plexus-utils-3.3.0.pom (5.2 kB at 225 kB/s)
[INFO] Downloading from central: https://repo.maven.apache.org/maven2/org/apache/maven/shared/maven-artifact-transfer/0.12.0/maven-artifact-transfer-0.12.0.pom
[INFO] Downloaded from central: https://repo.maven.apache.org/maven2/org/apache/maven/shared/maven-artifact-transfer/0.12.0/maven-artifact-transfer-0.12.0.pom (11 kB at 433 kB/s)
[INFO] Downloading from central: https://repo.maven.apache.org/maven2/org/apache/maven/shared/maven-shared-components/33/maven-shared-components-33.pom
[INFO] Downloaded from central: https://repo.maven.apache.org/maven2/org/apache/maven/shared/maven-shared-components/33/maven-shared-components-33.pom (5.1 kB at 232 kB/s)
[INFO] Downloading from central: https://repo.maven.apache.org/maven2/org/codehaus/plexus/plexus-component-annotations/1.7.1/plexus-component-annotations-1.7.1.pom
[INFO] Downloaded from central: https://repo.maven.apache.org/maven2/org/codehaus/plexus/plexus-component-annotations/1.7.1/plexus-component-annotations-1.7.1.pom (770 B at 32 kB/s)
[INFO] Downloading from central: https://repo.maven.apache.org/maven2/org/codehaus/plexus/plexus-containers/1.7.1/plexus-containers-1.7.1.pom
[INFO] Downloaded from central: https://repo.maven.apache.org/maven2/org/codehaus/plexus/plexus-containers/1.7.1/plexus-containers-1.7.1.pom (5.0 kB at 201 kB/s)
[INFO] Downloading from central: https://repo.maven.apache.org/maven2/org/codehaus/plexus/plexus/4.0/plexus-4.0.pom
[INFO] Downloaded from central: https://repo.maven.apache.org/maven2/org/codehaus/plexus/plexus/4.0/plexus-4.0.pom (22 kB at 175 kB/s)
[INFO] Downloading from central: https://repo.maven.apache.org/maven2/org/apache/maven/shared/maven-common-artifact-filters/3.0.1/maven-common-artifact-filters-3.0.1.pom
[INFO] Downloaded from central: https://repo.maven.apache.org/maven2/org/apache/maven/shared/maven-common-artifact-filters/3.0.1/maven-common-artifact-filters-3.0.1.pom (4.8 kB at 173 kB/s)
[INFO] Downloading from central: https://repo.maven.apache.org/maven2/org/apache/maven/shared/maven-shared-components/30/maven-shared-components-30.pom
[INFO] Downloaded from central: https://repo.maven.apache.org/maven2/org/apache/maven/shared/maven-shared-components/30/maven-shared-components-30.pom (4.6 kB at 43 kB/s)
[INFO] Downloading from central: https://repo.maven.apache.org/maven2/org/apache/maven/maven-parent/30/maven-parent-30.pom
[INFO] Downloaded from central: https://repo.maven.apache.org/maven2/org/apache/maven/maven-parent/30/maven-parent-30.pom (41 kB at 1.4 MB/s)
[INFO] Downloading from central: https://repo.maven.apache.org/maven2/org/apache/maven/shared/maven-shared-utils/3.1.0/maven-shared-utils-3.1.0.pom
[INFO] Downloaded from central: https://repo.maven.apache.org/maven2/org/apache/maven/shared/maven-shared-utils/3.1.0/maven-shared-utils-3.1.0.pom (5.0 kB at 199 kB/s)
[INFO] Downloading from central: https://repo.maven.apache.org/maven2/commons-io/commons-io/2.5/commons-io-2.5.pom
[INFO] Downloaded from central: https://repo.maven.apache.org/maven2/commons-io/commons-io/2.5/commons-io-2.5.pom (13 kB at 391 kB/s)
[INFO] Downloading from central: https://repo.maven.apache.org/maven2/org/codehaus/plexus/plexus-utils/3.1.1/plexus-utils-3.1.1.pom
[INFO] Downloaded from central: https://repo.maven.apache.org/maven2/org/codehaus/plexus/plexus-utils/3.1.1/plexus-utils-3.1.1.pom (5.1 kB at 181 kB/s)
[INFO] Downloading from central: https://repo.maven.apache.org/maven2/org/slf4j/slf4j-api/1.7.5/slf4j-api-1.7.5.pom
[INFO] Downloaded from central: https://repo.maven.apache.org/maven2/org/slf4j/slf4j-api/1.7.5/slf4j-api-1.7.5.pom (2.7 kB at 103 kB/s)
[INFO] Downloading from central: https://repo.maven.apache.org/maven2/org/slf4j/slf4j-parent/1.7.5/slf4j-parent-1.7.5.pom
[INFO] Downloaded from central: https://repo.maven.apache.org/maven2/org/slf4j/slf4j-parent/1.7.5/slf4j-parent-1.7.5.pom (12 kB at 311 kB/s)
[INFO] Downloading from central: https://repo.maven.apache.org/maven2/org/ow2/asm/asm/8.0/asm-8.0.pom
[INFO] Downloaded from central: https://repo.maven.apache.org/maven2/org/ow2/asm/asm/8.0/asm-8.0.pom (2.9 kB at 92 kB/s)
[INFO] Downloading from central: https://repo.maven.apache.org/maven2/org/ow2/ow2/1.5/ow2-1.5.pom
[INFO] Downloaded from central: https://repo.maven.apache.org/maven2/org/ow2/ow2/1.5/ow2-1.5.pom (11 kB at 401 kB/s)
[INFO] Downloading from central: https://repo.maven.apache.org/maven2/org/ow2/asm/asm-commons/8.0/asm-commons-8.0.pom
[INFO] Downloaded from central: https://repo.maven.apache.org/maven2/org/ow2/asm/asm-commons/8.0/asm-commons-8.0.pom (3.7 kB at 78 kB/s)
[INFO] Downloading from central: https://repo.maven.apache.org/maven2/org/ow2/asm/asm-tree/8.0/asm-tree-8.0.pom
[INFO] Downloaded from central: https://repo.maven.apache.org/maven2/org/ow2/asm/asm-tree/8.0/asm-tree-8.0.pom (3.1 kB at 130 kB/s)
[INFO] Downloading from central: https://repo.maven.apache.org/maven2/org/ow2/asm/asm-analysis/8.0/asm-analysis-8.0.pom
[INFO] Downloaded from central: https://repo.maven.apache.org/maven2/org/ow2/asm/asm-analysis/8.0/asm-analysis-8.0.pom (3.2 kB at 144 kB/s)
[INFO] Downloading from central: https://repo.maven.apache.org/maven2/org/jdom/jdom2/2.0.6/jdom2-2.0.6.pom
[INFO] Downloaded from central: https://repo.maven.apache.org/maven2/org/jdom/jdom2/2.0.6/jdom2-2.0.6.pom (4.6 kB at 48 kB/s)
[INFO] Downloading from central: https://repo.maven.apache.org/maven2/org/apache/maven/shared/maven-dependency-tree/3.0.1/maven-dependency-tree-3.0.1.pom
[INFO] Downloaded from central: https://repo.maven.apache.org/maven2/org/apache/maven/shared/maven-dependency-tree/3.0.1/maven-dependency-tree-3.0.1.pom (7.5 kB at 278 kB/s)
[INFO] Downloading from central: https://repo.maven.apache.org/maven2/org/codehaus/plexus/plexus-component-annotations/1.6/plexus-component-annotations-1.6.pom
[INFO] Downloaded from central: https://repo.maven.apache.org/maven2/org/codehaus/plexus/plexus-component-annotations/1.6/plexus-component-annotations-1.6.pom (748 B at 33 kB/s)
[INFO] Downloading from central: https://repo.maven.apache.org/maven2/org/codehaus/plexus/plexus-containers/1.6/plexus-containers-1.6.pom
[INFO] Downloaded from central: https://repo.maven.apache.org/maven2/org/codehaus/plexus/plexus-containers/1.6/plexus-containers-1.6.pom (3.8 kB at 171 kB/s)
[INFO] Downloading from central: https://repo.maven.apache.org/maven2/org/codehaus/plexus/plexus/3.3.2/plexus-3.3.2.pom
[INFO] Downloaded from central: https://repo.maven.apache.org/maven2/org/codehaus/plexus/plexus/3.3.2/plexus-3.3.2.pom (22 kB at 897 kB/s)
[INFO] Downloading from central: https://repo.maven.apache.org/maven2/org/vafer/jdependency/2.4.0/jdependency-2.4.0.pom
[INFO] Downloaded from central: https://repo.maven.apache.org/maven2/org/vafer/jdependency/2.4.0/jdependency-2.4.0.pom (15 kB at 502 kB/s)
[INFO] Downloading from central: https://repo.maven.apache.org/maven2/org/ow2/asm/asm-util/8.0/asm-util-8.0.pom
[INFO] Downloaded from central: https://repo.maven.apache.org/maven2/org/ow2/asm/asm-util/8.0/asm-util-8.0.pom (3.7 kB at 140 kB/s)
[INFO] Downloading from central: https://repo.maven.apache.org/maven2/com/google/guava/guava/28.2-android/guava-28.2-android.pom
[INFO] Downloaded from central: https://repo.maven.apache.org/maven2/com/google/guava/guava/28.2-android/guava-28.2-android.pom (11 kB at 475 kB/s)
[INFO] Downloading from central: https://repo.maven.apache.org/maven2/com/google/guava/guava-parent/28.2-android/guava-parent-28.2-android.pom
[INFO] Downloaded from central: https://repo.maven.apache.org/maven2/com/google/guava/guava-parent/28.2-android/guava-parent-28.2-android.pom (13 kB at 516 kB/s)
[INFO] Downloading from central: https://repo.maven.apache.org/maven2/com/google/guava/failureaccess/1.0.1/failureaccess-1.0.1.pom
[INFO] Downloaded from central: https://repo.maven.apache.org/maven2/com/google/guava/failureaccess/1.0.1/failureaccess-1.0.1.pom (2.4 kB at 105 kB/s)
[INFO] Downloading from central: https://repo.maven.apache.org/maven2/com/google/guava/guava-parent/26.0-android/guava-parent-26.0-android.pom
[INFO] Downloaded from central: https://repo.maven.apache.org/maven2/com/google/guava/guava-parent/26.0-android/guava-parent-26.0-android.pom (10 kB at 463 kB/s)
[INFO] Downloading from central: https://repo.maven.apache.org/maven2/com/google/guava/listenablefuture/9999.0-empty-to-avoid-conflict-with-guava/listenablefuture-9999.0-empty-to-avoid-conflict-with-guava.pom
[INFO] Downloaded from central: https://repo.maven.apache.org/maven2/com/google/guava/listenablefuture/9999.0-empty-to-avoid-conflict-with-guava/listenablefuture-9999.0-empty-to-avoid-conflict-with-guava.pom (2.3 kB at 21 kB/s)
[INFO] Downloading from central: https://repo.maven.apache.org/maven2/org/checkerframework/checker-compat-qual/2.5.5/checker-compat-qual-2.5.5.pom
[INFO] Downloaded from central: https://repo.maven.apache.org/maven2/org/checkerframework/checker-compat-qual/2.5.5/checker-compat-qual-2.5.5.pom (2.7 kB at 119 kB/s)
[INFO] Downloading from central: https://repo.maven.apache.org/maven2/com/google/errorprone/error_prone_annotations/2.3.4/error_prone_annotations-2.3.4.pom
[INFO] Downloaded from central: https://repo.maven.apache.org/maven2/com/google/errorprone/error_prone_annotations/2.3.4/error_prone_annotations-2.3.4.pom (2.1 kB at 22 kB/s)
[INFO] Downloading from central: https://repo.maven.apache.org/maven2/com/google/errorprone/error_prone_parent/2.3.4/error_prone_parent-2.3.4.pom
[INFO] Downloaded from central: https://repo.maven.apache.org/maven2/com/google/errorprone/error_prone_parent/2.3.4/error_prone_parent-2.3.4.pom (5.4 kB at 236 kB/s)
[INFO] Downloading from central: https://repo.maven.apache.org/maven2/com/google/j2objc/j2objc-annotations/1.3/j2objc-annotations-1.3.pom
[INFO] Downloaded from central: https://repo.maven.apache.org/maven2/com/google/j2objc/j2objc-annotations/1.3/j2objc-annotations-1.3.pom (2.8 kB at 126 kB/s)
[INFO] Downloading from central: https://repo.maven.apache.org/maven2/org/apache/commons/commons-lang3/3.7/commons-lang3-3.7.pom
[INFO] Downloaded from central: https://repo.maven.apache.org/maven2/org/apache/commons/commons-lang3/3.7/commons-lang3-3.7.pom (28 kB at 706 kB/s)
[INFO] Downloading from central: https://repo.maven.apache.org/maven2/org/springframework/boot/spring-boot-buildpack-platform/2.6.4/spring-boot-buildpack-platform-2.6.4.jar
[INFO] Downloaded from central: https://repo.maven.apache.org/maven2/org/springframework/boot/spring-boot-buildpack-platform/2.6.4/spring-boot-buildpack-platform-2.6.4.jar (243 kB at 7.4 MB/s)
[INFO] Downloading from central: https://repo.maven.apache.org/maven2/com/fasterxml/jackson/module/jackson-module-parameter-names/2.13.1/jackson-module-parameter-names-2.13.1.jar
[INFO] Downloading from central: https://repo.maven.apache.org/maven2/net/java/dev/jna/jna-platform/5.7.0/jna-platform-5.7.0.jar
[INFO] Downloading from central: https://repo.maven.apache.org/maven2/net/java/dev/jna/jna/5.7.0/jna-5.7.0.jar
[INFO] Downloading from central: https://repo.maven.apache.org/maven2/org/apache/httpcomponents/httpclient/4.5.13/httpclient-4.5.13.jar
[INFO] Downloading from central: https://repo.maven.apache.org/maven2/org/apache/httpcomponents/httpcore/4.4.13/httpcore-4.4.13.jar
[INFO] Downloaded from central: https://repo.maven.apache.org/maven2/com/fasterxml/jackson/module/jackson-module-parameter-names/2.13.1/jackson-module-parameter-names-2.13.1.jar (9.5 kB at 366 kB/s)
[INFO] Downloading from central: https://repo.maven.apache.org/maven2/commons-codec/commons-codec/1.11/commons-codec-1.11.jar
[INFO] Downloaded from central: https://repo.maven.apache.org/maven2/commons-codec/commons-codec/1.11/commons-codec-1.11.jar (335 kB at 5.3 MB/s)
[INFO] Downloading from central: https://repo.maven.apache.org/maven2/org/springframework/spring-core/5.3.16/spring-core-5.3.16.jar
[INFO] Downloaded from central: https://repo.maven.apache.org/maven2/net/java/dev/jna/jna-platform/5.7.0/jna-platform-5.7.0.jar (1.3 MB at 16 MB/s)
[INFO] Downloading from central: https://repo.maven.apache.org/maven2/org/springframework/spring-jcl/5.3.16/spring-jcl-5.3.16.jar
[INFO] Downloaded from central: https://repo.maven.apache.org/maven2/org/apache/httpcomponents/httpclient/4.5.13/httpclient-4.5.13.jar (780 kB at 9.2 MB/s)
[INFO] Downloading from central: https://repo.maven.apache.org/maven2/org/tomlj/tomlj/1.0.0/tomlj-1.0.0.jar
[INFO] Downloaded from central: https://repo.maven.apache.org/maven2/net/java/dev/jna/jna/5.7.0/jna-5.7.0.jar (1.7 MB at 19 MB/s)
[INFO] Downloading from central: https://repo.maven.apache.org/maven2/org/antlr/antlr4-runtime/4.7.2/antlr4-runtime-4.7.2.jar
[INFO] Downloaded from central: https://repo.maven.apache.org/maven2/org/apache/httpcomponents/httpcore/4.4.13/httpcore-4.4.13.jar (329 kB at 3.4 MB/s)
[INFO] Downloading from central: https://repo.maven.apache.org/maven2/com/google/code/findbugs/jsr305/3.0.2/jsr305-3.0.2.jar
[INFO] Downloaded from central: https://repo.maven.apache.org/maven2/org/springframework/spring-jcl/5.3.16/spring-jcl-5.3.16.jar (24 kB at 228 kB/s)
[INFO] Downloading from central: https://repo.maven.apache.org/maven2/org/springframework/boot/spring-boot-loader-tools/2.6.4/spring-boot-loader-tools-2.6.4.jar
[INFO] Downloaded from central: https://repo.maven.apache.org/maven2/org/tomlj/tomlj/1.0.0/tomlj-1.0.0.jar (157 kB at 1.4 MB/s)
[INFO] Downloading from central: https://repo.maven.apache.org/maven2/org/apache/maven/shared/maven-common-artifact-filters/3.2.0/maven-common-artifact-filters-3.2.0.jar
[INFO] Downloaded from central: https://repo.maven.apache.org/maven2/org/antlr/antlr4-runtime/4.7.2/antlr4-runtime-4.7.2.jar (338 kB at 2.8 MB/s)
[INFO] Downloading from central: https://repo.maven.apache.org/maven2/org/apache/maven/maven-artifact/3.1.1/maven-artifact-3.1.1.jar
[INFO] Downloaded from central: https://repo.maven.apache.org/maven2/com/google/code/findbugs/jsr305/3.0.2/jsr305-3.0.2.jar (20 kB at 156 kB/s)
[INFO] Downloading from central: https://repo.maven.apache.org/maven2/org/apache/maven/maven-model/3.1.1/maven-model-3.1.1.jar
[INFO] Downloaded from central: https://repo.maven.apache.org/maven2/org/apache/maven/maven-artifact/3.1.1/maven-artifact-3.1.1.jar (52 kB at 338 kB/s)
[INFO] Downloading from central: https://repo.maven.apache.org/maven2/org/apache/maven/maven-core/3.1.1/maven-core-3.1.1.jar
[INFO] Downloaded from central: https://repo.maven.apache.org/maven2/org/springframework/boot/spring-boot-loader-tools/2.6.4/spring-boot-loader-tools-2.6.4.jar (249 kB at 1.6 MB/s)
[INFO] Downloading from central: https://repo.maven.apache.org/maven2/org/apache/maven/maven-settings/3.1.1/maven-settings-3.1.1.jar
[INFO] Downloaded from central: https://repo.maven.apache.org/maven2/org/apache/maven/shared/maven-common-artifact-filters/3.2.0/maven-common-artifact-filters-3.2.0.jar (61 kB at 393 kB/s)
[INFO] Downloading from central: https://repo.maven.apache.org/maven2/org/apache/maven/maven-settings-builder/3.1.1/maven-settings-builder-3.1.1.jar
[INFO] Downloaded from central: https://repo.maven.apache.org/maven2/org/springframework/spring-core/5.3.16/spring-core-5.3.16.jar (1.5 MB at 9.3 MB/s)
[INFO] Downloading from central: https://repo.maven.apache.org/maven2/org/apache/maven/maven-repository-metadata/3.1.1/maven-repository-metadata-3.1.1.jar
[INFO] Downloaded from central: https://repo.maven.apache.org/maven2/org/apache/maven/maven-model/3.1.1/maven-model-3.1.1.jar (154 kB at 907 kB/s)
[INFO] Downloading from central: https://repo.maven.apache.org/maven2/org/apache/maven/maven-model-builder/3.1.1/maven-model-builder-3.1.1.jar
[INFO] Downloaded from central: https://repo.maven.apache.org/maven2/org/apache/maven/maven-settings/3.1.1/maven-settings-3.1.1.jar (42 kB at 235 kB/s)
[INFO] Downloading from central: https://repo.maven.apache.org/maven2/org/apache/maven/maven-aether-provider/3.1.1/maven-aether-provider-3.1.1.jar
[INFO] Downloaded from central: https://repo.maven.apache.org/maven2/org/apache/maven/maven-settings-builder/3.1.1/maven-settings-builder-3.1.1.jar (42 kB at 233 kB/s)
[INFO] Downloading from central: https://repo.maven.apache.org/maven2/org/eclipse/aether/aether-spi/0.9.0.M2/aether-spi-0.9.0.M2.jar
[INFO] Downloaded from central: https://repo.maven.apache.org/maven2/org/apache/maven/maven-repository-metadata/3.1.1/maven-repository-metadata-3.1.1.jar (25 kB at 139 kB/s)
[INFO] Downloading from central: https://repo.maven.apache.org/maven2/org/eclipse/aether/aether-impl/0.9.0.M2/aether-impl-0.9.0.M2.jar
[INFO] Downloaded from central: https://repo.maven.apache.org/maven2/org/apache/maven/maven-core/3.1.1/maven-core-3.1.1.jar (557 kB at 2.9 MB/s)
[INFO] Downloading from central: https://repo.maven.apache.org/maven2/org/codehaus/plexus/plexus-interpolation/1.19/plexus-interpolation-1.19.jar
[INFO] Downloaded from central: https://repo.maven.apache.org/maven2/org/apache/maven/maven-model-builder/3.1.1/maven-model-builder-3.1.1.jar (160 kB at 818 kB/s)
[INFO] Downloading from central: https://repo.maven.apache.org/maven2/org/codehaus/plexus/plexus-component-annotations/1.5.5/plexus-component-annotations-1.5.5.jar
[INFO] Downloaded from central: https://repo.maven.apache.org/maven2/org/eclipse/aether/aether-impl/0.9.0.M2/aether-impl-0.9.0.M2.jar (145 kB at 710 kB/s)
[INFO] Downloading from central: https://repo.maven.apache.org/maven2/org/sonatype/plexus/plexus-sec-dispatcher/1.3/plexus-sec-dispatcher-1.3.jar
[INFO] Downloaded from central: https://repo.maven.apache.org/maven2/org/eclipse/aether/aether-spi/0.9.0.M2/aether-spi-0.9.0.M2.jar (18 kB at 86 kB/s)
[INFO] Downloading from central: https://repo.maven.apache.org/maven2/org/sonatype/plexus/plexus-cipher/1.4/plexus-cipher-1.4.jar
[INFO] Downloaded from central: https://repo.maven.apache.org/maven2/org/apache/maven/maven-aether-provider/3.1.1/maven-aether-provider-3.1.1.jar (60 kB at 286 kB/s)
[INFO] Downloading from central: https://repo.maven.apache.org/maven2/commons-io/commons-io/2.6/commons-io-2.6.jar
[INFO] Downloaded from central: https://repo.maven.apache.org/maven2/org/codehaus/plexus/plexus-interpolation/1.19/plexus-interpolation-1.19.jar (62 kB at 288 kB/s)
[INFO] Downloading from central: https://repo.maven.apache.org/maven2/org/eclipse/aether/aether-api/0.9.0.M2/aether-api-0.9.0.M2.jar
[INFO] Downloaded from central: https://repo.maven.apache.org/maven2/org/codehaus/plexus/plexus-component-annotations/1.5.5/plexus-component-annotations-1.5.5.jar (4.2 kB at 19 kB/s)
[INFO] Downloading from central: https://repo.maven.apache.org/maven2/org/eclipse/aether/aether-util/0.9.0.M2/aether-util-0.9.0.M2.jar
[INFO] Downloaded from central: https://repo.maven.apache.org/maven2/org/sonatype/plexus/plexus-sec-dispatcher/1.3/plexus-sec-dispatcher-1.3.jar (29 kB at 126 kB/s)
[INFO] Downloading from central: https://repo.maven.apache.org/maven2/org/eclipse/sisu/org.eclipse.sisu.plexus/0.0.0.M5/org.eclipse.sisu.plexus-0.0.0.M5.jar
[INFO] Downloaded from central: https://repo.maven.apache.org/maven2/org/sonatype/plexus/plexus-cipher/1.4/plexus-cipher-1.4.jar (13 kB at 59 kB/s)
[INFO] Downloading from central: https://repo.maven.apache.org/maven2/org/sonatype/sisu/sisu-guice/3.1.0/sisu-guice-3.1.0-no_aop.jar
[INFO] Downloaded from central: https://repo.maven.apache.org/maven2/commons-io/commons-io/2.6/commons-io-2.6.jar (215 kB at 914 kB/s)
[INFO] Downloading from central: https://repo.maven.apache.org/maven2/aopalliance/aopalliance/1.0/aopalliance-1.0.jar
[INFO] Downloaded from central: https://repo.maven.apache.org/maven2/org/eclipse/aether/aether-api/0.9.0.M2/aether-api-0.9.0.M2.jar (134 kB at 560 kB/s)
[INFO] Downloading from central: https://repo.maven.apache.org/maven2/org/eclipse/sisu/org.eclipse.sisu.inject/0.0.0.M5/org.eclipse.sisu.inject-0.0.0.M5.jar
[INFO] Downloaded from central: https://repo.maven.apache.org/maven2/org/eclipse/aether/aether-util/0.9.0.M2/aether-util-0.9.0.M2.jar (134 kB at 550 kB/s)
[INFO] Downloading from central: https://repo.maven.apache.org/maven2/org/apache/maven/shared/maven-shared-utils/3.3.3/maven-shared-utils-3.3.3.jar
[INFO] Downloaded from central: https://repo.maven.apache.org/maven2/org/eclipse/sisu/org.eclipse.sisu.plexus/0.0.0.M5/org.eclipse.sisu.plexus-0.0.0.M5.jar (197 kB at 759 kB/s)
[INFO] Downloading from central: https://repo.maven.apache.org/maven2/org/apache/maven/maven-plugin-api/3.6.3/maven-plugin-api-3.6.3.jar
[INFO] Downloaded from central: https://repo.maven.apache.org/maven2/aopalliance/aopalliance/1.0/aopalliance-1.0.jar (4.5 kB at 17 kB/s)
[INFO] Downloading from central: https://repo.maven.apache.org/maven2/org/codehaus/plexus/plexus-utils/3.2.1/plexus-utils-3.2.1.jar
[INFO] Downloaded from central: https://repo.maven.apache.org/maven2/org/sonatype/sisu/sisu-guice/3.1.0/sisu-guice-3.1.0-no_aop.jar (357 kB at 1.3 MB/s)
[INFO] Downloading from central: https://repo.maven.apache.org/maven2/org/codehaus/plexus/plexus-classworlds/2.6.0/plexus-classworlds-2.6.0.jar
[INFO] Downloaded from central: https://repo.maven.apache.org/maven2/org/eclipse/sisu/org.eclipse.sisu.inject/0.0.0.M5/org.eclipse.sisu.inject-0.0.0.M5.jar (291 kB at 1.1 MB/s)
[INFO] Downloading from central: https://repo.maven.apache.org/maven2/org/sonatype/plexus/plexus-build-api/0.0.7/plexus-build-api-0.0.7.jar
[INFO] Downloaded from central: https://repo.maven.apache.org/maven2/org/apache/maven/shared/maven-shared-utils/3.3.3/maven-shared-utils-3.3.3.jar (154 kB at 570 kB/s)
[INFO] Downloading from central: https://repo.maven.apache.org/maven2/org/apache/maven/plugins/maven-shade-plugin/3.2.4/maven-shade-plugin-3.2.4.jar
[INFO] Downloaded from central: https://repo.maven.apache.org/maven2/org/apache/maven/maven-plugin-api/3.6.3/maven-plugin-api-3.6.3.jar (47 kB at 125 kB/s)
[INFO] Downloading from central: https://repo.maven.apache.org/maven2/org/apache/maven/shared/maven-artifact-transfer/0.12.0/maven-artifact-transfer-0.12.0.jar
[INFO] Downloaded from central: https://repo.maven.apache.org/maven2/org/codehaus/plexus/plexus-utils/3.2.1/plexus-utils-3.2.1.jar (262 kB at 691 kB/s)
[INFO] Downloading from central: https://repo.maven.apache.org/maven2/org/slf4j/slf4j-api/1.7.5/slf4j-api-1.7.5.jar
[INFO] Downloaded from central: https://repo.maven.apache.org/maven2/org/codehaus/plexus/plexus-classworlds/2.6.0/plexus-classworlds-2.6.0.jar (53 kB at 139 kB/s)
[INFO] Downloading from central: https://repo.maven.apache.org/maven2/org/ow2/asm/asm/8.0/asm-8.0.jar
[INFO] Downloaded from central: https://repo.maven.apache.org/maven2/org/sonatype/plexus/plexus-build-api/0.0.7/plexus-build-api-0.0.7.jar (8.5 kB at 22 kB/s)
[INFO] Downloading from central: https://repo.maven.apache.org/maven2/org/ow2/asm/asm-commons/8.0/asm-commons-8.0.jar
[INFO] Downloaded from central: https://repo.maven.apache.org/maven2/org/apache/maven/plugins/maven-shade-plugin/3.2.4/maven-shade-plugin-3.2.4.jar (134 kB at 352 kB/s)
[INFO] Downloading from central: https://repo.maven.apache.org/maven2/org/ow2/asm/asm-tree/8.0/asm-tree-8.0.jar
[INFO] Downloaded from central: https://repo.maven.apache.org/maven2/org/ow2/asm/asm-tree/8.0/asm-tree-8.0.jar (53 kB at 130 kB/s)
[INFO] Downloading from central: https://repo.maven.apache.org/maven2/org/ow2/asm/asm-analysis/8.0/asm-analysis-8.0.jar
[INFO] Downloaded from central: https://repo.maven.apache.org/maven2/org/apache/maven/shared/maven-artifact-transfer/0.12.0/maven-artifact-transfer-0.12.0.jar (120 kB at 297 kB/s)
[INFO] Downloading from central: https://repo.maven.apache.org/maven2/org/jdom/jdom2/2.0.6/jdom2-2.0.6.jar
[INFO] Downloaded from central: https://repo.maven.apache.org/maven2/org/slf4j/slf4j-api/1.7.5/slf4j-api-1.7.5.jar (26 kB at 64 kB/s)
[INFO] Downloading from central: https://repo.maven.apache.org/maven2/org/apache/maven/shared/maven-dependency-tree/3.0.1/maven-dependency-tree-3.0.1.jar
[INFO] Downloaded from central: https://repo.maven.apache.org/maven2/org/ow2/asm/asm-commons/8.0/asm-commons-8.0.jar (72 kB at 175 kB/s)
[INFO] Downloading from central: https://repo.maven.apache.org/maven2/org/vafer/jdependency/2.4.0/jdependency-2.4.0.jar
[INFO] Downloaded from central: https://repo.maven.apache.org/maven2/org/ow2/asm/asm/8.0/asm-8.0.jar (122 kB at 293 kB/s)
[INFO] Downloading from central: https://repo.maven.apache.org/maven2/org/ow2/asm/asm-util/8.0/asm-util-8.0.jar
[INFO] Downloaded from central: https://repo.maven.apache.org/maven2/org/apache/maven/shared/maven-dependency-tree/3.0.1/maven-dependency-tree-3.0.1.jar (37 kB at 86 kB/s)
[INFO] Downloading from central: https://repo.maven.apache.org/maven2/com/google/guava/guava/28.2-android/guava-28.2-android.jar
[INFO] Downloaded from central: https://repo.maven.apache.org/maven2/org/ow2/asm/asm-analysis/8.0/asm-analysis-8.0.jar (33 kB at 78 kB/s)
[INFO] Downloading from central: https://repo.maven.apache.org/maven2/com/google/guava/failureaccess/1.0.1/failureaccess-1.0.1.jar
[INFO] Downloaded from central: https://repo.maven.apache.org/maven2/org/jdom/jdom2/2.0.6/jdom2-2.0.6.jar (305 kB at 699 kB/s)
[INFO] Downloading from central: https://repo.maven.apache.org/maven2/com/google/guava/listenablefuture/9999.0-empty-to-avoid-conflict-with-guava/listenablefuture-9999.0-empty-to-avoid-conflict-with-guava.jar
[INFO] Downloaded from central: https://repo.maven.apache.org/maven2/org/vafer/jdependency/2.4.0/jdependency-2.4.0.jar (180 kB at 409 kB/s)
[INFO] Downloading from central: https://repo.maven.apache.org/maven2/org/checkerframework/checker-compat-qual/2.5.5/checker-compat-qual-2.5.5.jar
[INFO] Downloaded from central: https://repo.maven.apache.org/maven2/org/ow2/asm/asm-util/8.0/asm-util-8.0.jar (85 kB at 191 kB/s)
[INFO] Downloading from central: https://repo.maven.apache.org/maven2/com/google/errorprone/error_prone_annotations/2.3.4/error_prone_annotations-2.3.4.jar
[INFO] Downloaded from central: https://repo.maven.apache.org/maven2/com/google/guava/failureaccess/1.0.1/failureaccess-1.0.1.jar (4.6 kB at 10 kB/s)
[INFO] Downloading from central: https://repo.maven.apache.org/maven2/com/google/j2objc/j2objc-annotations/1.3/j2objc-annotations-1.3.jar
[INFO] Downloaded from central: https://repo.maven.apache.org/maven2/com/google/guava/listenablefuture/9999.0-empty-to-avoid-conflict-with-guava/listenablefuture-9999.0-empty-to-avoid-conflict-with-guava.jar (2.2 kB at 4.8 kB/s)
[INFO] Downloading from central: https://repo.maven.apache.org/maven2/org/apache/commons/commons-lang3/3.7/commons-lang3-3.7.jar
[INFO] Downloaded from central: https://repo.maven.apache.org/maven2/org/checkerframework/checker-compat-qual/2.5.5/checker-compat-qual-2.5.5.jar (5.9 kB at 13 kB/s)
[INFO] Downloaded from central: https://repo.maven.apache.org/maven2/com/google/errorprone/error_prone_annotations/2.3.4/error_prone_annotations-2.3.4.jar (14 kB at 29 kB/s)
[INFO] Downloaded from central: https://repo.maven.apache.org/maven2/com/google/j2objc/j2objc-annotations/1.3/j2objc-annotations-1.3.jar (8.8 kB at 18 kB/s)
[INFO] Downloaded from central: https://repo.maven.apache.org/maven2/org/apache/commons/commons-lang3/3.7/commons-lang3-3.7.jar (500 kB at 1.0 MB/s)
[INFO] Downloaded from central: https://repo.maven.apache.org/maven2/com/google/guava/guava/28.2-android/guava-28.2-android.jar (2.6 MB at 4.8 MB/s)
[INFO] 
[INFO] --- resources:3.2.0:resources (default-resources) @ clklog-api ---
[INFO] Downloading from central: https://repo.maven.apache.org/maven2/org/apache/maven/maven-plugin-api/3.1.0/maven-plugin-api-3.1.0.pom
[INFO] Downloaded from central: https://repo.maven.apache.org/maven2/org/apache/maven/maven-plugin-api/3.1.0/maven-plugin-api-3.1.0.pom (3.0 kB at 76 kB/s)
[INFO] Downloading from central: https://repo.maven.apache.org/maven2/org/apache/maven/maven/3.1.0/maven-3.1.0.pom
[INFO] Downloaded from central: https://repo.maven.apache.org/maven2/org/apache/maven/maven/3.1.0/maven-3.1.0.pom (22 kB at 210 kB/s)
[INFO] Downloading from central: https://repo.maven.apache.org/maven2/org/apache/maven/maven-model/3.1.0/maven-model-3.1.0.pom
[INFO] Downloaded from central: https://repo.maven.apache.org/maven2/org/apache/maven/maven-model/3.1.0/maven-model-3.1.0.pom (3.8 kB at 95 kB/s)
[INFO] Downloading from central: https://repo.maven.apache.org/maven2/org/codehaus/plexus/plexus-utils/3.0.10/plexus-utils-3.0.10.pom
[INFO] Downloaded from central: https://repo.maven.apache.org/maven2/org/codehaus/plexus/plexus-utils/3.0.10/plexus-utils-3.0.10.pom (3.1 kB at 121 kB/s)
[INFO] Downloading from central: https://repo.maven.apache.org/maven2/org/codehaus/plexus/plexus/3.3/plexus-3.3.pom
[INFO] Downloaded from central: https://repo.maven.apache.org/maven2/org/codehaus/plexus/plexus/3.3/plexus-3.3.pom (20 kB at 737 kB/s)
[INFO] Downloading from central: https://repo.maven.apache.org/maven2/org/apache/maven/maven-artifact/3.1.0/maven-artifact-3.1.0.pom
[INFO] Downloaded from central: https://repo.maven.apache.org/maven2/org/apache/maven/maven-artifact/3.1.0/maven-artifact-3.1.0.pom (1.6 kB at 35 kB/s)
[INFO] Downloading from central: https://repo.maven.apache.org/maven2/org/eclipse/sisu/org.eclipse.sisu.plexus/0.0.0.M2a/org.eclipse.sisu.plexus-0.0.0.M2a.pom
[INFO] Downloaded from central: https://repo.maven.apache.org/maven2/org/eclipse/sisu/org.eclipse.sisu.plexus/0.0.0.M2a/org.eclipse.sisu.plexus-0.0.0.M2a.pom (5.9 kB at 246 kB/s)
[INFO] Downloading from central: https://repo.maven.apache.org/maven2/org/eclipse/sisu/sisu-plexus/0.0.0.M2a/sisu-plexus-0.0.0.M2a.pom
[INFO] Downloaded from central: https://repo.maven.apache.org/maven2/org/eclipse/sisu/sisu-plexus/0.0.0.M2a/sisu-plexus-0.0.0.M2a.pom (7.9 kB at 344 kB/s)
[INFO] Downloading from central: https://repo.maven.apache.org/maven2/javax/enterprise/cdi-api/1.0/cdi-api-1.0.pom
[INFO] Downloaded from central: https://repo.maven.apache.org/maven2/javax/enterprise/cdi-api/1.0/cdi-api-1.0.pom (1.4 kB at 57 kB/s)
[INFO] Downloading from central: https://repo.maven.apache.org/maven2/org/jboss/weld/weld-api-parent/1.0/weld-api-parent-1.0.pom
[INFO] Downloaded from central: https://repo.maven.apache.org/maven2/org/jboss/weld/weld-api-parent/1.0/weld-api-parent-1.0.pom (2.4 kB at 84 kB/s)
[INFO] Downloading from central: https://repo.maven.apache.org/maven2/org/jboss/weld/weld-api-bom/1.0/weld-api-bom-1.0.pom
[INFO] Downloaded from central: https://repo.maven.apache.org/maven2/org/jboss/weld/weld-api-bom/1.0/weld-api-bom-1.0.pom (7.9 kB at 293 kB/s)
[INFO] Downloading from central: https://repo.maven.apache.org/maven2/org/jboss/weld/weld-parent/6/weld-parent-6.pom
[INFO] Downloaded from central: https://repo.maven.apache.org/maven2/org/jboss/weld/weld-parent/6/weld-parent-6.pom (21 kB at 531 kB/s)
[INFO] Downloading from central: https://repo.maven.apache.org/maven2/javax/annotation/jsr250-api/1.0/jsr250-api-1.0.pom
[INFO] Downloaded from central: https://repo.maven.apache.org/maven2/javax/annotation/jsr250-api/1.0/jsr250-api-1.0.pom (1.0 kB at 38 kB/s)
[INFO] Downloading from central: https://repo.maven.apache.org/maven2/javax/inject/javax.inject/1/javax.inject-1.pom
[INFO] Downloaded from central: https://repo.maven.apache.org/maven2/javax/inject/javax.inject/1/javax.inject-1.pom (612 B at 24 kB/s)
[INFO] Downloading from central: https://repo.maven.apache.org/maven2/org/eclipse/sisu/org.eclipse.sisu.inject/0.0.0.M2a/org.eclipse.sisu.inject-0.0.0.M2a.pom
[INFO] Downloaded from central: https://repo.maven.apache.org/maven2/org/eclipse/sisu/org.eclipse.sisu.inject/0.0.0.M2a/org.eclipse.sisu.inject-0.0.0.M2a.pom (5.0 kB at 46 kB/s)
[INFO] Downloading from central: https://repo.maven.apache.org/maven2/org/eclipse/sisu/sisu-inject/0.0.0.M2a/sisu-inject-0.0.0.M2a.pom
[INFO] Downloaded from central: https://repo.maven.apache.org/maven2/org/eclipse/sisu/sisu-inject/0.0.0.M2a/sisu-inject-0.0.0.M2a.pom (7.8 kB at 325 kB/s)
[INFO] Downloading from central: https://repo.maven.apache.org/maven2/asm/asm/3.3.1/asm-3.3.1.pom
[INFO] Downloaded from central: https://repo.maven.apache.org/maven2/asm/asm/3.3.1/asm-3.3.1.pom (266 B at 12 kB/s)
[INFO] Downloading from central: https://repo.maven.apache.org/maven2/asm/asm-parent/3.3.1/asm-parent-3.3.1.pom
[INFO] Downloaded from central: https://repo.maven.apache.org/maven2/asm/asm-parent/3.3.1/asm-parent-3.3.1.pom (4.3 kB at 188 kB/s)
[INFO] Downloading from central: https://repo.maven.apache.org/maven2/org/codehaus/plexus/plexus-component-annotations/2.0.0/plexus-component-annotations-2.0.0.pom
[INFO] Downloaded from central: https://repo.maven.apache.org/maven2/org/codehaus/plexus/plexus-component-annotations/2.0.0/plexus-component-annotations-2.0.0.pom (750 B at 34 kB/s)
[INFO] Downloading from central: https://repo.maven.apache.org/maven2/org/codehaus/plexus/plexus-containers/2.0.0/plexus-containers-2.0.0.pom
[INFO] Downloaded from central: https://repo.maven.apache.org/maven2/org/codehaus/plexus/plexus-containers/2.0.0/plexus-containers-2.0.0.pom (4.8 kB at 229 kB/s)
[INFO] Downloading from central: https://repo.maven.apache.org/maven2/org/apache/maven/maven-core/3.1.0/maven-core-3.1.0.pom
[INFO] Downloaded from central: https://repo.maven.apache.org/maven2/org/apache/maven/maven-core/3.1.0/maven-core-3.1.0.pom (6.9 kB at 289 kB/s)
[INFO] Downloading from central: https://repo.maven.apache.org/maven2/org/apache/maven/maven-settings/3.1.0/maven-settings-3.1.0.pom
[INFO] Downloaded from central: https://repo.maven.apache.org/maven2/org/apache/maven/maven-settings/3.1.0/maven-settings-3.1.0.pom (1.8 kB at 80 kB/s)
[INFO] Downloading from central: https://repo.maven.apache.org/maven2/org/apache/maven/maven-settings-builder/3.1.0/maven-settings-builder-3.1.0.pom
[INFO] Downloaded from central: https://repo.maven.apache.org/maven2/org/apache/maven/maven-settings-builder/3.1.0/maven-settings-builder-3.1.0.pom (2.3 kB at 108 kB/s)
[INFO] Downloading from central: https://repo.maven.apache.org/maven2/org/codehaus/plexus/plexus-interpolation/1.16/plexus-interpolation-1.16.pom
[INFO] Downloaded from central: https://repo.maven.apache.org/maven2/org/codehaus/plexus/plexus-interpolation/1.16/plexus-interpolation-1.16.pom (1.0 kB at 40 kB/s)
[INFO] Downloading from central: https://repo.maven.apache.org/maven2/org/codehaus/plexus/plexus-components/1.3/plexus-components-1.3.pom
[INFO] Downloaded from central: https://repo.maven.apache.org/maven2/org/codehaus/plexus/plexus-components/1.3/plexus-components-1.3.pom (3.1 kB at 133 kB/s)
[INFO] Downloading from central: https://repo.maven.apache.org/maven2/org/apache/maven/maven-repository-metadata/3.1.0/maven-repository-metadata-3.1.0.pom
[INFO] Downloaded from central: https://repo.maven.apache.org/maven2/org/apache/maven/maven-repository-metadata/3.1.0/maven-repository-metadata-3.1.0.pom (1.9 kB at 17 kB/s)
[INFO] Downloading from central: https://repo.maven.apache.org/maven2/org/apache/maven/maven-model-builder/3.1.0/maven-model-builder-3.1.0.pom
[INFO] Downloaded from central: https://repo.maven.apache.org/maven2/org/apache/maven/maven-model-builder/3.1.0/maven-model-builder-3.1.0.pom (2.5 kB at 19 kB/s)
[INFO] Downloading from central: https://repo.maven.apache.org/maven2/org/apache/maven/maven-aether-provider/3.1.0/maven-aether-provider-3.1.0.pom
[INFO] Downloaded from central: https://repo.maven.apache.org/maven2/org/apache/maven/maven-aether-provider/3.1.0/maven-aether-provider-3.1.0.pom (3.5 kB at 168 kB/s)
[INFO] Downloading from central: https://repo.maven.apache.org/maven2/org/codehaus/plexus/plexus-classworlds/2.4.2/plexus-classworlds-2.4.2.pom
[INFO] Downloaded from central: https://repo.maven.apache.org/maven2/org/codehaus/plexus/plexus-classworlds/2.4.2/plexus-classworlds-2.4.2.pom (3.5 kB at 121 kB/s)
[INFO] Downloading from central: https://repo.maven.apache.org/maven2/org/codehaus/plexus/plexus/3.0.1/plexus-3.0.1.pom
[INFO] Downloaded from central: https://repo.maven.apache.org/maven2/org/codehaus/plexus/plexus/3.0.1/plexus-3.0.1.pom (19 kB at 689 kB/s)
[INFO] Downloading from central: https://repo.maven.apache.org/maven2/org/codehaus/plexus/plexus-interpolation/1.26/plexus-interpolation-1.26.pom
[INFO] Downloaded from central: https://repo.maven.apache.org/maven2/org/codehaus/plexus/plexus-interpolation/1.26/plexus-interpolation-1.26.pom (2.7 kB at 80 kB/s)
[INFO] Downloading from central: https://repo.maven.apache.org/maven2/org/apache/maven/shared/maven-filtering/3.2.0/maven-filtering-3.2.0.pom
[INFO] Downloaded from central: https://repo.maven.apache.org/maven2/org/apache/maven/shared/maven-filtering/3.2.0/maven-filtering-3.2.0.pom (6.8 kB at 235 kB/s)
[INFO] Downloading from central: https://repo.maven.apache.org/maven2/org/apache/maven/maven-plugin-api/3.1.0/maven-plugin-api-3.1.0.jar
[INFO] Downloaded from central: https://repo.maven.apache.org/maven2/org/apache/maven/maven-plugin-api/3.1.0/maven-plugin-api-3.1.0.jar (50 kB at 1.7 MB/s)
[INFO] Downloading from central: https://repo.maven.apache.org/maven2/org/apache/maven/maven-artifact/3.1.0/maven-artifact-3.1.0.jar
[INFO] Downloading from central: https://repo.maven.apache.org/maven2/org/apache/maven/maven-core/3.1.0/maven-core-3.1.0.jar
[INFO] Downloading from central: https://repo.maven.apache.org/maven2/org/apache/maven/maven-settings/3.1.0/maven-settings-3.1.0.jar
[INFO] Downloading from central: https://repo.maven.apache.org/maven2/org/apache/maven/maven-settings-builder/3.1.0/maven-settings-builder-3.1.0.jar
[INFO] Downloading from central: https://repo.maven.apache.org/maven2/org/apache/maven/maven-repository-metadata/3.1.0/maven-repository-metadata-3.1.0.jar
[INFO] Downloaded from central: https://repo.maven.apache.org/maven2/org/apache/maven/maven-artifact/3.1.0/maven-artifact-3.1.0.jar (52 kB at 2.2 MB/s)
[INFO] Downloading from central: https://repo.maven.apache.org/maven2/org/apache/maven/maven-model-builder/3.1.0/maven-model-builder-3.1.0.jar
[INFO] Downloaded from central: https://repo.maven.apache.org/maven2/org/apache/maven/maven-settings-builder/3.1.0/maven-settings-builder-3.1.0.jar (41 kB at 1.7 MB/s)
[INFO] Downloading from central: https://repo.maven.apache.org/maven2/org/apache/maven/maven-aether-provider/3.1.0/maven-aether-provider-3.1.0.jar
[INFO] Downloaded from central: https://repo.maven.apache.org/maven2/org/apache/maven/maven-settings/3.1.0/maven-settings-3.1.0.jar (47 kB at 1.7 MB/s)
[INFO] Downloading from central: https://repo.maven.apache.org/maven2/org/codehaus/plexus/plexus-utils/3.0.10/plexus-utils-3.0.10.jar
[INFO] Downloaded from central: https://repo.maven.apache.org/maven2/org/apache/maven/maven-repository-metadata/3.1.0/maven-repository-metadata-3.1.0.jar (30 kB at 1.1 MB/s)
[INFO] Downloading from central: https://repo.maven.apache.org/maven2/org/codehaus/plexus/plexus-classworlds/2.4.2/plexus-classworlds-2.4.2.jar
[INFO] Downloaded from central: https://repo.maven.apache.org/maven2/org/apache/maven/maven-core/3.1.0/maven-core-3.1.0.jar (563 kB at 17 MB/s)
[INFO] Downloading from central: https://repo.maven.apache.org/maven2/org/apache/maven/maven-model/3.1.0/maven-model-3.1.0.jar
[INFO] Downloaded from central: https://repo.maven.apache.org/maven2/org/apache/maven/maven-aether-provider/3.1.0/maven-aether-provider-3.1.0.jar (60 kB at 1.3 MB/s)
[INFO] Downloading from central: https://repo.maven.apache.org/maven2/org/codehaus/plexus/plexus-component-annotations/2.0.0/plexus-component-annotations-2.0.0.jar
[INFO] Downloaded from central: https://repo.maven.apache.org/maven2/org/apache/maven/maven-model-builder/3.1.0/maven-model-builder-3.1.0.jar (159 kB at 3.2 MB/s)
[INFO] Downloading from central: https://repo.maven.apache.org/maven2/org/codehaus/plexus/plexus-interpolation/1.26/plexus-interpolation-1.26.jar
[INFO] Downloaded from central: https://repo.maven.apache.org/maven2/org/codehaus/plexus/plexus-classworlds/2.4.2/plexus-classworlds-2.4.2.jar (47 kB at 903 kB/s)
[INFO] Downloading from central: https://repo.maven.apache.org/maven2/org/eclipse/sisu/org.eclipse.sisu.plexus/0.0.0.M2a/org.eclipse.sisu.plexus-0.0.0.M2a.jar
[INFO] Downloaded from central: https://repo.maven.apache.org/maven2/org/codehaus/plexus/plexus-utils/3.0.10/plexus-utils-3.0.10.jar (231 kB at 4.3 MB/s)
[INFO] Downloading from central: https://repo.maven.apache.org/maven2/javax/enterprise/cdi-api/1.0/cdi-api-1.0.jar
[INFO] Downloaded from central: https://repo.maven.apache.org/maven2/org/apache/maven/maven-model/3.1.0/maven-model-3.1.0.jar (164 kB at 2.7 MB/s)
[INFO] Downloading from central: https://repo.maven.apache.org/maven2/javax/annotation/jsr250-api/1.0/jsr250-api-1.0.jar
[INFO] Downloaded from central: https://repo.maven.apache.org/maven2/org/codehaus/plexus/plexus-interpolation/1.26/plexus-interpolation-1.26.jar (85 kB at 1.1 MB/s)
[INFO] Downloading from central: https://repo.maven.apache.org/maven2/javax/inject/javax.inject/1/javax.inject-1.jar
[INFO] Downloaded from central: https://repo.maven.apache.org/maven2/org/codehaus/plexus/plexus-component-annotations/2.0.0/plexus-component-annotations-2.0.0.jar (4.2 kB at 56 kB/s)
[INFO] Downloading from central: https://repo.maven.apache.org/maven2/com/google/guava/guava/10.0.1/guava-10.0.1.jar
[INFO] Downloaded from central: https://repo.maven.apache.org/maven2/org/eclipse/sisu/org.eclipse.sisu.plexus/0.0.0.M2a/org.eclipse.sisu.plexus-0.0.0.M2a.jar (202 kB at 2.6 MB/s)
[INFO] Downloading from central: https://repo.maven.apache.org/maven2/com/google/code/findbugs/jsr305/1.3.9/jsr305-1.3.9.jar
[INFO] Downloaded from central: https://repo.maven.apache.org/maven2/javax/enterprise/cdi-api/1.0/cdi-api-1.0.jar (45 kB at 554 kB/s)
[INFO] Downloading from central: https://repo.maven.apache.org/maven2/org/eclipse/sisu/org.eclipse.sisu.inject/0.0.0.M2a/org.eclipse.sisu.inject-0.0.0.M2a.jar
[INFO] Downloaded from central: https://repo.maven.apache.org/maven2/javax/annotation/jsr250-api/1.0/jsr250-api-1.0.jar (5.8 kB at 70 kB/s)
[INFO] Downloading from central: https://repo.maven.apache.org/maven2/asm/asm/3.3.1/asm-3.3.1.jar
[INFO] Downloaded from central: https://repo.maven.apache.org/maven2/javax/inject/javax.inject/1/javax.inject-1.jar (2.5 kB at 25 kB/s)
[INFO] Downloading from central: https://repo.maven.apache.org/maven2/org/apache/maven/shared/maven-filtering/3.2.0/maven-filtering-3.2.0.jar
[INFO] Downloaded from central: https://repo.maven.apache.org/maven2/com/google/code/findbugs/jsr305/1.3.9/jsr305-1.3.9.jar (33 kB at 297 kB/s)
[INFO] Downloading from central: https://repo.maven.apache.org/maven2/org/apache/commons/commons-lang3/3.8.1/commons-lang3-3.8.1.jar
[INFO] Downloaded from central: https://repo.maven.apache.org/maven2/asm/asm/3.3.1/asm-3.3.1.jar (44 kB at 389 kB/s)
[INFO] Downloaded from central: https://repo.maven.apache.org/maven2/org/eclipse/sisu/org.eclipse.sisu.inject/0.0.0.M2a/org.eclipse.sisu.inject-0.0.0.M2a.jar (202 kB at 1.8 MB/s)
[INFO] Downloaded from central: https://repo.maven.apache.org/maven2/org/apache/maven/shared/maven-filtering/3.2.0/maven-filtering-3.2.0.jar (52 kB at 366 kB/s)
[INFO] Downloaded from central: https://repo.maven.apache.org/maven2/org/apache/commons/commons-lang3/3.8.1/commons-lang3-3.8.1.jar (502 kB at 3.4 MB/s)
[INFO] Downloaded from central: https://repo.maven.apache.org/maven2/com/google/guava/guava/10.0.1/guava-10.0.1.jar (1.5 MB at 10 MB/s)
[INFO] Using 'UTF-8' encoding to copy filtered resources.
[INFO] Using 'UTF-8' encoding to copy filtered properties files.
[INFO] Copying 1 resource
[INFO] Copying 1 resource
[INFO] 
[INFO] --- compiler:3.8.1:compile (default-compile) @ clklog-api ---
[INFO] Downloading from central: https://repo.maven.apache.org/maven2/org/apache/maven/shared/maven-shared-utils/3.2.1/maven-shared-utils-3.2.1.pom
[INFO] Downloaded from central: https://repo.maven.apache.org/maven2/org/apache/maven/shared/maven-shared-utils/3.2.1/maven-shared-utils-3.2.1.pom (5.6 kB at 92 kB/s)
[INFO] Downloading from central: https://repo.maven.apache.org/maven2/org/apache/maven/shared/maven-shared-incremental/1.1/maven-shared-incremental-1.1.pom
[INFO] Downloaded from central: https://repo.maven.apache.org/maven2/org/apache/maven/shared/maven-shared-incremental/1.1/maven-shared-incremental-1.1.pom (4.7 kB at 144 kB/s)
[INFO] Downloading from central: https://repo.maven.apache.org/maven2/org/apache/maven/shared/maven-shared-components/19/maven-shared-components-19.pom
[INFO] Downloaded from central: https://repo.maven.apache.org/maven2/org/apache/maven/shared/maven-shared-components/19/maven-shared-components-19.pom (6.4 kB at 276 kB/s)
[INFO] Downloading from central: https://repo.maven.apache.org/maven2/org/apache/maven/maven-plugin-api/2.2.1/maven-plugin-api-2.2.1.pom
[INFO] Downloaded from central: https://repo.maven.apache.org/maven2/org/apache/maven/maven-plugin-api/2.2.1/maven-plugin-api-2.2.1.pom (1.5 kB at 77 kB/s)
[INFO] Downloading from central: https://repo.maven.apache.org/maven2/org/apache/maven/maven/2.2.1/maven-2.2.1.pom
[INFO] Downloaded from central: https://repo.maven.apache.org/maven2/org/apache/maven/maven/2.2.1/maven-2.2.1.pom (22 kB at 700 kB/s)
[INFO] Downloading from central: https://repo.maven.apache.org/maven2/org/apache/maven/maven-parent/11/maven-parent-11.pom
[INFO] Downloaded from central: https://repo.maven.apache.org/maven2/org/apache/maven/maven-parent/11/maven-parent-11.pom (32 kB at 1.5 MB/s)
[INFO] Downloading from central: https://repo.maven.apache.org/maven2/org/apache/apache/5/apache-5.pom
[INFO] Downloaded from central: https://repo.maven.apache.org/maven2/org/apache/apache/5/apache-5.pom (4.1 kB at 158 kB/s)
[INFO] Downloading from central: https://repo.maven.apache.org/maven2/org/apache/maven/maven-core/2.2.1/maven-core-2.2.1.pom
[INFO] Downloaded from central: https://repo.maven.apache.org/maven2/org/apache/maven/maven-core/2.2.1/maven-core-2.2.1.pom (12 kB at 529 kB/s)
[INFO] Downloading from central: https://repo.maven.apache.org/maven2/org/apache/maven/maven-settings/2.2.1/maven-settings-2.2.1.pom
[INFO] Downloaded from central: https://repo.maven.apache.org/maven2/org/apache/maven/maven-settings/2.2.1/maven-settings-2.2.1.pom (2.2 kB at 91 kB/s)
[INFO] Downloading from central: https://repo.maven.apache.org/maven2/org/apache/maven/maven-model/2.2.1/maven-model-2.2.1.pom
[INFO] Downloaded from central: https://repo.maven.apache.org/maven2/org/apache/maven/maven-model/2.2.1/maven-model-2.2.1.pom (3.2 kB at 162 kB/s)
[INFO] Downloading from central: https://repo.maven.apache.org/maven2/org/codehaus/plexus/plexus-utils/1.5.15/plexus-utils-1.5.15.pom
[INFO] Downloaded from central: https://repo.maven.apache.org/maven2/org/codehaus/plexus/plexus-utils/1.5.15/plexus-utils-1.5.15.pom (6.8 kB at 63 kB/s)
[INFO] Downloading from central: https://repo.maven.apache.org/maven2/org/codehaus/plexus/plexus-interpolation/1.11/plexus-interpolation-1.11.pom
[INFO] Downloaded from central: https://repo.maven.apache.org/maven2/org/codehaus/plexus/plexus-interpolation/1.11/plexus-interpolation-1.11.pom (889 B at 33 kB/s)
[INFO] Downloading from central: https://repo.maven.apache.org/maven2/org/codehaus/plexus/plexus-components/1.1.14/plexus-components-1.1.14.pom
[INFO] Downloaded from central: https://repo.maven.apache.org/maven2/org/codehaus/plexus/plexus-components/1.1.14/plexus-components-1.1.14.pom (5.8 kB at 53 kB/s)
[INFO] Downloading from central: https://repo.maven.apache.org/maven2/org/apache/maven/maven-plugin-parameter-documenter/2.2.1/maven-plugin-parameter-documenter-2.2.1.pom
[INFO] Downloaded from central: https://repo.maven.apache.org/maven2/org/apache/maven/maven-plugin-parameter-documenter/2.2.1/maven-plugin-parameter-documenter-2.2.1.pom (2.0 kB at 72 kB/s)
[INFO] Downloading from central: https://repo.maven.apache.org/maven2/org/slf4j/slf4j-jdk14/1.5.6/slf4j-jdk14-1.5.6.pom
[INFO] Downloaded from central: https://repo.maven.apache.org/maven2/org/slf4j/slf4j-jdk14/1.5.6/slf4j-jdk14-1.5.6.pom (1.9 kB at 76 kB/s)
[INFO] Downloading from central: https://repo.maven.apache.org/maven2/org/slf4j/slf4j-parent/1.5.6/slf4j-parent-1.5.6.pom
[INFO] Downloaded from central: https://repo.maven.apache.org/maven2/org/slf4j/slf4j-parent/1.5.6/slf4j-parent-1.5.6.pom (7.9 kB at 360 kB/s)
[INFO] Downloading from central: https://repo.maven.apache.org/maven2/org/slf4j/slf4j-api/1.5.6/slf4j-api-1.5.6.pom
[INFO] Downloaded from central: https://repo.maven.apache.org/maven2/org/slf4j/slf4j-api/1.5.6/slf4j-api-1.5.6.pom (3.0 kB at 142 kB/s)
[INFO] Downloading from central: https://repo.maven.apache.org/maven2/org/slf4j/jcl-over-slf4j/1.5.6/jcl-over-slf4j-1.5.6.pom
[INFO] Downloaded from central: https://repo.maven.apache.org/maven2/org/slf4j/jcl-over-slf4j/1.5.6/jcl-over-slf4j-1.5.6.pom (2.2 kB at 87 kB/s)
[INFO] Downloading from central: https://repo.maven.apache.org/maven2/org/apache/maven/maven-profile/2.2.1/maven-profile-2.2.1.pom
[INFO] Downloaded from central: https://repo.maven.apache.org/maven2/org/apache/maven/maven-profile/2.2.1/maven-profile-2.2.1.pom (2.2 kB at 94 kB/s)
[INFO] Downloading from central: https://repo.maven.apache.org/maven2/org/apache/maven/maven-artifact/2.2.1/maven-artifact-2.2.1.pom
[INFO] Downloaded from central: https://repo.maven.apache.org/maven2/org/apache/maven/maven-artifact/2.2.1/maven-artifact-2.2.1.pom (1.6 kB at 61 kB/s)
[INFO] Downloading from central: https://repo.maven.apache.org/maven2/org/apache/maven/maven-repository-metadata/2.2.1/maven-repository-metadata-2.2.1.pom
[INFO] Downloaded from central: https://repo.maven.apache.org/maven2/org/apache/maven/maven-repository-metadata/2.2.1/maven-repository-metadata-2.2.1.pom (1.9 kB at 75 kB/s)
[INFO] Downloading from central: https://repo.maven.apache.org/maven2/org/apache/maven/maven-error-diagnostics/2.2.1/maven-error-diagnostics-2.2.1.pom
[INFO] Downloaded from central: https://repo.maven.apache.org/maven2/org/apache/maven/maven-error-diagnostics/2.2.1/maven-error-diagnostics-2.2.1.pom (1.7 kB at 42 kB/s)
[INFO] Downloading from central: https://repo.maven.apache.org/maven2/org/apache/maven/maven-project/2.2.1/maven-project-2.2.1.pom
[INFO] Downloaded from central: https://repo.maven.apache.org/maven2/org/apache/maven/maven-project/2.2.1/maven-project-2.2.1.pom (2.8 kB at 107 kB/s)
[INFO] Downloading from central: https://repo.maven.apache.org/maven2/org/apache/maven/maven-artifact-manager/2.2.1/maven-artifact-manager-2.2.1.pom
[INFO] Downloaded from central: https://repo.maven.apache.org/maven2/org/apache/maven/maven-artifact-manager/2.2.1/maven-artifact-manager-2.2.1.pom (3.1 kB at 124 kB/s)
[INFO] Downloading from central: https://repo.maven.apache.org/maven2/backport-util-concurrent/backport-util-concurrent/3.1/backport-util-concurrent-3.1.pom
[INFO] Downloaded from central: https://repo.maven.apache.org/maven2/backport-util-concurrent/backport-util-concurrent/3.1/backport-util-concurrent-3.1.pom (880 B at 25 kB/s)
[INFO] Downloading from central: https://repo.maven.apache.org/maven2/org/apache/maven/maven-plugin-registry/2.2.1/maven-plugin-registry-2.2.1.pom
[INFO] Downloaded from central: https://repo.maven.apache.org/maven2/org/apache/maven/maven-plugin-registry/2.2.1/maven-plugin-registry-2.2.1.pom (1.9 kB at 80 kB/s)
[INFO] Downloading from central: https://repo.maven.apache.org/maven2/org/apache/maven/maven-plugin-descriptor/2.2.1/maven-plugin-descriptor-2.2.1.pom
[INFO] Downloaded from central: https://repo.maven.apache.org/maven2/org/apache/maven/maven-plugin-descriptor/2.2.1/maven-plugin-descriptor-2.2.1.pom (2.1 kB at 19 kB/s)
[INFO] Downloading from central: https://repo.maven.apache.org/maven2/org/apache/maven/maven-monitor/2.2.1/maven-monitor-2.2.1.pom
[INFO] Downloaded from central: https://repo.maven.apache.org/maven2/org/apache/maven/maven-monitor/2.2.1/maven-monitor-2.2.1.pom (1.3 kB at 55 kB/s)
[INFO] Downloading from central: https://repo.maven.apache.org/maven2/org/apache/maven/shared/maven-shared-utils/0.1/maven-shared-utils-0.1.pom
[INFO] Downloaded from central: https://repo.maven.apache.org/maven2/org/apache/maven/shared/maven-shared-utils/0.1/maven-shared-utils-0.1.pom (4.0 kB at 156 kB/s)
[INFO] Downloading from central: https://repo.maven.apache.org/maven2/org/apache/maven/shared/maven-shared-components/18/maven-shared-components-18.pom
[INFO] Downloaded from central: https://repo.maven.apache.org/maven2/org/apache/maven/shared/maven-shared-components/18/maven-shared-components-18.pom (4.9 kB at 183 kB/s)
[INFO] Downloading from central: https://repo.maven.apache.org/maven2/org/apache/maven/maven-parent/22/maven-parent-22.pom
[INFO] Downloaded from central: https://repo.maven.apache.org/maven2/org/apache/maven/maven-parent/22/maven-parent-22.pom (30 kB at 1.3 MB/s)
[INFO] Downloading from central: https://repo.maven.apache.org/maven2/org/apache/apache/11/apache-11.pom
[INFO] Downloaded from central: https://repo.maven.apache.org/maven2/org/apache/apache/11/apache-11.pom (15 kB at 592 kB/s)
[INFO] Downloading from central: https://repo.maven.apache.org/maven2/com/google/code/findbugs/jsr305/2.0.1/jsr305-2.0.1.pom
[INFO] Downloaded from central: https://repo.maven.apache.org/maven2/com/google/code/findbugs/jsr305/2.0.1/jsr305-2.0.1.pom (965 B at 44 kB/s)
[INFO] Downloading from central: https://repo.maven.apache.org/maven2/org/codehaus/plexus/plexus-java/0.9.10/plexus-java-0.9.10.pom
[INFO] Downloaded from central: https://repo.maven.apache.org/maven2/org/codehaus/plexus/plexus-java/0.9.10/plexus-java-0.9.10.pom (5.1 kB at 189 kB/s)
[INFO] Downloading from central: https://repo.maven.apache.org/maven2/org/codehaus/plexus/plexus-languages/0.9.10/plexus-languages-0.9.10.pom
[INFO] Downloaded from central: https://repo.maven.apache.org/maven2/org/codehaus/plexus/plexus-languages/0.9.10/plexus-languages-0.9.10.pom (4.1 kB at 172 kB/s)
[INFO] Downloading from central: https://repo.maven.apache.org/maven2/org/ow2/asm/asm/6.2/asm-6.2.pom
[INFO] Downloaded from central: https://repo.maven.apache.org/maven2/org/ow2/asm/asm/6.2/asm-6.2.pom (2.9 kB at 133 kB/s)
[INFO] Downloading from central: https://repo.maven.apache.org/maven2/com/thoughtworks/qdox/qdox/2.0-M9/qdox-2.0-M9.pom
[INFO] Downloaded from central: https://repo.maven.apache.org/maven2/com/thoughtworks/qdox/qdox/2.0-M9/qdox-2.0-M9.pom (16 kB at 511 kB/s)
[INFO] Downloading from central: https://repo.maven.apache.org/maven2/org/codehaus/plexus/plexus-compiler-api/2.8.4/plexus-compiler-api-2.8.4.pom
[INFO] Downloaded from central: https://repo.maven.apache.org/maven2/org/codehaus/plexus/plexus-compiler-api/2.8.4/plexus-compiler-api-2.8.4.pom (867 B at 9.0 kB/s)
[INFO] Downloading from central: https://repo.maven.apache.org/maven2/org/codehaus/plexus/plexus-compiler/2.8.4/plexus-compiler-2.8.4.pom
[INFO] Downloaded from central: https://repo.maven.apache.org/maven2/org/codehaus/plexus/plexus-compiler/2.8.4/plexus-compiler-2.8.4.pom (6.0 kB at 57 kB/s)
[INFO] Downloading from central: https://repo.maven.apache.org/maven2/org/codehaus/plexus/plexus-components/4.0/plexus-components-4.0.pom
[INFO] Downloaded from central: https://repo.maven.apache.org/maven2/org/codehaus/plexus/plexus-components/4.0/plexus-components-4.0.pom (2.7 kB at 111 kB/s)
[INFO] Downloading from central: https://repo.maven.apache.org/maven2/org/codehaus/plexus/plexus-utils/3.0.22/plexus-utils-3.0.22.pom
[INFO] Downloaded from central: https://repo.maven.apache.org/maven2/org/codehaus/plexus/plexus-utils/3.0.22/plexus-utils-3.0.22.pom (3.8 kB at 124 kB/s)
[INFO] Downloading from central: https://repo.maven.apache.org/maven2/org/codehaus/plexus/plexus-compiler-manager/2.8.4/plexus-compiler-manager-2.8.4.pom
[INFO] Downloaded from central: https://repo.maven.apache.org/maven2/org/codehaus/plexus/plexus-compiler-manager/2.8.4/plexus-compiler-manager-2.8.4.pom (692 B at 28 kB/s)
[INFO] Downloading from central: https://repo.maven.apache.org/maven2/org/codehaus/plexus/plexus-compiler-javac/2.8.4/plexus-compiler-javac-2.8.4.pom
[INFO] Downloaded from central: https://repo.maven.apache.org/maven2/org/codehaus/plexus/plexus-compiler-javac/2.8.4/plexus-compiler-javac-2.8.4.pom (771 B at 29 kB/s)
[INFO] Downloading from central: https://repo.maven.apache.org/maven2/org/codehaus/plexus/plexus-compilers/2.8.4/plexus-compilers-2.8.4.pom
[INFO] Downloaded from central: https://repo.maven.apache.org/maven2/org/codehaus/plexus/plexus-compilers/2.8.4/plexus-compilers-2.8.4.pom (1.3 kB at 37 kB/s)
[INFO] Downloading from central: https://repo.maven.apache.org/maven2/org/apache/maven/maven-plugin-api/3.0/maven-plugin-api-3.0.jar
[INFO] Downloaded from central: https://repo.maven.apache.org/maven2/org/apache/maven/maven-plugin-api/3.0/maven-plugin-api-3.0.jar (49 kB at 2.1 MB/s)
[INFO] Downloading from central: https://repo.maven.apache.org/maven2/org/apache/maven/maven-model/3.0/maven-model-3.0.jar
[INFO] Downloading from central: https://repo.maven.apache.org/maven2/org/sonatype/sisu/sisu-inject-plexus/1.4.2/sisu-inject-plexus-1.4.2.jar
[INFO] Downloading from central: https://repo.maven.apache.org/maven2/org/sonatype/sisu/sisu-inject-bean/1.4.2/sisu-inject-bean-1.4.2.jar
[INFO] Downloading from central: https://repo.maven.apache.org/maven2/org/sonatype/sisu/sisu-guice/2.1.7/sisu-guice-2.1.7-noaop.jar
[INFO] Downloading from central: https://repo.maven.apache.org/maven2/org/apache/maven/maven-artifact/3.0/maven-artifact-3.0.jar
[INFO] Downloaded from central: https://repo.maven.apache.org/maven2/org/apache/maven/maven-artifact/3.0/maven-artifact-3.0.jar (52 kB at 2.0 MB/s)
[INFO] Downloading from central: https://repo.maven.apache.org/maven2/org/codehaus/plexus/plexus-utils/2.0.4/plexus-utils-2.0.4.jar
[INFO] Downloaded from central: https://repo.maven.apache.org/maven2/org/sonatype/sisu/sisu-inject-plexus/1.4.2/sisu-inject-plexus-1.4.2.jar (202 kB at 7.2 MB/s)
[INFO] Downloading from central: https://repo.maven.apache.org/maven2/org/apache/maven/maven-core/3.0/maven-core-3.0.jar
[INFO] Downloaded from central: https://repo.maven.apache.org/maven2/org/sonatype/sisu/sisu-inject-bean/1.4.2/sisu-inject-bean-1.4.2.jar (153 kB at 4.9 MB/s)
[INFO] Downloading from central: https://repo.maven.apache.org/maven2/org/apache/maven/maven-settings/3.0/maven-settings-3.0.jar
[INFO] Downloaded from central: https://repo.maven.apache.org/maven2/org/apache/maven/maven-model/3.0/maven-model-3.0.jar (165 kB at 5.1 MB/s)
[INFO] Downloading from central: https://repo.maven.apache.org/maven2/org/apache/maven/maven-settings-builder/3.0/maven-settings-builder-3.0.jar
[INFO] Downloaded from central: https://repo.maven.apache.org/maven2/org/sonatype/sisu/sisu-guice/2.1.7/sisu-guice-2.1.7-noaop.jar (472 kB at 13 MB/s)
[INFO] Downloading from central: https://repo.maven.apache.org/maven2/org/apache/maven/maven-repository-metadata/3.0/maven-repository-metadata-3.0.jar
[INFO] Downloaded from central: https://repo.maven.apache.org/maven2/org/apache/maven/maven-settings/3.0/maven-settings-3.0.jar (47 kB at 778 kB/s)
[INFO] Downloading from central: https://repo.maven.apache.org/maven2/org/apache/maven/maven-model-builder/3.0/maven-model-builder-3.0.jar
[INFO] Downloaded from central: https://repo.maven.apache.org/maven2/org/apache/maven/maven-settings-builder/3.0/maven-settings-builder-3.0.jar (38 kB at 630 kB/s)
[INFO] Downloading from central: https://repo.maven.apache.org/maven2/org/apache/maven/maven-aether-provider/3.0/maven-aether-provider-3.0.jar
[INFO] Downloaded from central: https://repo.maven.apache.org/maven2/org/codehaus/plexus/plexus-utils/2.0.4/plexus-utils-2.0.4.jar (222 kB at 3.5 MB/s)
[INFO] Downloading from central: https://repo.maven.apache.org/maven2/org/sonatype/aether/aether-impl/1.7/aether-impl-1.7.jar
[INFO] Downloaded from central: https://repo.maven.apache.org/maven2/org/apache/maven/maven-core/3.0/maven-core-3.0.jar (527 kB at 8.0 MB/s)
[INFO] Downloading from central: https://repo.maven.apache.org/maven2/org/sonatype/aether/aether-spi/1.7/aether-spi-1.7.jar
[INFO] Downloaded from central: https://repo.maven.apache.org/maven2/org/apache/maven/maven-repository-metadata/3.0/maven-repository-metadata-3.0.jar (30 kB at 463 kB/s)
[INFO] Downloading from central: https://repo.maven.apache.org/maven2/org/sonatype/aether/aether-api/1.7/aether-api-1.7.jar
[INFO] Downloaded from central: https://repo.maven.apache.org/maven2/org/apache/maven/maven-aether-provider/3.0/maven-aether-provider-3.0.jar (51 kB at 617 kB/s)
[INFO] Downloading from central: https://repo.maven.apache.org/maven2/org/sonatype/aether/aether-util/1.7/aether-util-1.7.jar
[INFO] Downloaded from central: https://repo.maven.apache.org/maven2/org/apache/maven/maven-model-builder/3.0/maven-model-builder-3.0.jar (148 kB at 1.7 MB/s)
[INFO] Downloading from central: https://repo.maven.apache.org/maven2/org/codehaus/plexus/plexus-interpolation/1.14/plexus-interpolation-1.14.jar
[INFO] Downloaded from central: https://repo.maven.apache.org/maven2/org/sonatype/aether/aether-api/1.7/aether-api-1.7.jar (74 kB at 833 kB/s)
[INFO] Downloaded from central: https://repo.maven.apache.org/maven2/org/sonatype/aether/aether-spi/1.7/aether-spi-1.7.jar (14 kB at 152 kB/s)
[INFO] Downloading from central: https://repo.maven.apache.org/maven2/org/codehaus/plexus/plexus-classworlds/2.2.3/plexus-classworlds-2.2.3.jar
[INFO] Downloading from central: https://repo.maven.apache.org/maven2/org/codehaus/plexus/plexus-component-annotations/1.7.1/plexus-component-annotations-1.7.1.jar
[INFO] Downloaded from central: https://repo.maven.apache.org/maven2/org/sonatype/aether/aether-impl/1.7/aether-impl-1.7.jar (106 kB at 1.2 MB/s)
[INFO] Downloading from central: https://repo.maven.apache.org/maven2/org/apache/maven/shared/maven-shared-utils/3.2.1/maven-shared-utils-3.2.1.jar
[INFO] Downloaded from central: https://repo.maven.apache.org/maven2/org/sonatype/aether/aether-util/1.7/aether-util-1.7.jar (108 kB at 1.0 MB/s)
[INFO] Downloading from central: https://repo.maven.apache.org/maven2/commons-io/commons-io/2.5/commons-io-2.5.jar
[INFO] Downloaded from central: https://repo.maven.apache.org/maven2/org/codehaus/plexus/plexus-interpolation/1.14/plexus-interpolation-1.14.jar (61 kB at 555 kB/s)
[INFO] Downloading from central: https://repo.maven.apache.org/maven2/org/apache/maven/shared/maven-shared-incremental/1.1/maven-shared-incremental-1.1.jar
[INFO] Downloaded from central: https://repo.maven.apache.org/maven2/org/codehaus/plexus/plexus-classworlds/2.2.3/plexus-classworlds-2.2.3.jar (46 kB at 412 kB/s)
[INFO] Downloading from central: https://repo.maven.apache.org/maven2/org/codehaus/plexus/plexus-java/0.9.10/plexus-java-0.9.10.jar
[INFO] Downloaded from central: https://repo.maven.apache.org/maven2/org/codehaus/plexus/plexus-component-annotations/1.7.1/plexus-component-annotations-1.7.1.jar (4.3 kB at 38 kB/s)
[INFO] Downloading from central: https://repo.maven.apache.org/maven2/org/ow2/asm/asm/6.2/asm-6.2.jar
[INFO] Downloaded from central: https://repo.maven.apache.org/maven2/org/apache/maven/shared/maven-shared-utils/3.2.1/maven-shared-utils-3.2.1.jar (167 kB at 1.4 MB/s)
[INFO] Downloading from central: https://repo.maven.apache.org/maven2/com/thoughtworks/qdox/qdox/2.0-M9/qdox-2.0-M9.jar
[INFO] Downloaded from central: https://repo.maven.apache.org/maven2/org/apache/maven/shared/maven-shared-incremental/1.1/maven-shared-incremental-1.1.jar (14 kB at 103 kB/s)
[INFO] Downloading from central: https://repo.maven.apache.org/maven2/org/codehaus/plexus/plexus-compiler-api/2.8.4/plexus-compiler-api-2.8.4.jar
[INFO] Downloaded from central: https://repo.maven.apache.org/maven2/commons-io/commons-io/2.5/commons-io-2.5.jar (209 kB at 1.6 MB/s)
[INFO] Downloading from central: https://repo.maven.apache.org/maven2/org/codehaus/plexus/plexus-compiler-manager/2.8.4/plexus-compiler-manager-2.8.4.jar
[INFO] Downloaded from central: https://repo.maven.apache.org/maven2/org/codehaus/plexus/plexus-java/0.9.10/plexus-java-0.9.10.jar (39 kB at 286 kB/s)
[INFO] Downloading from central: https://repo.maven.apache.org/maven2/org/codehaus/plexus/plexus-compiler-javac/2.8.4/plexus-compiler-javac-2.8.4.jar
[INFO] Downloaded from central: https://repo.maven.apache.org/maven2/org/ow2/asm/asm/6.2/asm-6.2.jar (111 kB at 794 kB/s)
[INFO] Downloaded from central: https://repo.maven.apache.org/maven2/org/codehaus/plexus/plexus-compiler-api/2.8.4/plexus-compiler-api-2.8.4.jar (27 kB at 176 kB/s)
[INFO] Downloaded from central: https://repo.maven.apache.org/maven2/com/thoughtworks/qdox/qdox/2.0-M9/qdox-2.0-M9.jar (317 kB at 2.1 MB/s)
[INFO] Downloaded from central: https://repo.maven.apache.org/maven2/org/codehaus/plexus/plexus-compiler-manager/2.8.4/plexus-compiler-manager-2.8.4.jar (4.7 kB at 30 kB/s)
[INFO] Downloaded from central: https://repo.maven.apache.org/maven2/org/codehaus/plexus/plexus-compiler-javac/2.8.4/plexus-compiler-javac-2.8.4.jar (21 kB at 131 kB/s)
[INFO] Changes detected - recompiling the module!
[INFO] Compiling 261 source files to /project/target/classes
[INFO] -------------------------------------------------------------
[ERROR] COMPILATION ERROR : 
[INFO] -------------------------------------------------------------
[ERROR] /project/src/main/java/com/zcunsoft/clklog/framework/config/ObjectMapperConfiguration.java:[3,45] package com.fasterxml.jackson.datatype.jsr310 does not exist
[ERROR] /project/src/main/java/com/zcunsoft/clklog/framework/config/ObjectMapperConfiguration.java:[5,46] package org.springframework.context.annotation does not exist
[ERROR] /project/src/main/java/com/zcunsoft/clklog/framework/config/ObjectMapperConfiguration.java:[6,46] package org.springframework.context.annotation does not exist
[ERROR] /project/src/main/java/com/zcunsoft/clklog/framework/config/ObjectMapperConfiguration.java:[13,2] cannot find symbol
  symbol: class Configuration
[ERROR] /project/src/main/java/com/zcunsoft/clklog/api/models/ResponseBase.java:[6,43] package io.swagger.v3.oas.annotations.media does not exist
[ERROR] /project/src/main/java/com/zcunsoft/clklog/api/models/ResponseBaseSlim.java:[3,43] package io.swagger.v3.oas.annotations.media does not exist
[ERROR] /project/src/main/java/com/zcunsoft/clklog/api/models/visituri/GetVisitUriListResponseData.java:[4,43] package io.swagger.v3.oas.annotations.media does not exist
[ERROR] /project/src/main/java/com/zcunsoft/clklog/api/models/visituri/GetVisitUriListResponseData.java:[9,2] cannot find symbol
  symbol: class Schema
[ERROR] /project/src/main/java/com/zcunsoft/clklog/api/models/visituri/VisitUri.java:[3,43] package io.swagger.v3.oas.annotations.media does not exist
[ERROR] /project/src/main/java/com/zcunsoft/clklog/api/models/visituri/VisitUri.java:[6,2] cannot find symbol
  symbol: class Schema
[ERROR] /project/src/main/java/com/zcunsoft/clklog/api/models/visituri/VisitUriTreeStatData.java:[3,43] package io.swagger.v3.oas.annotations.media does not exist
[ERROR] /project/src/main/java/com/zcunsoft/clklog/api/models/visituri/VisitUriTreeStatData.java:[9,2] cannot find symbol
  symbol: class Schema
[ERROR] /project/src/main/java/com/zcunsoft/clklog/api/models/visituri/VisitUriPathDetail.java:[4,43] package io.swagger.v3.oas.annotations.media does not exist
[ERROR] /project/src/main/java/com/zcunsoft/clklog/api/models/visituri/VisitUriPathDetail.java:[9,2] cannot find symbol
  symbol: class Schema
[ERROR] /project/src/main/java/com/zcunsoft/clklog/api/models/visitor/GetVisitorChannelResponseData.java:[3,43] package io.swagger.v3.oas.annotations.media does not exist
[ERROR] /project/src/main/java/com/zcunsoft/clklog/api/models/visitor/GetVisitorChannelResponseData.java:[7,2] cannot find symbol
  symbol: class Schema
[ERROR] /project/src/main/java/com/zcunsoft/clklog/api/models/visitor/VisitorChannel.java:[3,43] package io.swagger.v3.oas.annotations.media does not exist
[ERROR] /project/src/main/java/com/zcunsoft/clklog/api/models/visitor/VisitorChannel.java:[6,2] cannot find symbol
  symbol: class Schema
[ERROR] /project/src/main/java/com/zcunsoft/clklog/api/models/uservisit/BaseUserVisit.java:[3,43] package io.swagger.v3.oas.annotations.media does not exist
[ERROR] /project/src/main/java/com/zcunsoft/clklog/api/models/uservisit/BaseUserVisit.java:[6,2] cannot find symbol
  symbol: class Schema
[ERROR] /project/src/main/java/com/zcunsoft/clklog/api/models/visitor/GetVisitorDetailinfoRequest.java:[3,43] package io.swagger.v3.oas.annotations.media does not exist
[ERROR] /project/src/main/java/com/zcunsoft/clklog/api/models/visitor/GetVisitorDetailinfoRequest.java:[6,2] cannot find symbol
  symbol: class Schema
[ERROR] /project/src/main/java/com/zcunsoft/clklog/common/model/ResponseBaseSlim.java:[3,43] package io.swagger.v3.oas.annotations.media does not exist
[ERROR] /project/src/main/java/com/zcunsoft/clklog/api/entity/clickhouse/VisitorLifebydate.java:[5,25] package javax.persistence does not exist
[ERROR] /project/src/main/java/com/zcunsoft/clklog/api/entity/clickhouse/VisitorLifebydate.java:[6,25] package javax.persistence does not exist
[ERROR] /project/src/main/java/com/zcunsoft/clklog/api/entity/clickhouse/VisitorLifebydate.java:[7,25] package javax.persistence does not exist
[ERROR] /project/src/main/java/com/zcunsoft/clklog/api/entity/clickhouse/VisitorLifebydate.java:[10,2] cannot find symbol
  symbol: class Entity
[ERROR] /project/src/main/java/com/zcunsoft/clklog/api/models/visituri/VisitUriDetail.java:[3,43] package io.swagger.v3.oas.annotations.media does not exist
[ERROR] /project/src/main/java/com/zcunsoft/clklog/api/models/visituri/VisitUriDetail.java:[6,2] cannot find symbol
  symbol: class Schema
[ERROR] /project/src/main/java/com/zcunsoft/clklog/api/services/ProfileService.java:[3,24] package javax.annotation does not exist
[ERROR] /project/src/main/java/com/zcunsoft/clklog/api/services/ProfileService.java:[5,33] package org.springframework.beans does not exist
[ERROR] /project/src/main/java/com/zcunsoft/clklog/api/services/ProfileService.java:[6,38] package org.springframework.stereotype does not exist
[ERROR] /project/src/main/java/com/zcunsoft/clklog/api/services/ProfileService.java:[12,2] cannot find symbol
  symbol: class Service
[ERROR] /project/src/main/java/com/zcunsoft/clklog/api/utils/ClientProfileFile.java:[12,32] package org.springframework.util does not exist
[ERROR] /project/src/main/java/com/zcunsoft/clklog/api/models/profile/UpdateProfileRequest.java:[3,36] package javax.validation.constraints does not exist
[ERROR] /project/src/main/java/com/zcunsoft/clklog/api/models/profile/UpdateProfileRequest.java:[4,36] package javax.validation.constraints does not exist
[ERROR] /project/src/main/java/com/zcunsoft/clklog/api/models/profile/UpdateProfileRequest.java:[6,43] package io.swagger.v3.oas.annotations.media does not exist
[ERROR] /project/src/main/java/com/zcunsoft/clklog/api/models/profile/UpdateProfileRequest.java:[9,2] cannot find symbol
  symbol: class Schema
[ERROR] /project/src/main/java/com/zcunsoft/clklog/api/utils/ClientProfileFile.java:[19,1] package org.slf4j does not exist
[ERROR] /project/src/main/java/com/zcunsoft/clklog/api/models/visitor/GetVisitListResponseData.java:[4,43] package io.swagger.v3.oas.annotations.media does not exist
[ERROR] /project/src/main/java/com/zcunsoft/clklog/api/models/visitor/GetVisitListResponseData.java:[9,2] cannot find symbol
  symbol: class Schema
[ERROR] /project/src/main/java/com/zcunsoft/clklog/api/models/visitor/Visit.java:[3,43] package io.swagger.v3.oas.annotations.media does not exist
[ERROR] /project/src/main/java/com/zcunsoft/clklog/api/models/visitor/Visit.java:[9,2] cannot find symbol
  symbol: class Schema
[ERROR] /project/src/main/java/com/zcunsoft/clklog/api/services/ReportServiceImpl.java:[35,32] package org.apache.commons.lang3 does not exist
[ERROR] /project/src/main/java/com/zcunsoft/clklog/api/services/ReportServiceImpl.java:[36,37] package org.apache.commons.lang3.time does not exist
[ERROR] /project/src/main/java/com/zcunsoft/clklog/api/services/ReportServiceImpl.java:[37,17] package org.slf4j does not exist
[ERROR] /project/src/main/java/com/zcunsoft/clklog/api/services/ReportServiceImpl.java:[38,17] package org.slf4j does not exist
[ERROR] /project/src/main/java/com/zcunsoft/clklog/api/services/ReportServiceImpl.java:[39,33] package org.springframework.beans does not exist
[ERROR] /project/src/main/java/com/zcunsoft/clklog/api/services/ReportServiceImpl.java:[40,31] package org.springframework.dao does not exist
[ERROR] /project/src/main/java/com/zcunsoft/clklog/api/services/ReportServiceImpl.java:[41,49] package org.springframework.data.redis.connection does not exist
[ERROR] /project/src/main/java/com/zcunsoft/clklog/api/services/ReportServiceImpl.java:[42,43] package org.springframework.data.redis.core does not exist
[ERROR] /project/src/main/java/com/zcunsoft/clklog/api/services/ReportServiceImpl.java:[43,43] package org.springframework.data.redis.core does not exist
[ERROR] /project/src/main/java/com/zcunsoft/clklog/api/services/ReportServiceImpl.java:[44,49] package org.springframework.data.redis.serializer does not exist
[ERROR] /project/src/main/java/com/zcunsoft/clklog/api/services/ReportServiceImpl.java:[45,37] package org.springframework.jdbc.core does not exist
[ERROR] /project/src/main/java/com/zcunsoft/clklog/api/services/ReportServiceImpl.java:[46,48] package org.springframework.jdbc.core.namedparam does not exist
[ERROR] /project/src/main/java/com/zcunsoft/clklog/api/services/ReportServiceImpl.java:[47,48] package org.springframework.jdbc.core.namedparam does not exist
[ERROR] /project/src/main/java/com/zcunsoft/clklog/api/services/ReportServiceImpl.java:[48,49] package org.springframework.scheduling.annotation does not exist
[ERROR] /project/src/main/java/com/zcunsoft/clklog/api/services/ReportServiceImpl.java:[49,38] package org.springframework.stereotype does not exist
[ERROR] /project/src/main/java/com/zcunsoft/clklog/api/services/ReportServiceImpl.java:[63,2] cannot find symbol
  symbol: class Service
[ERROR] /project/src/main/java/com/zcunsoft/clklog/api/services/ReportServiceImpl.java:[66,19] cannot find symbol
  symbol:   class Logger
  location: class com.zcunsoft.clklog.api.services.ReportServiceImpl
[ERROR] /project/src/main/java/com/zcunsoft/clklog/api/services/ReportServiceImpl.java:[69,19] cannot find symbol
  symbol:   class NamedParameterJdbcTemplate
  location: class com.zcunsoft.clklog.api.services.ReportServiceImpl
[ERROR] /project/src/main/java/com/zcunsoft/clklog/api/cfg/ClklogApiSetting.java:[3,51] package org.springframework.boot.context.properties does not exist
[ERROR] /project/src/main/java/com/zcunsoft/clklog/api/cfg/ClklogApiSetting.java:[7,2] cannot find symbol
  symbol: class ConfigurationProperties
[ERROR] /project/src/main/java/com/zcunsoft/clklog/api/services/ReportServiceImpl.java:[99,19] cannot find symbol
  symbol:   class StringRedisTemplate
  location: class com.zcunsoft.clklog.api.services.ReportServiceImpl
[ERROR] /project/src/main/java/com/zcunsoft/clklog/api/cfg/RedisConstsConfig.java:[3,51] package org.springframework.boot.context.properties does not exist
[ERROR] /project/src/main/java/com/zcunsoft/clklog/api/cfg/RedisConstsConfig.java:[9,2] cannot find symbol
  symbol: class ConfigurationProperties
[ERROR] /project/src/main/java/com/zcunsoft/clklog/api/services/ReportServiceImpl.java:[106,30] cannot find symbol
  symbol:   class NamedParameterJdbcTemplate
  location: class com.zcunsoft.clklog.api.services.ReportServiceImpl
[ERROR] /project/src/main/java/com/zcunsoft/clklog/api/services/ReportServiceImpl.java:[106,219] cannot find symbol
  symbol:   class StringRedisTemplate
  location: class com.zcunsoft.clklog.api.services.ReportServiceImpl
[ERROR] /project/src/main/java/com/zcunsoft/clklog/api/models/summary/GetFlowRequest.java:[3,43] package io.swagger.v3.oas.annotations.media does not exist
[ERROR] /project/src/main/java/com/zcunsoft/clklog/api/models/summary/BaseSummaryRequest.java:[4,43] package io.swagger.v3.oas.annotations.media does not exist
[ERROR] /project/src/main/java/com/zcunsoft/clklog/api/models/summary/BaseSummaryRequest.java:[11,2] cannot find symbol
  symbol: class Schema
[ERROR] /project/src/main/java/com/zcunsoft/clklog/api/models/summary/GetFlowRequest.java:[6,2] cannot find symbol
  symbol: class Schema
[ERROR] /project/src/main/java/com/zcunsoft/clklog/api/models/summary/GetFlowResponseData.java:[3,43] package io.swagger.v3.oas.annotations.media does not exist
[ERROR] /project/src/main/java/com/zcunsoft/clklog/api/models/summary/GetFlowResponseData.java:[6,2] cannot find symbol
  symbol: class Schema
[ERROR] /project/src/main/java/com/zcunsoft/clklog/api/models/summary/GetFlowTrendRequest.java:[3,43] package io.swagger.v3.oas.annotations.media does not exist
[ERROR] /project/src/main/java/com/zcunsoft/clklog/api/models/summary/GetFlowTrendRequest.java:[6,2] cannot find symbol
  symbol: class Schema
[ERROR] /project/src/main/java/com/zcunsoft/clklog/api/models/trend/FlowDetail.java:[5,43] package io.swagger.v3.oas.annotations.media does not exist
[ERROR] /project/src/main/java/com/zcunsoft/clklog/api/models/trend/FlowDetail.java:[10,2] cannot find symbol
  symbol: class Schema
[ERROR] /project/src/main/java/com/zcunsoft/clklog/api/models/summary/GetVisitorSummaryRequest.java:[3,43] package io.swagger.v3.oas.annotations.media does not exist
[ERROR] /project/src/main/java/com/zcunsoft/clklog/api/models/summary/GetVisitorSummaryRequest.java:[5,2] cannot find symbol
  symbol: class Schema
[ERROR] /project/src/main/java/com/zcunsoft/clklog/api/models/summary/GetVisitorSummaryResponseData.java:[3,43] package io.swagger.v3.oas.annotations.media does not exist
[ERROR] /project/src/main/java/com/zcunsoft/clklog/api/models/summary/GetVisitorSummaryResponseData.java:[6,2] cannot find symbol
  symbol: class Schema
[ERROR] /project/src/main/java/com/zcunsoft/clklog/api/models/summary/GetVisitUriRequest.java:[3,43] package io.swagger.v3.oas.annotations.media does not exist
[ERROR] /project/src/main/java/com/zcunsoft/clklog/api/models/summary/GetVisitUriRequest.java:[6,2] cannot find symbol
  symbol: class Schema
[ERROR] /project/src/main/java/com/zcunsoft/clklog/api/models/summary/GetVisitUriResponseData.java:[3,43] package io.swagger.v3.oas.annotations.media does not exist
[ERROR] /project/src/main/java/com/zcunsoft/clklog/api/models/summary/GetVisitUriResponseData.java:[6,2] cannot find symbol
  symbol: class Schema
[ERROR] /project/src/main/java/com/zcunsoft/clklog/api/models/visituri/GetVisitUriDetailRequest.java:[4,43] package io.swagger.v3.oas.annotations.media does not exist
[ERROR] /project/src/main/java/com/zcunsoft/clklog/api/models/visituri/GetVisitUriDetailRequest.java:[11,2] cannot find symbol
  symbol: class Schema
[ERROR] /project/src/main/java/com/zcunsoft/clklog/api/models/visituri/VisitUriTotal.java:[4,43] package io.swagger.v3.oas.annotations.media does not exist
[ERROR] /project/src/main/java/com/zcunsoft/clklog/api/models/visituri/VisitUriTotal.java:[7,2] cannot find symbol
  symbol: class Schema
[ERROR] /project/src/main/java/com/zcunsoft/clklog/api/models/visituri/GetVisitUriDetailPageRequest.java:[4,43] package io.swagger.v3.oas.annotations.media does not exist
[ERROR] /project/src/main/java/com/zcunsoft/clklog/api/models/BaseSort.java:[7,43] package io.swagger.v3.oas.annotations.media does not exist
[ERROR] /project/src/main/java/com/zcunsoft/clklog/api/models/BaseSort.java:[10,2] cannot find symbol
  symbol: class Schema
[ERROR] /project/src/main/java/com/zcunsoft/clklog/api/models/visituri/GetVisitUriDetailPageRequest.java:[10,2] cannot find symbol
  symbol: class Schema
[ERROR] /project/src/main/java/com/zcunsoft/clklog/api/models/visituri/GetVisitUriDetailPageResponseData.java:[3,43] package io.swagger.v3.oas.annotations.media does not exist
[ERROR] /project/src/main/java/com/zcunsoft/clklog/api/models/visituri/GetVisitUriDetailPageResponseData.java:[9,2] cannot find symbol
  symbol: class Schema
[ERROR] /project/src/main/java/com/zcunsoft/clklog/api/models/summary/GetSearchWordRequest.java:[3,43] package io.swagger.v3.oas.annotations.media does not exist
[ERROR] /project/src/main/java/com/zcunsoft/clklog/api/models/summary/GetSearchWordRequest.java:[5,2] cannot find symbol
  symbol: class Schema
[ERROR] /project/src/main/java/com/zcunsoft/clklog/api/models/summary/GetSearchWordResponseData.java:[3,43] package io.swagger.v3.oas.annotations.media does not exist
[ERROR] /project/src/main/java/com/zcunsoft/clklog/api/models/summary/GetSearchWordResponseData.java:[6,2] cannot find symbol
  symbol: class Schema
[INFO] 100 errors 
[INFO] -------------------------------------------------------------
[INFO] ------------------------------------------------------------------------
[INFO] BUILD FAILURE
[INFO] ------------------------------------------------------------------------
[INFO] Total time:  24.375 s
[INFO] Finished at: 2026-06-16T21:29:01Z
[INFO] ------------------------------------------------------------------------
[ERROR] Failed to execute goal org.apache.maven.plugins:maven-compiler-plugin:3.8.1:compile (default-compile) on project clklog-api: Compilation failure: Compilation failure: 
[ERROR] /project/src/main/java/com/zcunsoft/clklog/framework/config/ObjectMapperConfiguration.java:[3,45] package com.fasterxml.jackson.datatype.jsr310 does not exist
[ERROR] /project/src/main/java/com/zcunsoft/clklog/framework/config/ObjectMapperConfiguration.java:[5,46] package org.springframework.context.annotation does not exist
[ERROR] /project/src/main/java/com/zcunsoft/clklog/framework/config/ObjectMapperConfiguration.java:[6,46] package org.springframework.context.annotation does not exist
[ERROR] /project/src/main/java/com/zcunsoft/clklog/framework/config/ObjectMapperConfiguration.java:[13,2] cannot find symbol
[ERROR]   symbol: class Configuration
[ERROR] /project/src/main/java/com/zcunsoft/clklog/api/models/ResponseBase.java:[6,43] package io.swagger.v3.oas.annotations.media does not exist
[ERROR] /project/src/main/java/com/zcunsoft/clklog/api/models/ResponseBaseSlim.java:[3,43] package io.swagger.v3.oas.annotations.media does not exist
[ERROR] /project/src/main/java/com/zcunsoft/clklog/api/models/visituri/GetVisitUriListResponseData.java:[4,43] package io.swagger.v3.oas.annotations.media does not exist
[ERROR] /project/src/main/java/com/zcunsoft/clklog/api/models/visituri/GetVisitUriListResponseData.java:[9,2] cannot find symbol
[ERROR]   symbol: class Schema
[ERROR] /project/src/main/java/com/zcunsoft/clklog/api/models/visituri/VisitUri.java:[3,43] package io.swagger.v3.oas.annotations.media does not exist
[ERROR] /project/src/main/java/com/zcunsoft/clklog/api/models/visituri/VisitUri.java:[6,2] cannot find symbol
[ERROR]   symbol: class Schema
[ERROR] /project/src/main/java/com/zcunsoft/clklog/api/models/visituri/VisitUriTreeStatData.java:[3,43] package io.swagger.v3.oas.annotations.media does not exist
[ERROR] /project/src/main/java/com/zcunsoft/clklog/api/models/visituri/VisitUriTreeStatData.java:[9,2] cannot find symbol
[ERROR]   symbol: class Schema
[ERROR] /project/src/main/java/com/zcunsoft/clklog/api/models/visituri/VisitUriPathDetail.java:[4,43] package io.swagger.v3.oas.annotations.media does not exist
[ERROR] /project/src/main/java/com/zcunsoft/clklog/api/models/visituri/VisitUriPathDetail.java:[9,2] cannot find symbol
[ERROR]   symbol: class Schema
[ERROR] /project/src/main/java/com/zcunsoft/clklog/api/models/visitor/GetVisitorChannelResponseData.java:[3,43] package io.swagger.v3.oas.annotations.media does not exist
[ERROR] /project/src/main/java/com/zcunsoft/clklog/api/models/visitor/GetVisitorChannelResponseData.java:[7,2] cannot find symbol
[ERROR]   symbol: class Schema
[ERROR] /project/src/main/java/com/zcunsoft/clklog/api/models/visitor/VisitorChannel.java:[3,43] package io.swagger.v3.oas.annotations.media does not exist
[ERROR] /project/src/main/java/com/zcunsoft/clklog/api/models/visitor/VisitorChannel.java:[6,2] cannot find symbol
[ERROR]   symbol: class Schema
[ERROR] /project/src/main/java/com/zcunsoft/clklog/api/models/uservisit/BaseUserVisit.java:[3,43] package io.swagger.v3.oas.annotations.media does not exist
[ERROR] /project/src/main/java/com/zcunsoft/clklog/api/models/uservisit/BaseUserVisit.java:[6,2] cannot find symbol
[ERROR]   symbol: class Schema
[ERROR] /project/src/main/java/com/zcunsoft/clklog/api/models/visitor/GetVisitorDetailinfoRequest.java:[3,43] package io.swagger.v3.oas.annotations.media does not exist
[ERROR] /project/src/main/java/com/zcunsoft/clklog/api/models/visitor/GetVisitorDetailinfoRequest.java:[6,2] cannot find symbol
[ERROR]   symbol: class Schema
[ERROR] /project/src/main/java/com/zcunsoft/clklog/common/model/ResponseBaseSlim.java:[3,43] package io.swagger.v3.oas.annotations.media does not exist
[ERROR] /project/src/main/java/com/zcunsoft/clklog/api/entity/clickhouse/VisitorLifebydate.java:[5,25] package javax.persistence does not exist
[ERROR] /project/src/main/java/com/zcunsoft/clklog/api/entity/clickhouse/VisitorLifebydate.java:[6,25] package javax.persistence does not exist
[ERROR] /project/src/main/java/com/zcunsoft/clklog/api/entity/clickhouse/VisitorLifebydate.java:[7,25] package javax.persistence does not exist
[ERROR] /project/src/main/java/com/zcunsoft/clklog/api/entity/clickhouse/VisitorLifebydate.java:[10,2] cannot find symbol
[ERROR]   symbol: class Entity
[ERROR] /project/src/main/java/com/zcunsoft/clklog/api/models/visituri/VisitUriDetail.java:[3,43] package io.swagger.v3.oas.annotations.media does not exist
[ERROR] /project/src/main/java/com/zcunsoft/clklog/api/models/visituri/VisitUriDetail.java:[6,2] cannot find symbol
[ERROR]   symbol: class Schema
[ERROR] /project/src/main/java/com/zcunsoft/clklog/api/services/ProfileService.java:[3,24] package javax.annotation does not exist
[ERROR] /project/src/main/java/com/zcunsoft/clklog/api/services/ProfileService.java:[5,33] package org.springframework.beans does not exist
[ERROR] /project/src/main/java/com/zcunsoft/clklog/api/services/ProfileService.java:[6,38] package org.springframework.stereotype does not exist
[ERROR] /project/src/main/java/com/zcunsoft/clklog/api/services/ProfileService.java:[12,2] cannot find symbol
[ERROR]   symbol: class Service
[ERROR] /project/src/main/java/com/zcunsoft/clklog/api/utils/ClientProfileFile.java:[12,32] package org.springframework.util does not exist
[ERROR] /project/src/main/java/com/zcunsoft/clklog/api/models/profile/UpdateProfileRequest.java:[3,36] package javax.validation.constraints does not exist
[ERROR] /project/src/main/java/com/zcunsoft/clklog/api/models/profile/UpdateProfileRequest.java:[4,36] package javax.validation.constraints does not exist
[ERROR] /project/src/main/java/com/zcunsoft/clklog/api/models/profile/UpdateProfileRequest.java:[6,43] package io.swagger.v3.oas.annotations.media does not exist
[ERROR] /project/src/main/java/com/zcunsoft/clklog/api/models/profile/UpdateProfileRequest.java:[9,2] cannot find symbol
[ERROR]   symbol: class Schema
[ERROR] /project/src/main/java/com/zcunsoft/clklog/api/utils/ClientProfileFile.java:[19,1] package org.slf4j does not exist
[ERROR] /project/src/main/java/com/zcunsoft/clklog/api/models/visitor/GetVisitListResponseData.java:[4,43] package io.swagger.v3.oas.annotations.media does not exist
[ERROR] /project/src/main/java/com/zcunsoft/clklog/api/models/visitor/GetVisitListResponseData.java:[9,2] cannot find symbol
[ERROR]   symbol: class Schema
[ERROR] /project/src/main/java/com/zcunsoft/clklog/api/models/visitor/Visit.java:[3,43] package io.swagger.v3.oas.annotations.media does not exist
[ERROR] /project/src/main/java/com/zcunsoft/clklog/api/models/visitor/Visit.java:[9,2] cannot find symbol
[ERROR]   symbol: class Schema
[ERROR] /project/src/main/java/com/zcunsoft/clklog/api/services/ReportServiceImpl.java:[35,32] package org.apache.commons.lang3 does not exist
[ERROR] /project/src/main/java/com/zcunsoft/clklog/api/services/ReportServiceImpl.java:[36,37] package org.apache.commons.lang3.time does not exist
[ERROR] /project/src/main/java/com/zcunsoft/clklog/api/services/ReportServiceImpl.java:[37,17] package org.slf4j does not exist
[ERROR] /project/src/main/java/com/zcunsoft/clklog/api/services/ReportServiceImpl.java:[38,17] package org.slf4j does not exist
[ERROR] /project/src/main/java/com/zcunsoft/clklog/api/services/ReportServiceImpl.java:[39,33] package org.springframework.beans does not exist
[ERROR] /project/src/main/java/com/zcunsoft/clklog/api/services/ReportServiceImpl.java:[40,31] package org.springframework.dao does not exist
[ERROR] /project/src/main/java/com/zcunsoft/clklog/api/services/ReportServiceImpl.java:[41,49] package org.springframework.data.redis.connection does not exist
[ERROR] /project/src/main/java/com/zcunsoft/clklog/api/services/ReportServiceImpl.java:[42,43] package org.springframework.data.redis.core does not exist
[ERROR] /project/src/main/java/com/zcunsoft/clklog/api/services/ReportServiceImpl.java:[43,43] package org.springframework.data.redis.core does not exist
[ERROR] /project/src/main/java/com/zcunsoft/clklog/api/services/ReportServiceImpl.java:[44,49] package org.springframework.data.redis.serializer does not exist
[ERROR] /project/src/main/java/com/zcunsoft/clklog/api/services/ReportServiceImpl.java:[45,37] package org.springframework.jdbc.core does not exist
[ERROR] /project/src/main/java/com/zcunsoft/clklog/api/services/ReportServiceImpl.java:[46,48] package org.springframework.jdbc.core.namedparam does not exist
[ERROR] /project/src/main/java/com/zcunsoft/clklog/api/services/ReportServiceImpl.java:[47,48] package org.springframework.jdbc.core.namedparam does not exist
[ERROR] /project/src/main/java/com/zcunsoft/clklog/api/services/ReportServiceImpl.java:[48,49] package org.springframework.scheduling.annotation does not exist
[ERROR] /project/src/main/java/com/zcunsoft/clklog/api/services/ReportServiceImpl.java:[49,38] package org.springframework.stereotype does not exist
[ERROR] /project/src/main/java/com/zcunsoft/clklog/api/services/ReportServiceImpl.java:[63,2] cannot find symbol
[ERROR]   symbol: class Service
[ERROR] /project/src/main/java/com/zcunsoft/clklog/api/services/ReportServiceImpl.java:[66,19] cannot find symbol
[ERROR]   symbol:   class Logger
[ERROR]   location: class com.zcunsoft.clklog.api.services.ReportServiceImpl
[ERROR] /project/src/main/java/com/zcunsoft/clklog/api/services/ReportServiceImpl.java:[69,19] cannot find symbol
[ERROR]   symbol:   class NamedParameterJdbcTemplate
[ERROR]   location: class com.zcunsoft.clklog.api.services.ReportServiceImpl
[ERROR] /project/src/main/java/com/zcunsoft/clklog/api/cfg/ClklogApiSetting.java:[3,51] package org.springframework.boot.context.properties does not exist
[ERROR] /project/src/main/java/com/zcunsoft/clklog/api/cfg/ClklogApiSetting.java:[7,2] cannot find symbol
[ERROR]   symbol: class ConfigurationProperties
[ERROR] /project/src/main/java/com/zcunsoft/clklog/api/services/ReportServiceImpl.java:[99,19] cannot find symbol
[ERROR]   symbol:   class StringRedisTemplate
[ERROR]   location: class com.zcunsoft.clklog.api.services.ReportServiceImpl
[ERROR] /project/src/main/java/com/zcunsoft/clklog/api/cfg/RedisConstsConfig.java:[3,51] package org.springframework.boot.context.properties does not exist
[ERROR] /project/src/main/java/com/zcunsoft/clklog/api/cfg/RedisConstsConfig.java:[9,2] cannot find symbol
[ERROR]   symbol: class ConfigurationProperties
[ERROR] /project/src/main/java/com/zcunsoft/clklog/api/services/ReportServiceImpl.java:[106,30] cannot find symbol
[ERROR]   symbol:   class NamedParameterJdbcTemplate
[ERROR]   location: class com.zcunsoft.clklog.api.services.ReportServiceImpl
[ERROR] /project/src/main/java/com/zcunsoft/clklog/api/services/ReportServiceImpl.java:[106,219] cannot find symbol
[ERROR]   symbol:   class StringRedisTemplate
[ERROR]   location: class com.zcunsoft.clklog.api.services.ReportServiceImpl
[ERROR] /project/src/main/java/com/zcunsoft/clklog/api/models/summary/GetFlowRequest.java:[3,43] package io.swagger.v3.oas.annotations.media does not exist
[ERROR] /project/src/main/java/com/zcunsoft/clklog/api/models/summary/BaseSummaryRequest.java:[4,43] package io.swagger.v3.oas.annotations.media does not exist
[ERROR] /project/src/main/java/com/zcunsoft/clklog/api/models/summary/BaseSummaryRequest.java:[11,2] cannot find symbol
[ERROR]   symbol: class Schema
[ERROR] /project/src/main/java/com/zcunsoft/clklog/api/models/summary/GetFlowRequest.java:[6,2] cannot find symbol
[ERROR]   symbol: class Schema
[ERROR] /project/src/main/java/com/zcunsoft/clklog/api/models/summary/GetFlowResponseData.java:[3,43] package io.swagger.v3.oas.annotations.media does not exist
[ERROR] /project/src/main/java/com/zcunsoft/clklog/api/models/summary/GetFlowResponseData.java:[6,2] cannot find symbol
[ERROR]   symbol: class Schema
[ERROR] /project/src/main/java/com/zcunsoft/clklog/api/models/summary/GetFlowTrendRequest.java:[3,43] package io.swagger.v3.oas.annotations.media does not exist
[ERROR] /project/src/main/java/com/zcunsoft/clklog/api/models/summary/GetFlowTrendRequest.java:[6,2] cannot find symbol
[ERROR]   symbol: class Schema
[ERROR] /project/src/main/java/com/zcunsoft/clklog/api/models/trend/FlowDetail.java:[5,43] package io.swagger.v3.oas.annotations.media does not exist
[ERROR] /project/src/main/java/com/zcunsoft/clklog/api/models/trend/FlowDetail.java:[10,2] cannot find symbol
[ERROR]   symbol: class Schema
[ERROR] /project/src/main/java/com/zcunsoft/clklog/api/models/summary/GetVisitorSummaryRequest.java:[3,43] package io.swagger.v3.oas.annotations.media does not exist
[ERROR] /project/src/main/java/com/zcunsoft/clklog/api/models/summary/GetVisitorSummaryRequest.java:[5,2] cannot find symbol
[ERROR]   symbol: class Schema
[ERROR] /project/src/main/java/com/zcunsoft/clklog/api/models/summary/GetVisitorSummaryResponseData.java:[3,43] package io.swagger.v3.oas.annotations.media does not exist
[ERROR] /project/src/main/java/com/zcunsoft/clklog/api/models/summary/GetVisitorSummaryResponseData.java:[6,2] cannot find symbol
[ERROR]   symbol: class Schema
[ERROR] /project/src/main/java/com/zcunsoft/clklog/api/models/summary/GetVisitUriRequest.java:[3,43] package io.swagger.v3.oas.annotations.media does not exist
[ERROR] /project/src/main/java/com/zcunsoft/clklog/api/models/summary/GetVisitUriRequest.java:[6,2] cannot find symbol
[ERROR]   symbol: class Schema
[ERROR] /project/src/main/java/com/zcunsoft/clklog/api/models/summary/GetVisitUriResponseData.java:[3,43] package io.swagger.v3.oas.annotations.media does not exist
[ERROR] /project/src/main/java/com/zcunsoft/clklog/api/models/summary/GetVisitUriResponseData.java:[6,2] cannot find symbol
[ERROR]   symbol: class Schema
[ERROR] /project/src/main/java/com/zcunsoft/clklog/api/models/visituri/GetVisitUriDetailRequest.java:[4,43] package io.swagger.v3.oas.annotations.media does not exist
[ERROR] /project/src/main/java/com/zcunsoft/clklog/api/models/visituri/GetVisitUriDetailRequest.java:[11,2] cannot find symbol
[ERROR]   symbol: class Schema
[ERROR] /project/src/main/java/com/zcunsoft/clklog/api/models/visituri/VisitUriTotal.java:[4,43] package io.swagger.v3.oas.annotations.media does not exist
[ERROR] /project/src/main/java/com/zcunsoft/clklog/api/models/visituri/VisitUriTotal.java:[7,2] cannot find symbol
[ERROR]   symbol: class Schema
[ERROR] /project/src/main/java/com/zcunsoft/clklog/api/models/visituri/GetVisitUriDetailPageRequest.java:[4,43] package io.swagger.v3.oas.annotations.media does not exist
[ERROR] /project/src/main/java/com/zcunsoft/clklog/api/models/BaseSort.java:[7,43] package io.swagger.v3.oas.annotations.media does not exist
[ERROR] /project/src/main/java/com/zcunsoft/clklog/api/models/BaseSort.java:[10,2] cannot find symbol
[ERROR]   symbol: class Schema
[ERROR] /project/src/main/java/com/zcunsoft/clklog/api/models/visituri/GetVisitUriDetailPageRequest.java:[10,2] cannot find symbol
[ERROR]   symbol: class Schema
[ERROR] /project/src/main/java/com/zcunsoft/clklog/api/models/visituri/GetVisitUriDetailPageResponseData.java:[3,43] package io.swagger.v3.oas.annotations.media does not exist
[ERROR] /project/src/main/java/com/zcunsoft/clklog/api/models/visituri/GetVisitUriDetailPageResponseData.java:[9,2] cannot find symbol
[ERROR]   symbol: class Schema
[ERROR] /project/src/main/java/com/zcunsoft/clklog/api/models/summary/GetSearchWordRequest.java:[3,43] package io.swagger.v3.oas.annotations.media does not exist
[ERROR] /project/src/main/java/com/zcunsoft/clklog/api/models/summary/GetSearchWordRequest.java:[5,2] cannot find symbol
[ERROR]   symbol: class Schema
[ERROR] /project/src/main/java/com/zcunsoft/clklog/api/models/summary/GetSearchWordResponseData.java:[3,43] package io.swagger.v3.oas.annotations.media does not exist
[ERROR] /project/src/main/java/com/zcunsoft/clklog/api/models/summary/GetSearchWordResponseData.java:[6,2] cannot find symbol
[ERROR]   symbol: class Schema
[ERROR] -> [Help 1]
[ERROR] 
[ERROR] To see the full stack trace of the errors, re-run Maven with the -e switch.
[ERROR] Re-run Maven using the -X switch to enable full debug logging.
[ERROR] 
[ERROR] For more information about the errors and possible solutions, please read the following articles:
[ERROR] [Help 1] http://cwiki.apache.org/confluence/display/MAVEN/MojoFailureException
