[INFO] Scanning for projects...
[INFO] Downloading from jitpack.io: https://jitpack.io/org/springframework/boot/spring-boot-starter-parent/3.2.0/spring-boot-starter-parent-3.2.0.pom
[INFO] Downloading from central: https://repo.maven.apache.org/maven2/org/springframework/boot/spring-boot-starter-parent/3.2.0/spring-boot-starter-parent-3.2.0.pom
[INFO] Downloaded from central: https://repo.maven.apache.org/maven2/org/springframework/boot/spring-boot-starter-parent/3.2.0/spring-boot-starter-parent-3.2.0.pom (13 kB at 55 kB/s)
[INFO] Downloading from jitpack.io: https://jitpack.io/org/springframework/boot/spring-boot-dependencies/3.2.0/spring-boot-dependencies-3.2.0.pom
[INFO] Downloading from central: https://repo.maven.apache.org/maven2/org/springframework/boot/spring-boot-dependencies/3.2.0/spring-boot-dependencies-3.2.0.pom
[INFO] Downloaded from central: https://repo.maven.apache.org/maven2/org/springframework/boot/spring-boot-dependencies/3.2.0/spring-boot-dependencies-3.2.0.pom (111 kB at 877 kB/s)
[INFO] Downloading from jitpack.io: https://jitpack.io/org/assertj/assertj-bom/3.24.2/assertj-bom-3.24.2.pom
[INFO] Downloading from central: https://repo.maven.apache.org/maven2/org/assertj/assertj-bom/3.24.2/assertj-bom-3.24.2.pom
[INFO] Downloaded from central: https://repo.maven.apache.org/maven2/org/assertj/assertj-bom/3.24.2/assertj-bom-3.24.2.pom (3.7 kB at 91 kB/s)
[INFO] Downloading from jitpack.io: https://jitpack.io/io/zipkin/brave/brave-bom/5.16.0/brave-bom-5.16.0.pom
[INFO] Downloading from central: https://repo.maven.apache.org/maven2/io/zipkin/brave/brave-bom/5.16.0/brave-bom-5.16.0.pom
[INFO] Downloaded from central: https://repo.maven.apache.org/maven2/io/zipkin/brave/brave-bom/5.16.0/brave-bom-5.16.0.pom (12 kB at 338 kB/s)
[INFO] Downloading from jitpack.io: https://jitpack.io/io/zipkin/reporter2/zipkin-reporter-bom/2.16.3/zipkin-reporter-bom-2.16.3.pom
[INFO] Downloading from central: https://repo.maven.apache.org/maven2/io/zipkin/reporter2/zipkin-reporter-bom/2.16.3/zipkin-reporter-bom-2.16.3.pom
[INFO] Downloaded from central: https://repo.maven.apache.org/maven2/io/zipkin/reporter2/zipkin-reporter-bom/2.16.3/zipkin-reporter-bom-2.16.3.pom (6.9 kB at 186 kB/s)
[INFO] Downloading from jitpack.io: https://jitpack.io/com/datastax/oss/java-driver-bom/4.17.0/java-driver-bom-4.17.0.pom
[INFO] Downloading from central: https://repo.maven.apache.org/maven2/com/datastax/oss/java-driver-bom/4.17.0/java-driver-bom-4.17.0.pom
[INFO] Downloaded from central: https://repo.maven.apache.org/maven2/com/datastax/oss/java-driver-bom/4.17.0/java-driver-bom-4.17.0.pom (4.1 kB at 99 kB/s)
[INFO] Downloading from jitpack.io: https://jitpack.io/io/dropwizard/metrics/metrics-bom/4.2.22/metrics-bom-4.2.22.pom
[INFO] Downloading from central: https://repo.maven.apache.org/maven2/io/dropwizard/metrics/metrics-bom/4.2.22/metrics-bom-4.2.22.pom
[INFO] Downloaded from central: https://repo.maven.apache.org/maven2/io/dropwizard/metrics/metrics-bom/4.2.22/metrics-bom-4.2.22.pom (8.2 kB at 191 kB/s)
[INFO] Downloading from jitpack.io: https://jitpack.io/io/dropwizard/metrics/metrics-parent/4.2.22/metrics-parent-4.2.22.pom
[INFO] Downloading from central: https://repo.maven.apache.org/maven2/io/dropwizard/metrics/metrics-parent/4.2.22/metrics-parent-4.2.22.pom
[INFO] Downloaded from central: https://repo.maven.apache.org/maven2/io/dropwizard/metrics/metrics-parent/4.2.22/metrics-parent-4.2.22.pom (21 kB at 166 kB/s)
[INFO] Downloading from jitpack.io: https://jitpack.io/org/glassfish/jaxb/jaxb-bom/4.0.4/jaxb-bom-4.0.4.pom
[INFO] Downloading from central: https://repo.maven.apache.org/maven2/org/glassfish/jaxb/jaxb-bom/4.0.4/jaxb-bom-4.0.4.pom
[INFO] Downloaded from central: https://repo.maven.apache.org/maven2/org/glassfish/jaxb/jaxb-bom/4.0.4/jaxb-bom-4.0.4.pom (12 kB at 313 kB/s)
[INFO] Downloading from jitpack.io: https://jitpack.io/org/eclipse/ee4j/project/1.0.8/project-1.0.8.pom
[INFO] Downloading from central: https://repo.maven.apache.org/maven2/org/eclipse/ee4j/project/1.0.8/project-1.0.8.pom
[INFO] Downloaded from central: https://repo.maven.apache.org/maven2/org/eclipse/ee4j/project/1.0.8/project-1.0.8.pom (15 kB at 298 kB/s)
[INFO] Downloading from jitpack.io: https://jitpack.io/org/apache/groovy/groovy-bom/4.0.15/groovy-bom-4.0.15.pom
[INFO] Downloading from central: https://repo.maven.apache.org/maven2/org/apache/groovy/groovy-bom/4.0.15/groovy-bom-4.0.15.pom
[INFO] Downloaded from central: https://repo.maven.apache.org/maven2/org/apache/groovy/groovy-bom/4.0.15/groovy-bom-4.0.15.pom (27 kB at 880 kB/s)
[INFO] Downloading from jitpack.io: https://jitpack.io/org/infinispan/infinispan-bom/14.0.21.Final/infinispan-bom-14.0.21.Final.pom
[INFO] Downloading from central: https://repo.maven.apache.org/maven2/org/infinispan/infinispan-bom/14.0.21.Final/infinispan-bom-14.0.21.Final.pom
[INFO] Downloaded from central: https://repo.maven.apache.org/maven2/org/infinispan/infinispan-bom/14.0.21.Final/infinispan-bom-14.0.21.Final.pom (24 kB at 726 kB/s)
[INFO] Downloading from jitpack.io: https://jitpack.io/org/infinispan/infinispan-build-configuration-parent/14.0.21.Final/infinispan-build-configuration-parent-14.0.21.Final.pom
[INFO] Downloading from central: https://repo.maven.apache.org/maven2/org/infinispan/infinispan-build-configuration-parent/14.0.21.Final/infinispan-build-configuration-parent-14.0.21.Final.pom
[INFO] Downloaded from central: https://repo.maven.apache.org/maven2/org/infinispan/infinispan-build-configuration-parent/14.0.21.Final/infinispan-build-configuration-parent-14.0.21.Final.pom (24 kB at 529 kB/s)
[INFO] Downloading from jitpack.io: https://jitpack.io/org/jboss/jboss-parent/39/jboss-parent-39.pom
[INFO] Downloading from central: https://repo.maven.apache.org/maven2/org/jboss/jboss-parent/39/jboss-parent-39.pom
[INFO] Downloaded from central: https://repo.maven.apache.org/maven2/org/jboss/jboss-parent/39/jboss-parent-39.pom (68 kB at 1.1 MB/s)
[INFO] Downloading from jitpack.io: https://jitpack.io/com/fasterxml/jackson/jackson-bom/2.15.3/jackson-bom-2.15.3.pom
[INFO] Downloading from central: https://repo.maven.apache.org/maven2/com/fasterxml/jackson/jackson-bom/2.15.3/jackson-bom-2.15.3.pom
[INFO] Downloaded from central: https://repo.maven.apache.org/maven2/com/fasterxml/jackson/jackson-bom/2.15.3/jackson-bom-2.15.3.pom (18 kB at 486 kB/s)
[INFO] Downloading from jitpack.io: https://jitpack.io/com/fasterxml/jackson/jackson-parent/2.15/jackson-parent-2.15.pom
[INFO] Downloading from central: https://repo.maven.apache.org/maven2/com/fasterxml/jackson/jackson-parent/2.15/jackson-parent-2.15.pom
[INFO] Downloaded from central: https://repo.maven.apache.org/maven2/com/fasterxml/jackson/jackson-parent/2.15/jackson-parent-2.15.pom (6.5 kB at 186 kB/s)
[INFO] Downloading from jitpack.io: https://jitpack.io/com/fasterxml/oss-parent/50/oss-parent-50.pom
[INFO] Downloading from central: https://repo.maven.apache.org/maven2/com/fasterxml/oss-parent/50/oss-parent-50.pom
[INFO] Downloaded from central: https://repo.maven.apache.org/maven2/com/fasterxml/oss-parent/50/oss-parent-50.pom (24 kB at 562 kB/s)
[INFO] Downloading from jitpack.io: https://jitpack.io/org/glassfish/jersey/jersey-bom/3.1.3/jersey-bom-3.1.3.pom
[INFO] Downloading from central: https://repo.maven.apache.org/maven2/org/glassfish/jersey/jersey-bom/3.1.3/jersey-bom-3.1.3.pom
[INFO] Downloaded from central: https://repo.maven.apache.org/maven2/org/glassfish/jersey/jersey-bom/3.1.3/jersey-bom-3.1.3.pom (19 kB at 157 kB/s)
[INFO] Downloading from jitpack.io: https://jitpack.io/org/eclipse/jetty/ee10/jetty-ee10-bom/12.0.3/jetty-ee10-bom-12.0.3.pom
[INFO] Downloading from central: https://repo.maven.apache.org/maven2/org/eclipse/jetty/ee10/jetty-ee10-bom/12.0.3/jetty-ee10-bom-12.0.3.pom
[INFO] Downloaded from central: https://repo.maven.apache.org/maven2/org/eclipse/jetty/ee10/jetty-ee10-bom/12.0.3/jetty-ee10-bom-12.0.3.pom (9.2 kB at 319 kB/s)
[INFO] Downloading from jitpack.io: https://jitpack.io/org/eclipse/jetty/jetty-bom/12.0.3/jetty-bom-12.0.3.pom
[INFO] Downloading from central: https://repo.maven.apache.org/maven2/org/eclipse/jetty/jetty-bom/12.0.3/jetty-bom-12.0.3.pom
[INFO] Downloaded from central: https://repo.maven.apache.org/maven2/org/eclipse/jetty/jetty-bom/12.0.3/jetty-bom-12.0.3.pom (14 kB at 377 kB/s)
[INFO] Downloading from jitpack.io: https://jitpack.io/org/junit/junit-bom/5.10.1/junit-bom-5.10.1.pom
[INFO] Downloading from central: https://repo.maven.apache.org/maven2/org/junit/junit-bom/5.10.1/junit-bom-5.10.1.pom
[INFO] Downloaded from central: https://repo.maven.apache.org/maven2/org/junit/junit-bom/5.10.1/junit-bom-5.10.1.pom (5.6 kB at 138 kB/s)
[INFO] Downloading from jitpack.io: https://jitpack.io/org/jetbrains/kotlin/kotlin-bom/1.9.20/kotlin-bom-1.9.20.pom
[INFO] Downloading from central: https://repo.maven.apache.org/maven2/org/jetbrains/kotlin/kotlin-bom/1.9.20/kotlin-bom-1.9.20.pom
[INFO] Downloaded from central: https://repo.maven.apache.org/maven2/org/jetbrains/kotlin/kotlin-bom/1.9.20/kotlin-bom-1.9.20.pom (9.1 kB at 285 kB/s)
[INFO] Downloading from jitpack.io: https://jitpack.io/org/jetbrains/kotlinx/kotlinx-coroutines-bom/1.7.3/kotlinx-coroutines-bom-1.7.3.pom
[INFO] Downloading from central: https://repo.maven.apache.org/maven2/org/jetbrains/kotlinx/kotlinx-coroutines-bom/1.7.3/kotlinx-coroutines-bom-1.7.3.pom
[INFO] Downloaded from central: https://repo.maven.apache.org/maven2/org/jetbrains/kotlinx/kotlinx-coroutines-bom/1.7.3/kotlinx-coroutines-bom-1.7.3.pom (4.3 kB at 153 kB/s)
[INFO] Downloading from jitpack.io: https://jitpack.io/org/jetbrains/kotlinx/kotlinx-serialization-bom/1.6.1/kotlinx-serialization-bom-1.6.1.pom
[INFO] Downloading from central: https://repo.maven.apache.org/maven2/org/jetbrains/kotlinx/kotlinx-serialization-bom/1.6.1/kotlinx-serialization-bom-1.6.1.pom
[INFO] Downloaded from central: https://repo.maven.apache.org/maven2/org/jetbrains/kotlinx/kotlinx-serialization-bom/1.6.1/kotlinx-serialization-bom-1.6.1.pom (3.8 kB at 134 kB/s)
[INFO] Downloading from jitpack.io: https://jitpack.io/org/apache/logging/log4j/log4j-bom/2.21.1/log4j-bom-2.21.1.pom
[INFO] Downloading from central: https://repo.maven.apache.org/maven2/org/apache/logging/log4j/log4j-bom/2.21.1/log4j-bom-2.21.1.pom
[INFO] Downloaded from central: https://repo.maven.apache.org/maven2/org/apache/logging/log4j/log4j-bom/2.21.1/log4j-bom-2.21.1.pom (12 kB at 461 kB/s)
[INFO] Downloading from jitpack.io: https://jitpack.io/org/apache/logging/logging-parent/10.1.1/logging-parent-10.1.1.pom
[INFO] Downloading from central: https://repo.maven.apache.org/maven2/org/apache/logging/logging-parent/10.1.1/logging-parent-10.1.1.pom
[INFO] Downloaded from central: https://repo.maven.apache.org/maven2/org/apache/logging/logging-parent/10.1.1/logging-parent-10.1.1.pom (39 kB at 1.1 MB/s)
[INFO] Downloading from jitpack.io: https://jitpack.io/org/apache/apache/30/apache-30.pom
[INFO] Downloading from central: https://repo.maven.apache.org/maven2/org/apache/apache/30/apache-30.pom
[INFO] Downloaded from central: https://repo.maven.apache.org/maven2/org/apache/apache/30/apache-30.pom (23 kB at 750 kB/s)
[INFO] Downloading from jitpack.io: https://jitpack.io/io/micrometer/micrometer-bom/1.12.0/micrometer-bom-1.12.0.pom
[INFO] Downloading from central: https://repo.maven.apache.org/maven2/io/micrometer/micrometer-bom/1.12.0/micrometer-bom-1.12.0.pom
[INFO] Downloaded from central: https://repo.maven.apache.org/maven2/io/micrometer/micrometer-bom/1.12.0/micrometer-bom-1.12.0.pom (8.0 kB at 230 kB/s)
[INFO] Downloading from jitpack.io: https://jitpack.io/io/micrometer/micrometer-tracing-bom/1.2.0/micrometer-tracing-bom-1.2.0.pom
[INFO] Downloading from central: https://repo.maven.apache.org/maven2/io/micrometer/micrometer-tracing-bom/1.2.0/micrometer-tracing-bom-1.2.0.pom
[INFO] Downloaded from central: https://repo.maven.apache.org/maven2/io/micrometer/micrometer-tracing-bom/1.2.0/micrometer-tracing-bom-1.2.0.pom (4.7 kB at 137 kB/s)
[INFO] Downloading from jitpack.io: https://jitpack.io/org/mockito/mockito-bom/5.7.0/mockito-bom-5.7.0.pom
[INFO] Downloading from central: https://repo.maven.apache.org/maven2/org/mockito/mockito-bom/5.7.0/mockito-bom-5.7.0.pom
[INFO] Downloaded from central: https://repo.maven.apache.org/maven2/org/mockito/mockito-bom/5.7.0/mockito-bom-5.7.0.pom (3.0 kB at 98 kB/s)
[INFO] Downloading from jitpack.io: https://jitpack.io/io/netty/netty-bom/4.1.101.Final/netty-bom-4.1.101.Final.pom
[INFO] Downloading from central: https://repo.maven.apache.org/maven2/io/netty/netty-bom/4.1.101.Final/netty-bom-4.1.101.Final.pom
[INFO] Downloaded from central: https://repo.maven.apache.org/maven2/io/netty/netty-bom/4.1.101.Final/netty-bom-4.1.101.Final.pom (13 kB at 428 kB/s)
[INFO] Downloading from jitpack.io: https://jitpack.io/org/sonatype/oss/oss-parent/7/oss-parent-7.pom
[INFO] Downloading from central: https://repo.maven.apache.org/maven2/org/sonatype/oss/oss-parent/7/oss-parent-7.pom
[INFO] Downloaded from central: https://repo.maven.apache.org/maven2/org/sonatype/oss/oss-parent/7/oss-parent-7.pom (4.8 kB at 186 kB/s)
[INFO] Downloading from jitpack.io: https://jitpack.io/com/squareup/okhttp3/okhttp-bom/4.12.0/okhttp-bom-4.12.0.pom
[INFO] Downloading from central: https://repo.maven.apache.org/maven2/com/squareup/okhttp3/okhttp-bom/4.12.0/okhttp-bom-4.12.0.pom
[INFO] Downloaded from central: https://repo.maven.apache.org/maven2/com/squareup/okhttp3/okhttp-bom/4.12.0/okhttp-bom-4.12.0.pom (3.1 kB at 113 kB/s)
[INFO] Downloading from jitpack.io: https://jitpack.io/io/opentelemetry/opentelemetry-bom/1.31.0/opentelemetry-bom-1.31.0.pom
[INFO] Downloading from central: https://repo.maven.apache.org/maven2/io/opentelemetry/opentelemetry-bom/1.31.0/opentelemetry-bom-1.31.0.pom
[INFO] Downloaded from central: https://repo.maven.apache.org/maven2/io/opentelemetry/opentelemetry-bom/1.31.0/opentelemetry-bom-1.31.0.pom (7.0 kB at 279 kB/s)
[INFO] Downloading from jitpack.io: https://jitpack.io/com/oracle/database/jdbc/ojdbc-bom/23.3.0.23.09/ojdbc-bom-23.3.0.23.09.pom
[INFO] Downloading from central: https://repo.maven.apache.org/maven2/com/oracle/database/jdbc/ojdbc-bom/23.3.0.23.09/ojdbc-bom-23.3.0.23.09.pom
[INFO] Downloaded from central: https://repo.maven.apache.org/maven2/com/oracle/database/jdbc/ojdbc-bom/23.3.0.23.09/ojdbc-bom-23.3.0.23.09.pom (7.2 kB at 248 kB/s)
[INFO] Downloading from jitpack.io: https://jitpack.io/io/prometheus/simpleclient_bom/0.16.0/simpleclient_bom-0.16.0.pom
[INFO] Downloading from central: https://repo.maven.apache.org/maven2/io/prometheus/simpleclient_bom/0.16.0/simpleclient_bom-0.16.0.pom
[INFO] Downloaded from central: https://repo.maven.apache.org/maven2/io/prometheus/simpleclient_bom/0.16.0/simpleclient_bom-0.16.0.pom (6.0 kB at 158 kB/s)
[INFO] Downloading from jitpack.io: https://jitpack.io/io/prometheus/parent/0.16.0/parent-0.16.0.pom
[INFO] Downloading from central: https://repo.maven.apache.org/maven2/io/prometheus/parent/0.16.0/parent-0.16.0.pom
[INFO] Downloaded from central: https://repo.maven.apache.org/maven2/io/prometheus/parent/0.16.0/parent-0.16.0.pom (13 kB at 241 kB/s)
[INFO] Downloading from jitpack.io: https://jitpack.io/com/querydsl/querydsl-bom/5.0.0/querydsl-bom-5.0.0.pom
[INFO] Downloading from central: https://repo.maven.apache.org/maven2/com/querydsl/querydsl-bom/5.0.0/querydsl-bom-5.0.0.pom
[INFO] Downloaded from central: https://repo.maven.apache.org/maven2/com/querydsl/querydsl-bom/5.0.0/querydsl-bom-5.0.0.pom (7.2 kB at 179 kB/s)
[INFO] Downloading from jitpack.io: https://jitpack.io/io/projectreactor/reactor-bom/2023.0.0/reactor-bom-2023.0.0.pom
[INFO] Downloading from central: https://repo.maven.apache.org/maven2/io/projectreactor/reactor-bom/2023.0.0/reactor-bom-2023.0.0.pom
[INFO] Downloaded from central: https://repo.maven.apache.org/maven2/io/projectreactor/reactor-bom/2023.0.0/reactor-bom-2023.0.0.pom (4.8 kB at 154 kB/s)
[INFO] Downloading from jitpack.io: https://jitpack.io/io/rest-assured/rest-assured-bom/5.3.2/rest-assured-bom-5.3.2.pom
[INFO] Downloading from central: https://repo.maven.apache.org/maven2/io/rest-assured/rest-assured-bom/5.3.2/rest-assured-bom-5.3.2.pom
[INFO] Downloaded from central: https://repo.maven.apache.org/maven2/io/rest-assured/rest-assured-bom/5.3.2/rest-assured-bom-5.3.2.pom (4.3 kB at 125 kB/s)
[INFO] Downloading from jitpack.io: https://jitpack.io/io/rsocket/rsocket-bom/1.1.3/rsocket-bom-1.1.3.pom
[INFO] Downloading from central: https://repo.maven.apache.org/maven2/io/rsocket/rsocket-bom/1.1.3/rsocket-bom-1.1.3.pom
[INFO] Downloaded from central: https://repo.maven.apache.org/maven2/io/rsocket/rsocket-bom/1.1.3/rsocket-bom-1.1.3.pom (2.6 kB at 110 kB/s)
[INFO] Downloading from jitpack.io: https://jitpack.io/org/seleniumhq/selenium/selenium-bom/4.14.1/selenium-bom-4.14.1.pom
[INFO] Downloading from central: https://repo.maven.apache.org/maven2/org/seleniumhq/selenium/selenium-bom/4.14.1/selenium-bom-4.14.1.pom
[INFO] Downloaded from central: https://repo.maven.apache.org/maven2/org/seleniumhq/selenium/selenium-bom/4.14.1/selenium-bom-4.14.1.pom (6.0 kB at 208 kB/s)
[INFO] Downloading from jitpack.io: https://jitpack.io/org/springframework/amqp/spring-amqp-bom/3.1.0/spring-amqp-bom-3.1.0.pom
[INFO] Downloading from central: https://repo.maven.apache.org/maven2/org/springframework/amqp/spring-amqp-bom/3.1.0/spring-amqp-bom-3.1.0.pom
[INFO] Downloaded from central: https://repo.maven.apache.org/maven2/org/springframework/amqp/spring-amqp-bom/3.1.0/spring-amqp-bom-3.1.0.pom (3.4 kB at 99 kB/s)
[INFO] Downloading from jitpack.io: https://jitpack.io/org/springframework/batch/spring-batch-bom/5.1.0/spring-batch-bom-5.1.0.pom
[INFO] Downloading from central: https://repo.maven.apache.org/maven2/org/springframework/batch/spring-batch-bom/5.1.0/spring-batch-bom-5.1.0.pom
[INFO] Downloaded from central: https://repo.maven.apache.org/maven2/org/springframework/batch/spring-batch-bom/5.1.0/spring-batch-bom-5.1.0.pom (3.2 kB at 54 kB/s)
[INFO] Downloading from jitpack.io: https://jitpack.io/org/springframework/data/spring-data-bom/2023.1.0/spring-data-bom-2023.1.0.pom
[INFO] Downloading from central: https://repo.maven.apache.org/maven2/org/springframework/data/spring-data-bom/2023.1.0/spring-data-bom-2023.1.0.pom
[INFO] Downloaded from central: https://repo.maven.apache.org/maven2/org/springframework/data/spring-data-bom/2023.1.0/spring-data-bom-2023.1.0.pom (5.5 kB at 190 kB/s)
[INFO] Downloading from jitpack.io: https://jitpack.io/org/springframework/spring-framework-bom/6.1.1/spring-framework-bom-6.1.1.pom
[INFO] Downloading from central: https://repo.maven.apache.org/maven2/org/springframework/spring-framework-bom/6.1.1/spring-framework-bom-6.1.1.pom
[INFO] Downloaded from central: https://repo.maven.apache.org/maven2/org/springframework/spring-framework-bom/6.1.1/spring-framework-bom-6.1.1.pom (5.8 kB at 215 kB/s)
[INFO] Downloading from jitpack.io: https://jitpack.io/org/springframework/integration/spring-integration-bom/6.2.0/spring-integration-bom-6.2.0.pom
[INFO] Downloading from central: https://repo.maven.apache.org/maven2/org/springframework/integration/spring-integration-bom/6.2.0/spring-integration-bom-6.2.0.pom
[INFO] Downloaded from central: https://repo.maven.apache.org/maven2/org/springframework/integration/spring-integration-bom/6.2.0/spring-integration-bom-6.2.0.pom (10 kB at 102 kB/s)
[INFO] Downloading from jitpack.io: https://jitpack.io/org/springframework/restdocs/spring-restdocs-bom/3.0.1/spring-restdocs-bom-3.0.1.pom
[INFO] Downloading from central: https://repo.maven.apache.org/maven2/org/springframework/restdocs/spring-restdocs-bom/3.0.1/spring-restdocs-bom-3.0.1.pom
[INFO] Downloaded from central: https://repo.maven.apache.org/maven2/org/springframework/restdocs/spring-restdocs-bom/3.0.1/spring-restdocs-bom-3.0.1.pom (2.6 kB at 76 kB/s)
[INFO] Downloading from jitpack.io: https://jitpack.io/org/springframework/security/spring-security-bom/6.2.0/spring-security-bom-6.2.0.pom
[INFO] Downloading from central: https://repo.maven.apache.org/maven2/org/springframework/security/spring-security-bom/6.2.0/spring-security-bom-6.2.0.pom
[INFO] Downloaded from central: https://repo.maven.apache.org/maven2/org/springframework/security/spring-security-bom/6.2.0/spring-security-bom-6.2.0.pom (5.3 kB at 184 kB/s)
[INFO] Downloading from jitpack.io: https://jitpack.io/org/springframework/session/spring-session-bom/3.2.0/spring-session-bom-3.2.0.pom
[INFO] Downloading from central: https://repo.maven.apache.org/maven2/org/springframework/session/spring-session-bom/3.2.0/spring-session-bom-3.2.0.pom
[INFO] Downloaded from central: https://repo.maven.apache.org/maven2/org/springframework/session/spring-session-bom/3.2.0/spring-session-bom-3.2.0.pom (2.9 kB at 103 kB/s)
[INFO] Downloading from jitpack.io: https://jitpack.io/org/springframework/ws/spring-ws-bom/4.0.8/spring-ws-bom-4.0.8.pom
[INFO] Downloading from central: https://repo.maven.apache.org/maven2/org/springframework/ws/spring-ws-bom/4.0.8/spring-ws-bom-4.0.8.pom
[INFO] Downloaded from central: https://repo.maven.apache.org/maven2/org/springframework/ws/spring-ws-bom/4.0.8/spring-ws-bom-4.0.8.pom (3.5 kB at 106 kB/s)
[INFO] Downloading from jitpack.io: https://jitpack.io/org/testcontainers/testcontainers-bom/1.19.3/testcontainers-bom-1.19.3.pom
[INFO] Downloading from central: https://repo.maven.apache.org/maven2/org/testcontainers/testcontainers-bom/1.19.3/testcontainers-bom-1.19.3.pom
[INFO] Downloaded from central: https://repo.maven.apache.org/maven2/org/testcontainers/testcontainers-bom/1.19.3/testcontainers-bom-1.19.3.pom (9.0 kB at 321 kB/s)
[INFO] ------------------------------------------------------------------------
[INFO] Reactor Build Order:
[INFO] 
[INFO] trading                                                            [pom]
[INFO] trading-test                                                       [jar]
[INFO] trading-common                                                     [jar]
[INFO] trading-data-collect                                               [jar]
[INFO] trading-webapp                                                     [jar]
[INFO] trading-gatling                                                    [jar]
[INFO] 
[INFO] --------------------< fr.ymanvieu.trading:trading >---------------------
[INFO] Building trading 5.0.0-SNAPSHOT                                    [1/6]
[INFO]   from pom.xml
[INFO] --------------------------------[ pom ]---------------------------------
[INFO] Downloading from central: https://repo.maven.apache.org/maven2/org/apache/maven/plugins/maven-install-plugin/3.1.1/maven-install-plugin-3.1.1.pom
[INFO] Downloaded from central: https://repo.maven.apache.org/maven2/org/apache/maven/plugins/maven-install-plugin/3.1.1/maven-install-plugin-3.1.1.pom (7.8 kB at 186 kB/s)
[INFO] Downloading from central: https://repo.maven.apache.org/maven2/org/apache/maven/plugins/maven-plugins/39/maven-plugins-39.pom
[INFO] Downloaded from central: https://repo.maven.apache.org/maven2/org/apache/maven/plugins/maven-plugins/39/maven-plugins-39.pom (8.1 kB at 311 kB/s)
[INFO] Downloading from central: https://repo.maven.apache.org/maven2/org/apache/maven/maven-parent/39/maven-parent-39.pom
[INFO] Downloaded from central: https://repo.maven.apache.org/maven2/org/apache/maven/maven-parent/39/maven-parent-39.pom (48 kB at 1.6 MB/s)
[INFO] Downloading from central: https://repo.maven.apache.org/maven2/org/apache/apache/29/apache-29.pom
[INFO] Downloaded from central: https://repo.maven.apache.org/maven2/org/apache/apache/29/apache-29.pom (21 kB at 691 kB/s)
[INFO] Downloading from central: https://repo.maven.apache.org/maven2/org/apache/maven/plugins/maven-install-plugin/3.1.1/maven-install-plugin-3.1.1.jar
[INFO] Downloaded from central: https://repo.maven.apache.org/maven2/org/apache/maven/plugins/maven-install-plugin/3.1.1/maven-install-plugin-3.1.1.jar (31 kB at 1.1 MB/s)
[INFO] 
[INFO] --- install:3.1.1:install (default-install) @ trading ---
[INFO] Downloading from central: https://repo.maven.apache.org/maven2/org/eclipse/aether/aether-util/1.0.0.v20140518/aether-util-1.0.0.v20140518.pom
[INFO] Downloaded from central: https://repo.maven.apache.org/maven2/org/eclipse/aether/aether-util/1.0.0.v20140518/aether-util-1.0.0.v20140518.pom (2.2 kB at 73 kB/s)
[INFO] Downloading from central: https://repo.maven.apache.org/maven2/org/eclipse/aether/aether/1.0.0.v20140518/aether-1.0.0.v20140518.pom
[INFO] Downloaded from central: https://repo.maven.apache.org/maven2/org/eclipse/aether/aether/1.0.0.v20140518/aether-1.0.0.v20140518.pom (30 kB at 914 kB/s)
[INFO] Downloading from central: https://repo.maven.apache.org/maven2/org/eclipse/aether/aether-api/1.0.0.v20140518/aether-api-1.0.0.v20140518.pom
[INFO] Downloaded from central: https://repo.maven.apache.org/maven2/org/eclipse/aether/aether-api/1.0.0.v20140518/aether-api-1.0.0.v20140518.pom (1.9 kB at 57 kB/s)
[INFO] Downloading from central: https://repo.maven.apache.org/maven2/org/codehaus/plexus/plexus-utils/3.5.0/plexus-utils-3.5.0.pom
[INFO] Downloaded from central: https://repo.maven.apache.org/maven2/org/codehaus/plexus/plexus-utils/3.5.0/plexus-utils-3.5.0.pom (8.0 kB at 167 kB/s)
[INFO] Downloading from central: https://repo.maven.apache.org/maven2/org/codehaus/plexus/plexus/10/plexus-10.pom
[INFO] Downloaded from central: https://repo.maven.apache.org/maven2/org/codehaus/plexus/plexus/10/plexus-10.pom (25 kB at 529 kB/s)
[INFO] Downloading from central: https://repo.maven.apache.org/maven2/org/eclipse/aether/aether-util/1.0.0.v20140518/aether-util-1.0.0.v20140518.jar
[INFO] Downloaded from central: https://repo.maven.apache.org/maven2/org/eclipse/aether/aether-util/1.0.0.v20140518/aether-util-1.0.0.v20140518.jar (146 kB at 1.4 MB/s)
[INFO] Downloading from central: https://repo.maven.apache.org/maven2/org/eclipse/aether/aether-api/1.0.0.v20140518/aether-api-1.0.0.v20140518.jar
[INFO] Downloading from central: https://repo.maven.apache.org/maven2/org/codehaus/plexus/plexus-utils/3.5.0/plexus-utils-3.5.0.jar
[INFO] Downloaded from central: https://repo.maven.apache.org/maven2/org/eclipse/aether/aether-api/1.0.0.v20140518/aether-api-1.0.0.v20140518.jar (136 kB at 4.1 MB/s)
[INFO] Downloaded from central: https://repo.maven.apache.org/maven2/org/codehaus/plexus/plexus-utils/3.5.0/plexus-utils-3.5.0.jar (267 kB at 2.8 MB/s)
[INFO] Installing /project/pom.xml to /root/.m2/repository/fr/ymanvieu/trading/trading/5.0.0-SNAPSHOT/trading-5.0.0-SNAPSHOT.pom
[INFO] 
[INFO] ------------------< fr.ymanvieu.trading:trading-test >------------------
[INFO] Building trading-test 5.0.0-SNAPSHOT                               [2/6]
[INFO]   from trading-test/pom.xml
[INFO] --------------------------------[ jar ]---------------------------------
[INFO] Downloading from central: https://repo.maven.apache.org/maven2/org/apache/maven/plugins/maven-resources-plugin/3.3.1/maven-resources-plugin-3.3.1.pom
[INFO] Downloaded from central: https://repo.maven.apache.org/maven2/org/apache/maven/plugins/maven-resources-plugin/3.3.1/maven-resources-plugin-3.3.1.pom (8.2 kB at 326 kB/s)
[INFO] Downloading from central: https://repo.maven.apache.org/maven2/org/apache/maven/plugins/maven-resources-plugin/3.3.1/maven-resources-plugin-3.3.1.jar
[INFO] Downloaded from central: https://repo.maven.apache.org/maven2/org/apache/maven/plugins/maven-resources-plugin/3.3.1/maven-resources-plugin-3.3.1.jar (31 kB at 1.2 MB/s)
[INFO] Downloading from central: https://repo.maven.apache.org/maven2/org/apache/maven/plugins/maven-compiler-plugin/3.11.0/maven-compiler-plugin-3.11.0.pom
[INFO] Downloaded from central: https://repo.maven.apache.org/maven2/org/apache/maven/plugins/maven-compiler-plugin/3.11.0/maven-compiler-plugin-3.11.0.pom (9.8 kB at 90 kB/s)
[INFO] Downloading from central: https://repo.maven.apache.org/maven2/org/apache/maven/plugins/maven-compiler-plugin/3.11.0/maven-compiler-plugin-3.11.0.jar
[INFO] Downloaded from central: https://repo.maven.apache.org/maven2/org/apache/maven/plugins/maven-compiler-plugin/3.11.0/maven-compiler-plugin-3.11.0.jar (66 kB at 561 kB/s)
[INFO] Downloading from central: https://repo.maven.apache.org/maven2/org/apache/maven/plugins/maven-surefire-plugin/3.1.2/maven-surefire-plugin-3.1.2.pom
[INFO] Downloaded from central: https://repo.maven.apache.org/maven2/org/apache/maven/plugins/maven-surefire-plugin/3.1.2/maven-surefire-plugin-3.1.2.pom (5.5 kB at 182 kB/s)
[INFO] Downloading from central: https://repo.maven.apache.org/maven2/org/apache/maven/surefire/surefire/3.1.2/surefire-3.1.2.pom
[INFO] Downloaded from central: https://repo.maven.apache.org/maven2/org/apache/maven/surefire/surefire/3.1.2/surefire-3.1.2.pom (22 kB at 669 kB/s)
[INFO] Downloading from central: https://repo.maven.apache.org/maven2/org/apache/maven/plugins/maven-surefire-plugin/3.1.2/maven-surefire-plugin-3.1.2.jar
[INFO] Downloaded from central: https://repo.maven.apache.org/maven2/org/apache/maven/plugins/maven-surefire-plugin/3.1.2/maven-surefire-plugin-3.1.2.jar (43 kB at 1.0 MB/s)
[INFO] Downloading from central: https://repo.maven.apache.org/maven2/org/apache/maven/plugins/maven-jar-plugin/3.3.0/maven-jar-plugin-3.3.0.pom
[INFO] Downloaded from central: https://repo.maven.apache.org/maven2/org/apache/maven/plugins/maven-jar-plugin/3.3.0/maven-jar-plugin-3.3.0.pom (6.8 kB at 282 kB/s)
[INFO] Downloading from central: https://repo.maven.apache.org/maven2/org/apache/maven/plugins/maven-plugins/37/maven-plugins-37.pom
[INFO] Downloaded from central: https://repo.maven.apache.org/maven2/org/apache/maven/plugins/maven-plugins/37/maven-plugins-37.pom (9.9 kB at 413 kB/s)
[INFO] Downloading from central: https://repo.maven.apache.org/maven2/org/apache/maven/maven-parent/37/maven-parent-37.pom
[INFO] Downloaded from central: https://repo.maven.apache.org/maven2/org/apache/maven/maven-parent/37/maven-parent-37.pom (46 kB at 1.6 MB/s)
[INFO] Downloading from central: https://repo.maven.apache.org/maven2/org/apache/apache/27/apache-27.pom
[INFO] Downloaded from central: https://repo.maven.apache.org/maven2/org/apache/apache/27/apache-27.pom (20 kB at 754 kB/s)
[INFO] Downloading from central: https://repo.maven.apache.org/maven2/org/apache/maven/plugins/maven-jar-plugin/3.3.0/maven-jar-plugin-3.3.0.jar
[INFO] Downloaded from central: https://repo.maven.apache.org/maven2/org/apache/maven/plugins/maven-jar-plugin/3.3.0/maven-jar-plugin-3.3.0.jar (27 kB at 1.1 MB/s)
[INFO] Downloading from jitpack.io: https://jitpack.io/org/junit/jupiter/junit-jupiter/5.10.1/junit-jupiter-5.10.1.pom
[INFO] Downloading from central: https://repo.maven.apache.org/maven2/org/junit/jupiter/junit-jupiter/5.10.1/junit-jupiter-5.10.1.pom
[INFO] Downloaded from central: https://repo.maven.apache.org/maven2/org/junit/jupiter/junit-jupiter/5.10.1/junit-jupiter-5.10.1.pom (3.2 kB at 107 kB/s)
[INFO] Downloading from jitpack.io: https://jitpack.io/org/junit/jupiter/junit-jupiter-api/5.10.1/junit-jupiter-api-5.10.1.pom
[INFO] Downloading from central: https://repo.maven.apache.org/maven2/org/junit/jupiter/junit-jupiter-api/5.10.1/junit-jupiter-api-5.10.1.pom
[INFO] Downloaded from central: https://repo.maven.apache.org/maven2/org/junit/jupiter/junit-jupiter-api/5.10.1/junit-jupiter-api-5.10.1.pom (3.2 kB at 100 kB/s)
[INFO] Downloading from jitpack.io: https://jitpack.io/org/opentest4j/opentest4j/1.3.0/opentest4j-1.3.0.pom
[INFO] Downloading from central: https://repo.maven.apache.org/maven2/org/opentest4j/opentest4j/1.3.0/opentest4j-1.3.0.pom
[INFO] Downloaded from central: https://repo.maven.apache.org/maven2/org/opentest4j/opentest4j/1.3.0/opentest4j-1.3.0.pom (2.0 kB at 66 kB/s)
[INFO] Downloading from jitpack.io: https://jitpack.io/org/junit/platform/junit-platform-commons/1.10.1/junit-platform-commons-1.10.1.pom
[INFO] Downloading from central: https://repo.maven.apache.org/maven2/org/junit/platform/junit-platform-commons/1.10.1/junit-platform-commons-1.10.1.pom
[INFO] Downloaded from central: https://repo.maven.apache.org/maven2/org/junit/platform/junit-platform-commons/1.10.1/junit-platform-commons-1.10.1.pom (2.8 kB at 86 kB/s)
[INFO] Downloading from jitpack.io: https://jitpack.io/org/apiguardian/apiguardian-api/1.1.2/apiguardian-api-1.1.2.pom
[INFO] Downloading from central: https://repo.maven.apache.org/maven2/org/apiguardian/apiguardian-api/1.1.2/apiguardian-api-1.1.2.pom
[INFO] Downloaded from central: https://repo.maven.apache.org/maven2/org/apiguardian/apiguardian-api/1.1.2/apiguardian-api-1.1.2.pom (1.5 kB at 42 kB/s)
[INFO] Downloading from jitpack.io: https://jitpack.io/org/junit/jupiter/junit-jupiter-params/5.10.1/junit-jupiter-params-5.10.1.pom
[INFO] Downloading from central: https://repo.maven.apache.org/maven2/org/junit/jupiter/junit-jupiter-params/5.10.1/junit-jupiter-params-5.10.1.pom
[INFO] Downloaded from central: https://repo.maven.apache.org/maven2/org/junit/jupiter/junit-jupiter-params/5.10.1/junit-jupiter-params-5.10.1.pom (3.0 kB at 29 kB/s)
[INFO] Downloading from jitpack.io: https://jitpack.io/org/junit/jupiter/junit-jupiter-engine/5.10.1/junit-jupiter-engine-5.10.1.pom
[INFO] Downloading from central: https://repo.maven.apache.org/maven2/org/junit/jupiter/junit-jupiter-engine/5.10.1/junit-jupiter-engine-5.10.1.pom
[INFO] Downloaded from central: https://repo.maven.apache.org/maven2/org/junit/jupiter/junit-jupiter-engine/5.10.1/junit-jupiter-engine-5.10.1.pom (3.2 kB at 119 kB/s)
[INFO] Downloading from jitpack.io: https://jitpack.io/org/junit/platform/junit-platform-engine/1.10.1/junit-platform-engine-1.10.1.pom
[INFO] Downloading from central: https://repo.maven.apache.org/maven2/org/junit/platform/junit-platform-engine/1.10.1/junit-platform-engine-1.10.1.pom
[INFO] Downloaded from central: https://repo.maven.apache.org/maven2/org/junit/platform/junit-platform-engine/1.10.1/junit-platform-engine-1.10.1.pom (3.2 kB at 67 kB/s)
[INFO] Downloading from jitpack.io: https://jitpack.io/org/junit/jupiter/junit-jupiter/5.10.1/junit-jupiter-5.10.1.jar
[INFO] Downloading from jitpack.io: https://jitpack.io/org/junit/jupiter/junit-jupiter-api/5.10.1/junit-jupiter-api-5.10.1.jar
[INFO] Downloading from jitpack.io: https://jitpack.io/org/opentest4j/opentest4j/1.3.0/opentest4j-1.3.0.jar
[INFO] Downloading from jitpack.io: https://jitpack.io/org/junit/platform/junit-platform-commons/1.10.1/junit-platform-commons-1.10.1.jar
[INFO] Downloading from jitpack.io: https://jitpack.io/org/apiguardian/apiguardian-api/1.1.2/apiguardian-api-1.1.2.jar
[INFO] Downloading from jitpack.io: https://jitpack.io/org/junit/jupiter/junit-jupiter-params/5.10.1/junit-jupiter-params-5.10.1.jar
[INFO] Downloading from jitpack.io: https://jitpack.io/org/junit/jupiter/junit-jupiter-engine/5.10.1/junit-jupiter-engine-5.10.1.jar
[INFO] Downloading from jitpack.io: https://jitpack.io/org/junit/platform/junit-platform-engine/1.10.1/junit-platform-engine-1.10.1.jar
[INFO] Downloading from central: https://repo.maven.apache.org/maven2/org/junit/jupiter/junit-jupiter/5.10.1/junit-jupiter-5.10.1.jar
[INFO] Downloaded from central: https://repo.maven.apache.org/maven2/org/junit/jupiter/junit-jupiter/5.10.1/junit-jupiter-5.10.1.jar (6.4 kB at 227 kB/s)
[INFO] Downloading from central: https://repo.maven.apache.org/maven2/org/junit/jupiter/junit-jupiter-api/5.10.1/junit-jupiter-api-5.10.1.jar
[INFO] Downloading from central: https://repo.maven.apache.org/maven2/org/opentest4j/opentest4j/1.3.0/opentest4j-1.3.0.jar
[INFO] Downloading from central: https://repo.maven.apache.org/maven2/org/junit/platform/junit-platform-commons/1.10.1/junit-platform-commons-1.10.1.jar
[INFO] Downloading from central: https://repo.maven.apache.org/maven2/org/apiguardian/apiguardian-api/1.1.2/apiguardian-api-1.1.2.jar
[INFO] Downloading from central: https://repo.maven.apache.org/maven2/org/junit/jupiter/junit-jupiter-params/5.10.1/junit-jupiter-params-5.10.1.jar
[INFO] Downloaded from central: https://repo.maven.apache.org/maven2/org/opentest4j/opentest4j/1.3.0/opentest4j-1.3.0.jar (14 kB at 397 kB/s)
[INFO] Downloading from central: https://repo.maven.apache.org/maven2/org/junit/jupiter/junit-jupiter-engine/5.10.1/junit-jupiter-engine-5.10.1.jar
[INFO] Downloaded from central: https://repo.maven.apache.org/maven2/org/junit/jupiter/junit-jupiter-api/5.10.1/junit-jupiter-api-5.10.1.jar (211 kB at 5.4 MB/s)
[INFO] Downloading from central: https://repo.maven.apache.org/maven2/org/junit/platform/junit-platform-engine/1.10.1/junit-platform-engine-1.10.1.jar
[INFO] Downloaded from central: https://repo.maven.apache.org/maven2/org/junit/platform/junit-platform-engine/1.10.1/junit-platform-engine-1.10.1.jar (205 kB at 3.3 MB/s)
[INFO] Downloaded from central: https://repo.maven.apache.org/maven2/org/junit/jupiter/junit-jupiter-engine/5.10.1/junit-jupiter-engine-5.10.1.jar (245 kB at 3.7 MB/s)
[INFO] Downloaded from central: https://repo.maven.apache.org/maven2/org/junit/platform/junit-platform-commons/1.10.1/junit-platform-commons-1.10.1.jar (106 kB at 1.4 MB/s)
[INFO] Downloaded from central: https://repo.maven.apache.org/maven2/org/apiguardian/apiguardian-api/1.1.2/apiguardian-api-1.1.2.jar (6.8 kB at 90 kB/s)
[INFO] Downloaded from central: https://repo.maven.apache.org/maven2/org/junit/jupiter/junit-jupiter-params/5.10.1/junit-jupiter-params-5.10.1.jar (586 kB at 3.1 MB/s)
[INFO] 
[INFO] --- resources:3.3.1:resources (default-resources) @ trading-test ---
[INFO] Downloading from central: https://repo.maven.apache.org/maven2/org/codehaus/plexus/plexus-interpolation/1.26/plexus-interpolation-1.26.pom
[INFO] Downloaded from central: https://repo.maven.apache.org/maven2/org/codehaus/plexus/plexus-interpolation/1.26/plexus-interpolation-1.26.pom (2.7 kB at 98 kB/s)
[INFO] Downloading from central: https://repo.maven.apache.org/maven2/org/codehaus/plexus/plexus/5.1/plexus-5.1.pom
[INFO] Downloaded from central: https://repo.maven.apache.org/maven2/org/codehaus/plexus/plexus/5.1/plexus-5.1.pom (23 kB at 866 kB/s)
[INFO] Downloading from central: https://repo.maven.apache.org/maven2/org/codehaus/plexus/plexus-utils/3.5.1/plexus-utils-3.5.1.pom
[INFO] Downloaded from central: https://repo.maven.apache.org/maven2/org/codehaus/plexus/plexus-utils/3.5.1/plexus-utils-3.5.1.pom (8.8 kB at 351 kB/s)
[INFO] Downloading from central: https://repo.maven.apache.org/maven2/org/apache/maven/shared/maven-filtering/3.3.1/maven-filtering-3.3.1.pom
[INFO] Downloaded from central: https://repo.maven.apache.org/maven2/org/apache/maven/shared/maven-filtering/3.3.1/maven-filtering-3.3.1.pom (6.0 kB at 232 kB/s)
[INFO] Downloading from central: https://repo.maven.apache.org/maven2/org/apache/maven/shared/maven-shared-components/39/maven-shared-components-39.pom
[INFO] Downloaded from central: https://repo.maven.apache.org/maven2/org/apache/maven/shared/maven-shared-components/39/maven-shared-components-39.pom (3.2 kB at 119 kB/s)
[INFO] Downloading from central: https://repo.maven.apache.org/maven2/javax/inject/javax.inject/1/javax.inject-1.pom
[INFO] Downloaded from central: https://repo.maven.apache.org/maven2/javax/inject/javax.inject/1/javax.inject-1.pom (612 B at 19 kB/s)
[INFO] Downloading from central: https://repo.maven.apache.org/maven2/org/slf4j/slf4j-api/1.7.36/slf4j-api-1.7.36.pom
[INFO] Downloaded from central: https://repo.maven.apache.org/maven2/org/slf4j/slf4j-api/1.7.36/slf4j-api-1.7.36.pom (2.7 kB at 106 kB/s)
[INFO] Downloading from central: https://repo.maven.apache.org/maven2/org/slf4j/slf4j-parent/1.7.36/slf4j-parent-1.7.36.pom
[INFO] Downloaded from central: https://repo.maven.apache.org/maven2/org/slf4j/slf4j-parent/1.7.36/slf4j-parent-1.7.36.pom (14 kB at 440 kB/s)
[INFO] Downloading from central: https://repo.maven.apache.org/maven2/org/sonatype/plexus/plexus-build-api/0.0.7/plexus-build-api-0.0.7.pom
[INFO] Downloaded from central: https://repo.maven.apache.org/maven2/org/sonatype/plexus/plexus-build-api/0.0.7/plexus-build-api-0.0.7.pom (3.2 kB at 31 kB/s)
[INFO] Downloading from central: https://repo.maven.apache.org/maven2/org/sonatype/spice/spice-parent/15/spice-parent-15.pom
[INFO] Downloaded from central: https://repo.maven.apache.org/maven2/org/sonatype/spice/spice-parent/15/spice-parent-15.pom (8.4 kB at 81 kB/s)
[INFO] Downloading from central: https://repo.maven.apache.org/maven2/org/sonatype/forge/forge-parent/5/forge-parent-5.pom
[INFO] Downloaded from central: https://repo.maven.apache.org/maven2/org/sonatype/forge/forge-parent/5/forge-parent-5.pom (8.4 kB at 199 kB/s)
[INFO] Downloading from central: https://repo.maven.apache.org/maven2/commons-io/commons-io/2.11.0/commons-io-2.11.0.pom
[INFO] Downloaded from central: https://repo.maven.apache.org/maven2/commons-io/commons-io/2.11.0/commons-io-2.11.0.pom (20 kB at 705 kB/s)
[INFO] Downloading from central: https://repo.maven.apache.org/maven2/org/apache/commons/commons-parent/52/commons-parent-52.pom
[INFO] Downloaded from central: https://repo.maven.apache.org/maven2/org/apache/commons/commons-parent/52/commons-parent-52.pom (79 kB at 2.0 MB/s)
[INFO] Downloading from central: https://repo.maven.apache.org/maven2/org/apache/apache/23/apache-23.pom
[INFO] Downloaded from central: https://repo.maven.apache.org/maven2/org/apache/apache/23/apache-23.pom (18 kB at 682 kB/s)
[INFO] Downloading from central: https://repo.maven.apache.org/maven2/org/junit/junit-bom/5.7.2/junit-bom-5.7.2.pom
[INFO] Downloaded from central: https://repo.maven.apache.org/maven2/org/junit/junit-bom/5.7.2/junit-bom-5.7.2.pom (5.1 kB at 212 kB/s)
[INFO] Downloading from central: https://repo.maven.apache.org/maven2/org/apache/commons/commons-lang3/3.12.0/commons-lang3-3.12.0.pom
[INFO] Downloaded from central: https://repo.maven.apache.org/maven2/org/apache/commons/commons-lang3/3.12.0/commons-lang3-3.12.0.pom (31 kB at 1.2 MB/s)
[INFO] Downloading from central: https://repo.maven.apache.org/maven2/org/junit/junit-bom/5.7.1/junit-bom-5.7.1.pom
[INFO] Downloaded from central: https://repo.maven.apache.org/maven2/org/junit/junit-bom/5.7.1/junit-bom-5.7.1.pom (5.1 kB at 255 kB/s)
[INFO] Downloading from central: https://repo.maven.apache.org/maven2/org/codehaus/plexus/plexus-interpolation/1.26/plexus-interpolation-1.26.jar
[INFO] Downloaded from central: https://repo.maven.apache.org/maven2/org/codehaus/plexus/plexus-interpolation/1.26/plexus-interpolation-1.26.jar (85 kB at 2.1 MB/s)
[INFO] Downloading from central: https://repo.maven.apache.org/maven2/org/codehaus/plexus/plexus-utils/3.5.1/plexus-utils-3.5.1.jar
[INFO] Downloading from central: https://repo.maven.apache.org/maven2/org/apache/maven/shared/maven-filtering/3.3.1/maven-filtering-3.3.1.jar
[INFO] Downloading from central: https://repo.maven.apache.org/maven2/javax/inject/javax.inject/1/javax.inject-1.jar
[INFO] Downloading from central: https://repo.maven.apache.org/maven2/org/slf4j/slf4j-api/1.7.36/slf4j-api-1.7.36.jar
[INFO] Downloading from central: https://repo.maven.apache.org/maven2/org/sonatype/plexus/plexus-build-api/0.0.7/plexus-build-api-0.0.7.jar
[INFO] Downloaded from central: https://repo.maven.apache.org/maven2/org/slf4j/slf4j-api/1.7.36/slf4j-api-1.7.36.jar (41 kB at 1.4 MB/s)
[INFO] Downloaded from central: https://repo.maven.apache.org/maven2/org/codehaus/plexus/plexus-utils/3.5.1/plexus-utils-3.5.1.jar (269 kB at 8.7 MB/s)
[INFO] Downloading from central: https://repo.maven.apache.org/maven2/commons-io/commons-io/2.11.0/commons-io-2.11.0.jar
[INFO] Downloaded from central: https://repo.maven.apache.org/maven2/javax/inject/javax.inject/1/javax.inject-1.jar (2.5 kB at 86 kB/s)
[INFO] Downloaded from central: https://repo.maven.apache.org/maven2/org/sonatype/plexus/plexus-build-api/0.0.7/plexus-build-api-0.0.7.jar (8.5 kB at 303 kB/s)
[INFO] Downloading from central: https://repo.maven.apache.org/maven2/org/apache/commons/commons-lang3/3.12.0/commons-lang3-3.12.0.jar
[INFO] Downloaded from central: https://repo.maven.apache.org/maven2/org/apache/maven/shared/maven-filtering/3.3.1/maven-filtering-3.3.1.jar (55 kB at 1.4 MB/s)
[INFO] Downloaded from central: https://repo.maven.apache.org/maven2/commons-io/commons-io/2.11.0/commons-io-2.11.0.jar (327 kB at 4.7 MB/s)
[INFO] Downloaded from central: https://repo.maven.apache.org/maven2/org/apache/commons/commons-lang3/3.12.0/commons-lang3-3.12.0.jar (587 kB at 7.5 MB/s)
[INFO] skip non existing resourceDirectory /project/trading-test/src/main/resources
[INFO] skip non existing resourceDirectory /project/trading-test/src/main/resources
[INFO] 
[INFO] --- compiler:3.11.0:compile (default-compile) @ trading-test ---
[INFO] Downloading from central: https://repo.maven.apache.org/maven2/org/apache/maven/shared/maven-shared-utils/3.3.4/maven-shared-utils-3.3.4.pom
[INFO] Downloaded from central: https://repo.maven.apache.org/maven2/org/apache/maven/shared/maven-shared-utils/3.3.4/maven-shared-utils-3.3.4.pom (5.8 kB at 73 kB/s)
[INFO] Downloading from central: https://repo.maven.apache.org/maven2/org/apache/maven/shared/maven-shared-components/34/maven-shared-components-34.pom
[INFO] Downloaded from central: https://repo.maven.apache.org/maven2/org/apache/maven/shared/maven-shared-components/34/maven-shared-components-34.pom (5.1 kB at 164 kB/s)
[INFO] Downloading from central: https://repo.maven.apache.org/maven2/org/apache/maven/maven-parent/34/maven-parent-34.pom
[INFO] Downloaded from central: https://repo.maven.apache.org/maven2/org/apache/maven/maven-parent/34/maven-parent-34.pom (43 kB at 1.4 MB/s)
[INFO] Downloading from central: https://repo.maven.apache.org/maven2/commons-io/commons-io/2.6/commons-io-2.6.pom
[INFO] Downloaded from central: https://repo.maven.apache.org/maven2/commons-io/commons-io/2.6/commons-io-2.6.pom (14 kB at 396 kB/s)
[INFO] Downloading from central: https://repo.maven.apache.org/maven2/org/apache/commons/commons-parent/42/commons-parent-42.pom
[INFO] Downloaded from central: https://repo.maven.apache.org/maven2/org/apache/commons/commons-parent/42/commons-parent-42.pom (68 kB at 1.9 MB/s)
[INFO] Downloading from central: https://repo.maven.apache.org/maven2/org/apache/apache/18/apache-18.pom
[INFO] Downloaded from central: https://repo.maven.apache.org/maven2/org/apache/apache/18/apache-18.pom (16 kB at 348 kB/s)
[INFO] Downloading from central: https://repo.maven.apache.org/maven2/org/apache/maven/shared/maven-shared-incremental/1.1/maven-shared-incremental-1.1.pom
[INFO] Downloaded from central: https://repo.maven.apache.org/maven2/org/apache/maven/shared/maven-shared-incremental/1.1/maven-shared-incremental-1.1.pom (4.7 kB at 132 kB/s)
[INFO] Downloading from central: https://repo.maven.apache.org/maven2/org/apache/maven/shared/maven-shared-components/19/maven-shared-components-19.pom
[INFO] Downloaded from central: https://repo.maven.apache.org/maven2/org/apache/maven/shared/maven-shared-components/19/maven-shared-components-19.pom (6.4 kB at 61 kB/s)
[INFO] Downloading from central: https://repo.maven.apache.org/maven2/org/apache/maven/maven-parent/23/maven-parent-23.pom
[INFO] Downloaded from central: https://repo.maven.apache.org/maven2/org/apache/maven/maven-parent/23/maven-parent-23.pom (33 kB at 1.1 MB/s)
[INFO] Downloading from central: https://repo.maven.apache.org/maven2/org/apache/apache/13/apache-13.pom
[INFO] Downloaded from central: https://repo.maven.apache.org/maven2/org/apache/apache/13/apache-13.pom (14 kB at 141 kB/s)
[INFO] Downloading from central: https://repo.maven.apache.org/maven2/org/codehaus/plexus/plexus-component-annotations/1.5.5/plexus-component-annotations-1.5.5.pom
[INFO] Downloaded from central: https://repo.maven.apache.org/maven2/org/codehaus/plexus/plexus-component-annotations/1.5.5/plexus-component-annotations-1.5.5.pom (815 B at 26 kB/s)
[INFO] Downloading from central: https://repo.maven.apache.org/maven2/org/codehaus/plexus/plexus-containers/1.5.5/plexus-containers-1.5.5.pom
[INFO] Downloaded from central: https://repo.maven.apache.org/maven2/org/codehaus/plexus/plexus-containers/1.5.5/plexus-containers-1.5.5.pom (4.2 kB at 109 kB/s)
[INFO] Downloading from central: https://repo.maven.apache.org/maven2/org/codehaus/plexus/plexus/2.0.7/plexus-2.0.7.pom
[INFO] Downloaded from central: https://repo.maven.apache.org/maven2/org/codehaus/plexus/plexus/2.0.7/plexus-2.0.7.pom (17 kB at 509 kB/s)
[INFO] Downloading from central: https://repo.maven.apache.org/maven2/org/codehaus/plexus/plexus-java/1.1.2/plexus-java-1.1.2.pom
[INFO] Downloaded from central: https://repo.maven.apache.org/maven2/org/codehaus/plexus/plexus-java/1.1.2/plexus-java-1.1.2.pom (5.0 kB at 171 kB/s)
[INFO] Downloading from central: https://repo.maven.apache.org/maven2/org/codehaus/plexus/plexus-languages/1.1.2/plexus-languages-1.1.2.pom
[INFO] Downloaded from central: https://repo.maven.apache.org/maven2/org/codehaus/plexus/plexus-languages/1.1.2/plexus-languages-1.1.2.pom (4.1 kB at 180 kB/s)
[INFO] Downloading from central: https://repo.maven.apache.org/maven2/org/ow2/asm/asm/9.4/asm-9.4.pom
[INFO] Downloaded from central: https://repo.maven.apache.org/maven2/org/ow2/asm/asm/9.4/asm-9.4.pom (2.4 kB at 99 kB/s)
[INFO] Downloading from central: https://repo.maven.apache.org/maven2/org/ow2/ow2/1.5.1/ow2-1.5.1.pom
[INFO] Downloaded from central: https://repo.maven.apache.org/maven2/org/ow2/ow2/1.5.1/ow2-1.5.1.pom (11 kB at 470 kB/s)
[INFO] Downloading from central: https://repo.maven.apache.org/maven2/com/thoughtworks/qdox/qdox/2.0.3/qdox-2.0.3.pom
[INFO] Downloaded from central: https://repo.maven.apache.org/maven2/com/thoughtworks/qdox/qdox/2.0.3/qdox-2.0.3.pom (17 kB at 638 kB/s)
[INFO] Downloading from central: https://repo.maven.apache.org/maven2/org/sonatype/oss/oss-parent/9/oss-parent-9.pom
[INFO] Downloaded from central: https://repo.maven.apache.org/maven2/org/sonatype/oss/oss-parent/9/oss-parent-9.pom (6.6 kB at 205 kB/s)
[INFO] Downloading from central: https://repo.maven.apache.org/maven2/org/codehaus/plexus/plexus-compiler-api/2.13.0/plexus-compiler-api-2.13.0.pom
[INFO] Downloaded from central: https://repo.maven.apache.org/maven2/org/codehaus/plexus/plexus-compiler-api/2.13.0/plexus-compiler-api-2.13.0.pom (1.1 kB at 50 kB/s)
[INFO] Downloading from central: https://repo.maven.apache.org/maven2/org/codehaus/plexus/plexus-compiler/2.13.0/plexus-compiler-2.13.0.pom
[INFO] Downloaded from central: https://repo.maven.apache.org/maven2/org/codehaus/plexus/plexus-compiler/2.13.0/plexus-compiler-2.13.0.pom (8.4 kB at 349 kB/s)
[INFO] Downloading from central: https://repo.maven.apache.org/maven2/org/codehaus/plexus/plexus-components/10.0/plexus-components-10.0.pom
[INFO] Downloaded from central: https://repo.maven.apache.org/maven2/org/codehaus/plexus/plexus-components/10.0/plexus-components-10.0.pom (2.7 kB at 122 kB/s)
[INFO] Downloading from central: https://repo.maven.apache.org/maven2/org/junit/junit-bom/5.9.1/junit-bom-5.9.1.pom
[INFO] Downloaded from central: https://repo.maven.apache.org/maven2/org/junit/junit-bom/5.9.1/junit-bom-5.9.1.pom (5.6 kB at 50 kB/s)
[INFO] Downloading from central: https://repo.maven.apache.org/maven2/org/codehaus/plexus/plexus-compiler-manager/2.13.0/plexus-compiler-manager-2.13.0.pom
[INFO] Downloaded from central: https://repo.maven.apache.org/maven2/org/codehaus/plexus/plexus-compiler-manager/2.13.0/plexus-compiler-manager-2.13.0.pom (1.1 kB at 47 kB/s)
[INFO] Downloading from central: https://repo.maven.apache.org/maven2/org/codehaus/plexus/plexus-component-annotations/2.1.1/plexus-component-annotations-2.1.1.pom
[INFO] Downloaded from central: https://repo.maven.apache.org/maven2/org/codehaus/plexus/plexus-component-annotations/2.1.1/plexus-component-annotations-2.1.1.pom (770 B at 19 kB/s)
[INFO] Downloading from central: https://repo.maven.apache.org/maven2/org/codehaus/plexus/plexus-containers/2.1.1/plexus-containers-2.1.1.pom
[INFO] Downloaded from central: https://repo.maven.apache.org/maven2/org/codehaus/plexus/plexus-containers/2.1.1/plexus-containers-2.1.1.pom (6.0 kB at 287 kB/s)
[INFO] Downloading from central: https://repo.maven.apache.org/maven2/org/codehaus/plexus/plexus/6.5/plexus-6.5.pom
[INFO] Downloaded from central: https://repo.maven.apache.org/maven2/org/codehaus/plexus/plexus/6.5/plexus-6.5.pom (26 kB at 829 kB/s)
[INFO] Downloading from central: https://repo.maven.apache.org/maven2/org/codehaus/plexus/plexus-compiler-javac/2.13.0/plexus-compiler-javac-2.13.0.pom
[INFO] Downloaded from central: https://repo.maven.apache.org/maven2/org/codehaus/plexus/plexus-compiler-javac/2.13.0/plexus-compiler-javac-2.13.0.pom (1.2 kB at 40 kB/s)
[INFO] Downloading from central: https://repo.maven.apache.org/maven2/org/codehaus/plexus/plexus-compilers/2.13.0/plexus-compilers-2.13.0.pom
[INFO] Downloaded from central: https://repo.maven.apache.org/maven2/org/codehaus/plexus/plexus-compilers/2.13.0/plexus-compilers-2.13.0.pom (1.3 kB at 43 kB/s)
[INFO] Downloading from central: https://repo.maven.apache.org/maven2/org/apache/maven/shared/maven-shared-utils/3.3.4/maven-shared-utils-3.3.4.jar
[INFO] Downloaded from central: https://repo.maven.apache.org/maven2/org/apache/maven/shared/maven-shared-utils/3.3.4/maven-shared-utils-3.3.4.jar (153 kB at 5.3 MB/s)
[INFO] Downloading from central: https://repo.maven.apache.org/maven2/commons-io/commons-io/2.6/commons-io-2.6.jar
[INFO] Downloading from central: https://repo.maven.apache.org/maven2/org/apache/maven/shared/maven-shared-incremental/1.1/maven-shared-incremental-1.1.jar
[INFO] Downloading from central: https://repo.maven.apache.org/maven2/org/codehaus/plexus/plexus-component-annotations/1.5.5/plexus-component-annotations-1.5.5.jar
[INFO] Downloading from central: https://repo.maven.apache.org/maven2/org/codehaus/plexus/plexus-java/1.1.2/plexus-java-1.1.2.jar
[INFO] Downloading from central: https://repo.maven.apache.org/maven2/org/ow2/asm/asm/9.4/asm-9.4.jar
[INFO] Downloaded from central: https://repo.maven.apache.org/maven2/org/apache/maven/shared/maven-shared-incremental/1.1/maven-shared-incremental-1.1.jar (14 kB at 467 kB/s)
[INFO] Downloading from central: https://repo.maven.apache.org/maven2/com/thoughtworks/qdox/qdox/2.0.3/qdox-2.0.3.jar
[INFO] Downloaded from central: https://repo.maven.apache.org/maven2/commons-io/commons-io/2.6/commons-io-2.6.jar (215 kB at 6.1 MB/s)
[INFO] Downloading from central: https://repo.maven.apache.org/maven2/org/codehaus/plexus/plexus-compiler-api/2.13.0/plexus-compiler-api-2.13.0.jar
[INFO] Downloaded from central: https://repo.maven.apache.org/maven2/org/codehaus/plexus/plexus-component-annotations/1.5.5/plexus-component-annotations-1.5.5.jar (4.2 kB at 33 kB/s)
[INFO] Downloaded from central: https://repo.maven.apache.org/maven2/org/ow2/asm/asm/9.4/asm-9.4.jar (122 kB at 987 kB/s)
[INFO] Downloading from central: https://repo.maven.apache.org/maven2/org/codehaus/plexus/plexus-compiler-javac/2.13.0/plexus-compiler-javac-2.13.0.jar
[INFO] Downloading from central: https://repo.maven.apache.org/maven2/org/codehaus/plexus/plexus-compiler-manager/2.13.0/plexus-compiler-manager-2.13.0.jar
[INFO] Downloaded from central: https://repo.maven.apache.org/maven2/org/codehaus/plexus/plexus-java/1.1.2/plexus-java-1.1.2.jar (55 kB at 433 kB/s)
[INFO] Downloaded from central: https://repo.maven.apache.org/maven2/org/codehaus/plexus/plexus-compiler-api/2.13.0/plexus-compiler-api-2.13.0.jar (27 kB at 194 kB/s)
[INFO] Downloaded from central: https://repo.maven.apache.org/maven2/com/thoughtworks/qdox/qdox/2.0.3/qdox-2.0.3.jar (334 kB at 2.3 MB/s)
[INFO] Downloaded from central: https://repo.maven.apache.org/maven2/org/codehaus/plexus/plexus-compiler-javac/2.13.0/plexus-compiler-javac-2.13.0.jar (23 kB at 148 kB/s)
[INFO] Downloaded from central: https://repo.maven.apache.org/maven2/org/codehaus/plexus/plexus-compiler-manager/2.13.0/plexus-compiler-manager-2.13.0.jar (4.7 kB at 19 kB/s)
[INFO] Changes detected - recompiling the module! :source
[INFO] Compiling 1 source file with javac [debug release 21] to target/classes
[INFO] 
[INFO] --- resources:3.3.1:testResources (default-testResources) @ trading-test ---
[INFO] Not copying test resources
[INFO] 
[INFO] --- compiler:3.11.0:testCompile (default-testCompile) @ trading-test ---
[INFO] Not compiling test sources
[INFO] 
[INFO] --- surefire:3.1.2:test (default-test) @ trading-test ---
[INFO] Downloading from central: https://repo.maven.apache.org/maven2/org/apache/maven/surefire/maven-surefire-common/3.1.2/maven-surefire-common-3.1.2.pom
[INFO] Downloaded from central: https://repo.maven.apache.org/maven2/org/apache/maven/surefire/maven-surefire-common/3.1.2/maven-surefire-common-3.1.2.pom (6.1 kB at 127 kB/s)
[INFO] Downloading from central: https://repo.maven.apache.org/maven2/org/apache/maven/surefire/surefire-api/3.1.2/surefire-api-3.1.2.pom
[INFO] Downloaded from central: https://repo.maven.apache.org/maven2/org/apache/maven/surefire/surefire-api/3.1.2/surefire-api-3.1.2.pom (3.5 kB at 33 kB/s)
[INFO] Downloading from central: https://repo.maven.apache.org/maven2/org/apache/maven/surefire/surefire-logger-api/3.1.2/surefire-logger-api-3.1.2.pom
[INFO] Downloaded from central: https://repo.maven.apache.org/maven2/org/apache/maven/surefire/surefire-logger-api/3.1.2/surefire-logger-api-3.1.2.pom (3.3 kB at 76 kB/s)
[INFO] Downloading from central: https://repo.maven.apache.org/maven2/org/apache/maven/surefire/surefire-shared-utils/3.1.2/surefire-shared-utils-3.1.2.pom
[INFO] Downloaded from central: https://repo.maven.apache.org/maven2/org/apache/maven/surefire/surefire-shared-utils/3.1.2/surefire-shared-utils-3.1.2.pom (4.1 kB at 156 kB/s)
[INFO] Downloading from central: https://repo.maven.apache.org/maven2/org/apache/maven/surefire/surefire-extensions-api/3.1.2/surefire-extensions-api-3.1.2.pom
[INFO] Downloaded from central: https://repo.maven.apache.org/maven2/org/apache/maven/surefire/surefire-extensions-api/3.1.2/surefire-extensions-api-3.1.2.pom (3.3 kB at 110 kB/s)
[INFO] Downloading from central: https://repo.maven.apache.org/maven2/org/apache/maven/surefire/surefire-booter/3.1.2/surefire-booter-3.1.2.pom
[INFO] Downloaded from central: https://repo.maven.apache.org/maven2/org/apache/maven/surefire/surefire-booter/3.1.2/surefire-booter-3.1.2.pom (4.5 kB at 178 kB/s)
[INFO] Downloading from central: https://repo.maven.apache.org/maven2/org/apache/maven/surefire/surefire-extensions-spi/3.1.2/surefire-extensions-spi-3.1.2.pom
[INFO] Downloaded from central: https://repo.maven.apache.org/maven2/org/apache/maven/surefire/surefire-extensions-spi/3.1.2/surefire-extensions-spi-3.1.2.pom (1.8 kB at 65 kB/s)
[INFO] Downloading from central: https://repo.maven.apache.org/maven2/org/apache/maven/shared/maven-common-artifact-filters/3.1.1/maven-common-artifact-filters-3.1.1.pom
[INFO] Downloaded from central: https://repo.maven.apache.org/maven2/org/apache/maven/shared/maven-common-artifact-filters/3.1.1/maven-common-artifact-filters-3.1.1.pom (5.8 kB at 207 kB/s)
[INFO] Downloading from central: https://repo.maven.apache.org/maven2/org/apache/maven/maven-artifact/3.2.5/maven-artifact-3.2.5.pom
[INFO] Downloaded from central: https://repo.maven.apache.org/maven2/org/apache/maven/maven-artifact/3.2.5/maven-artifact-3.2.5.pom (2.3 kB at 50 kB/s)
[INFO] Downloading from central: https://repo.maven.apache.org/maven2/org/apache/maven/maven/3.2.5/maven-3.2.5.pom
[INFO] Downloaded from central: https://repo.maven.apache.org/maven2/org/apache/maven/maven/3.2.5/maven-3.2.5.pom (22 kB at 699 kB/s)
[INFO] Downloading from central: https://repo.maven.apache.org/maven2/org/apache/maven/maven-parent/25/maven-parent-25.pom
[INFO] Downloaded from central: https://repo.maven.apache.org/maven2/org/apache/maven/maven-parent/25/maven-parent-25.pom (37 kB at 1.1 MB/s)
[INFO] Downloading from central: https://repo.maven.apache.org/maven2/org/apache/apache/15/apache-15.pom
[INFO] Downloaded from central: https://repo.maven.apache.org/maven2/org/apache/apache/15/apache-15.pom (15 kB at 491 kB/s)
[INFO] Downloading from central: https://repo.maven.apache.org/maven2/org/apache/maven/maven-core/3.2.5/maven-core-3.2.5.pom
[INFO] Downloaded from central: https://repo.maven.apache.org/maven2/org/apache/maven/maven-core/3.2.5/maven-core-3.2.5.pom (8.1 kB at 77 kB/s)
[INFO] Downloading from central: https://repo.maven.apache.org/maven2/org/apache/maven/maven-settings/3.2.5/maven-settings-3.2.5.pom
[INFO] Downloaded from central: https://repo.maven.apache.org/maven2/org/apache/maven/maven-settings/3.2.5/maven-settings-3.2.5.pom (2.2 kB at 80 kB/s)
[INFO] Downloading from central: https://repo.maven.apache.org/maven2/org/apache/maven/maven-settings-builder/3.2.5/maven-settings-builder-3.2.5.pom
[INFO] Downloaded from central: https://repo.maven.apache.org/maven2/org/apache/maven/maven-settings-builder/3.2.5/maven-settings-builder-3.2.5.pom (2.6 kB at 124 kB/s)
[INFO] Downloading from central: https://repo.maven.apache.org/maven2/org/codehaus/plexus/plexus-interpolation/1.21/plexus-interpolation-1.21.pom
[INFO] Downloaded from central: https://repo.maven.apache.org/maven2/org/codehaus/plexus/plexus-interpolation/1.21/plexus-interpolation-1.21.pom (1.5 kB at 59 kB/s)
[INFO] Downloading from central: https://repo.maven.apache.org/maven2/org/codehaus/plexus/plexus-components/1.3.1/plexus-components-1.3.1.pom
[INFO] Downloaded from central: https://repo.maven.apache.org/maven2/org/codehaus/plexus/plexus-components/1.3.1/plexus-components-1.3.1.pom (3.1 kB at 146 kB/s)
[INFO] Downloading from central: https://repo.maven.apache.org/maven2/org/codehaus/plexus/plexus/3.3.1/plexus-3.3.1.pom
[INFO] Downloaded from central: https://repo.maven.apache.org/maven2/org/codehaus/plexus/plexus/3.3.1/plexus-3.3.1.pom (20 kB at 705 kB/s)
[INFO] Downloading from central: https://repo.maven.apache.org/maven2/org/sonatype/spice/spice-parent/17/spice-parent-17.pom
[INFO] Downloaded from central: https://repo.maven.apache.org/maven2/org/sonatype/spice/spice-parent/17/spice-parent-17.pom (6.8 kB at 260 kB/s)
[INFO] Downloading from central: https://repo.maven.apache.org/maven2/org/sonatype/forge/forge-parent/10/forge-parent-10.pom
[INFO] Downloaded from central: https://repo.maven.apache.org/maven2/org/sonatype/forge/forge-parent/10/forge-parent-10.pom (14 kB at 399 kB/s)
[INFO] Downloading from central: https://repo.maven.apache.org/maven2/org/sonatype/plexus/plexus-sec-dispatcher/1.3/plexus-sec-dispatcher-1.3.pom
[INFO] Downloaded from central: https://repo.maven.apache.org/maven2/org/sonatype/plexus/plexus-sec-dispatcher/1.3/plexus-sec-dispatcher-1.3.pom (3.0 kB at 93 kB/s)
[INFO] Downloading from central: https://repo.maven.apache.org/maven2/org/sonatype/spice/spice-parent/12/spice-parent-12.pom
[INFO] Downloaded from central: https://repo.maven.apache.org/maven2/org/sonatype/spice/spice-parent/12/spice-parent-12.pom (6.8 kB at 296 kB/s)
[INFO] Downloading from central: https://repo.maven.apache.org/maven2/org/sonatype/forge/forge-parent/4/forge-parent-4.pom
[INFO] Downloaded from central: https://repo.maven.apache.org/maven2/org/sonatype/forge/forge-parent/4/forge-parent-4.pom (8.4 kB at 71 kB/s)
[INFO] Downloading from central: https://repo.maven.apache.org/maven2/org/sonatype/plexus/plexus-cipher/1.4/plexus-cipher-1.4.pom
[INFO] Downloaded from central: https://repo.maven.apache.org/maven2/org/sonatype/plexus/plexus-cipher/1.4/plexus-cipher-1.4.pom (2.1 kB at 19 kB/s)
[INFO] Downloading from central: https://repo.maven.apache.org/maven2/org/apache/maven/maven-repository-metadata/3.2.5/maven-repository-metadata-3.2.5.pom
[INFO] Downloaded from central: https://repo.maven.apache.org/maven2/org/apache/maven/maven-repository-metadata/3.2.5/maven-repository-metadata-3.2.5.pom (2.2 kB at 31 kB/s)
[INFO] Downloading from central: https://repo.maven.apache.org/maven2/org/apache/maven/maven-plugin-api/3.2.5/maven-plugin-api-3.2.5.pom
[INFO] Downloaded from central: https://repo.maven.apache.org/maven2/org/apache/maven/maven-plugin-api/3.2.5/maven-plugin-api-3.2.5.pom (3.0 kB at 126 kB/s)
[INFO] Downloading from central: https://repo.maven.apache.org/maven2/org/eclipse/sisu/org.eclipse.sisu.plexus/0.3.5/org.eclipse.sisu.plexus-0.3.5.pom
[INFO] Downloaded from central: https://repo.maven.apache.org/maven2/org/eclipse/sisu/org.eclipse.sisu.plexus/0.3.5/org.eclipse.sisu.plexus-0.3.5.pom (4.3 kB at 107 kB/s)
[INFO] Downloading from central: https://repo.maven.apache.org/maven2/org/eclipse/sisu/sisu-plexus/0.3.5/sisu-plexus-0.3.5.pom
[INFO] Downloaded from central: https://repo.maven.apache.org/maven2/org/eclipse/sisu/sisu-plexus/0.3.5/sisu-plexus-0.3.5.pom (14 kB at 549 kB/s)
[INFO] Downloading from central: https://repo.maven.apache.org/maven2/javax/annotation/javax.annotation-api/1.2/javax.annotation-api-1.2.pom
[INFO] Downloaded from central: https://repo.maven.apache.org/maven2/javax/annotation/javax.annotation-api/1.2/javax.annotation-api-1.2.pom (13 kB at 448 kB/s)
[INFO] Downloading from central: https://repo.maven.apache.org/maven2/net/java/jvnet-parent/3/jvnet-parent-3.pom
[INFO] Downloaded from central: https://repo.maven.apache.org/maven2/net/java/jvnet-parent/3/jvnet-parent-3.pom (4.8 kB at 184 kB/s)
[INFO] Downloading from central: https://repo.maven.apache.org/maven2/javax/enterprise/cdi-api/1.2/cdi-api-1.2.pom
[INFO] Downloaded from central: https://repo.maven.apache.org/maven2/javax/enterprise/cdi-api/1.2/cdi-api-1.2.pom (6.3 kB at 179 kB/s)
[INFO] Downloading from central: https://repo.maven.apache.org/maven2/org/jboss/weld/weld-parent/26/weld-parent-26.pom
[INFO] Downloaded from central: https://repo.maven.apache.org/maven2/org/jboss/weld/weld-parent/26/weld-parent-26.pom (32 kB at 980 kB/s)
[INFO] Downloading from central: https://repo.maven.apache.org/maven2/org/eclipse/sisu/org.eclipse.sisu.inject/0.3.5/org.eclipse.sisu.inject-0.3.5.pom
[INFO] Downloaded from central: https://repo.maven.apache.org/maven2/org/eclipse/sisu/org.eclipse.sisu.inject/0.3.5/org.eclipse.sisu.inject-0.3.5.pom (2.6 kB at 97 kB/s)
[INFO] Downloading from central: https://repo.maven.apache.org/maven2/org/eclipse/sisu/sisu-inject/0.3.5/sisu-inject-0.3.5.pom
[INFO] Downloaded from central: https://repo.maven.apache.org/maven2/org/eclipse/sisu/sisu-inject/0.3.5/sisu-inject-0.3.5.pom (14 kB at 424 kB/s)
[INFO] Downloading from central: https://repo.maven.apache.org/maven2/org/codehaus/plexus/plexus-classworlds/2.5.2/plexus-classworlds-2.5.2.pom
[INFO] Downloaded from central: https://repo.maven.apache.org/maven2/org/codehaus/plexus/plexus-classworlds/2.5.2/plexus-classworlds-2.5.2.pom (7.3 kB at 68 kB/s)
[INFO] Downloading from central: https://repo.maven.apache.org/maven2/org/apache/maven/maven-model-builder/3.2.5/maven-model-builder-3.2.5.pom
[INFO] Downloaded from central: https://repo.maven.apache.org/maven2/org/apache/maven/maven-model-builder/3.2.5/maven-model-builder-3.2.5.pom (3.0 kB at 107 kB/s)
[INFO] Downloading from central: https://repo.maven.apache.org/maven2/org/apache/maven/maven-aether-provider/3.2.5/maven-aether-provider-3.2.5.pom
[INFO] Downloaded from central: https://repo.maven.apache.org/maven2/org/apache/maven/maven-aether-provider/3.2.5/maven-aether-provider-3.2.5.pom (4.2 kB at 177 kB/s)
[INFO] Downloading from central: https://repo.maven.apache.org/maven2/org/eclipse/aether/aether-spi/1.0.0.v20140518/aether-spi-1.0.0.v20140518.pom
[INFO] Downloaded from central: https://repo.maven.apache.org/maven2/org/eclipse/aether/aether-spi/1.0.0.v20140518/aether-spi-1.0.0.v20140518.pom (2.1 kB at 82 kB/s)
[INFO] Downloading from central: https://repo.maven.apache.org/maven2/org/eclipse/aether/aether-impl/1.0.0.v20140518/aether-impl-1.0.0.v20140518.pom
[INFO] Downloaded from central: https://repo.maven.apache.org/maven2/org/eclipse/aether/aether-impl/1.0.0.v20140518/aether-impl-1.0.0.v20140518.pom (3.5 kB at 120 kB/s)
[INFO] Downloading from central: https://repo.maven.apache.org/maven2/org/sonatype/sisu/sisu-guice/3.2.3/sisu-guice-3.2.3.pom
[INFO] Downloaded from central: https://repo.maven.apache.org/maven2/org/sonatype/sisu/sisu-guice/3.2.3/sisu-guice-3.2.3.pom (11 kB at 304 kB/s)
[INFO] Downloading from central: https://repo.maven.apache.org/maven2/org/sonatype/sisu/inject/guice-parent/3.2.3/guice-parent-3.2.3.pom
[INFO] Downloaded from central: https://repo.maven.apache.org/maven2/org/sonatype/sisu/inject/guice-parent/3.2.3/guice-parent-3.2.3.pom (13 kB at 499 kB/s)
[INFO] Downloading from central: https://repo.maven.apache.org/maven2/org/sonatype/forge/forge-parent/38/forge-parent-38.pom
[INFO] Downloaded from central: https://repo.maven.apache.org/maven2/org/sonatype/forge/forge-parent/38/forge-parent-38.pom (19 kB at 586 kB/s)
[INFO] Downloading from central: https://repo.maven.apache.org/maven2/aopalliance/aopalliance/1.0/aopalliance-1.0.pom
[INFO] Downloaded from central: https://repo.maven.apache.org/maven2/aopalliance/aopalliance/1.0/aopalliance-1.0.pom (363 B at 10 kB/s)
[INFO] Downloading from central: https://repo.maven.apache.org/maven2/com/google/guava/guava/16.0.1/guava-16.0.1.pom
[INFO] Downloaded from central: https://repo.maven.apache.org/maven2/com/google/guava/guava/16.0.1/guava-16.0.1.pom (6.1 kB at 55 kB/s)
[INFO] Downloading from central: https://repo.maven.apache.org/maven2/com/google/guava/guava-parent/16.0.1/guava-parent-16.0.1.pom
[INFO] Downloaded from central: https://repo.maven.apache.org/maven2/com/google/guava/guava-parent/16.0.1/guava-parent-16.0.1.pom (7.3 kB at 74 kB/s)
[INFO] Downloading from central: https://repo.maven.apache.org/maven2/commons-io/commons-io/2.12.0/commons-io-2.12.0.pom
[INFO] Downloaded from central: https://repo.maven.apache.org/maven2/commons-io/commons-io/2.12.0/commons-io-2.12.0.pom (20 kB at 452 kB/s)
[INFO] Downloading from central: https://repo.maven.apache.org/maven2/org/apache/commons/commons-parent/57/commons-parent-57.pom
[INFO] Downloaded from central: https://repo.maven.apache.org/maven2/org/apache/commons/commons-parent/57/commons-parent-57.pom (83 kB at 2.2 MB/s)
[INFO] Downloading from central: https://repo.maven.apache.org/maven2/org/junit/junit-bom/5.9.2/junit-bom-5.9.2.pom
[INFO] Downloaded from central: https://repo.maven.apache.org/maven2/org/junit/junit-bom/5.9.2/junit-bom-5.9.2.pom (5.6 kB at 148 kB/s)
[INFO] Downloading from central: https://repo.maven.apache.org/maven2/org/apache/maven/surefire/maven-surefire-common/3.1.2/maven-surefire-common-3.1.2.jar
[INFO] Downloaded from central: https://repo.maven.apache.org/maven2/org/apache/maven/surefire/maven-surefire-common/3.1.2/maven-surefire-common-3.1.2.jar (306 kB at 9.0 MB/s)
[INFO] Downloading from central: https://repo.maven.apache.org/maven2/org/apache/maven/surefire/surefire-api/3.1.2/surefire-api-3.1.2.jar
[INFO] Downloading from central: https://repo.maven.apache.org/maven2/org/apache/maven/surefire/surefire-logger-api/3.1.2/surefire-logger-api-3.1.2.jar
[INFO] Downloading from central: https://repo.maven.apache.org/maven2/org/apache/maven/surefire/surefire-extensions-api/3.1.2/surefire-extensions-api-3.1.2.jar
[INFO] Downloading from central: https://repo.maven.apache.org/maven2/org/apache/maven/surefire/surefire-booter/3.1.2/surefire-booter-3.1.2.jar
[INFO] Downloading from central: https://repo.maven.apache.org/maven2/org/apache/maven/surefire/surefire-extensions-spi/3.1.2/surefire-extensions-spi-3.1.2.jar
[INFO] Downloaded from central: https://repo.maven.apache.org/maven2/org/apache/maven/surefire/surefire-api/3.1.2/surefire-api-3.1.2.jar (171 kB at 4.6 MB/s)
[INFO] Downloading from central: https://repo.maven.apache.org/maven2/org/apache/maven/shared/maven-common-artifact-filters/3.1.1/maven-common-artifact-filters-3.1.1.jar
[INFO] Downloaded from central: https://repo.maven.apache.org/maven2/org/apache/maven/surefire/surefire-logger-api/3.1.2/surefire-logger-api-3.1.2.jar (14 kB at 358 kB/s)
[INFO] Downloading from central: https://repo.maven.apache.org/maven2/commons-io/commons-io/2.12.0/commons-io-2.12.0.jar
[INFO] Downloaded from central: https://repo.maven.apache.org/maven2/org/apache/maven/surefire/surefire-extensions-api/3.1.2/surefire-extensions-api-3.1.2.jar (26 kB at 680 kB/s)
[INFO] Downloading from central: https://repo.maven.apache.org/maven2/org/apache/maven/surefire/surefire-shared-utils/3.1.2/surefire-shared-utils-3.1.2.jar
[INFO] Downloaded from central: https://repo.maven.apache.org/maven2/org/apache/maven/surefire/surefire-booter/3.1.2/surefire-booter-3.1.2.jar (118 kB at 3.1 MB/s)
[INFO] Downloaded from central: https://repo.maven.apache.org/maven2/org/apache/maven/surefire/surefire-extensions-spi/3.1.2/surefire-extensions-spi-3.1.2.jar (8.2 kB at 215 kB/s)
[INFO] Downloaded from central: https://repo.maven.apache.org/maven2/org/apache/maven/shared/maven-common-artifact-filters/3.1.1/maven-common-artifact-filters-3.1.1.jar (61 kB at 1.0 MB/s)
[INFO] Downloaded from central: https://repo.maven.apache.org/maven2/commons-io/commons-io/2.12.0/commons-io-2.12.0.jar (474 kB at 7.0 MB/s)
[INFO] Downloaded from central: https://repo.maven.apache.org/maven2/org/apache/maven/surefire/surefire-shared-utils/3.1.2/surefire-shared-utils-3.1.2.jar (2.3 MB at 20 MB/s)
[INFO] Tests are skipped.
[INFO] 
[INFO] --- jar:3.3.0:jar (default-jar) @ trading-test ---
[INFO] Downloading from central: https://repo.maven.apache.org/maven2/org/apache/maven/shared/file-management/3.1.0/file-management-3.1.0.pom
[INFO] Downloaded from central: https://repo.maven.apache.org/maven2/org/apache/maven/shared/file-management/3.1.0/file-management-3.1.0.pom (4.5 kB at 35 kB/s)
[INFO] Downloading from central: https://repo.maven.apache.org/maven2/org/apache/maven/shared/maven-shared-components/36/maven-shared-components-36.pom
[INFO] Downloaded from central: https://repo.maven.apache.org/maven2/org/apache/maven/shared/maven-shared-components/36/maven-shared-components-36.pom (4.9 kB at 153 kB/s)
[INFO] Downloading from central: https://repo.maven.apache.org/maven2/org/apache/maven/maven-parent/36/maven-parent-36.pom
[INFO] Downloaded from central: https://repo.maven.apache.org/maven2/org/apache/maven/maven-parent/36/maven-parent-36.pom (45 kB at 1.5 MB/s)
[INFO] Downloading from central: https://repo.maven.apache.org/maven2/org/apache/apache/26/apache-26.pom
[INFO] Downloaded from central: https://repo.maven.apache.org/maven2/org/apache/apache/26/apache-26.pom (21 kB at 419 kB/s)
[INFO] Downloading from central: https://repo.maven.apache.org/maven2/org/codehaus/plexus/plexus-utils/3.3.0/plexus-utils-3.3.0.pom
[INFO] Downloaded from central: https://repo.maven.apache.org/maven2/org/codehaus/plexus/plexus-utils/3.3.0/plexus-utils-3.3.0.pom (5.2 kB at 121 kB/s)
[INFO] Downloading from central: https://repo.maven.apache.org/maven2/org/apache/maven/maven-archiver/3.6.0/maven-archiver-3.6.0.pom
[INFO] Downloaded from central: https://repo.maven.apache.org/maven2/org/apache/maven/maven-archiver/3.6.0/maven-archiver-3.6.0.pom (3.9 kB at 126 kB/s)
[INFO] Downloading from central: https://repo.maven.apache.org/maven2/org/codehaus/plexus/plexus-io/3.4.0/plexus-io-3.4.0.pom
[INFO] Downloaded from central: https://repo.maven.apache.org/maven2/org/codehaus/plexus/plexus-io/3.4.0/plexus-io-3.4.0.pom (6.0 kB at 53 kB/s)
[INFO] Downloading from central: https://repo.maven.apache.org/maven2/org/codehaus/plexus/plexus-archiver/4.4.0/plexus-archiver-4.4.0.pom
[INFO] Downloaded from central: https://repo.maven.apache.org/maven2/org/codehaus/plexus/plexus-archiver/4.4.0/plexus-archiver-4.4.0.pom (6.3 kB at 202 kB/s)
[INFO] Downloading from central: https://repo.maven.apache.org/maven2/org/apache/commons/commons-compress/1.21/commons-compress-1.21.pom
[INFO] Downloaded from central: https://repo.maven.apache.org/maven2/org/apache/commons/commons-compress/1.21/commons-compress-1.21.pom (20 kB at 160 kB/s)
[INFO] Downloading from central: https://repo.maven.apache.org/maven2/org/iq80/snappy/snappy/0.4/snappy-0.4.pom
[INFO] Downloaded from central: https://repo.maven.apache.org/maven2/org/iq80/snappy/snappy/0.4/snappy-0.4.pom (15 kB at 373 kB/s)
[INFO] Downloading from central: https://repo.maven.apache.org/maven2/org/tukaani/xz/1.9/xz-1.9.pom
[INFO] Downloaded from central: https://repo.maven.apache.org/maven2/org/tukaani/xz/1.9/xz-1.9.pom (2.0 kB at 62 kB/s)
[INFO] Downloading from central: https://repo.maven.apache.org/maven2/org/codehaus/plexus/plexus-utils/3.4.2/plexus-utils-3.4.2.pom
[INFO] Downloaded from central: https://repo.maven.apache.org/maven2/org/codehaus/plexus/plexus-utils/3.4.2/plexus-utils-3.4.2.pom (8.2 kB at 283 kB/s)
[INFO] Downloading from central: https://repo.maven.apache.org/maven2/org/codehaus/plexus/plexus/8/plexus-8.pom
[INFO] Downloaded from central: https://repo.maven.apache.org/maven2/org/codehaus/plexus/plexus/8/plexus-8.pom (25 kB at 606 kB/s)
[INFO] Downloading from central: https://repo.maven.apache.org/maven2/org/apache/maven/shared/file-management/3.1.0/file-management-3.1.0.jar
[INFO] Downloaded from central: https://repo.maven.apache.org/maven2/org/apache/maven/shared/file-management/3.1.0/file-management-3.1.0.jar (36 kB at 1.1 MB/s)
[INFO] Downloading from central: https://repo.maven.apache.org/maven2/org/apache/maven/maven-archiver/3.6.0/maven-archiver-3.6.0.jar
[INFO] Downloading from central: https://repo.maven.apache.org/maven2/org/codehaus/plexus/plexus-io/3.4.0/plexus-io-3.4.0.jar
[INFO] Downloading from central: https://repo.maven.apache.org/maven2/org/codehaus/plexus/plexus-archiver/4.4.0/plexus-archiver-4.4.0.jar
[INFO] Downloading from central: https://repo.maven.apache.org/maven2/org/apache/commons/commons-compress/1.21/commons-compress-1.21.jar
[INFO] Downloading from central: https://repo.maven.apache.org/maven2/org/iq80/snappy/snappy/0.4/snappy-0.4.jar
[INFO] Downloaded from central: https://repo.maven.apache.org/maven2/org/codehaus/plexus/plexus-io/3.4.0/plexus-io-3.4.0.jar (79 kB at 1.7 MB/s)
[INFO] Downloading from central: https://repo.maven.apache.org/maven2/org/tukaani/xz/1.9/xz-1.9.jar
[INFO] Downloaded from central: https://repo.maven.apache.org/maven2/org/iq80/snappy/snappy/0.4/snappy-0.4.jar (58 kB at 1.3 MB/s)
[INFO] Downloading from central: https://repo.maven.apache.org/maven2/org/codehaus/plexus/plexus-utils/3.4.2/plexus-utils-3.4.2.jar
[INFO] Downloaded from central: https://repo.maven.apache.org/maven2/org/apache/maven/maven-archiver/3.6.0/maven-archiver-3.6.0.jar (26 kB at 505 kB/s)
[INFO] Downloaded from central: https://repo.maven.apache.org/maven2/org/codehaus/plexus/plexus-archiver/4.4.0/plexus-archiver-4.4.0.jar (211 kB at 4.1 MB/s)
[INFO] Downloaded from central: https://repo.maven.apache.org/maven2/org/apache/commons/commons-compress/1.21/commons-compress-1.21.jar (1.0 MB at 15 MB/s)
[INFO] Downloaded from central: https://repo.maven.apache.org/maven2/org/tukaani/xz/1.9/xz-1.9.jar (116 kB at 1.6 MB/s)
[INFO] Downloaded from central: https://repo.maven.apache.org/maven2/org/codehaus/plexus/plexus-utils/3.4.2/plexus-utils-3.4.2.jar (267 kB at 3.6 MB/s)
[INFO] Building jar: /project/trading-test/target/trading-test-5.0.0-SNAPSHOT.jar
[INFO] 
[INFO] --- install:3.1.1:install (default-install) @ trading-test ---
[INFO] Installing /project/trading-test/pom.xml to /root/.m2/repository/fr/ymanvieu/trading/trading-test/5.0.0-SNAPSHOT/trading-test-5.0.0-SNAPSHOT.pom
[INFO] Installing /project/trading-test/target/trading-test-5.0.0-SNAPSHOT.jar to /root/.m2/repository/fr/ymanvieu/trading/trading-test/5.0.0-SNAPSHOT/trading-test-5.0.0-SNAPSHOT.jar
[INFO] 
[INFO] -----------------< fr.ymanvieu.trading:trading-common >-----------------
[INFO] Building trading-common 5.0.0-SNAPSHOT                             [3/6]
[INFO]   from trading-common/pom.xml
[INFO] --------------------------------[ jar ]---------------------------------
[INFO] Downloading from central: https://repo.maven.apache.org/maven2/com/mysema/maven/apt-maven-plugin/1.1.3/apt-maven-plugin-1.1.3.pom
[INFO] Downloaded from central: https://repo.maven.apache.org/maven2/com/mysema/maven/apt-maven-plugin/1.1.3/apt-maven-plugin-1.1.3.pom (3.5 kB at 112 kB/s)
[INFO] Downloading from central: https://repo.maven.apache.org/maven2/com/mysema/home/mysema-source/0.3.1/mysema-source-0.3.1.pom
[INFO] Downloaded from central: https://repo.maven.apache.org/maven2/com/mysema/home/mysema-source/0.3.1/mysema-source-0.3.1.pom (3.0 kB at 70 kB/s)
[INFO] Downloading from central: https://repo.maven.apache.org/maven2/com/mysema/maven/apt-maven-plugin/1.1.3/apt-maven-plugin-1.1.3.jar
[INFO] Downloaded from central: https://repo.maven.apache.org/maven2/com/mysema/maven/apt-maven-plugin/1.1.3/apt-maven-plugin-1.1.3.jar (15 kB at 593 kB/s)
[INFO] Downloading from jitpack.io: https://jitpack.io/com/fasterxml/jackson/dataformat/jackson-dataformat-xml/2.15.3/jackson-dataformat-xml-2.15.3.pom
[INFO] Downloading from central: https://repo.maven.apache.org/maven2/com/fasterxml/jackson/dataformat/jackson-dataformat-xml/2.15.3/jackson-dataformat-xml-2.15.3.pom
[INFO] Downloaded from central: https://repo.maven.apache.org/maven2/com/fasterxml/jackson/dataformat/jackson-dataformat-xml/2.15.3/jackson-dataformat-xml-2.15.3.pom (7.3 kB at 60 kB/s)
[INFO] Downloading from jitpack.io: https://jitpack.io/com/fasterxml/jackson/jackson-base/2.15.3/jackson-base-2.15.3.pom
[INFO] Downloading from central: https://repo.maven.apache.org/maven2/com/fasterxml/jackson/jackson-base/2.15.3/jackson-base-2.15.3.pom
[INFO] Downloaded from central: https://repo.maven.apache.org/maven2/com/fasterxml/jackson/jackson-base/2.15.3/jackson-base-2.15.3.pom (11 kB at 342 kB/s)
[INFO] Downloading from jitpack.io: https://jitpack.io/com/fasterxml/jackson/core/jackson-core/2.15.3/jackson-core-2.15.3.pom
[INFO] Downloading from central: https://repo.maven.apache.org/maven2/com/fasterxml/jackson/core/jackson-core/2.15.3/jackson-core-2.15.3.pom
[INFO] Downloaded from central: https://repo.maven.apache.org/maven2/com/fasterxml/jackson/core/jackson-core/2.15.3/jackson-core-2.15.3.pom (9.8 kB at 279 kB/s)
[INFO] Downloading from jitpack.io: https://jitpack.io/com/fasterxml/jackson/core/jackson-annotations/2.15.3/jackson-annotations-2.15.3.pom
[INFO] Downloading from central: https://repo.maven.apache.org/maven2/com/fasterxml/jackson/core/jackson-annotations/2.15.3/jackson-annotations-2.15.3.pom
[INFO] Downloaded from central: https://repo.maven.apache.org/maven2/com/fasterxml/jackson/core/jackson-annotations/2.15.3/jackson-annotations-2.15.3.pom (7.1 kB at 181 kB/s)
[INFO] Downloading from jitpack.io: https://jitpack.io/com/fasterxml/jackson/core/jackson-databind/2.15.3/jackson-databind-2.15.3.pom
[INFO] Downloading from central: https://repo.maven.apache.org/maven2/com/fasterxml/jackson/core/jackson-databind/2.15.3/jackson-databind-2.15.3.pom
[INFO] Downloaded from central: https://repo.maven.apache.org/maven2/com/fasterxml/jackson/core/jackson-databind/2.15.3/jackson-databind-2.15.3.pom (19 kB at 743 kB/s)
[INFO] Downloading from jitpack.io: https://jitpack.io/org/codehaus/woodstox/stax2-api/4.2.1/stax2-api-4.2.1.pom
[INFO] Downloading from central: https://repo.maven.apache.org/maven2/org/codehaus/woodstox/stax2-api/4.2.1/stax2-api-4.2.1.pom
[INFO] Downloaded from central: https://repo.maven.apache.org/maven2/org/codehaus/woodstox/stax2-api/4.2.1/stax2-api-4.2.1.pom (6.3 kB at 225 kB/s)
[INFO] Downloading from jitpack.io: https://jitpack.io/com/fasterxml/oss-parent/38/oss-parent-38.pom
[INFO] Downloading from central: https://repo.maven.apache.org/maven2/com/fasterxml/oss-parent/38/oss-parent-38.pom
[INFO] Downloaded from central: https://repo.maven.apache.org/maven2/com/fasterxml/oss-parent/38/oss-parent-38.pom (23 kB at 823 kB/s)
[INFO] Downloading from jitpack.io: https://jitpack.io/com/fasterxml/woodstox/woodstox-core/6.5.1/woodstox-core-6.5.1.pom
[INFO] Downloading from central: https://repo.maven.apache.org/maven2/com/fasterxml/woodstox/woodstox-core/6.5.1/woodstox-core-6.5.1.pom
[INFO] Downloaded from central: https://repo.maven.apache.org/maven2/com/fasterxml/woodstox/woodstox-core/6.5.1/woodstox-core-6.5.1.pom (9.6 kB at 331 kB/s)
[INFO] Downloading from jitpack.io: https://jitpack.io/org/projectlombok/lombok/1.18.30/lombok-1.18.30.pom
[INFO] Downloading from central: https://repo.maven.apache.org/maven2/org/projectlombok/lombok/1.18.30/lombok-1.18.30.pom
[INFO] Downloaded from central: https://repo.maven.apache.org/maven2/org/projectlombok/lombok/1.18.30/lombok-1.18.30.pom (1.5 kB at 13 kB/s)
[INFO] Downloading from jitpack.io: https://jitpack.io/org/mapstruct/mapstruct/1.6.0.Beta1/mapstruct-1.6.0.Beta1.pom
[INFO] Downloading from central: https://repo.maven.apache.org/maven2/org/mapstruct/mapstruct/1.6.0.Beta1/mapstruct-1.6.0.Beta1.pom
[INFO] Downloaded from central: https://repo.maven.apache.org/maven2/org/mapstruct/mapstruct/1.6.0.Beta1/mapstruct-1.6.0.Beta1.pom (1.8 kB at 77 kB/s)
[INFO] Downloading from jitpack.io: https://jitpack.io/org/mapstruct/mapstruct-parent/1.6.0.Beta1/mapstruct-parent-1.6.0.Beta1.pom
[INFO] Downloading from central: https://repo.maven.apache.org/maven2/org/mapstruct/mapstruct-parent/1.6.0.Beta1/mapstruct-parent-1.6.0.Beta1.pom
[INFO] Downloaded from central: https://repo.maven.apache.org/maven2/org/mapstruct/mapstruct-parent/1.6.0.Beta1/mapstruct-parent-1.6.0.Beta1.pom (1.6 kB at 47 kB/s)
[INFO] Downloading from jitpack.io: https://jitpack.io/com/querydsl/querydsl-jpa/5.0.0/querydsl-jpa-5.0.0.pom
[INFO] Downloading from central: https://repo.maven.apache.org/maven2/com/querydsl/querydsl-jpa/5.0.0/querydsl-jpa-5.0.0.pom
[INFO] Downloaded from central: https://repo.maven.apache.org/maven2/com/querydsl/querydsl-jpa/5.0.0/querydsl-jpa-5.0.0.pom (13 kB at 311 kB/s)
[INFO] Downloading from jitpack.io: https://jitpack.io/com/querydsl/querydsl-root/5.0.0/querydsl-root-5.0.0.pom
[INFO] Downloading from central: https://repo.maven.apache.org/maven2/com/querydsl/querydsl-root/5.0.0/querydsl-root-5.0.0.pom
[INFO] Downloaded from central: https://repo.maven.apache.org/maven2/com/querydsl/querydsl-root/5.0.0/querydsl-root-5.0.0.pom (32 kB at 1.2 MB/s)
[INFO] Downloading from jitpack.io: https://jitpack.io/com/querydsl/querydsl-parent/0.1.0/querydsl-parent-0.1.0.pom
[INFO] Downloading from central: https://repo.maven.apache.org/maven2/com/querydsl/querydsl-parent/0.1.0/querydsl-parent-0.1.0.pom
[INFO] Downloaded from central: https://repo.maven.apache.org/maven2/com/querydsl/querydsl-parent/0.1.0/querydsl-parent-0.1.0.pom (3.4 kB at 100 kB/s)
[INFO] Downloading from jitpack.io: https://jitpack.io/org/jetbrains/kotlin/kotlin-bom/1.5.20/kotlin-bom-1.5.20.pom
[INFO] Downloading from central: https://repo.maven.apache.org/maven2/org/jetbrains/kotlin/kotlin-bom/1.5.20/kotlin-bom-1.5.20.pom
[INFO] Downloaded from central: https://repo.maven.apache.org/maven2/org/jetbrains/kotlin/kotlin-bom/1.5.20/kotlin-bom-1.5.20.pom (9.3 kB at 334 kB/s)
[INFO] Downloading from jitpack.io: https://jitpack.io/com/querydsl/querydsl-core/5.0.0/querydsl-core-5.0.0.pom
[INFO] Downloading from central: https://repo.maven.apache.org/maven2/com/querydsl/querydsl-core/5.0.0/querydsl-core-5.0.0.pom
[INFO] Downloaded from central: https://repo.maven.apache.org/maven2/com/querydsl/querydsl-core/5.0.0/querydsl-core-5.0.0.pom (3.4 kB at 98 kB/s)
[INFO] Downloading from jitpack.io: https://jitpack.io/com/mysema/commons/mysema-commons-lang/0.2.4/mysema-commons-lang-0.2.4.pom
[INFO] Downloading from central: https://repo.maven.apache.org/maven2/com/mysema/commons/mysema-commons-lang/0.2.4/mysema-commons-lang-0.2.4.pom
[INFO] Downloaded from central: https://repo.maven.apache.org/maven2/com/mysema/commons/mysema-commons-lang/0.2.4/mysema-commons-lang-0.2.4.pom (2.3 kB at 87 kB/s)
[INFO] Downloading from jitpack.io: https://jitpack.io/com/mysema/home/mysema-source/0.3.0/mysema-source-0.3.0.pom
[INFO] Downloading from central: https://repo.maven.apache.org/maven2/com/mysema/home/mysema-source/0.3.0/mysema-source-0.3.0.pom
[INFO] Downloaded from central: https://repo.maven.apache.org/maven2/com/mysema/home/mysema-source/0.3.0/mysema-source-0.3.0.pom (2.9 kB at 108 kB/s)
[INFO] Downloading from jitpack.io: https://jitpack.io/com/google/guava/guava/32.1.3-jre/guava-32.1.3-jre.pom
[INFO] Downloading from central: https://repo.maven.apache.org/maven2/com/google/guava/guava/32.1.3-jre/guava-32.1.3-jre.pom
[INFO] Downloaded from central: https://repo.maven.apache.org/maven2/com/google/guava/guava/32.1.3-jre/guava-32.1.3-jre.pom (13 kB at 476 kB/s)
[INFO] Downloading from jitpack.io: https://jitpack.io/com/google/guava/guava-parent/32.1.3-jre/guava-parent-32.1.3-jre.pom
[INFO] Downloading from central: https://repo.maven.apache.org/maven2/com/google/guava/guava-parent/32.1.3-jre/guava-parent-32.1.3-jre.pom
[INFO] Downloaded from central: https://repo.maven.apache.org/maven2/com/google/guava/guava-parent/32.1.3-jre/guava-parent-32.1.3-jre.pom (20 kB at 744 kB/s)
[INFO] Downloading from jitpack.io: https://jitpack.io/com/google/guava/failureaccess/1.0.1/failureaccess-1.0.1.pom
[INFO] Downloading from central: https://repo.maven.apache.org/maven2/com/google/guava/failureaccess/1.0.1/failureaccess-1.0.1.pom
[INFO] Downloaded from central: https://repo.maven.apache.org/maven2/com/google/guava/failureaccess/1.0.1/failureaccess-1.0.1.pom (2.4 kB at 93 kB/s)
[INFO] Downloading from jitpack.io: https://jitpack.io/com/google/guava/guava-parent/26.0-android/guava-parent-26.0-android.pom
[INFO] Downloading from central: https://repo.maven.apache.org/maven2/com/google/guava/guava-parent/26.0-android/guava-parent-26.0-android.pom
[INFO] Downloaded from central: https://repo.maven.apache.org/maven2/com/google/guava/guava-parent/26.0-android/guava-parent-26.0-android.pom (10 kB at 339 kB/s)
[INFO] Downloading from jitpack.io: https://jitpack.io/com/google/guava/listenablefuture/9999.0-empty-to-avoid-conflict-with-guava/listenablefuture-9999.0-empty-to-avoid-conflict-with-guava.pom
[INFO] Downloading from central: https://repo.maven.apache.org/maven2/com/google/guava/listenablefuture/9999.0-empty-to-avoid-conflict-with-guava/listenablefuture-9999.0-empty-to-avoid-conflict-with-guava.pom
[INFO] Downloaded from central: https://repo.maven.apache.org/maven2/com/google/guava/listenablefuture/9999.0-empty-to-avoid-conflict-with-guava/listenablefuture-9999.0-empty-to-avoid-conflict-with-guava.pom (2.3 kB at 53 kB/s)
[INFO] Downloading from jitpack.io: https://jitpack.io/com/google/code/findbugs/jsr305/3.0.2/jsr305-3.0.2.pom
[INFO] Downloading from central: https://repo.maven.apache.org/maven2/com/google/code/findbugs/jsr305/3.0.2/jsr305-3.0.2.pom
[INFO] Downloaded from central: https://repo.maven.apache.org/maven2/com/google/code/findbugs/jsr305/3.0.2/jsr305-3.0.2.pom (4.3 kB at 165 kB/s)
[INFO] Downloading from jitpack.io: https://jitpack.io/org/checkerframework/checker-qual/3.37.0/checker-qual-3.37.0.pom
[INFO] Downloading from central: https://repo.maven.apache.org/maven2/org/checkerframework/checker-qual/3.37.0/checker-qual-3.37.0.pom
[INFO] Downloaded from central: https://repo.maven.apache.org/maven2/org/checkerframework/checker-qual/3.37.0/checker-qual-3.37.0.pom (2.1 kB at 87 kB/s)
[INFO] Downloading from jitpack.io: https://jitpack.io/com/google/errorprone/error_prone_annotations/2.21.1/error_prone_annotations-2.21.1.pom
[INFO] Downloading from central: https://repo.maven.apache.org/maven2/com/google/errorprone/error_prone_annotations/2.21.1/error_prone_annotations-2.21.1.pom
[INFO] Downloaded from central: https://repo.maven.apache.org/maven2/com/google/errorprone/error_prone_annotations/2.21.1/error_prone_annotations-2.21.1.pom (1.8 kB at 61 kB/s)
[INFO] Downloading from jitpack.io: https://jitpack.io/com/google/errorprone/error_prone_parent/2.21.1/error_prone_parent-2.21.1.pom
[INFO] Downloading from central: https://repo.maven.apache.org/maven2/com/google/errorprone/error_prone_parent/2.21.1/error_prone_parent-2.21.1.pom
[INFO] Downloaded from central: https://repo.maven.apache.org/maven2/com/google/errorprone/error_prone_parent/2.21.1/error_prone_parent-2.21.1.pom (13 kB at 413 kB/s)
[INFO] Downloading from jitpack.io: https://jitpack.io/com/google/j2objc/j2objc-annotations/2.8/j2objc-annotations-2.8.pom
[INFO] Downloading from central: https://repo.maven.apache.org/maven2/com/google/j2objc/j2objc-annotations/2.8/j2objc-annotations-2.8.pom
[INFO] Downloaded from central: https://repo.maven.apache.org/maven2/com/google/j2objc/j2objc-annotations/2.8/j2objc-annotations-2.8.pom (2.9 kB at 117 kB/s)
[INFO] Downloading from jitpack.io: https://jitpack.io/org/springframework/boot/spring-boot-starter-test/3.2.0/spring-boot-starter-test-3.2.0.pom
[INFO] Downloading from central: https://repo.maven.apache.org/maven2/org/springframework/boot/spring-boot-starter-test/3.2.0/spring-boot-starter-test-3.2.0.pom
[INFO] Downloaded from central: https://repo.maven.apache.org/maven2/org/springframework/boot/spring-boot-starter-test/3.2.0/spring-boot-starter-test-3.2.0.pom (5.0 kB at 210 kB/s)
[INFO] Downloading from jitpack.io: https://jitpack.io/org/springframework/boot/spring-boot-starter/3.2.0/spring-boot-starter-3.2.0.pom
[INFO] Downloading from central: https://repo.maven.apache.org/maven2/org/springframework/boot/spring-boot-starter/3.2.0/spring-boot-starter-3.2.0.pom
[INFO] Downloaded from central: https://repo.maven.apache.org/maven2/org/springframework/boot/spring-boot-starter/3.2.0/spring-boot-starter-3.2.0.pom (3.0 kB at 78 kB/s)
[INFO] Downloading from jitpack.io: https://jitpack.io/org/springframework/boot/spring-boot/3.2.0/spring-boot-3.2.0.pom
[INFO] Downloading from central: https://repo.maven.apache.org/maven2/org/springframework/boot/spring-boot/3.2.0/spring-boot-3.2.0.pom
[INFO] Downloaded from central: https://repo.maven.apache.org/maven2/org/springframework/boot/spring-boot/3.2.0/spring-boot-3.2.0.pom (2.2 kB at 95 kB/s)
[INFO] Downloading from jitpack.io: https://jitpack.io/org/springframework/spring-core/6.1.1/spring-core-6.1.1.pom
[INFO] Downloading from central: https://repo.maven.apache.org/maven2/org/springframework/spring-core/6.1.1/spring-core-6.1.1.pom
[INFO] Downloaded from central: https://repo.maven.apache.org/maven2/org/springframework/spring-core/6.1.1/spring-core-6.1.1.pom (2.0 kB at 72 kB/s)
[INFO] Downloading from jitpack.io: https://jitpack.io/org/springframework/spring-jcl/6.1.1/spring-jcl-6.1.1.pom
[INFO] Downloading from central: https://repo.maven.apache.org/maven2/org/springframework/spring-jcl/6.1.1/spring-jcl-6.1.1.pom
[INFO] Downloaded from central: https://repo.maven.apache.org/maven2/org/springframework/spring-jcl/6.1.1/spring-jcl-6.1.1.pom (1.8 kB at 68 kB/s)
[INFO] Downloading from jitpack.io: https://jitpack.io/org/springframework/spring-context/6.1.1/spring-context-6.1.1.pom
[INFO] Downloading from central: https://repo.maven.apache.org/maven2/org/springframework/spring-context/6.1.1/spring-context-6.1.1.pom
[INFO] Downloaded from central: https://repo.maven.apache.org/maven2/org/springframework/spring-context/6.1.1/spring-context-6.1.1.pom (2.8 kB at 115 kB/s)
[INFO] Downloading from jitpack.io: https://jitpack.io/org/springframework/spring-aop/6.1.1/spring-aop-6.1.1.pom
[INFO] Downloading from central: https://repo.maven.apache.org/maven2/org/springframework/spring-aop/6.1.1/spring-aop-6.1.1.pom
[INFO] Downloaded from central: https://repo.maven.apache.org/maven2/org/springframework/spring-aop/6.1.1/spring-aop-6.1.1.pom (2.2 kB at 92 kB/s)
[INFO] Downloading from jitpack.io: https://jitpack.io/org/springframework/spring-beans/6.1.1/spring-beans-6.1.1.pom
[INFO] Downloading from central: https://repo.maven.apache.org/maven2/org/springframework/spring-beans/6.1.1/spring-beans-6.1.1.pom
[INFO] Downloaded from central: https://repo.maven.apache.org/maven2/org/springframework/spring-beans/6.1.1/spring-beans-6.1.1.pom (2.0 kB at 84 kB/s)
[INFO] Downloading from jitpack.io: https://jitpack.io/org/springframework/spring-expression/6.1.1/spring-expression-6.1.1.pom
[INFO] Downloading from central: https://repo.maven.apache.org/maven2/org/springframework/spring-expression/6.1.1/spring-expression-6.1.1.pom
[INFO] Downloaded from central: https://repo.maven.apache.org/maven2/org/springframework/spring-expression/6.1.1/spring-expression-6.1.1.pom (2.1 kB at 79 kB/s)
[INFO] Downloading from jitpack.io: https://jitpack.io/io/micrometer/micrometer-observation/1.12.0/micrometer-observation-1.12.0.pom
[INFO] Downloading from central: https://repo.maven.apache.org/maven2/io/micrometer/micrometer-observation/1.12.0/micrometer-observation-1.12.0.pom
[INFO] Downloaded from central: https://repo.maven.apache.org/maven2/io/micrometer/micrometer-observation/1.12.0/micrometer-observation-1.12.0.pom (3.8 kB at 132 kB/s)
[INFO] Downloading from jitpack.io: https://jitpack.io/io/micrometer/micrometer-commons/1.12.0/micrometer-commons-1.12.0.pom
[INFO] Downloading from central: https://repo.maven.apache.org/maven2/io/micrometer/micrometer-commons/1.12.0/micrometer-commons-1.12.0.pom
[INFO] Downloaded from central: https://repo.maven.apache.org/maven2/io/micrometer/micrometer-commons/1.12.0/micrometer-commons-1.12.0.pom (3.4 kB at 106 kB/s)
[INFO] Downloading from jitpack.io: https://jitpack.io/org/springframework/boot/spring-boot-autoconfigure/3.2.0/spring-boot-autoconfigure-3.2.0.pom
[INFO] Downloading from central: https://repo.maven.apache.org/maven2/org/springframework/boot/spring-boot-autoconfigure/3.2.0/spring-boot-autoconfigure-3.2.0.pom
[INFO] Downloaded from central: https://repo.maven.apache.org/maven2/org/springframework/boot/spring-boot-autoconfigure/3.2.0/spring-boot-autoconfigure-3.2.0.pom (2.1 kB at 71 kB/s)
[INFO] Downloading from jitpack.io: https://jitpack.io/org/springframework/boot/spring-boot-starter-logging/3.2.0/spring-boot-starter-logging-3.2.0.pom
[INFO] Downloading from central: https://repo.maven.apache.org/maven2/org/springframework/boot/spring-boot-starter-logging/3.2.0/spring-boot-starter-logging-3.2.0.pom
[INFO] Downloaded from central: https://repo.maven.apache.org/maven2/org/springframework/boot/spring-boot-starter-logging/3.2.0/spring-boot-starter-logging-3.2.0.pom (2.5 kB at 59 kB/s)
[INFO] Downloading from jitpack.io: https://jitpack.io/ch/qos/logback/logback-classic/1.4.11/logback-classic-1.4.11.pom
[INFO] Downloading from central: https://repo.maven.apache.org/maven2/ch/qos/logback/logback-classic/1.4.11/logback-classic-1.4.11.pom
[INFO] Downloaded from central: https://repo.maven.apache.org/maven2/ch/qos/logback/logback-classic/1.4.11/logback-classic-1.4.11.pom (13 kB at 396 kB/s)
[INFO] Downloading from jitpack.io: https://jitpack.io/ch/qos/logback/logback-parent/1.4.11/logback-parent-1.4.11.pom
[INFO] Downloading from central: https://repo.maven.apache.org/maven2/ch/qos/logback/logback-parent/1.4.11/logback-parent-1.4.11.pom
[INFO] Downloaded from central: https://repo.maven.apache.org/maven2/ch/qos/logback/logback-parent/1.4.11/logback-parent-1.4.11.pom (20 kB at 411 kB/s)
[INFO] Downloading from jitpack.io: https://jitpack.io/ch/qos/logback/logback-core/1.4.11/logback-core-1.4.11.pom
[INFO] Downloading from central: https://repo.maven.apache.org/maven2/ch/qos/logback/logback-core/1.4.11/logback-core-1.4.11.pom
[INFO] Downloaded from central: https://repo.maven.apache.org/maven2/ch/qos/logback/logback-core/1.4.11/logback-core-1.4.11.pom (5.0 kB at 230 kB/s)
[INFO] Downloading from jitpack.io: https://jitpack.io/org/slf4j/slf4j-api/2.0.9/slf4j-api-2.0.9.pom
[INFO] Downloading from central: https://repo.maven.apache.org/maven2/org/slf4j/slf4j-api/2.0.9/slf4j-api-2.0.9.pom
[INFO] Downloaded from central: https://repo.maven.apache.org/maven2/org/slf4j/slf4j-api/2.0.9/slf4j-api-2.0.9.pom (2.8 kB at 113 kB/s)
[INFO] Downloading from jitpack.io: https://jitpack.io/org/slf4j/slf4j-parent/2.0.9/slf4j-parent-2.0.9.pom
[INFO] Downloading from central: https://repo.maven.apache.org/maven2/org/slf4j/slf4j-parent/2.0.9/slf4j-parent-2.0.9.pom
[INFO] Downloaded from central: https://repo.maven.apache.org/maven2/org/slf4j/slf4j-parent/2.0.9/slf4j-parent-2.0.9.pom (16 kB at 135 kB/s)
[INFO] Downloading from jitpack.io: https://jitpack.io/org/slf4j/slf4j-bom/2.0.9/slf4j-bom-2.0.9.pom
[INFO] Downloading from central: https://repo.maven.apache.org/maven2/org/slf4j/slf4j-bom/2.0.9/slf4j-bom-2.0.9.pom
[INFO] Downloaded from central: https://repo.maven.apache.org/maven2/org/slf4j/slf4j-bom/2.0.9/slf4j-bom-2.0.9.pom (4.9 kB at 46 kB/s)
[INFO] Downloading from jitpack.io: https://jitpack.io/org/apache/logging/log4j/log4j-to-slf4j/2.21.1/log4j-to-slf4j-2.21.1.pom
[INFO] Downloading from central: https://repo.maven.apache.org/maven2/org/apache/logging/log4j/log4j-to-slf4j/2.21.1/log4j-to-slf4j-2.21.1.pom
[INFO] Downloaded from central: https://repo.maven.apache.org/maven2/org/apache/logging/log4j/log4j-to-slf4j/2.21.1/log4j-to-slf4j-2.21.1.pom (4.2 kB at 163 kB/s)
[INFO] Downloading from jitpack.io: https://jitpack.io/org/apache/logging/log4j/log4j/2.21.1/log4j-2.21.1.pom
[INFO] Downloading from central: https://repo.maven.apache.org/maven2/org/apache/logging/log4j/log4j/2.21.1/log4j-2.21.1.pom
[INFO] Downloaded from central: https://repo.maven.apache.org/maven2/org/apache/logging/log4j/log4j/2.21.1/log4j-2.21.1.pom (35 kB at 1.4 MB/s)
[INFO] Downloading from jitpack.io: https://jitpack.io/org/ow2/asm/asm-bom/9.5/asm-bom-9.5.pom
[INFO] Downloading from central: https://repo.maven.apache.org/maven2/org/ow2/asm/asm-bom/9.5/asm-bom-9.5.pom
[INFO] Downloaded from central: https://repo.maven.apache.org/maven2/org/ow2/asm/asm-bom/9.5/asm-bom-9.5.pom (3.2 kB at 129 kB/s)
[INFO] Downloading from jitpack.io: https://jitpack.io/org/codehaus/groovy/groovy-bom/3.0.19/groovy-bom-3.0.19.pom
[INFO] Downloading from central: https://repo.maven.apache.org/maven2/org/codehaus/groovy/groovy-bom/3.0.19/groovy-bom-3.0.19.pom
[INFO] Downloaded from central: https://repo.maven.apache.org/maven2/org/codehaus/groovy/groovy-bom/3.0.19/groovy-bom-3.0.19.pom (26 kB at 911 kB/s)
[INFO] Downloading from jitpack.io: https://jitpack.io/com/fasterxml/jackson/jackson-bom/2.15.2/jackson-bom-2.15.2.pom
[INFO] Downloading from central: https://repo.maven.apache.org/maven2/com/fasterxml/jackson/jackson-bom/2.15.2/jackson-bom-2.15.2.pom
[INFO] Downloaded from central: https://repo.maven.apache.org/maven2/com/fasterxml/jackson/jackson-bom/2.15.2/jackson-bom-2.15.2.pom (18 kB at 750 kB/s)
[INFO] Downloading from jitpack.io: https://jitpack.io/jakarta/platform/jakarta.jakartaee-bom/9.1.0/jakarta.jakartaee-bom-9.1.0.pom
[INFO] Downloading from central: https://repo.maven.apache.org/maven2/jakarta/platform/jakarta.jakartaee-bom/9.1.0/jakarta.jakartaee-bom-9.1.0.pom
[INFO] Downloaded from central: https://repo.maven.apache.org/maven2/jakarta/platform/jakarta.jakartaee-bom/9.1.0/jakarta.jakartaee-bom-9.1.0.pom (9.6 kB at 382 kB/s)
[INFO] Downloading from jitpack.io: https://jitpack.io/jakarta/platform/jakartaee-api-parent/9.1.0/jakartaee-api-parent-9.1.0.pom
[INFO] Downloading from central: https://repo.maven.apache.org/maven2/jakarta/platform/jakartaee-api-parent/9.1.0/jakartaee-api-parent-9.1.0.pom
[INFO] Downloaded from central: https://repo.maven.apache.org/maven2/jakarta/platform/jakartaee-api-parent/9.1.0/jakartaee-api-parent-9.1.0.pom (15 kB at 550 kB/s)
[INFO] Downloading from jitpack.io: https://jitpack.io/org/eclipse/ee4j/project/1.0.7/project-1.0.7.pom
[INFO] Downloading from central: https://repo.maven.apache.org/maven2/org/eclipse/ee4j/project/1.0.7/project-1.0.7.pom
[INFO] Downloaded from central: https://repo.maven.apache.org/maven2/org/eclipse/ee4j/project/1.0.7/project-1.0.7.pom (14 kB at 545 kB/s)
[INFO] Downloading from jitpack.io: https://jitpack.io/org/eclipse/jetty/jetty-bom/9.4.53.v20231009/jetty-bom-9.4.53.v20231009.pom
[INFO] Downloading from central: https://repo.maven.apache.org/maven2/org/eclipse/jetty/jetty-bom/9.4.53.v20231009/jetty-bom-9.4.53.v20231009.pom
[INFO] Downloaded from central: https://repo.maven.apache.org/maven2/org/eclipse/jetty/jetty-bom/9.4.53.v20231009/jetty-bom-9.4.53.v20231009.pom (18 kB at 679 kB/s)
[INFO] Downloading from jitpack.io: https://jitpack.io/org/junit/junit-bom/5.10.0/junit-bom-5.10.0.pom
[INFO] Downloading from central: https://repo.maven.apache.org/maven2/org/junit/junit-bom/5.10.0/junit-bom-5.10.0.pom
[INFO] Downloaded from central: https://repo.maven.apache.org/maven2/org/junit/junit-bom/5.10.0/junit-bom-5.10.0.pom (5.6 kB at 226 kB/s)
[INFO] Downloading from jitpack.io: https://jitpack.io/io/fabric8/kubernetes-client-bom/5.12.4/kubernetes-client-bom-5.12.4.pom
[INFO] Downloading from central: https://repo.maven.apache.org/maven2/io/fabric8/kubernetes-client-bom/5.12.4/kubernetes-client-bom-5.12.4.pom
[INFO] Downloaded from central: https://repo.maven.apache.org/maven2/io/fabric8/kubernetes-client-bom/5.12.4/kubernetes-client-bom-5.12.4.pom (26 kB at 986 kB/s)
[INFO] Downloading from jitpack.io: https://jitpack.io/org/mockito/mockito-bom/4.11.0/mockito-bom-4.11.0.pom
[INFO] Downloading from central: https://repo.maven.apache.org/maven2/org/mockito/mockito-bom/4.11.0/mockito-bom-4.11.0.pom
[INFO] Downloaded from central: https://repo.maven.apache.org/maven2/org/mockito/mockito-bom/4.11.0/mockito-bom-4.11.0.pom (3.2 kB at 137 kB/s)
[INFO] Downloading from jitpack.io: https://jitpack.io/io/netty/netty-bom/4.1.97.Final/netty-bom-4.1.97.Final.pom
[INFO] Downloading from central: https://repo.maven.apache.org/maven2/io/netty/netty-bom/4.1.97.Final/netty-bom-4.1.97.Final.pom
[INFO] Downloaded from central: https://repo.maven.apache.org/maven2/io/netty/netty-bom/4.1.97.Final/netty-bom-4.1.97.Final.pom (13 kB at 531 kB/s)
[INFO] Downloading from jitpack.io: https://jitpack.io/org/springframework/spring-framework-bom/5.3.29/spring-framework-bom-5.3.29.pom
[INFO] Downloading from central: https://repo.maven.apache.org/maven2/org/springframework/spring-framework-bom/5.3.29/spring-framework-bom-5.3.29.pom
[INFO] Downloaded from central: https://repo.maven.apache.org/maven2/org/springframework/spring-framework-bom/5.3.29/spring-framework-bom-5.3.29.pom (5.7 kB at 45 kB/s)
[INFO] Downloading from jitpack.io: https://jitpack.io/org/apache/logging/log4j/log4j-api/2.21.1/log4j-api-2.21.1.pom
[INFO] Downloading from central: https://repo.maven.apache.org/maven2/org/apache/logging/log4j/log4j-api/2.21.1/log4j-api-2.21.1.pom
[INFO] Downloaded from central: https://repo.maven.apache.org/maven2/org/apache/logging/log4j/log4j-api/2.21.1/log4j-api-2.21.1.pom (4.0 kB at 34 kB/s)
[INFO] Downloading from jitpack.io: https://jitpack.io/org/slf4j/jul-to-slf4j/2.0.9/jul-to-slf4j-2.0.9.pom
[INFO] Downloading from central: https://repo.maven.apache.org/maven2/org/slf4j/jul-to-slf4j/2.0.9/jul-to-slf4j-2.0.9.pom
[INFO] Downloaded from central: https://repo.maven.apache.org/maven2/org/slf4j/jul-to-slf4j/2.0.9/jul-to-slf4j-2.0.9.pom (1.1 kB at 44 kB/s)
[INFO] Downloading from jitpack.io: https://jitpack.io/jakarta/annotation/jakarta.annotation-api/2.1.1/jakarta.annotation-api-2.1.1.pom
[INFO] Downloading from central: https://repo.maven.apache.org/maven2/jakarta/annotation/jakarta.annotation-api/2.1.1/jakarta.annotation-api-2.1.1.pom
[INFO] Downloaded from central: https://repo.maven.apache.org/maven2/jakarta/annotation/jakarta.annotation-api/2.1.1/jakarta.annotation-api-2.1.1.pom (16 kB at 608 kB/s)
[INFO] Downloading from jitpack.io: https://jitpack.io/org/yaml/snakeyaml/2.2/snakeyaml-2.2.pom
[INFO] Downloading from central: https://repo.maven.apache.org/maven2/org/yaml/snakeyaml/2.2/snakeyaml-2.2.pom
[INFO] Downloaded from central: https://repo.maven.apache.org/maven2/org/yaml/snakeyaml/2.2/snakeyaml-2.2.pom (21 kB at 787 kB/s)
[INFO] Downloading from jitpack.io: https://jitpack.io/org/springframework/boot/spring-boot-test/3.2.0/spring-boot-test-3.2.0.pom
[INFO] Downloading from central: https://repo.maven.apache.org/maven2/org/springframework/boot/spring-boot-test/3.2.0/spring-boot-test-3.2.0.pom
[INFO] Downloaded from central: https://repo.maven.apache.org/maven2/org/springframework/boot/spring-boot-test/3.2.0/spring-boot-test-3.2.0.pom (2.0 kB at 56 kB/s)
[INFO] Downloading from jitpack.io: https://jitpack.io/org/springframework/boot/spring-boot-test-autoconfigure/3.2.0/spring-boot-test-autoconfigure-3.2.0.pom
[INFO] Downloading from central: https://repo.maven.apache.org/maven2/org/springframework/boot/spring-boot-test-autoconfigure/3.2.0/spring-boot-test-autoconfigure-3.2.0.pom
[INFO] Downloaded from central: https://repo.maven.apache.org/maven2/org/springframework/boot/spring-boot-test-autoconfigure/3.2.0/spring-boot-test-autoconfigure-3.2.0.pom (2.5 kB at 85 kB/s)
[INFO] Downloading from jitpack.io: https://jitpack.io/com/jayway/jsonpath/json-path/2.8.0/json-path-2.8.0.pom
[INFO] Downloading from central: https://repo.maven.apache.org/maven2/com/jayway/jsonpath/json-path/2.8.0/json-path-2.8.0.pom
[INFO] Downloaded from central: https://repo.maven.apache.org/maven2/com/jayway/jsonpath/json-path/2.8.0/json-path-2.8.0.pom (1.9 kB at 55 kB/s)
[INFO] Downloading from jitpack.io: https://jitpack.io/net/minidev/json-smart/2.5.0/json-smart-2.5.0.pom
[INFO] Downloading from central: https://repo.maven.apache.org/maven2/net/minidev/json-smart/2.5.0/json-smart-2.5.0.pom
[INFO] Downloaded from central: https://repo.maven.apache.org/maven2/net/minidev/json-smart/2.5.0/json-smart-2.5.0.pom (9.2 kB at 164 kB/s)
[INFO] Downloading from jitpack.io: https://jitpack.io/net/minidev/accessors-smart/2.5.0/accessors-smart-2.5.0.pom
[INFO] Downloading from central: https://repo.maven.apache.org/maven2/net/minidev/accessors-smart/2.5.0/accessors-smart-2.5.0.pom
[INFO] Downloaded from central: https://repo.maven.apache.org/maven2/net/minidev/accessors-smart/2.5.0/accessors-smart-2.5.0.pom (11 kB at 311 kB/s)
[INFO] Downloading from jitpack.io: https://jitpack.io/org/ow2/asm/asm/9.3/asm-9.3.pom
[INFO] Downloading from central: https://repo.maven.apache.org/maven2/org/ow2/asm/asm/9.3/asm-9.3.pom
[INFO] Downloaded from central: https://repo.maven.apache.org/maven2/org/ow2/asm/asm/9.3/asm-9.3.pom (2.4 kB at 64 kB/s)
[INFO] Downloading from jitpack.io: https://jitpack.io/org/ow2/ow2/1.5/ow2-1.5.pom
[INFO] Downloading from central: https://repo.maven.apache.org/maven2/org/ow2/ow2/1.5/ow2-1.5.pom
[INFO] Downloaded from central: https://repo.maven.apache.org/maven2/org/ow2/ow2/1.5/ow2-1.5.pom (11 kB at 374 kB/s)
[INFO] Downloading from jitpack.io: https://jitpack.io/jakarta/xml/bind/jakarta.xml.bind-api/4.0.1/jakarta.xml.bind-api-4.0.1.pom
[INFO] Downloading from central: https://repo.maven.apache.org/maven2/jakarta/xml/bind/jakarta.xml.bind-api/4.0.1/jakarta.xml.bind-api-4.0.1.pom
[INFO] Downloaded from central: https://repo.maven.apache.org/maven2/jakarta/xml/bind/jakarta.xml.bind-api/4.0.1/jakarta.xml.bind-api-4.0.1.pom (13 kB at 113 kB/s)
[INFO] Downloading from jitpack.io: https://jitpack.io/jakarta/xml/bind/jakarta.xml.bind-api-parent/4.0.1/jakarta.xml.bind-api-parent-4.0.1.pom
[INFO] Downloading from central: https://repo.maven.apache.org/maven2/jakarta/xml/bind/jakarta.xml.bind-api-parent/4.0.1/jakarta.xml.bind-api-parent-4.0.1.pom
[INFO] Downloaded from central: https://repo.maven.apache.org/maven2/jakarta/xml/bind/jakarta.xml.bind-api-parent/4.0.1/jakarta.xml.bind-api-parent-4.0.1.pom (9.2 kB at 81 kB/s)
[INFO] Downloading from jitpack.io: https://jitpack.io/jakarta/activation/jakarta.activation-api/2.1.2/jakarta.activation-api-2.1.2.pom
[INFO] Downloading from central: https://repo.maven.apache.org/maven2/jakarta/activation/jakarta.activation-api/2.1.2/jakarta.activation-api-2.1.2.pom
[INFO] Downloaded from central: https://repo.maven.apache.org/maven2/jakarta/activation/jakarta.activation-api/2.1.2/jakarta.activation-api-2.1.2.pom (18 kB at 658 kB/s)
[INFO] Downloading from jitpack.io: https://jitpack.io/org/assertj/assertj-core/3.24.2/assertj-core-3.24.2.pom
[INFO] Downloading from central: https://repo.maven.apache.org/maven2/org/assertj/assertj-core/3.24.2/assertj-core-3.24.2.pom
[INFO] Downloaded from central: https://repo.maven.apache.org/maven2/org/assertj/assertj-core/3.24.2/assertj-core-3.24.2.pom (19 kB at 740 kB/s)
[INFO] Downloading from jitpack.io: https://jitpack.io/org/assertj/assertj-parent/3.24.2/assertj-parent-3.24.2.pom
[INFO] Downloading from central: https://repo.maven.apache.org/maven2/org/assertj/assertj-parent/3.24.2/assertj-parent-3.24.2.pom
[INFO] Downloaded from central: https://repo.maven.apache.org/maven2/org/assertj/assertj-parent/3.24.2/assertj-parent-3.24.2.pom (13 kB at 536 kB/s)
[INFO] Downloading from jitpack.io: https://jitpack.io/org/assertj/assertj-build/3.24.2/assertj-build-3.24.2.pom
[INFO] Downloading from central: https://repo.maven.apache.org/maven2/org/assertj/assertj-build/3.24.2/assertj-build-3.24.2.pom
[INFO] Downloaded from central: https://repo.maven.apache.org/maven2/org/assertj/assertj-build/3.24.2/assertj-build-3.24.2.pom (8.8 kB at 303 kB/s)
[INFO] Downloading from jitpack.io: https://jitpack.io/net/bytebuddy/byte-buddy/1.14.10/byte-buddy-1.14.10.pom
[INFO] Downloading from central: https://repo.maven.apache.org/maven2/net/bytebuddy/byte-buddy/1.14.10/byte-buddy-1.14.10.pom
[INFO] Downloaded from central: https://repo.maven.apache.org/maven2/net/bytebuddy/byte-buddy/1.14.10/byte-buddy-1.14.10.pom (16 kB at 344 kB/s)
[INFO] Downloading from jitpack.io: https://jitpack.io/net/bytebuddy/byte-buddy-parent/1.14.10/byte-buddy-parent-1.14.10.pom
[INFO] Downloading from central: https://repo.maven.apache.org/maven2/net/bytebuddy/byte-buddy-parent/1.14.10/byte-buddy-parent-1.14.10.pom
[INFO] Downloaded from central: https://repo.maven.apache.org/maven2/net/bytebuddy/byte-buddy-parent/1.14.10/byte-buddy-parent-1.14.10.pom (62 kB at 1.9 MB/s)
[INFO] Downloading from jitpack.io: https://jitpack.io/org/awaitility/awaitility/4.2.0/awaitility-4.2.0.pom
[INFO] Downloading from central: https://repo.maven.apache.org/maven2/org/awaitility/awaitility/4.2.0/awaitility-4.2.0.pom
[INFO] Downloaded from central: https://repo.maven.apache.org/maven2/org/awaitility/awaitility/4.2.0/awaitility-4.2.0.pom (3.5 kB at 29 kB/s)
[INFO] Downloading from jitpack.io: https://jitpack.io/org/awaitility/awaitility-parent/4.2.0/awaitility-parent-4.2.0.pom
[INFO] Downloading from central: https://repo.maven.apache.org/maven2/org/awaitility/awaitility-parent/4.2.0/awaitility-parent-4.2.0.pom
[INFO] Downloaded from central: https://repo.maven.apache.org/maven2/org/awaitility/awaitility-parent/4.2.0/awaitility-parent-4.2.0.pom (10 kB at 428 kB/s)
[INFO] Downloading from jitpack.io: https://jitpack.io/org/hamcrest/hamcrest/2.2/hamcrest-2.2.pom
[INFO] Downloading from central: https://repo.maven.apache.org/maven2/org/hamcrest/hamcrest/2.2/hamcrest-2.2.pom
[INFO] Downloaded from central: https://repo.maven.apache.org/maven2/org/hamcrest/hamcrest/2.2/hamcrest-2.2.pom (1.1 kB at 45 kB/s)
[INFO] Downloading from jitpack.io: https://jitpack.io/org/mockito/mockito-core/5.7.0/mockito-core-5.7.0.pom
[INFO] Downloading from central: https://repo.maven.apache.org/maven2/org/mockito/mockito-core/5.7.0/mockito-core-5.7.0.pom
[INFO] Downloaded from central: https://repo.maven.apache.org/maven2/org/mockito/mockito-core/5.7.0/mockito-core-5.7.0.pom (2.5 kB at 107 kB/s)
[INFO] Downloading from jitpack.io: https://jitpack.io/net/bytebuddy/byte-buddy-agent/1.14.10/byte-buddy-agent-1.14.10.pom
[INFO] Downloading from central: https://repo.maven.apache.org/maven2/net/bytebuddy/byte-buddy-agent/1.14.10/byte-buddy-agent-1.14.10.pom
[INFO] Downloaded from central: https://repo.maven.apache.org/maven2/net/bytebuddy/byte-buddy-agent/1.14.10/byte-buddy-agent-1.14.10.pom (10 kB at 475 kB/s)
[INFO] Downloading from jitpack.io: https://jitpack.io/org/objenesis/objenesis/3.3/objenesis-3.3.pom
[INFO] Downloading from central: https://repo.maven.apache.org/maven2/org/objenesis/objenesis/3.3/objenesis-3.3.pom
[INFO] Downloaded from central: https://repo.maven.apache.org/maven2/org/objenesis/objenesis/3.3/objenesis-3.3.pom (3.0 kB at 91 kB/s)
[INFO] Downloading from jitpack.io: https://jitpack.io/org/objenesis/objenesis-parent/3.3/objenesis-parent-3.3.pom
[INFO] Downloading from central: https://repo.maven.apache.org/maven2/org/objenesis/objenesis-parent/3.3/objenesis-parent-3.3.pom
[INFO] Downloaded from central: https://repo.maven.apache.org/maven2/org/objenesis/objenesis-parent/3.3/objenesis-parent-3.3.pom (19 kB at 158 kB/s)
[INFO] Downloading from jitpack.io: https://jitpack.io/org/mockito/mockito-junit-jupiter/5.7.0/mockito-junit-jupiter-5.7.0.pom
[INFO] Downloading from central: https://repo.maven.apache.org/maven2/org/mockito/mockito-junit-jupiter/5.7.0/mockito-junit-jupiter-5.7.0.pom
[INFO] Downloaded from central: https://repo.maven.apache.org/maven2/org/mockito/mockito-junit-jupiter/5.7.0/mockito-junit-jupiter-5.7.0.pom (2.3 kB at 22 kB/s)
[INFO] Downloading from jitpack.io: https://jitpack.io/org/skyscreamer/jsonassert/1.5.1/jsonassert-1.5.1.pom
[INFO] Downloading from central: https://repo.maven.apache.org/maven2/org/skyscreamer/jsonassert/1.5.1/jsonassert-1.5.1.pom
[INFO] Downloaded from central: https://repo.maven.apache.org/maven2/org/skyscreamer/jsonassert/1.5.1/jsonassert-1.5.1.pom (5.2 kB at 178 kB/s)
[INFO] Downloading from jitpack.io: https://jitpack.io/com/vaadin/external/google/android-json/0.0.20131108.vaadin1/android-json-0.0.20131108.vaadin1.pom
[INFO] Downloading from central: https://repo.maven.apache.org/maven2/com/vaadin/external/google/android-json/0.0.20131108.vaadin1/android-json-0.0.20131108.vaadin1.pom
[INFO] Downloaded from central: https://repo.maven.apache.org/maven2/com/vaadin/external/google/android-json/0.0.20131108.vaadin1/android-json-0.0.20131108.vaadin1.pom (2.8 kB at 103 kB/s)
[INFO] Downloading from jitpack.io: https://jitpack.io/org/springframework/spring-test/6.1.1/spring-test-6.1.1.pom
[INFO] Downloading from central: https://repo.maven.apache.org/maven2/org/springframework/spring-test/6.1.1/spring-test-6.1.1.pom
[INFO] Downloaded from central: https://repo.maven.apache.org/maven2/org/springframework/spring-test/6.1.1/spring-test-6.1.1.pom (2.0 kB at 18 kB/s)
[INFO] Downloading from jitpack.io: https://jitpack.io/org/xmlunit/xmlunit-core/2.9.1/xmlunit-core-2.9.1.pom
[INFO] Downloading from central: https://repo.maven.apache.org/maven2/org/xmlunit/xmlunit-core/2.9.1/xmlunit-core-2.9.1.pom
[INFO] Downloaded from central: https://repo.maven.apache.org/maven2/org/xmlunit/xmlunit-core/2.9.1/xmlunit-core-2.9.1.pom (2.4 kB at 84 kB/s)
[INFO] Downloading from jitpack.io: https://jitpack.io/org/xmlunit/xmlunit-parent/2.9.1/xmlunit-parent-2.9.1.pom
[INFO] Downloading from central: https://repo.maven.apache.org/maven2/org/xmlunit/xmlunit-parent/2.9.1/xmlunit-parent-2.9.1.pom
[INFO] Downloaded from central: https://repo.maven.apache.org/maven2/org/xmlunit/xmlunit-parent/2.9.1/xmlunit-parent-2.9.1.pom (21 kB at 562 kB/s)
[INFO] Downloading from jitpack.io: https://jitpack.io/com/h2database/h2/2.2.224/h2-2.2.224.pom
[INFO] Downloading from central: https://repo.maven.apache.org/maven2/com/h2database/h2/2.2.224/h2-2.2.224.pom
[INFO] Downloaded from central: https://repo.maven.apache.org/maven2/com/h2database/h2/2.2.224/h2-2.2.224.pom (1.1 kB at 29 kB/s)
[INFO] Downloading from jitpack.io: https://jitpack.io/com/fasterxml/jackson/dataformat/jackson-dataformat-xml/2.15.3/jackson-dataformat-xml-2.15.3.jar
[INFO] Downloading from jitpack.io: https://jitpack.io/com/fasterxml/jackson/core/jackson-core/2.15.3/jackson-core-2.15.3.jar
[INFO] Downloading from jitpack.io: https://jitpack.io/com/fasterxml/jackson/core/jackson-annotations/2.15.3/jackson-annotations-2.15.3.jar
[INFO] Downloading from jitpack.io: https://jitpack.io/com/fasterxml/jackson/core/jackson-databind/2.15.3/jackson-databind-2.15.3.jar
[INFO] Downloading from jitpack.io: https://jitpack.io/org/codehaus/woodstox/stax2-api/4.2.1/stax2-api-4.2.1.jar
[INFO] Downloading from jitpack.io: https://jitpack.io/com/fasterxml/woodstox/woodstox-core/6.5.1/woodstox-core-6.5.1.jar
[INFO] Downloading from jitpack.io: https://jitpack.io/org/projectlombok/lombok/1.18.30/lombok-1.18.30.jar
[INFO] Downloading from jitpack.io: https://jitpack.io/org/mapstruct/mapstruct/1.6.0.Beta1/mapstruct-1.6.0.Beta1.jar
[INFO] Downloading from jitpack.io: https://jitpack.io/com/querydsl/querydsl-jpa/5.0.0/querydsl-jpa-5.0.0-jakarta.jar
[INFO] Downloading from jitpack.io: https://jitpack.io/com/querydsl/querydsl-core/5.0.0/querydsl-core-5.0.0.jar
[INFO] Downloading from jitpack.io: https://jitpack.io/com/mysema/commons/mysema-commons-lang/0.2.4/mysema-commons-lang-0.2.4.jar
[INFO] Downloading from jitpack.io: https://jitpack.io/com/google/guava/guava/32.1.3-jre/guava-32.1.3-jre.jar
[INFO] Downloading from jitpack.io: https://jitpack.io/com/google/guava/failureaccess/1.0.1/failureaccess-1.0.1.jar
[INFO] Downloading from jitpack.io: https://jitpack.io/com/google/guava/listenablefuture/9999.0-empty-to-avoid-conflict-with-guava/listenablefuture-9999.0-empty-to-avoid-conflict-with-guava.jar
[INFO] Downloading from jitpack.io: https://jitpack.io/com/google/code/findbugs/jsr305/3.0.2/jsr305-3.0.2.jar
[INFO] Downloading from jitpack.io: https://jitpack.io/org/checkerframework/checker-qual/3.37.0/checker-qual-3.37.0.jar
[INFO] Downloading from jitpack.io: https://jitpack.io/com/google/errorprone/error_prone_annotations/2.21.1/error_prone_annotations-2.21.1.jar
[INFO] Downloading from jitpack.io: https://jitpack.io/com/google/j2objc/j2objc-annotations/2.8/j2objc-annotations-2.8.jar
[INFO] Downloading from jitpack.io: https://jitpack.io/org/springframework/boot/spring-boot-starter-test/3.2.0/spring-boot-starter-test-3.2.0.jar
[INFO] Downloading from jitpack.io: https://jitpack.io/org/springframework/boot/spring-boot-starter/3.2.0/spring-boot-starter-3.2.0.jar
[INFO] Downloading from jitpack.io: https://jitpack.io/org/springframework/boot/spring-boot/3.2.0/spring-boot-3.2.0.jar
[INFO] Downloading from jitpack.io: https://jitpack.io/org/springframework/spring-context/6.1.1/spring-context-6.1.1.jar
[INFO] Downloading from jitpack.io: https://jitpack.io/org/springframework/spring-aop/6.1.1/spring-aop-6.1.1.jar
[INFO] Downloading from jitpack.io: https://jitpack.io/org/springframework/spring-beans/6.1.1/spring-beans-6.1.1.jar
[INFO] Downloading from jitpack.io: https://jitpack.io/org/springframework/spring-expression/6.1.1/spring-expression-6.1.1.jar
[INFO] Downloading from jitpack.io: https://jitpack.io/io/micrometer/micrometer-observation/1.12.0/micrometer-observation-1.12.0.jar
[INFO] Downloading from jitpack.io: https://jitpack.io/io/micrometer/micrometer-commons/1.12.0/micrometer-commons-1.12.0.jar
[INFO] Downloading from jitpack.io: https://jitpack.io/org/springframework/boot/spring-boot-autoconfigure/3.2.0/spring-boot-autoconfigure-3.2.0.jar
[INFO] Downloading from jitpack.io: https://jitpack.io/org/springframework/boot/spring-boot-starter-logging/3.2.0/spring-boot-starter-logging-3.2.0.jar
[INFO] Downloading from jitpack.io: https://jitpack.io/ch/qos/logback/logback-classic/1.4.11/logback-classic-1.4.11.jar
[INFO] Downloading from jitpack.io: https://jitpack.io/ch/qos/logback/logback-core/1.4.11/logback-core-1.4.11.jar
[INFO] Downloading from jitpack.io: https://jitpack.io/org/apache/logging/log4j/log4j-to-slf4j/2.21.1/log4j-to-slf4j-2.21.1.jar
[INFO] Downloading from jitpack.io: https://jitpack.io/org/apache/logging/log4j/log4j-api/2.21.1/log4j-api-2.21.1.jar
[INFO] Downloading from jitpack.io: https://jitpack.io/org/slf4j/jul-to-slf4j/2.0.9/jul-to-slf4j-2.0.9.jar
[INFO] Downloading from jitpack.io: https://jitpack.io/jakarta/annotation/jakarta.annotation-api/2.1.1/jakarta.annotation-api-2.1.1.jar
[INFO] Downloading from jitpack.io: https://jitpack.io/org/yaml/snakeyaml/2.2/snakeyaml-2.2.jar
[INFO] Downloading from jitpack.io: https://jitpack.io/org/springframework/boot/spring-boot-test/3.2.0/spring-boot-test-3.2.0.jar
[INFO] Downloading from jitpack.io: https://jitpack.io/org/springframework/boot/spring-boot-test-autoconfigure/3.2.0/spring-boot-test-autoconfigure-3.2.0.jar
[INFO] Downloading from jitpack.io: https://jitpack.io/com/jayway/jsonpath/json-path/2.8.0/json-path-2.8.0.jar
[INFO] Downloading from jitpack.io: https://jitpack.io/org/slf4j/slf4j-api/2.0.9/slf4j-api-2.0.9.jar
[INFO] Downloading from jitpack.io: https://jitpack.io/jakarta/xml/bind/jakarta.xml.bind-api/4.0.1/jakarta.xml.bind-api-4.0.1.jar
[INFO] Downloading from jitpack.io: https://jitpack.io/jakarta/activation/jakarta.activation-api/2.1.2/jakarta.activation-api-2.1.2.jar
[INFO] Downloading from jitpack.io: https://jitpack.io/net/minidev/json-smart/2.5.0/json-smart-2.5.0.jar
[INFO] Downloading from jitpack.io: https://jitpack.io/net/minidev/accessors-smart/2.5.0/accessors-smart-2.5.0.jar
[INFO] Downloading from jitpack.io: https://jitpack.io/org/ow2/asm/asm/9.3/asm-9.3.jar
[INFO] Downloading from jitpack.io: https://jitpack.io/org/assertj/assertj-core/3.24.2/assertj-core-3.24.2.jar
[INFO] Downloading from jitpack.io: https://jitpack.io/net/bytebuddy/byte-buddy/1.14.10/byte-buddy-1.14.10.jar
[INFO] Downloading from jitpack.io: https://jitpack.io/org/awaitility/awaitility/4.2.0/awaitility-4.2.0.jar
[INFO] Downloading from jitpack.io: https://jitpack.io/org/hamcrest/hamcrest/2.2/hamcrest-2.2.jar
[INFO] Downloading from jitpack.io: https://jitpack.io/org/mockito/mockito-core/5.7.0/mockito-core-5.7.0.jar
[INFO] Downloading from jitpack.io: https://jitpack.io/net/bytebuddy/byte-buddy-agent/1.14.10/byte-buddy-agent-1.14.10.jar
[INFO] Downloading from jitpack.io: https://jitpack.io/org/objenesis/objenesis/3.3/objenesis-3.3.jar
[INFO] Downloading from jitpack.io: https://jitpack.io/org/mockito/mockito-junit-jupiter/5.7.0/mockito-junit-jupiter-5.7.0.jar
[INFO] Downloading from jitpack.io: https://jitpack.io/org/skyscreamer/jsonassert/1.5.1/jsonassert-1.5.1.jar
[INFO] Downloading from jitpack.io: https://jitpack.io/com/vaadin/external/google/android-json/0.0.20131108.vaadin1/android-json-0.0.20131108.vaadin1.jar
[INFO] Downloading from jitpack.io: https://jitpack.io/org/springframework/spring-core/6.1.1/spring-core-6.1.1.jar
[INFO] Downloading from jitpack.io: https://jitpack.io/org/springframework/spring-jcl/6.1.1/spring-jcl-6.1.1.jar
[INFO] Downloading from jitpack.io: https://jitpack.io/org/springframework/spring-test/6.1.1/spring-test-6.1.1.jar
[INFO] Downloading from jitpack.io: https://jitpack.io/org/xmlunit/xmlunit-core/2.9.1/xmlunit-core-2.9.1.jar
[INFO] Downloading from jitpack.io: https://jitpack.io/com/h2database/h2/2.2.224/h2-2.2.224.jar
[INFO] Downloading from central: https://repo.maven.apache.org/maven2/com/fasterxml/jackson/dataformat/jackson-dataformat-xml/2.15.3/jackson-dataformat-xml-2.15.3.jar
[INFO] Downloaded from central: https://repo.maven.apache.org/maven2/com/fasterxml/jackson/dataformat/jackson-dataformat-xml/2.15.3/jackson-dataformat-xml-2.15.3.jar (126 kB at 5.0 MB/s)
[INFO] Downloading from central: https://repo.maven.apache.org/maven2/com/fasterxml/jackson/core/jackson-core/2.15.3/jackson-core-2.15.3.jar
[INFO] Downloading from central: https://repo.maven.apache.org/maven2/com/fasterxml/jackson/core/jackson-annotations/2.15.3/jackson-annotations-2.15.3.jar
[INFO] Downloading from central: https://repo.maven.apache.org/maven2/com/fasterxml/jackson/core/jackson-databind/2.15.3/jackson-databind-2.15.3.jar
[INFO] Downloading from central: https://repo.maven.apache.org/maven2/org/codehaus/woodstox/stax2-api/4.2.1/stax2-api-4.2.1.jar
[INFO] Downloading from central: https://repo.maven.apache.org/maven2/com/fasterxml/woodstox/woodstox-core/6.5.1/woodstox-core-6.5.1.jar
[INFO] Downloaded from central: https://repo.maven.apache.org/maven2/com/fasterxml/jackson/core/jackson-annotations/2.15.3/jackson-annotations-2.15.3.jar (76 kB at 2.5 MB/s)
[INFO] Downloading from central: https://repo.maven.apache.org/maven2/org/projectlombok/lombok/1.18.30/lombok-1.18.30.jar
[INFO] Downloaded from central: https://repo.maven.apache.org/maven2/com/fasterxml/jackson/core/jackson-core/2.15.3/jackson-core-2.15.3.jar (549 kB at 14 MB/s)
[INFO] Downloading from central: https://repo.maven.apache.org/maven2/org/mapstruct/mapstruct/1.6.0.Beta1/mapstruct-1.6.0.Beta1.jar
[INFO] Downloaded from central: https://repo.maven.apache.org/maven2/org/codehaus/woodstox/stax2-api/4.2.1/stax2-api-4.2.1.jar (196 kB at 4.0 MB/s)
[INFO] Downloading from central: https://repo.maven.apache.org/maven2/com/querydsl/querydsl-jpa/5.0.0/querydsl-jpa-5.0.0-jakarta.jar
[INFO] Downloaded from central: https://repo.maven.apache.org/maven2/com/fasterxml/jackson/core/jackson-databind/2.15.3/jackson-databind-2.15.3.jar (1.6 MB at 9.0 MB/s)
[INFO] Downloading from central: https://repo.maven.apache.org/maven2/com/querydsl/querydsl-core/5.0.0/querydsl-core-5.0.0.jar
[INFO] Downloaded from central: https://repo.maven.apache.org/maven2/org/mapstruct/mapstruct/1.6.0.Beta1/mapstruct-1.6.0.Beta1.jar (32 kB at 117 kB/s)
[INFO] Downloading from central: https://repo.maven.apache.org/maven2/com/mysema/commons/mysema-commons-lang/0.2.4/mysema-commons-lang-0.2.4.jar
[INFO] Downloaded from central: https://repo.maven.apache.org/maven2/com/fasterxml/woodstox/woodstox-core/6.5.1/woodstox-core-6.5.1.jar (1.6 MB at 5.6 MB/s)
[INFO] Downloading from central: https://repo.maven.apache.org/maven2/com/google/guava/guava/32.1.3-jre/guava-32.1.3-jre.jar
[INFO] Downloaded from central: https://repo.maven.apache.org/maven2/com/querydsl/querydsl-jpa/5.0.0/querydsl-jpa-5.0.0-jakarta.jar (138 kB at 490 kB/s)
[INFO] Downloading from central: https://repo.maven.apache.org/maven2/com/google/guava/failureaccess/1.0.1/failureaccess-1.0.1.jar
[INFO] Downloaded from central: https://repo.maven.apache.org/maven2/org/projectlombok/lombok/1.18.30/lombok-1.18.30.jar (2.0 MB at 7.1 MB/s)
[INFO] Downloading from central: https://repo.maven.apache.org/maven2/com/google/guava/listenablefuture/9999.0-empty-to-avoid-conflict-with-guava/listenablefuture-9999.0-empty-to-avoid-conflict-with-guava.jar
[INFO] Downloaded from central: https://repo.maven.apache.org/maven2/com/querydsl/querydsl-core/5.0.0/querydsl-core-5.0.0.jar (472 kB at 1.6 MB/s)
[INFO] Downloading from central: https://repo.maven.apache.org/maven2/com/google/code/findbugs/jsr305/3.0.2/jsr305-3.0.2.jar
[INFO] Downloaded from central: https://repo.maven.apache.org/maven2/com/google/guava/failureaccess/1.0.1/failureaccess-1.0.1.jar (4.6 kB at 15 kB/s)
[INFO] Downloading from central: https://repo.maven.apache.org/maven2/org/checkerframework/checker-qual/3.37.0/checker-qual-3.37.0.jar
[INFO] Downloaded from central: https://repo.maven.apache.org/maven2/com/google/guava/listenablefuture/9999.0-empty-to-avoid-conflict-with-guava/listenablefuture-9999.0-empty-to-avoid-conflict-with-guava.jar (2.2 kB at 7.1 kB/s)
[INFO] Downloaded from central: https://repo.maven.apache.org/maven2/com/mysema/commons/mysema-commons-lang/0.2.4/mysema-commons-lang-0.2.4.jar (12 kB at 39 kB/s)
[INFO] Downloading from central: https://repo.maven.apache.org/maven2/com/google/errorprone/error_prone_annotations/2.21.1/error_prone_annotations-2.21.1.jar
[INFO] Downloading from central: https://repo.maven.apache.org/maven2/com/google/j2objc/j2objc-annotations/2.8/j2objc-annotations-2.8.jar
[INFO] Downloaded from central: https://repo.maven.apache.org/maven2/com/google/code/findbugs/jsr305/3.0.2/jsr305-3.0.2.jar (20 kB at 62 kB/s)
[INFO] Downloading from central: https://repo.maven.apache.org/maven2/org/springframework/boot/spring-boot-starter-test/3.2.0/spring-boot-starter-test-3.2.0.jar
[INFO] Downloaded from central: https://repo.maven.apache.org/maven2/org/checkerframework/checker-qual/3.37.0/checker-qual-3.37.0.jar (224 kB at 670 kB/s)
[INFO] Downloading from central: https://repo.maven.apache.org/maven2/org/springframework/boot/spring-boot-starter/3.2.0/spring-boot-starter-3.2.0.jar
[INFO] Downloaded from central: https://repo.maven.apache.org/maven2/com/google/errorprone/error_prone_annotations/2.21.1/error_prone_annotations-2.21.1.jar (17 kB at 50 kB/s)
[INFO] Downloading from central: https://repo.maven.apache.org/maven2/org/springframework/boot/spring-boot/3.2.0/spring-boot-3.2.0.jar
[INFO] Downloaded from central: https://repo.maven.apache.org/maven2/com/google/j2objc/j2objc-annotations/2.8/j2objc-annotations-2.8.jar (9.3 kB at 27 kB/s)
[INFO] Downloading from central: https://repo.maven.apache.org/maven2/org/springframework/spring-context/6.1.1/spring-context-6.1.1.jar
[INFO] Downloaded from central: https://repo.maven.apache.org/maven2/org/springframework/boot/spring-boot-starter-test/3.2.0/spring-boot-starter-test-3.2.0.jar (4.8 kB at 14 kB/s)
[INFO] Downloading from central: https://repo.maven.apache.org/maven2/org/springframework/spring-aop/6.1.1/spring-aop-6.1.1.jar
[INFO] Downloaded from central: https://repo.maven.apache.org/maven2/org/springframework/boot/spring-boot-starter/3.2.0/spring-boot-starter-3.2.0.jar (4.8 kB at 13 kB/s)
[INFO] Downloading from central: https://repo.maven.apache.org/maven2/org/springframework/spring-beans/6.1.1/spring-beans-6.1.1.jar
[INFO] Downloaded from central: https://repo.maven.apache.org/maven2/com/google/guava/guava/32.1.3-jre/guava-32.1.3-jre.jar (3.0 MB at 8.3 MB/s)
[INFO] Downloading from central: https://repo.maven.apache.org/maven2/org/springframework/spring-expression/6.1.1/spring-expression-6.1.1.jar
[INFO] Downloaded from central: https://repo.maven.apache.org/maven2/org/springframework/spring-context/6.1.1/spring-context-6.1.1.jar (1.3 MB at 3.3 MB/s)
[INFO] Downloading from central: https://repo.maven.apache.org/maven2/io/micrometer/micrometer-observation/1.12.0/micrometer-observation-1.12.0.jar
[INFO] Downloaded from central: https://repo.maven.apache.org/maven2/org/springframework/spring-aop/6.1.1/spring-aop-6.1.1.jar (414 kB at 1.0 MB/s)
[INFO] Downloading from central: https://repo.maven.apache.org/maven2/io/micrometer/micrometer-commons/1.12.0/micrometer-commons-1.12.0.jar
[INFO] Downloaded from central: https://repo.maven.apache.org/maven2/org/springframework/spring-beans/6.1.1/spring-beans-6.1.1.jar (873 kB at 2.1 MB/s)
[INFO] Downloaded from central: https://repo.maven.apache.org/maven2/org/springframework/spring-expression/6.1.1/spring-expression-6.1.1.jar (301 kB at 740 kB/s)
[INFO] Downloading from central: https://repo.maven.apache.org/maven2/org/springframework/boot/spring-boot-autoconfigure/3.2.0/spring-boot-autoconfigure-3.2.0.jar
[INFO] Downloading from central: https://repo.maven.apache.org/maven2/org/springframework/boot/spring-boot-starter-logging/3.2.0/spring-boot-starter-logging-3.2.0.jar
[INFO] Downloaded from central: https://repo.maven.apache.org/maven2/org/springframework/boot/spring-boot/3.2.0/spring-boot-3.2.0.jar (1.6 MB at 3.8 MB/s)
[INFO] Downloading from central: https://repo.maven.apache.org/maven2/ch/qos/logback/logback-classic/1.4.11/logback-classic-1.4.11.jar
[INFO] Downloaded from central: https://repo.maven.apache.org/maven2/io/micrometer/micrometer-observation/1.12.0/micrometer-observation-1.12.0.jar (72 kB at 168 kB/s)
[INFO] Downloading from central: https://repo.maven.apache.org/maven2/ch/qos/logback/logback-core/1.4.11/logback-core-1.4.11.jar
[INFO] Downloaded from central: https://repo.maven.apache.org/maven2/io/micrometer/micrometer-commons/1.12.0/micrometer-commons-1.12.0.jar (47 kB at 110 kB/s)
[INFO] Downloading from central: https://repo.maven.apache.org/maven2/org/apache/logging/log4j/log4j-to-slf4j/2.21.1/log4j-to-slf4j-2.21.1.jar
[INFO] Downloaded from central: https://repo.maven.apache.org/maven2/org/springframework/boot/spring-boot-starter-logging/3.2.0/spring-boot-starter-logging-3.2.0.jar (4.8 kB at 11 kB/s)
[INFO] Downloading from central: https://repo.maven.apache.org/maven2/org/apache/logging/log4j/log4j-api/2.21.1/log4j-api-2.21.1.jar
[INFO] Downloaded from central: https://repo.maven.apache.org/maven2/org/apache/logging/log4j/log4j-to-slf4j/2.21.1/log4j-to-slf4j-2.21.1.jar (23 kB at 50 kB/s)
[INFO] Downloaded from central: https://repo.maven.apache.org/maven2/ch/qos/logback/logback-classic/1.4.11/logback-classic-1.4.11.jar (283 kB at 616 kB/s)
[INFO] Downloading from central: https://repo.maven.apache.org/maven2/org/slf4j/jul-to-slf4j/2.0.9/jul-to-slf4j-2.0.9.jar
[INFO] Downloading from central: https://repo.maven.apache.org/maven2/jakarta/annotation/jakarta.annotation-api/2.1.1/jakarta.annotation-api-2.1.1.jar
[INFO] Downloaded from central: https://repo.maven.apache.org/maven2/org/apache/logging/log4j/log4j-api/2.21.1/log4j-api-2.21.1.jar (317 kB at 677 kB/s)
[INFO] Downloaded from central: https://repo.maven.apache.org/maven2/ch/qos/logback/logback-core/1.4.11/logback-core-1.4.11.jar (598 kB at 1.3 MB/s)
[INFO] Downloading from central: https://repo.maven.apache.org/maven2/org/yaml/snakeyaml/2.2/snakeyaml-2.2.jar
[INFO] Downloading from central: https://repo.maven.apache.org/maven2/org/springframework/boot/spring-boot-test/3.2.0/spring-boot-test-3.2.0.jar
[INFO] Downloaded from central: https://repo.maven.apache.org/maven2/org/springframework/boot/spring-boot-autoconfigure/3.2.0/spring-boot-autoconfigure-3.2.0.jar (1.9 MB at 4.0 MB/s)
[INFO] Downloading from central: https://repo.maven.apache.org/maven2/org/springframework/boot/spring-boot-test-autoconfigure/3.2.0/spring-boot-test-autoconfigure-3.2.0.jar
[INFO] Downloaded from central: https://repo.maven.apache.org/maven2/org/slf4j/jul-to-slf4j/2.0.9/jul-to-slf4j-2.0.9.jar (6.3 kB at 13 kB/s)
[INFO] Downloading from central: https://repo.maven.apache.org/maven2/com/jayway/jsonpath/json-path/2.8.0/json-path-2.8.0.jar
[INFO] Downloaded from central: https://repo.maven.apache.org/maven2/jakarta/annotation/jakarta.annotation-api/2.1.1/jakarta.annotation-api-2.1.1.jar (26 kB at 53 kB/s)
[INFO] Downloading from central: https://repo.maven.apache.org/maven2/org/slf4j/slf4j-api/2.0.9/slf4j-api-2.0.9.jar
[INFO] Downloaded from central: https://repo.maven.apache.org/maven2/org/springframework/boot/spring-boot-test/3.2.0/spring-boot-test-3.2.0.jar (245 kB at 489 kB/s)
[INFO] Downloading from central: https://repo.maven.apache.org/maven2/jakarta/xml/bind/jakarta.xml.bind-api/4.0.1/jakarta.xml.bind-api-4.0.1.jar
[INFO] Downloaded from central: https://repo.maven.apache.org/maven2/org/yaml/snakeyaml/2.2/snakeyaml-2.2.jar (334 kB at 661 kB/s)
[INFO] Downloading from central: https://repo.maven.apache.org/maven2/jakarta/activation/jakarta.activation-api/2.1.2/jakarta.activation-api-2.1.2.jar
[INFO] Downloaded from central: https://repo.maven.apache.org/maven2/org/springframework/boot/spring-boot-test-autoconfigure/3.2.0/spring-boot-test-autoconfigure-3.2.0.jar (219 kB at 429 kB/s)
[INFO] Downloading from central: https://repo.maven.apache.org/maven2/net/minidev/json-smart/2.5.0/json-smart-2.5.0.jar
[INFO] Downloaded from central: https://repo.maven.apache.org/maven2/org/slf4j/slf4j-api/2.0.9/slf4j-api-2.0.9.jar (65 kB at 126 kB/s)
[INFO] Downloading from central: https://repo.maven.apache.org/maven2/net/minidev/accessors-smart/2.5.0/accessors-smart-2.5.0.jar
[INFO] Downloaded from central: https://repo.maven.apache.org/maven2/com/jayway/jsonpath/json-path/2.8.0/json-path-2.8.0.jar (278 kB at 537 kB/s)
[INFO] Downloading from central: https://repo.maven.apache.org/maven2/org/ow2/asm/asm/9.3/asm-9.3.jar
[INFO] Downloaded from central: https://repo.maven.apache.org/maven2/jakarta/xml/bind/jakarta.xml.bind-api/4.0.1/jakarta.xml.bind-api-4.0.1.jar (130 kB at 244 kB/s)
[INFO] Downloading from central: https://repo.maven.apache.org/maven2/org/assertj/assertj-core/3.24.2/assertj-core-3.24.2.jar
[INFO] Downloaded from central: https://repo.maven.apache.org/maven2/net/minidev/json-smart/2.5.0/json-smart-2.5.0.jar (120 kB at 225 kB/s)
[INFO] Downloading from central: https://repo.maven.apache.org/maven2/net/bytebuddy/byte-buddy/1.14.10/byte-buddy-1.14.10.jar
[INFO] Downloaded from central: https://repo.maven.apache.org/maven2/jakarta/activation/jakarta.activation-api/2.1.2/jakarta.activation-api-2.1.2.jar (66 kB at 123 kB/s)
[INFO] Downloading from central: https://repo.maven.apache.org/maven2/org/awaitility/awaitility/4.2.0/awaitility-4.2.0.jar
[INFO] Downloaded from central: https://repo.maven.apache.org/maven2/net/minidev/accessors-smart/2.5.0/accessors-smart-2.5.0.jar (30 kB at 56 kB/s)
[INFO] Downloading from central: https://repo.maven.apache.org/maven2/org/hamcrest/hamcrest/2.2/hamcrest-2.2.jar
[INFO] Downloaded from central: https://repo.maven.apache.org/maven2/org/ow2/asm/asm/9.3/asm-9.3.jar (122 kB at 216 kB/s)
[INFO] Downloading from central: https://repo.maven.apache.org/maven2/org/mockito/mockito-core/5.7.0/mockito-core-5.7.0.jar
[INFO] Downloaded from central: https://repo.maven.apache.org/maven2/org/awaitility/awaitility/4.2.0/awaitility-4.2.0.jar (96 kB at 169 kB/s)
[INFO] Downloading from central: https://repo.maven.apache.org/maven2/net/bytebuddy/byte-buddy-agent/1.14.10/byte-buddy-agent-1.14.10.jar
[INFO] Downloaded from central: https://repo.maven.apache.org/maven2/org/assertj/assertj-core/3.24.2/assertj-core-3.24.2.jar (1.3 MB at 2.3 MB/s)
[INFO] Downloading from central: https://repo.maven.apache.org/maven2/org/objenesis/objenesis/3.3/objenesis-3.3.jar
[INFO] Downloaded from central: https://repo.maven.apache.org/maven2/org/hamcrest/hamcrest/2.2/hamcrest-2.2.jar (123 kB at 206 kB/s)
[INFO] Downloading from central: https://repo.maven.apache.org/maven2/org/mockito/mockito-junit-jupiter/5.7.0/mockito-junit-jupiter-5.7.0.jar
[INFO] Downloaded from central: https://repo.maven.apache.org/maven2/net/bytebuddy/byte-buddy-agent/1.14.10/byte-buddy-agent-1.14.10.jar (257 kB at 417 kB/s)
[INFO] Downloading from central: https://repo.maven.apache.org/maven2/org/skyscreamer/jsonassert/1.5.1/jsonassert-1.5.1.jar
[INFO] Downloaded from central: https://repo.maven.apache.org/maven2/org/objenesis/objenesis/3.3/objenesis-3.3.jar (49 kB at 80 kB/s)
[INFO] Downloading from central: https://repo.maven.apache.org/maven2/com/vaadin/external/google/android-json/0.0.20131108.vaadin1/android-json-0.0.20131108.vaadin1.jar
[INFO] Downloaded from central: https://repo.maven.apache.org/maven2/org/mockito/mockito-core/5.7.0/mockito-core-5.7.0.jar (700 kB at 1.1 MB/s)
[INFO] Downloading from central: https://repo.maven.apache.org/maven2/org/springframework/spring-core/6.1.1/spring-core-6.1.1.jar
[INFO] Downloaded from central: https://repo.maven.apache.org/maven2/org/mockito/mockito-junit-jupiter/5.7.0/mockito-junit-jupiter-5.7.0.jar (8.8 kB at 14 kB/s)
[INFO] Downloading from central: https://repo.maven.apache.org/maven2/org/springframework/spring-jcl/6.1.1/spring-jcl-6.1.1.jar
[INFO] Downloaded from central: https://repo.maven.apache.org/maven2/net/bytebuddy/byte-buddy/1.14.10/byte-buddy-1.14.10.jar (4.2 MB at 6.5 MB/s)
[INFO] Downloading from central: https://repo.maven.apache.org/maven2/org/springframework/spring-test/6.1.1/spring-test-6.1.1.jar
[INFO] Downloaded from central: https://repo.maven.apache.org/maven2/org/skyscreamer/jsonassert/1.5.1/jsonassert-1.5.1.jar (31 kB at 47 kB/s)
[INFO] Downloading from central: https://repo.maven.apache.org/maven2/org/xmlunit/xmlunit-core/2.9.1/xmlunit-core-2.9.1.jar
[INFO] Downloaded from central: https://repo.maven.apache.org/maven2/com/vaadin/external/google/android-json/0.0.20131108.vaadin1/android-json-0.0.20131108.vaadin1.jar (18 kB at 28 kB/s)
[INFO] Downloading from central: https://repo.maven.apache.org/maven2/com/h2database/h2/2.2.224/h2-2.2.224.jar
[INFO] Downloaded from central: https://repo.maven.apache.org/maven2/org/springframework/spring-jcl/6.1.1/spring-jcl-6.1.1.jar (25 kB at 36 kB/s)
[INFO] Downloaded from central: https://repo.maven.apache.org/maven2/org/springframework/spring-test/6.1.1/spring-test-6.1.1.jar (852 kB at 1.2 MB/s)
[INFO] Downloaded from central: https://repo.maven.apache.org/maven2/org/xmlunit/xmlunit-core/2.9.1/xmlunit-core-2.9.1.jar (175 kB at 255 kB/s)
[INFO] Downloaded from central: https://repo.maven.apache.org/maven2/com/h2database/h2/2.2.224/h2-2.2.224.jar (2.6 MB at 3.2 MB/s)
[INFO] Downloaded from central: https://repo.maven.apache.org/maven2/org/springframework/spring-core/6.1.1/spring-core-6.1.1.jar (1.9 MB at 2.3 MB/s)
[INFO] 
[INFO] --- apt:1.1.3:process (default) @ trading-common ---
[INFO] Downloading from central: https://repo.maven.apache.org/maven2/com/querydsl/querydsl-apt/5.0.0/querydsl-apt-5.0.0.pom
[INFO] Downloaded from central: https://repo.maven.apache.org/maven2/com/querydsl/querydsl-apt/5.0.0/querydsl-apt-5.0.0.pom (8.5 kB at 276 kB/s)
[INFO] Downloading from central: https://repo.maven.apache.org/maven2/com/querydsl/querydsl-codegen/5.0.0/querydsl-codegen-5.0.0.pom
[INFO] Downloaded from central: https://repo.maven.apache.org/maven2/com/querydsl/querydsl-codegen/5.0.0/querydsl-codegen-5.0.0.pom (3.4 kB at 120 kB/s)
[INFO] Downloading from central: https://repo.maven.apache.org/maven2/com/querydsl/codegen-utils/5.0.0/codegen-utils-5.0.0.pom
[INFO] Downloaded from central: https://repo.maven.apache.org/maven2/com/querydsl/codegen-utils/5.0.0/codegen-utils-5.0.0.pom (3.8 kB at 144 kB/s)
[INFO] Downloading from central: https://repo.maven.apache.org/maven2/org/eclipse/jdt/ecj/3.26.0/ecj-3.26.0.pom
[INFO] Downloaded from central: https://repo.maven.apache.org/maven2/org/eclipse/jdt/ecj/3.26.0/ecj-3.26.0.pom (1.7 kB at 51 kB/s)
[INFO] Downloading from central: https://repo.maven.apache.org/maven2/io/github/classgraph/classgraph/4.8.108/classgraph-4.8.108.pom
[INFO] Downloaded from central: https://repo.maven.apache.org/maven2/io/github/classgraph/classgraph/4.8.108/classgraph-4.8.108.pom (28 kB at 789 kB/s)
[INFO] Downloading from central: https://repo.maven.apache.org/maven2/org/codehaus/plexus/plexus-utils/1.5.8/plexus-utils-1.5.8.pom
[INFO] Downloaded from central: https://repo.maven.apache.org/maven2/org/codehaus/plexus/plexus-utils/1.5.8/plexus-utils-1.5.8.pom (8.1 kB at 260 kB/s)
[INFO] Downloading from central: https://repo.maven.apache.org/maven2/org/codehaus/plexus/plexus/2.0.2/plexus-2.0.2.pom
[INFO] Downloaded from central: https://repo.maven.apache.org/maven2/org/codehaus/plexus/plexus/2.0.2/plexus-2.0.2.pom (12 kB at 363 kB/s)
[INFO] Downloading from central: https://repo.maven.apache.org/maven2/org/apache/maven/maven-plugin-api/2.2.0/maven-plugin-api-2.2.0.pom
[INFO] Downloaded from central: https://repo.maven.apache.org/maven2/org/apache/maven/maven-plugin-api/2.2.0/maven-plugin-api-2.2.0.pom (1.5 kB at 13 kB/s)
[INFO] Downloading from central: https://repo.maven.apache.org/maven2/org/apache/maven/maven/2.2.0/maven-2.2.0.pom
[INFO] Downloaded from central: https://repo.maven.apache.org/maven2/org/apache/maven/maven/2.2.0/maven-2.2.0.pom (22 kB at 160 kB/s)
[INFO] Downloading from central: https://repo.maven.apache.org/maven2/org/apache/maven/maven-parent/11/maven-parent-11.pom
[INFO] Downloaded from central: https://repo.maven.apache.org/maven2/org/apache/maven/maven-parent/11/maven-parent-11.pom (32 kB at 1.0 MB/s)
[INFO] Downloading from central: https://repo.maven.apache.org/maven2/org/apache/apache/5/apache-5.pom
[INFO] Downloaded from central: https://repo.maven.apache.org/maven2/org/apache/apache/5/apache-5.pom (4.1 kB at 132 kB/s)
[INFO] Downloading from central: https://repo.maven.apache.org/maven2/org/apache/maven/maven-model/2.2.0/maven-model-2.2.0.pom
[INFO] Downloaded from central: https://repo.maven.apache.org/maven2/org/apache/maven/maven-model/2.2.0/maven-model-2.2.0.pom (3.2 kB at 81 kB/s)
[INFO] Downloading from central: https://repo.maven.apache.org/maven2/org/codehaus/plexus/plexus-utils/1.5.15/plexus-utils-1.5.15.pom
[INFO] Downloaded from central: https://repo.maven.apache.org/maven2/org/codehaus/plexus/plexus-utils/1.5.15/plexus-utils-1.5.15.pom (6.8 kB at 171 kB/s)
[INFO] Downloading from central: https://repo.maven.apache.org/maven2/org/apache/maven/maven-project/2.2.0/maven-project-2.2.0.pom
[INFO] Downloaded from central: https://repo.maven.apache.org/maven2/org/apache/maven/maven-project/2.2.0/maven-project-2.2.0.pom (2.8 kB at 96 kB/s)
[INFO] Downloading from central: https://repo.maven.apache.org/maven2/org/apache/maven/maven-settings/2.2.0/maven-settings-2.2.0.pom
[INFO] Downloaded from central: https://repo.maven.apache.org/maven2/org/apache/maven/maven-settings/2.2.0/maven-settings-2.2.0.pom (2.2 kB at 75 kB/s)
[INFO] Downloading from central: https://repo.maven.apache.org/maven2/org/codehaus/plexus/plexus-interpolation/1.11/plexus-interpolation-1.11.pom
[INFO] Downloaded from central: https://repo.maven.apache.org/maven2/org/codehaus/plexus/plexus-interpolation/1.11/plexus-interpolation-1.11.pom (889 B at 27 kB/s)
[INFO] Downloading from central: https://repo.maven.apache.org/maven2/org/codehaus/plexus/plexus-components/1.1.14/plexus-components-1.1.14.pom
[INFO] Downloaded from central: https://repo.maven.apache.org/maven2/org/codehaus/plexus/plexus-components/1.1.14/plexus-components-1.1.14.pom (5.8 kB at 216 kB/s)
[INFO] Downloading from central: https://repo.maven.apache.org/maven2/org/codehaus/plexus/plexus-container-default/1.0-alpha-9-stable-1/plexus-container-default-1.0-alpha-9-stable-1.pom
[INFO] Downloaded from central: https://repo.maven.apache.org/maven2/org/codehaus/plexus/plexus-container-default/1.0-alpha-9-stable-1/plexus-container-default-1.0-alpha-9-stable-1.pom (3.9 kB at 90 kB/s)
[INFO] Downloading from central: https://repo.maven.apache.org/maven2/org/codehaus/plexus/plexus-containers/1.0.3/plexus-containers-1.0.3.pom
[INFO] Downloaded from central: https://repo.maven.apache.org/maven2/org/codehaus/plexus/plexus-containers/1.0.3/plexus-containers-1.0.3.pom (492 B at 16 kB/s)
[INFO] Downloading from central: https://repo.maven.apache.org/maven2/org/codehaus/plexus/plexus/1.0.4/plexus-1.0.4.pom
[INFO] Downloaded from central: https://repo.maven.apache.org/maven2/org/codehaus/plexus/plexus/1.0.4/plexus-1.0.4.pom (5.7 kB at 47 kB/s)
[INFO] Downloading from central: https://repo.maven.apache.org/maven2/junit/junit/3.8.1/junit-3.8.1.pom
[INFO] Downloaded from central: https://repo.maven.apache.org/maven2/junit/junit/3.8.1/junit-3.8.1.pom (998 B at 22 kB/s)
[INFO] Downloading from central: https://repo.maven.apache.org/maven2/org/codehaus/plexus/plexus-utils/1.0.4/plexus-utils-1.0.4.pom
[INFO] Downloaded from central: https://repo.maven.apache.org/maven2/org/codehaus/plexus/plexus-utils/1.0.4/plexus-utils-1.0.4.pom (6.9 kB at 245 kB/s)
[INFO] Downloading from central: https://repo.maven.apache.org/maven2/classworlds/classworlds/1.1-alpha-2/classworlds-1.1-alpha-2.pom
[INFO] Downloaded from central: https://repo.maven.apache.org/maven2/classworlds/classworlds/1.1-alpha-2/classworlds-1.1-alpha-2.pom (3.1 kB at 89 kB/s)
[INFO] Downloading from central: https://repo.maven.apache.org/maven2/org/apache/maven/maven-profile/2.2.0/maven-profile-2.2.0.pom
[INFO] Downloaded from central: https://repo.maven.apache.org/maven2/org/apache/maven/maven-profile/2.2.0/maven-profile-2.2.0.pom (2.2 kB at 75 kB/s)
[INFO] Downloading from central: https://repo.maven.apache.org/maven2/org/apache/maven/maven-artifact-manager/2.2.0/maven-artifact-manager-2.2.0.pom
[INFO] Downloaded from central: https://repo.maven.apache.org/maven2/org/apache/maven/maven-artifact-manager/2.2.0/maven-artifact-manager-2.2.0.pom (3.1 kB at 100 kB/s)
[INFO] Downloading from central: https://repo.maven.apache.org/maven2/org/apache/maven/maven-repository-metadata/2.2.0/maven-repository-metadata-2.2.0.pom
[INFO] Downloaded from central: https://repo.maven.apache.org/maven2/org/apache/maven/maven-repository-metadata/2.2.0/maven-repository-metadata-2.2.0.pom (1.9 kB at 43 kB/s)
[INFO] Downloading from central: https://repo.maven.apache.org/maven2/org/apache/maven/maven-artifact/2.2.0/maven-artifact-2.2.0.pom
[INFO] Downloaded from central: https://repo.maven.apache.org/maven2/org/apache/maven/maven-artifact/2.2.0/maven-artifact-2.2.0.pom (1.6 kB at 37 kB/s)
[INFO] Downloading from central: https://repo.maven.apache.org/maven2/backport-util-concurrent/backport-util-concurrent/3.1/backport-util-concurrent-3.1.pom
[INFO] Downloaded from central: https://repo.maven.apache.org/maven2/backport-util-concurrent/backport-util-concurrent/3.1/backport-util-concurrent-3.1.pom (880 B at 7.8 kB/s)
[INFO] Downloading from central: https://repo.maven.apache.org/maven2/org/apache/maven/maven-plugin-registry/2.2.0/maven-plugin-registry-2.2.0.pom
[INFO] Downloaded from central: https://repo.maven.apache.org/maven2/org/apache/maven/maven-plugin-registry/2.2.0/maven-plugin-registry-2.2.0.pom (1.9 kB at 15 kB/s)
[INFO] Downloading from central: https://repo.maven.apache.org/maven2/org/apache/commons/commons-io/1.3.2/commons-io-1.3.2.pom
[INFO] Downloaded from central: https://repo.maven.apache.org/maven2/org/apache/commons/commons-io/1.3.2/commons-io-1.3.2.pom (640 B at 17 kB/s)
[INFO] Downloading from central: https://repo.maven.apache.org/maven2/commons-io/commons-io/1.3.2/commons-io-1.3.2.pom
[INFO] Downloaded from central: https://repo.maven.apache.org/maven2/commons-io/commons-io/1.3.2/commons-io-1.3.2.pom (9.7 kB at 263 kB/s)
[INFO] Downloading from central: https://repo.maven.apache.org/maven2/org/apache/commons/commons-parent/3/commons-parent-3.pom
[INFO] Downloaded from central: https://repo.maven.apache.org/maven2/org/apache/commons/commons-parent/3/commons-parent-3.pom (12 kB at 288 kB/s)
[INFO] Downloading from central: https://repo.maven.apache.org/maven2/org/apache/apache/4/apache-4.pom
[INFO] Downloaded from central: https://repo.maven.apache.org/maven2/org/apache/apache/4/apache-4.pom (4.5 kB at 132 kB/s)
[INFO] Downloading from central: https://repo.maven.apache.org/maven2/com/google/guava/guava/18.0/guava-18.0.pom
[INFO] Downloaded from central: https://repo.maven.apache.org/maven2/com/google/guava/guava/18.0/guava-18.0.pom (5.7 kB at 107 kB/s)
[INFO] Downloading from central: https://repo.maven.apache.org/maven2/com/google/guava/guava-parent/18.0/guava-parent-18.0.pom
[INFO] Downloaded from central: https://repo.maven.apache.org/maven2/com/google/guava/guava-parent/18.0/guava-parent-18.0.pom (7.7 kB at 248 kB/s)
[INFO] Downloading from central: https://repo.maven.apache.org/maven2/com/querydsl/querydsl-apt/5.0.0/querydsl-apt-5.0.0-jakarta.jar
[INFO] Downloaded from central: https://repo.maven.apache.org/maven2/com/querydsl/querydsl-apt/5.0.0/querydsl-apt-5.0.0-jakarta.jar (65 kB at 1.5 MB/s)
[INFO] Downloading from central: https://repo.maven.apache.org/maven2/com/querydsl/querydsl-codegen/5.0.0/querydsl-codegen-5.0.0.jar
[INFO] Downloading from central: https://repo.maven.apache.org/maven2/com/querydsl/codegen-utils/5.0.0/codegen-utils-5.0.0.jar
[INFO] Downloading from central: https://repo.maven.apache.org/maven2/org/eclipse/jdt/ecj/3.26.0/ecj-3.26.0.jar
[INFO] Downloading from central: https://repo.maven.apache.org/maven2/io/github/classgraph/classgraph/4.8.108/classgraph-4.8.108.jar
[INFO] Downloading from central: https://repo.maven.apache.org/maven2/org/codehaus/plexus/plexus-utils/1.5.8/plexus-utils-1.5.8.jar
[INFO] Downloaded from central: https://repo.maven.apache.org/maven2/com/querydsl/codegen-utils/5.0.0/codegen-utils-5.0.0.jar (73 kB at 2.3 MB/s)
[INFO] Downloading from central: https://repo.maven.apache.org/maven2/org/apache/maven/maven-plugin-api/2.2.0/maven-plugin-api-2.2.0.jar
[INFO] Downloaded from central: https://repo.maven.apache.org/maven2/com/querydsl/querydsl-codegen/5.0.0/querydsl-codegen-5.0.0.jar (87 kB at 2.2 MB/s)
[INFO] Downloading from central: https://repo.maven.apache.org/maven2/org/apache/maven/maven-model/2.2.0/maven-model-2.2.0.jar
[INFO] Downloaded from central: https://repo.maven.apache.org/maven2/org/codehaus/plexus/plexus-utils/1.5.8/plexus-utils-1.5.8.jar (268 kB at 6.5 MB/s)
[INFO] Downloading from central: https://repo.maven.apache.org/maven2/org/apache/maven/maven-project/2.2.0/maven-project-2.2.0.jar
[INFO] Downloaded from central: https://repo.maven.apache.org/maven2/io/github/classgraph/classgraph/4.8.108/classgraph-4.8.108.jar (535 kB at 9.7 MB/s)
[INFO] Downloading from central: https://repo.maven.apache.org/maven2/org/apache/maven/maven-settings/2.2.0/maven-settings-2.2.0.jar
[INFO] Downloaded from central: https://repo.maven.apache.org/maven2/org/apache/maven/maven-plugin-api/2.2.0/maven-plugin-api-2.2.0.jar (12 kB at 200 kB/s)
[INFO] Downloading from central: https://repo.maven.apache.org/maven2/org/apache/maven/maven-profile/2.2.0/maven-profile-2.2.0.jar
[INFO] Downloaded from central: https://repo.maven.apache.org/maven2/org/apache/maven/maven-model/2.2.0/maven-model-2.2.0.jar (87 kB at 506 kB/s)
[INFO] Downloading from central: https://repo.maven.apache.org/maven2/org/apache/maven/maven-artifact-manager/2.2.0/maven-artifact-manager-2.2.0.jar
[INFO] Downloaded from central: https://repo.maven.apache.org/maven2/org/apache/maven/maven-profile/2.2.0/maven-profile-2.2.0.jar (35 kB at 203 kB/s)
[INFO] Downloaded from central: https://repo.maven.apache.org/maven2/org/apache/maven/maven-settings/2.2.0/maven-settings-2.2.0.jar (49 kB at 282 kB/s)
[INFO] Downloading from central: https://repo.maven.apache.org/maven2/org/apache/maven/maven-repository-metadata/2.2.0/maven-repository-metadata-2.2.0.jar
[INFO] Downloaded from central: https://repo.maven.apache.org/maven2/org/eclipse/jdt/ecj/3.26.0/ecj-3.26.0.jar (3.1 MB at 18 MB/s)
[INFO] Downloading from central: https://repo.maven.apache.org/maven2/org/apache/maven/maven-plugin-registry/2.2.0/maven-plugin-registry-2.2.0.jar
[INFO] Downloading from central: https://repo.maven.apache.org/maven2/backport-util-concurrent/backport-util-concurrent/3.1/backport-util-concurrent-3.1.jar
[INFO] Downloaded from central: https://repo.maven.apache.org/maven2/org/apache/maven/maven-project/2.2.0/maven-project-2.2.0.jar (156 kB at 887 kB/s)
[INFO] Downloading from central: https://repo.maven.apache.org/maven2/org/codehaus/plexus/plexus-interpolation/1.11/plexus-interpolation-1.11.jar
[INFO] Downloaded from central: https://repo.maven.apache.org/maven2/org/apache/maven/maven-artifact-manager/2.2.0/maven-artifact-manager-2.2.0.jar (65 kB at 310 kB/s)
[INFO] Downloading from central: https://repo.maven.apache.org/maven2/org/apache/maven/maven-artifact/2.2.0/maven-artifact-2.2.0.jar
[INFO] Downloaded from central: https://repo.maven.apache.org/maven2/org/apache/maven/maven-plugin-registry/2.2.0/maven-plugin-registry-2.2.0.jar (30 kB at 131 kB/s)
[INFO] Downloading from central: https://repo.maven.apache.org/maven2/org/codehaus/plexus/plexus-container-default/1.0-alpha-9-stable-1/plexus-container-default-1.0-alpha-9-stable-1.jar
[INFO] Downloaded from central: https://repo.maven.apache.org/maven2/org/apache/maven/maven-repository-metadata/2.2.0/maven-repository-metadata-2.2.0.jar (26 kB at 112 kB/s)
[INFO] Downloaded from central: https://repo.maven.apache.org/maven2/org/codehaus/plexus/plexus-interpolation/1.11/plexus-interpolation-1.11.jar (51 kB at 223 kB/s)
[INFO] Downloading from central: https://repo.maven.apache.org/maven2/junit/junit/3.8.1/junit-3.8.1.jar
[INFO] Downloading from central: https://repo.maven.apache.org/maven2/classworlds/classworlds/1.1-alpha-2/classworlds-1.1-alpha-2.jar
[INFO] Downloaded from central: https://repo.maven.apache.org/maven2/backport-util-concurrent/backport-util-concurrent/3.1/backport-util-concurrent-3.1.jar (332 kB at 1.4 MB/s)
[INFO] Downloading from central: https://repo.maven.apache.org/maven2/commons-io/commons-io/1.3.2/commons-io-1.3.2.jar
[INFO] Downloaded from central: https://repo.maven.apache.org/maven2/org/apache/maven/maven-artifact/2.2.0/maven-artifact-2.2.0.jar (80 kB at 333 kB/s)
[INFO] Downloading from central: https://repo.maven.apache.org/maven2/com/google/guava/guava/18.0/guava-18.0.jar
[INFO] Downloaded from central: https://repo.maven.apache.org/maven2/commons-io/commons-io/1.3.2/commons-io-1.3.2.jar (88 kB at 339 kB/s)
[INFO] Downloaded from central: https://repo.maven.apache.org/maven2/classworlds/classworlds/1.1-alpha-2/classworlds-1.1-alpha-2.jar (38 kB at 145 kB/s)
[INFO] Downloaded from central: https://repo.maven.apache.org/maven2/org/codehaus/plexus/plexus-container-default/1.0-alpha-9-stable-1/plexus-container-default-1.0-alpha-9-stable-1.jar (194 kB at 750 kB/s)
[INFO] Downloaded from central: https://repo.maven.apache.org/maven2/junit/junit/3.8.1/junit-3.8.1.jar (121 kB at 450 kB/s)
[INFO] Downloaded from central: https://repo.maven.apache.org/maven2/com/google/guava/guava/18.0/guava-18.0.jar (2.3 MB at 6.7 MB/s)
/project/trading-common/src/main/java/fr/ymanvieu/trading/common/portofolio/entity/PortofolioEntity.java:23: error: package jakarta.persistence does not exist
import jakarta.persistence.CascadeType;
                          ^
/project/trading-common/src/main/java/fr/ymanvieu/trading/common/portofolio/entity/PortofolioEntity.java:24: error: package jakarta.persistence does not exist
import jakarta.persistence.Column;
                          ^
/project/trading-common/src/main/java/fr/ymanvieu/trading/common/portofolio/entity/PortofolioEntity.java:25: error: package jakarta.persistence does not exist
import jakarta.persistence.Entity;
                          ^
/project/trading-common/src/main/java/fr/ymanvieu/trading/common/portofolio/entity/PortofolioEntity.java:26: error: package jakarta.persistence does not exist
import jakarta.persistence.GeneratedValue;
                          ^
/project/trading-common/src/main/java/fr/ymanvieu/trading/common/portofolio/entity/PortofolioEntity.java:27: error: package jakarta.persistence does not exist
import jakarta.persistence.GenerationType;
                          ^
/project/trading-common/src/main/java/fr/ymanvieu/trading/common/portofolio/entity/PortofolioEntity.java:28: error: package jakarta.persistence does not exist
import jakarta.persistence.Id;
                          ^
/project/trading-common/src/main/java/fr/ymanvieu/trading/common/portofolio/entity/PortofolioEntity.java:29: error: package jakarta.persistence does not exist
import jakarta.persistence.JoinColumn;
                          ^
/project/trading-common/src/main/java/fr/ymanvieu/trading/common/portofolio/entity/PortofolioEntity.java:30: error: package jakarta.persistence does not exist
import jakarta.persistence.ManyToOne;
                          ^
/project/trading-common/src/main/java/fr/ymanvieu/trading/common/portofolio/entity/PortofolioEntity.java:31: error: package jakarta.persistence does not exist
import jakarta.persistence.OneToMany;
                          ^
/project/trading-common/src/main/java/fr/ymanvieu/trading/common/portofolio/entity/PortofolioEntity.java:32: error: package jakarta.persistence does not exist
import jakarta.persistence.OneToOne;
                          ^
/project/trading-common/src/main/java/fr/ymanvieu/trading/common/portofolio/entity/PortofolioEntity.java:33: error: package jakarta.persistence does not exist
import jakarta.persistence.Table;
                          ^
/project/trading-common/src/main/java/fr/ymanvieu/trading/common/portofolio/entity/PortofolioEntity.java:34: error: package jakarta.persistence does not exist
import jakarta.persistence.Version;
                          ^
/project/trading-common/src/main/java/fr/ymanvieu/trading/common/audit/AuditableEntity.java:5: error: package org.springframework.data.annotation does not exist
import org.springframework.data.annotation.CreatedBy;
                                          ^
/project/trading-common/src/main/java/fr/ymanvieu/trading/common/audit/AuditableEntity.java:6: error: package org.springframework.data.annotation does not exist
import org.springframework.data.annotation.CreatedDate;
                                          ^
/project/trading-common/src/main/java/fr/ymanvieu/trading/common/audit/AuditableEntity.java:7: error: package org.springframework.data.annotation does not exist
import org.springframework.data.annotation.LastModifiedBy;
                                          ^
/project/trading-common/src/main/java/fr/ymanvieu/trading/common/audit/AuditableEntity.java:8: error: package org.springframework.data.annotation does not exist
import org.springframework.data.annotation.LastModifiedDate;
                                          ^
/project/trading-common/src/main/java/fr/ymanvieu/trading/common/audit/AuditableEntity.java:9: error: package org.springframework.data.jpa.domain.support does not exist
import org.springframework.data.jpa.domain.support.AuditingEntityListener;
                                                  ^
/project/trading-common/src/main/java/fr/ymanvieu/trading/common/audit/AuditableEntity.java:11: error: package jakarta.persistence does not exist
import jakarta.persistence.Column;
                          ^
/project/trading-common/src/main/java/fr/ymanvieu/trading/common/audit/AuditableEntity.java:12: error: package jakarta.persistence does not exist
import jakarta.persistence.EntityListeners;
                          ^
/project/trading-common/src/main/java/fr/ymanvieu/trading/common/audit/AuditableEntity.java:13: error: package jakarta.persistence does not exist
import jakarta.persistence.MappedSuperclass;
                          ^
/project/trading-common/src/main/java/fr/ymanvieu/trading/common/audit/AuditableEntity.java:18: error: cannot find symbol
@MappedSuperclass
 ^
  symbol: class MappedSuperclass
/project/trading-common/src/main/java/fr/ymanvieu/trading/common/audit/AuditableEntity.java:19: error: cannot find symbol
@EntityListeners(AuditingEntityListener.class)
 ^
  symbol: class EntityListeners
/project/trading-common/src/main/java/fr/ymanvieu/trading/common/portofolio/entity/PortofolioEntity.java:40: error: cannot find symbol
@Entity
 ^
  symbol: class Entity
/project/trading-common/src/main/java/fr/ymanvieu/trading/common/portofolio/entity/PortofolioEntity.java:41: error: cannot find symbol
@Table(name = "portofolio")
 ^
  symbol: class Table
/project/trading-common/src/main/java/fr/ymanvieu/trading/common/user/entity/UserEntity.java:8: error: package org.springframework.data.annotation does not exist
import org.springframework.data.annotation.LastModifiedDate;
                                          ^
/project/trading-common/src/main/java/fr/ymanvieu/trading/common/user/entity/UserEntity.java:9: error: package org.springframework.data.jpa.domain.support does not exist
import org.springframework.data.jpa.domain.support.AuditingEntityListener;
                                                  ^
/project/trading-common/src/main/java/fr/ymanvieu/trading/common/user/entity/UserEntity.java:11: error: package jakarta.persistence does not exist
import jakarta.persistence.CascadeType;
                          ^
/project/trading-common/src/main/java/fr/ymanvieu/trading/common/user/entity/UserEntity.java:12: error: package jakarta.persistence does not exist
import jakarta.persistence.Column;
                          ^
/project/trading-common/src/main/java/fr/ymanvieu/trading/common/user/entity/UserEntity.java:13: error: package jakarta.persistence does not exist
import jakarta.persistence.Entity;
                          ^
/project/trading-common/src/main/java/fr/ymanvieu/trading/common/user/entity/UserEntity.java:14: error: package jakarta.persistence does not exist
import jakarta.persistence.EntityListeners;
                          ^
/project/trading-common/src/main/java/fr/ymanvieu/trading/common/user/entity/UserEntity.java:15: error: package jakarta.persistence does not exist
import jakarta.persistence.GeneratedValue;
                          ^
/project/trading-common/src/main/java/fr/ymanvieu/trading/common/user/entity/UserEntity.java:16: error: package jakarta.persistence does not exist
import jakarta.persistence.GenerationType;
                          ^
/project/trading-common/src/main/java/fr/ymanvieu/trading/common/user/entity/UserEntity.java:17: error: package jakarta.persistence does not exist
import jakarta.persistence.Id;
                          ^
/project/trading-common/src/main/java/fr/ymanvieu/trading/common/user/entity/UserEntity.java:18: error: package jakarta.persistence does not exist
import jakarta.persistence.OneToMany;
                          ^
/project/trading-common/src/main/java/fr/ymanvieu/trading/common/user/entity/UserEntity.java:19: error: package jakarta.persistence does not exist
import jakarta.persistence.Table;
                          ^
/project/trading-common/src/main/java/fr/ymanvieu/trading/common/user/entity/UserEntity.java:28: error: cannot find symbol
@Entity
 ^
  symbol: class Entity
/project/trading-common/src/main/java/fr/ymanvieu/trading/common/user/entity/UserEntity.java:29: error: cannot find symbol
@Table(name = "users")
 ^
  symbol: class Table
/project/trading-common/src/main/java/fr/ymanvieu/trading/common/user/entity/UserEntity.java:35: error: cannot find symbol
@EntityListeners(AuditingEntityListener.class)
 ^
  symbol: class EntityListeners
/project/trading-common/src/main/java/fr/ymanvieu/trading/common/symbol/entity/SymbolEntity.java:7: error: package org.springframework.data.annotation does not exist
import org.springframework.data.annotation.CreatedBy;
                                          ^
/project/trading-common/src/main/java/fr/ymanvieu/trading/common/symbol/entity/SymbolEntity.java:8: error: package org.springframework.data.annotation does not exist
import org.springframework.data.annotation.CreatedDate;
                                          ^
/project/trading-common/src/main/java/fr/ymanvieu/trading/common/symbol/entity/SymbolEntity.java:9: error: package org.springframework.data.jpa.domain.support does not exist
import org.springframework.data.jpa.domain.support.AuditingEntityListener;
                                                  ^
/project/trading-common/src/main/java/fr/ymanvieu/trading/common/symbol/entity/SymbolEntity.java:11: error: package jakarta.persistence does not exist
import jakarta.persistence.Column;
                          ^
/project/trading-common/src/main/java/fr/ymanvieu/trading/common/symbol/entity/SymbolEntity.java:12: error: package jakarta.persistence does not exist
import jakarta.persistence.Entity;
                          ^
/project/trading-common/src/main/java/fr/ymanvieu/trading/common/symbol/entity/SymbolEntity.java:13: error: package jakarta.persistence does not exist
import jakarta.persistence.EntityListeners;
                          ^
/project/trading-common/src/main/java/fr/ymanvieu/trading/common/symbol/entity/SymbolEntity.java:14: error: package jakarta.persistence does not exist
import jakarta.persistence.Id;
                          ^
/project/trading-common/src/main/java/fr/ymanvieu/trading/common/symbol/entity/SymbolEntity.java:15: error: package jakarta.persistence does not exist
import jakarta.persistence.JoinColumn;
                          ^
/project/trading-common/src/main/java/fr/ymanvieu/trading/common/symbol/entity/SymbolEntity.java:16: error: package jakarta.persistence does not exist
import jakarta.persistence.ManyToOne;
                          ^
/project/trading-common/src/main/java/fr/ymanvieu/trading/common/symbol/entity/SymbolEntity.java:17: error: package jakarta.persistence does not exist
import jakarta.persistence.Table;
                          ^
/project/trading-common/src/main/java/fr/ymanvieu/trading/common/symbol/entity/SymbolEntity.java:24: error: cannot find symbol
@Entity
 ^
  symbol: class Entity
/project/trading-common/src/main/java/fr/ymanvieu/trading/common/symbol/entity/SymbolEntity.java:25: error: cannot find symbol
@Table(name = "symbols")
 ^
  symbol: class Table
/project/trading-common/src/main/java/fr/ymanvieu/trading/common/symbol/entity/SymbolEntity.java:30: error: cannot find symbol
@EntityListeners(AuditingEntityListener.class)
 ^
  symbol: class EntityListeners
/project/trading-common/src/main/java/fr/ymanvieu/trading/common/portofolio/entity/AssetEntity.java:12: error: package jakarta.persistence does not exist
import jakarta.persistence.Column;
                          ^
/project/trading-common/src/main/java/fr/ymanvieu/trading/common/portofolio/entity/AssetEntity.java:13: error: package jakarta.persistence does not exist
import jakarta.persistence.Entity;
                          ^
/project/trading-common/src/main/java/fr/ymanvieu/trading/common/portofolio/entity/AssetEntity.java:14: error: package jakarta.persistence does not exist
import jakarta.persistence.GeneratedValue;
                          ^
/project/trading-common/src/main/java/fr/ymanvieu/trading/common/portofolio/entity/AssetEntity.java:15: error: package jakarta.persistence does not exist
import jakarta.persistence.GenerationType;
                          ^
/project/trading-common/src/main/java/fr/ymanvieu/trading/common/portofolio/entity/AssetEntity.java:16: error: package jakarta.persistence does not exist
import jakarta.persistence.Id;
                          ^
/project/trading-common/src/main/java/fr/ymanvieu/trading/common/portofolio/entity/AssetEntity.java:17: error: package jakarta.persistence does not exist
import jakarta.persistence.JoinColumn;
                          ^
/project/trading-common/src/main/java/fr/ymanvieu/trading/common/portofolio/entity/AssetEntity.java:18: error: package jakarta.persistence does not exist
import jakarta.persistence.ManyToOne;
                          ^
/project/trading-common/src/main/java/fr/ymanvieu/trading/common/portofolio/entity/AssetEntity.java:19: error: package jakarta.persistence does not exist
import jakarta.persistence.Table;
                          ^
/project/trading-common/src/main/java/fr/ymanvieu/trading/common/portofolio/entity/AssetEntity.java:20: error: package jakarta.persistence does not exist
import jakarta.persistence.UniqueConstraint;
                          ^
/project/trading-common/src/main/java/fr/ymanvieu/trading/common/portofolio/entity/AssetEntity.java:21: error: package jakarta.persistence does not exist
import jakarta.persistence.Version;
                          ^
/project/trading-common/src/main/java/fr/ymanvieu/trading/common/portofolio/entity/AssetEntity.java:25: error: cannot find symbol
@Entity
 ^
  symbol: class Entity
/project/trading-common/src/main/java/fr/ymanvieu/trading/common/portofolio/entity/AssetEntity.java:26: error: cannot find symbol
@Table(name = "assets", uniqueConstraints = @UniqueConstraint(columnNames = { "portofolio_id", "symbol_code" }))
 ^
  symbol: class Table
/project/trading-common/src/main/java/fr/ymanvieu/trading/common/rate/RateService.java:3: error: cannot find symbol
import static fr.ymanvieu.trading.common.rate.entity.QHistoricalRate.historicalRate;
                                                    ^
  symbol:   class QHistoricalRate
  location: package fr.ymanvieu.trading.common.rate.entity
/project/trading-common/src/main/java/fr/ymanvieu/trading/common/rate/RateService.java:3: error: static import only from classes and interfaces
import static fr.ymanvieu.trading.common.rate.entity.QHistoricalRate.historicalRate;
^
/project/trading-common/src/main/java/fr/ymanvieu/trading/common/rate/RateService.java:11: error: package org.springframework.beans.factory.annotation does not exist
import org.springframework.beans.factory.annotation.Autowired;
                                                   ^
/project/trading-common/src/main/java/fr/ymanvieu/trading/common/rate/RateService.java:12: error: package org.springframework.data.domain does not exist
import org.springframework.data.domain.Sort;
                                      ^
/project/trading-common/src/main/java/fr/ymanvieu/trading/common/rate/RateService.java:13: error: package org.springframework.data.domain.Sort does not exist
import org.springframework.data.domain.Sort.Direction;
                                           ^
/project/trading-common/src/main/java/fr/ymanvieu/trading/common/rate/RateService.java:14: error: package org.springframework.stereotype does not exist
import org.springframework.stereotype.Service;
                                     ^
/project/trading-common/src/main/java/fr/ymanvieu/trading/common/rate/RateService.java:15: error: package org.springframework.transaction.annotation does not exist
import org.springframework.transaction.annotation.Transactional;
                                                 ^
/project/trading-common/src/main/java/fr/ymanvieu/trading/common/rate/RateService.java:33: error: cannot find symbol
@Service
 ^
  symbol: class Service
/project/trading-common/src/main/java/fr/ymanvieu/trading/common/rate/RateService.java:34: error: cannot find symbol
@Transactional
 ^
  symbol: class Transactional
/project/trading-common/src/main/java/fr/ymanvieu/trading/common/rate/RateService.java:40: error: cannot find symbol
	private static final Sort SORT_ASC_DATE = Sort.by(Direction.ASC, "date");
	                     ^
  symbol:   class Sort
  location: class RateService
/project/trading-common/src/main/java/fr/ymanvieu/trading/common/rate/RateService.java:41: error: cannot find symbol
	private static final Sort SORT_DESC_DATE = Sort.by(Direction.DESC, "date");
	                     ^
  symbol:   class Sort
  location: class RateService
/project/trading-common/src/main/java/fr/ymanvieu/trading/common/rate/repository/HistoricalRateRepository.java:6: error: package org.springframework.data.domain does not exist
import org.springframework.data.domain.Sort;
                                      ^
/project/trading-common/src/main/java/fr/ymanvieu/trading/common/rate/repository/HistoricalRateRepository.java:7: error: package org.springframework.data.jpa.repository does not exist
import org.springframework.data.jpa.repository.JpaRepository;
                                              ^
/project/trading-common/src/main/java/fr/ymanvieu/trading/common/rate/repository/HistoricalRateRepository.java:8: error: package org.springframework.data.jpa.repository does not exist
import org.springframework.data.jpa.repository.Modifying;
                                              ^
/project/trading-common/src/main/java/fr/ymanvieu/trading/common/rate/repository/HistoricalRateRepository.java:9: error: package org.springframework.data.jpa.repository does not exist
import org.springframework.data.jpa.repository.Query;
                                              ^
/project/trading-common/src/main/java/fr/ymanvieu/trading/common/rate/repository/HistoricalRateRepository.java:10: error: package org.springframework.data.querydsl does not exist
import org.springframework.data.querydsl.QuerydslPredicateExecutor;
                                        ^
/project/trading-common/src/main/java/fr/ymanvieu/trading/common/rate/repository/HistoricalRateRepository.java:11: error: package org.springframework.data.repository.query does not exist
import org.springframework.data.repository.query.Param;
                                                ^
/project/trading-common/src/main/java/fr/ymanvieu/trading/common/rate/repository/HistoricalRateRepository.java:19: error: cannot find symbol
public interface HistoricalRateRepository extends HistoricalRateRepositoryCustom, JpaRepository<HistoricalRate, HistoricalRatePK>, QuerydslPredicateExecutor<HistoricalRate> {
                                                                                  ^
  symbol: class JpaRepository
/project/trading-common/src/main/java/fr/ymanvieu/trading/common/rate/repository/HistoricalRateRepository.java:19: error: cannot find symbol
public interface HistoricalRateRepository extends HistoricalRateRepositoryCustom, JpaRepository<HistoricalRate, HistoricalRatePK>, QuerydslPredicateExecutor<HistoricalRate> {
                                                                                                                                   ^
  symbol: class QuerydslPredicateExecutor
/project/trading-common/src/main/java/fr/ymanvieu/trading/common/rate/entity/HistoricalRate.java:9: error: package jakarta.persistence does not exist
import jakarta.persistence.Column;
                          ^
/project/trading-common/src/main/java/fr/ymanvieu/trading/common/rate/entity/HistoricalRate.java:10: error: package jakarta.persistence does not exist
import jakarta.persistence.Entity;
                          ^
/project/trading-common/src/main/java/fr/ymanvieu/trading/common/rate/entity/HistoricalRate.java:11: error: package jakarta.persistence does not exist
import jakarta.persistence.Id;
                          ^
/project/trading-common/src/main/java/fr/ymanvieu/trading/common/rate/entity/HistoricalRate.java:12: error: package jakarta.persistence does not exist
import jakarta.persistence.IdClass;
                          ^
/project/trading-common/src/main/java/fr/ymanvieu/trading/common/rate/entity/HistoricalRate.java:13: error: package jakarta.persistence does not exist
import jakarta.persistence.JoinColumn;
                          ^
/project/trading-common/src/main/java/fr/ymanvieu/trading/common/rate/entity/HistoricalRate.java:14: error: package jakarta.persistence does not exist
import jakarta.persistence.ManyToOne;
                          ^
/project/trading-common/src/main/java/fr/ymanvieu/trading/common/rate/entity/HistoricalRate.java:15: error: package jakarta.persistence does not exist
import jakarta.persistence.Table;
                          ^
/project/trading-common/src/main/java/fr/ymanvieu/trading/common/rate/entity/HistoricalRate.java:19: error: cannot find symbol
@Entity
 ^
  symbol: class Entity
/project/trading-common/src/main/java/fr/ymanvieu/trading/common/rate/entity/HistoricalRate.java:20: error: cannot find symbol
@Table(name = "rates")
 ^
  symbol: class Table
/project/trading-common/src/main/java/fr/ymanvieu/trading/common/rate/entity/HistoricalRate.java:21: error: cannot find symbol
@IdClass(HistoricalRatePK.class)
 ^
  symbol: class IdClass
/project/trading-common/src/main/java/fr/ymanvieu/trading/common/rate/repository/LatestRateRepository.java:5: error: package org.springframework.data.jpa.repository does not exist
import org.springframework.data.jpa.repository.JpaRepository;
                                              ^
/project/trading-common/src/main/java/fr/ymanvieu/trading/common/rate/repository/LatestRateRepository.java:6: error: package org.springframework.data.jpa.repository does not exist
import org.springframework.data.jpa.repository.Modifying;
                                              ^
/project/trading-common/src/main/java/fr/ymanvieu/trading/common/rate/repository/LatestRateRepository.java:7: error: package org.springframework.data.jpa.repository does not exist
import org.springframework.data.jpa.repository.Query;
                                              ^
/project/trading-common/src/main/java/fr/ymanvieu/trading/common/rate/repository/LatestRateRepository.java:8: error: package org.springframework.data.querydsl does not exist
import org.springframework.data.querydsl.QuerydslPredicateExecutor;
                                        ^
/project/trading-common/src/main/java/fr/ymanvieu/trading/common/rate/repository/LatestRateRepository.java:9: error: package org.springframework.data.repository.query does not exist
import org.springframework.data.repository.query.Param;
                                                ^
/project/trading-common/src/main/java/fr/ymanvieu/trading/common/rate/repository/LatestRateRepository.java:17: error: cannot find symbol
public interface LatestRateRepository extends JpaRepository<LatestRate, LatestRatePK>, QuerydslPredicateExecutor<LatestRate> {
                                              ^
  symbol: class JpaRepository
/project/trading-common/src/main/java/fr/ymanvieu/trading/common/rate/repository/LatestRateRepository.java:17: error: cannot find symbol
public interface LatestRateRepository extends JpaRepository<LatestRate, LatestRatePK>, QuerydslPredicateExecutor<LatestRate> {
                                                                                       ^
  symbol: class QuerydslPredicateExecutor
/project/trading-common/src/main/java/fr/ymanvieu/trading/common/rate/entity/LatestRate.java:8: error: package org.springframework.data.annotation does not exist
import org.springframework.data.annotation.CreatedDate;
                                          ^
100 errors
only showing the first 100 errors, of 458 total; use -Xmaxerrs if you would like to see more
[INFO] 
[INFO] --- resources:3.3.1:resources (default-resources) @ trading-common ---
[INFO] Copying 0 resource from src/main/resources to target/classes
[INFO] Copying 7 resources from src/main/resources to target/classes
[INFO] 
[INFO] --- compiler:3.11.0:compile (default-compile) @ trading-common ---
[INFO] Changes detected - recompiling the module! :source
[INFO] Compiling 82 source files with javac [debug release 21] to target/classes
[INFO] Annotation processing is enabled because one or more processors were found
  on the class path. A future release of javac may disable annotation processing
  unless at least one processor is specified by name (-processor), or a search
  path is specified (--processor-path, --processor-module-path), or annotation
  processing is enabled explicitly (-proc:only, -proc:full).
  Use -Xlint:-options to suppress this message.
  Use -proc:none to disable annotation processing.
[INFO] -------------------------------------------------------------
[ERROR] COMPILATION ERROR : 
[INFO] -------------------------------------------------------------
[ERROR] /project/trading-common/src/main/java/fr/ymanvieu/trading/common/provider/rate/yahoo/YahooStockProvider.java:[6,52] package org.springframework.beans.factory.annotation does not exist
[ERROR] /project/trading-common/src/main/java/fr/ymanvieu/trading/common/provider/rate/yahoo/YahooStockProvider.java:[7,38] package org.springframework.stereotype does not exist
[ERROR] /project/trading-common/src/main/java/fr/ymanvieu/trading/common/provider/rate/yahoo/AbstractYahooProvider.java:[12,52] package org.springframework.beans.factory.annotation does not exist
[ERROR] /project/trading-common/src/main/java/fr/ymanvieu/trading/common/provider/rate/yahoo/AbstractYahooProvider.java:[13,52] package org.springframework.beans.factory.annotation does not exist
[ERROR] /project/trading-common/src/main/java/fr/ymanvieu/trading/common/provider/rate/yahoo/AbstractYahooProvider.java:[14,32] package org.springframework.http does not exist
[ERROR] /project/trading-common/src/main/java/fr/ymanvieu/trading/common/provider/rate/yahoo/AbstractYahooProvider.java:[15,38] package org.springframework.stereotype does not exist
[ERROR] /project/trading-common/src/main/java/fr/ymanvieu/trading/common/provider/rate/yahoo/AbstractYahooProvider.java:[16,38] package org.springframework.web.client does not exist
[ERROR] /project/trading-common/src/main/java/fr/ymanvieu/trading/common/provider/rate/yahoo/AbstractYahooProvider.java:[17,38] package org.springframework.web.client does not exist
[ERROR] /project/trading-common/src/main/java/fr/ymanvieu/trading/common/provider/rate/yahoo/AbstractYahooProvider.java:[25,2] cannot find symbol
  symbol: class Component
[ERROR] /project/trading-common/src/main/java/fr/ymanvieu/trading/common/provider/rate/yahoo/YahooStockProvider.java:[18,2] cannot find symbol
  symbol: class Component
[ERROR] /project/trading-common/src/main/java/fr/ymanvieu/trading/common/provider/rate/yahoo/YahooStockProvider.java:[17,1] package org.slf4j does not exist
[ERROR] /project/trading-common/src/main/java/fr/ymanvieu/trading/common/provider/PairService.java:[5,52] package org.springframework.beans.factory.annotation does not exist
[ERROR] /project/trading-common/src/main/java/fr/ymanvieu/trading/common/provider/PairService.java:[6,38] package org.springframework.stereotype does not exist
[ERROR] /project/trading-common/src/main/java/fr/ymanvieu/trading/common/provider/PairService.java:[7,50] package org.springframework.transaction.annotation does not exist
[ERROR] /project/trading-common/src/main/java/fr/ymanvieu/trading/common/provider/PairService.java:[15,2] cannot find symbol
  symbol: class Service
[ERROR] /project/trading-common/src/main/java/fr/ymanvieu/trading/common/provider/PairService.java:[16,2] cannot find symbol
  symbol: class Transactional
[ERROR] /project/trading-common/src/main/java/fr/ymanvieu/trading/common/provider/repository/PairRepository.java:[5,47] package org.springframework.data.jpa.repository does not exist
[ERROR] /project/trading-common/src/main/java/fr/ymanvieu/trading/common/provider/repository/PairRepository.java:[6,47] package org.springframework.data.jpa.repository does not exist
[ERROR] /project/trading-common/src/main/java/fr/ymanvieu/trading/common/provider/repository/PairRepository.java:[7,41] package org.springframework.data.querydsl does not exist
[ERROR] /project/trading-common/src/main/java/fr/ymanvieu/trading/common/provider/repository/PairRepository.java:[12,41] cannot find symbol
  symbol: class JpaRepository
[ERROR] /project/trading-common/src/main/java/fr/ymanvieu/trading/common/provider/repository/PairRepository.java:[12,77] cannot find symbol
  symbol: class QuerydslPredicateExecutor
[ERROR] /project/trading-common/src/main/java/fr/ymanvieu/trading/common/provider/entity/PairEntity.java:[7,43] package org.springframework.data.annotation does not exist
[ERROR] /project/trading-common/src/main/java/fr/ymanvieu/trading/common/provider/entity/PairEntity.java:[8,43] package org.springframework.data.annotation does not exist
[ERROR] /project/trading-common/src/main/java/fr/ymanvieu/trading/common/provider/entity/PairEntity.java:[9,51] package org.springframework.data.jpa.domain.support does not exist
[ERROR] /project/trading-common/src/main/java/fr/ymanvieu/trading/common/provider/entity/PairEntity.java:[12,27] package jakarta.persistence does not exist
[ERROR] /project/trading-common/src/main/java/fr/ymanvieu/trading/common/provider/entity/PairEntity.java:[13,27] package jakarta.persistence does not exist
[ERROR] /project/trading-common/src/main/java/fr/ymanvieu/trading/common/provider/entity/PairEntity.java:[14,27] package jakarta.persistence does not exist
[ERROR] /project/trading-common/src/main/java/fr/ymanvieu/trading/common/provider/entity/PairEntity.java:[15,27] package jakarta.persistence does not exist
[ERROR] /project/trading-common/src/main/java/fr/ymanvieu/trading/common/provider/entity/PairEntity.java:[16,27] package jakarta.persistence does not exist
[ERROR] /project/trading-common/src/main/java/fr/ymanvieu/trading/common/provider/entity/PairEntity.java:[17,27] package jakarta.persistence does not exist
[ERROR] /project/trading-common/src/main/java/fr/ymanvieu/trading/common/provider/entity/PairEntity.java:[18,27] package jakarta.persistence does not exist
[ERROR] /project/trading-common/src/main/java/fr/ymanvieu/trading/common/provider/entity/PairEntity.java:[19,27] package jakarta.persistence does not exist
[ERROR] /project/trading-common/src/main/java/fr/ymanvieu/trading/common/provider/entity/PairEntity.java:[20,27] package jakarta.persistence does not exist
[ERROR] /project/trading-common/src/main/java/fr/ymanvieu/trading/common/provider/entity/PairEntity.java:[21,27] package jakarta.persistence does not exist
[ERROR] /project/trading-common/src/main/java/fr/ymanvieu/trading/common/provider/entity/PairEntity.java:[22,27] package jakarta.persistence does not exist
[ERROR] /project/trading-common/src/main/java/fr/ymanvieu/trading/common/provider/entity/PairEntity.java:[34,2] cannot find symbol
  symbol: class Entity
[ERROR] /project/trading-common/src/main/java/fr/ymanvieu/trading/common/provider/entity/PairEntity.java:[35,2] cannot find symbol
  symbol: class Table
[ERROR] /project/trading-common/src/main/java/fr/ymanvieu/trading/common/provider/entity/PairEntity.java:[36,2] cannot find symbol
  symbol: class EntityListeners
[ERROR] /project/trading-common/src/main/java/fr/ymanvieu/trading/common/symbol/repository/SymbolRepository.java:[6,47] package org.springframework.data.jpa.repository does not exist
[ERROR] /project/trading-common/src/main/java/fr/ymanvieu/trading/common/symbol/repository/SymbolRepository.java:[7,41] package org.springframework.data.querydsl does not exist
[ERROR] /project/trading-common/src/main/java/fr/ymanvieu/trading/common/symbol/repository/SymbolRepository.java:[14,43] cannot find symbol
  symbol: class JpaRepository
[ERROR] /project/trading-common/src/main/java/fr/ymanvieu/trading/common/symbol/repository/SymbolRepository.java:[14,80] cannot find symbol
  symbol: class QuerydslPredicateExecutor
[ERROR] /project/trading-common/src/main/java/fr/ymanvieu/trading/common/symbol/entity/SymbolEntity.java:[7,43] package org.springframework.data.annotation does not exist
[ERROR] /project/trading-common/src/main/java/fr/ymanvieu/trading/common/symbol/entity/SymbolEntity.java:[8,43] package org.springframework.data.annotation does not exist
[ERROR] /project/trading-common/src/main/java/fr/ymanvieu/trading/common/symbol/entity/SymbolEntity.java:[9,51] package org.springframework.data.jpa.domain.support does not exist
[ERROR] /project/trading-common/src/main/java/fr/ymanvieu/trading/common/symbol/entity/SymbolEntity.java:[11,27] package jakarta.persistence does not exist
[ERROR] /project/trading-common/src/main/java/fr/ymanvieu/trading/common/symbol/entity/SymbolEntity.java:[12,27] package jakarta.persistence does not exist
[ERROR] /project/trading-common/src/main/java/fr/ymanvieu/trading/common/symbol/entity/SymbolEntity.java:[13,27] package jakarta.persistence does not exist
[ERROR] /project/trading-common/src/main/java/fr/ymanvieu/trading/common/symbol/entity/SymbolEntity.java:[14,27] package jakarta.persistence does not exist
[ERROR] /project/trading-common/src/main/java/fr/ymanvieu/trading/common/symbol/entity/SymbolEntity.java:[15,27] package jakarta.persistence does not exist
[ERROR] /project/trading-common/src/main/java/fr/ymanvieu/trading/common/symbol/entity/SymbolEntity.java:[16,27] package jakarta.persistence does not exist
[ERROR] /project/trading-common/src/main/java/fr/ymanvieu/trading/common/symbol/entity/SymbolEntity.java:[17,27] package jakarta.persistence does not exist
[ERROR] /project/trading-common/src/main/java/fr/ymanvieu/trading/common/symbol/entity/SymbolEntity.java:[24,2] cannot find symbol
  symbol: class Entity
[ERROR] /project/trading-common/src/main/java/fr/ymanvieu/trading/common/symbol/entity/SymbolEntity.java:[25,2] cannot find symbol
  symbol: class Table
[ERROR] /project/trading-common/src/main/java/fr/ymanvieu/trading/common/symbol/entity/SymbolEntity.java:[30,2] cannot find symbol
  symbol: class EntityListeners
[ERROR] /project/trading-common/src/main/java/fr/ymanvieu/trading/common/provider/rate/yahoo/AbstractYahooProvider.java:[24,1] package org.slf4j does not exist
[ERROR] /project/trading-common/src/main/java/fr/ymanvieu/trading/common/provider/rate/yahoo/AbstractYahooProvider.java:[29,13] cannot find symbol
  symbol:   class RestTemplate
  location: class fr.ymanvieu.trading.common.provider.rate.yahoo.AbstractYahooProvider
[ERROR] /project/trading-common/src/main/java/fr/ymanvieu/trading/common/portofolio/entity/PortofolioEntity.java:[23,27] package jakarta.persistence does not exist
[ERROR] /project/trading-common/src/main/java/fr/ymanvieu/trading/common/portofolio/entity/PortofolioEntity.java:[24,27] package jakarta.persistence does not exist
[ERROR] /project/trading-common/src/main/java/fr/ymanvieu/trading/common/portofolio/entity/PortofolioEntity.java:[25,27] package jakarta.persistence does not exist
[ERROR] /project/trading-common/src/main/java/fr/ymanvieu/trading/common/portofolio/entity/PortofolioEntity.java:[26,27] package jakarta.persistence does not exist
[ERROR] /project/trading-common/src/main/java/fr/ymanvieu/trading/common/portofolio/entity/PortofolioEntity.java:[27,27] package jakarta.persistence does not exist
[ERROR] /project/trading-common/src/main/java/fr/ymanvieu/trading/common/portofolio/entity/PortofolioEntity.java:[28,27] package jakarta.persistence does not exist
[ERROR] /project/trading-common/src/main/java/fr/ymanvieu/trading/common/portofolio/entity/PortofolioEntity.java:[29,27] package jakarta.persistence does not exist
[ERROR] /project/trading-common/src/main/java/fr/ymanvieu/trading/common/portofolio/entity/PortofolioEntity.java:[30,27] package jakarta.persistence does not exist
[ERROR] /project/trading-common/src/main/java/fr/ymanvieu/trading/common/portofolio/entity/PortofolioEntity.java:[31,27] package jakarta.persistence does not exist
[ERROR] /project/trading-common/src/main/java/fr/ymanvieu/trading/common/portofolio/entity/PortofolioEntity.java:[32,27] package jakarta.persistence does not exist
[ERROR] /project/trading-common/src/main/java/fr/ymanvieu/trading/common/portofolio/entity/PortofolioEntity.java:[33,27] package jakarta.persistence does not exist
[ERROR] /project/trading-common/src/main/java/fr/ymanvieu/trading/common/portofolio/entity/PortofolioEntity.java:[34,27] package jakarta.persistence does not exist
[ERROR] /project/trading-common/src/main/java/fr/ymanvieu/trading/common/audit/AuditableEntity.java:[5,43] package org.springframework.data.annotation does not exist
[ERROR] /project/trading-common/src/main/java/fr/ymanvieu/trading/common/audit/AuditableEntity.java:[6,43] package org.springframework.data.annotation does not exist
[ERROR] /project/trading-common/src/main/java/fr/ymanvieu/trading/common/audit/AuditableEntity.java:[7,43] package org.springframework.data.annotation does not exist
[ERROR] /project/trading-common/src/main/java/fr/ymanvieu/trading/common/audit/AuditableEntity.java:[8,43] package org.springframework.data.annotation does not exist
[ERROR] /project/trading-common/src/main/java/fr/ymanvieu/trading/common/audit/AuditableEntity.java:[9,51] package org.springframework.data.jpa.domain.support does not exist
[ERROR] /project/trading-common/src/main/java/fr/ymanvieu/trading/common/audit/AuditableEntity.java:[11,27] package jakarta.persistence does not exist
[ERROR] /project/trading-common/src/main/java/fr/ymanvieu/trading/common/audit/AuditableEntity.java:[12,27] package jakarta.persistence does not exist
[ERROR] /project/trading-common/src/main/java/fr/ymanvieu/trading/common/audit/AuditableEntity.java:[13,27] package jakarta.persistence does not exist
[ERROR] /project/trading-common/src/main/java/fr/ymanvieu/trading/common/audit/AuditableEntity.java:[18,2] cannot find symbol
  symbol: class MappedSuperclass
[ERROR] /project/trading-common/src/main/java/fr/ymanvieu/trading/common/audit/AuditableEntity.java:[19,2] cannot find symbol
  symbol: class EntityListeners
[ERROR] /project/trading-common/src/main/java/fr/ymanvieu/trading/common/portofolio/entity/PortofolioEntity.java:[40,2] cannot find symbol
  symbol: class Entity
[ERROR] /project/trading-common/src/main/java/fr/ymanvieu/trading/common/portofolio/entity/PortofolioEntity.java:[41,2] cannot find symbol
  symbol: class Table
[ERROR] /project/trading-common/src/main/java/fr/ymanvieu/trading/common/user/entity/UserEntity.java:[8,43] package org.springframework.data.annotation does not exist
[ERROR] /project/trading-common/src/main/java/fr/ymanvieu/trading/common/user/entity/UserEntity.java:[9,51] package org.springframework.data.jpa.domain.support does not exist
[ERROR] /project/trading-common/src/main/java/fr/ymanvieu/trading/common/user/entity/UserEntity.java:[11,27] package jakarta.persistence does not exist
[ERROR] /project/trading-common/src/main/java/fr/ymanvieu/trading/common/user/entity/UserEntity.java:[12,27] package jakarta.persistence does not exist
[ERROR] /project/trading-common/src/main/java/fr/ymanvieu/trading/common/user/entity/UserEntity.java:[13,27] package jakarta.persistence does not exist
[ERROR] /project/trading-common/src/main/java/fr/ymanvieu/trading/common/user/entity/UserEntity.java:[14,27] package jakarta.persistence does not exist
[ERROR] /project/trading-common/src/main/java/fr/ymanvieu/trading/common/user/entity/UserEntity.java:[15,27] package jakarta.persistence does not exist
[ERROR] /project/trading-common/src/main/java/fr/ymanvieu/trading/common/user/entity/UserEntity.java:[16,27] package jakarta.persistence does not exist
[ERROR] /project/trading-common/src/main/java/fr/ymanvieu/trading/common/user/entity/UserEntity.java:[17,27] package jakarta.persistence does not exist
[ERROR] /project/trading-common/src/main/java/fr/ymanvieu/trading/common/user/entity/UserEntity.java:[18,27] package jakarta.persistence does not exist
[ERROR] /project/trading-common/src/main/java/fr/ymanvieu/trading/common/user/entity/UserEntity.java:[19,27] package jakarta.persistence does not exist
[ERROR] /project/trading-common/src/main/java/fr/ymanvieu/trading/common/user/entity/UserEntity.java:[28,2] cannot find symbol
  symbol: class Entity
[ERROR] /project/trading-common/src/main/java/fr/ymanvieu/trading/common/user/entity/UserEntity.java:[29,2] cannot find symbol
  symbol: class Table
[ERROR] /project/trading-common/src/main/java/fr/ymanvieu/trading/common/user/entity/UserEntity.java:[35,2] cannot find symbol
  symbol: class EntityListeners
[ERROR] /project/trading-common/src/main/java/fr/ymanvieu/trading/common/portofolio/entity/AssetEntity.java:[12,27] package jakarta.persistence does not exist
[ERROR] /project/trading-common/src/main/java/fr/ymanvieu/trading/common/portofolio/entity/AssetEntity.java:[13,27] package jakarta.persistence does not exist
[ERROR] /project/trading-common/src/main/java/fr/ymanvieu/trading/common/portofolio/entity/AssetEntity.java:[14,27] package jakarta.persistence does not exist
[ERROR] /project/trading-common/src/main/java/fr/ymanvieu/trading/common/portofolio/entity/AssetEntity.java:[15,27] package jakarta.persistence does not exist
[ERROR] /project/trading-common/src/main/java/fr/ymanvieu/trading/common/portofolio/entity/AssetEntity.java:[16,27] package jakarta.persistence does not exist
[INFO] 100 errors 
[INFO] -------------------------------------------------------------
[INFO] ------------------------------------------------------------------------
[INFO] Reactor Summary for trading 5.0.0-SNAPSHOT:
[INFO] 
[INFO] trading ............................................ SUCCESS [  0.778 s]
[INFO] trading-test ....................................... SUCCESS [  9.372 s]
[INFO] trading-common ..................................... FAILURE [ 19.886 s]
[INFO] trading-data-collect ............................... SKIPPED
[INFO] trading-webapp ..................................... SKIPPED
[INFO] trading-gatling .................................... SKIPPED
[INFO] ------------------------------------------------------------------------
[INFO] BUILD FAILURE
[INFO] ------------------------------------------------------------------------
[INFO] Total time:  38.581 s
[INFO] Finished at: 2026-06-16T21:50:19Z
[INFO] ------------------------------------------------------------------------
[ERROR] Failed to execute goal org.apache.maven.plugins:maven-compiler-plugin:3.11.0:compile (default-compile) on project trading-common: Compilation failure: Compilation failure: 
[ERROR] /project/trading-common/src/main/java/fr/ymanvieu/trading/common/provider/rate/yahoo/YahooStockProvider.java:[6,52] package org.springframework.beans.factory.annotation does not exist
[ERROR] /project/trading-common/src/main/java/fr/ymanvieu/trading/common/provider/rate/yahoo/YahooStockProvider.java:[7,38] package org.springframework.stereotype does not exist
[ERROR] /project/trading-common/src/main/java/fr/ymanvieu/trading/common/provider/rate/yahoo/AbstractYahooProvider.java:[12,52] package org.springframework.beans.factory.annotation does not exist
[ERROR] /project/trading-common/src/main/java/fr/ymanvieu/trading/common/provider/rate/yahoo/AbstractYahooProvider.java:[13,52] package org.springframework.beans.factory.annotation does not exist
[ERROR] /project/trading-common/src/main/java/fr/ymanvieu/trading/common/provider/rate/yahoo/AbstractYahooProvider.java:[14,32] package org.springframework.http does not exist
[ERROR] /project/trading-common/src/main/java/fr/ymanvieu/trading/common/provider/rate/yahoo/AbstractYahooProvider.java:[15,38] package org.springframework.stereotype does not exist
[ERROR] /project/trading-common/src/main/java/fr/ymanvieu/trading/common/provider/rate/yahoo/AbstractYahooProvider.java:[16,38] package org.springframework.web.client does not exist
[ERROR] /project/trading-common/src/main/java/fr/ymanvieu/trading/common/provider/rate/yahoo/AbstractYahooProvider.java:[17,38] package org.springframework.web.client does not exist
[ERROR] /project/trading-common/src/main/java/fr/ymanvieu/trading/common/provider/rate/yahoo/AbstractYahooProvider.java:[25,2] cannot find symbol
[ERROR]   symbol: class Component
[ERROR] /project/trading-common/src/main/java/fr/ymanvieu/trading/common/provider/rate/yahoo/YahooStockProvider.java:[18,2] cannot find symbol
[ERROR]   symbol: class Component
[ERROR] /project/trading-common/src/main/java/fr/ymanvieu/trading/common/provider/rate/yahoo/YahooStockProvider.java:[17,1] package org.slf4j does not exist
[ERROR] /project/trading-common/src/main/java/fr/ymanvieu/trading/common/provider/PairService.java:[5,52] package org.springframework.beans.factory.annotation does not exist
[ERROR] /project/trading-common/src/main/java/fr/ymanvieu/trading/common/provider/PairService.java:[6,38] package org.springframework.stereotype does not exist
[ERROR] /project/trading-common/src/main/java/fr/ymanvieu/trading/common/provider/PairService.java:[7,50] package org.springframework.transaction.annotation does not exist
[ERROR] /project/trading-common/src/main/java/fr/ymanvieu/trading/common/provider/PairService.java:[15,2] cannot find symbol
[ERROR]   symbol: class Service
[ERROR] /project/trading-common/src/main/java/fr/ymanvieu/trading/common/provider/PairService.java:[16,2] cannot find symbol
[ERROR]   symbol: class Transactional
[ERROR] /project/trading-common/src/main/java/fr/ymanvieu/trading/common/provider/repository/PairRepository.java:[5,47] package org.springframework.data.jpa.repository does not exist
[ERROR] /project/trading-common/src/main/java/fr/ymanvieu/trading/common/provider/repository/PairRepository.java:[6,47] package org.springframework.data.jpa.repository does not exist
[ERROR] /project/trading-common/src/main/java/fr/ymanvieu/trading/common/provider/repository/PairRepository.java:[7,41] package org.springframework.data.querydsl does not exist
[ERROR] /project/trading-common/src/main/java/fr/ymanvieu/trading/common/provider/repository/PairRepository.java:[12,41] cannot find symbol
[ERROR]   symbol: class JpaRepository
[ERROR] /project/trading-common/src/main/java/fr/ymanvieu/trading/common/provider/repository/PairRepository.java:[12,77] cannot find symbol
[ERROR]   symbol: class QuerydslPredicateExecutor
[ERROR] /project/trading-common/src/main/java/fr/ymanvieu/trading/common/provider/entity/PairEntity.java:[7,43] package org.springframework.data.annotation does not exist
[ERROR] /project/trading-common/src/main/java/fr/ymanvieu/trading/common/provider/entity/PairEntity.java:[8,43] package org.springframework.data.annotation does not exist
[ERROR] /project/trading-common/src/main/java/fr/ymanvieu/trading/common/provider/entity/PairEntity.java:[9,51] package org.springframework.data.jpa.domain.support does not exist
[ERROR] /project/trading-common/src/main/java/fr/ymanvieu/trading/common/provider/entity/PairEntity.java:[12,27] package jakarta.persistence does not exist
[ERROR] /project/trading-common/src/main/java/fr/ymanvieu/trading/common/provider/entity/PairEntity.java:[13,27] package jakarta.persistence does not exist
[ERROR] /project/trading-common/src/main/java/fr/ymanvieu/trading/common/provider/entity/PairEntity.java:[14,27] package jakarta.persistence does not exist
[ERROR] /project/trading-common/src/main/java/fr/ymanvieu/trading/common/provider/entity/PairEntity.java:[15,27] package jakarta.persistence does not exist
[ERROR] /project/trading-common/src/main/java/fr/ymanvieu/trading/common/provider/entity/PairEntity.java:[16,27] package jakarta.persistence does not exist
[ERROR] /project/trading-common/src/main/java/fr/ymanvieu/trading/common/provider/entity/PairEntity.java:[17,27] package jakarta.persistence does not exist
[ERROR] /project/trading-common/src/main/java/fr/ymanvieu/trading/common/provider/entity/PairEntity.java:[18,27] package jakarta.persistence does not exist
[ERROR] /project/trading-common/src/main/java/fr/ymanvieu/trading/common/provider/entity/PairEntity.java:[19,27] package jakarta.persistence does not exist
[ERROR] /project/trading-common/src/main/java/fr/ymanvieu/trading/common/provider/entity/PairEntity.java:[20,27] package jakarta.persistence does not exist
[ERROR] /project/trading-common/src/main/java/fr/ymanvieu/trading/common/provider/entity/PairEntity.java:[21,27] package jakarta.persistence does not exist
[ERROR] /project/trading-common/src/main/java/fr/ymanvieu/trading/common/provider/entity/PairEntity.java:[22,27] package jakarta.persistence does not exist
[ERROR] /project/trading-common/src/main/java/fr/ymanvieu/trading/common/provider/entity/PairEntity.java:[34,2] cannot find symbol
[ERROR]   symbol: class Entity
[ERROR] /project/trading-common/src/main/java/fr/ymanvieu/trading/common/provider/entity/PairEntity.java:[35,2] cannot find symbol
[ERROR]   symbol: class Table
[ERROR] /project/trading-common/src/main/java/fr/ymanvieu/trading/common/provider/entity/PairEntity.java:[36,2] cannot find symbol
[ERROR]   symbol: class EntityListeners
[ERROR] /project/trading-common/src/main/java/fr/ymanvieu/trading/common/symbol/repository/SymbolRepository.java:[6,47] package org.springframework.data.jpa.repository does not exist
[ERROR] /project/trading-common/src/main/java/fr/ymanvieu/trading/common/symbol/repository/SymbolRepository.java:[7,41] package org.springframework.data.querydsl does not exist
[ERROR] /project/trading-common/src/main/java/fr/ymanvieu/trading/common/symbol/repository/SymbolRepository.java:[14,43] cannot find symbol
[ERROR]   symbol: class JpaRepository
[ERROR] /project/trading-common/src/main/java/fr/ymanvieu/trading/common/symbol/repository/SymbolRepository.java:[14,80] cannot find symbol
[ERROR]   symbol: class QuerydslPredicateExecutor
[ERROR] /project/trading-common/src/main/java/fr/ymanvieu/trading/common/symbol/entity/SymbolEntity.java:[7,43] package org.springframework.data.annotation does not exist
[ERROR] /project/trading-common/src/main/java/fr/ymanvieu/trading/common/symbol/entity/SymbolEntity.java:[8,43] package org.springframework.data.annotation does not exist
[ERROR] /project/trading-common/src/main/java/fr/ymanvieu/trading/common/symbol/entity/SymbolEntity.java:[9,51] package org.springframework.data.jpa.domain.support does not exist
[ERROR] /project/trading-common/src/main/java/fr/ymanvieu/trading/common/symbol/entity/SymbolEntity.java:[11,27] package jakarta.persistence does not exist
[ERROR] /project/trading-common/src/main/java/fr/ymanvieu/trading/common/symbol/entity/SymbolEntity.java:[12,27] package jakarta.persistence does not exist
[ERROR] /project/trading-common/src/main/java/fr/ymanvieu/trading/common/symbol/entity/SymbolEntity.java:[13,27] package jakarta.persistence does not exist
[ERROR] /project/trading-common/src/main/java/fr/ymanvieu/trading/common/symbol/entity/SymbolEntity.java:[14,27] package jakarta.persistence does not exist
[ERROR] /project/trading-common/src/main/java/fr/ymanvieu/trading/common/symbol/entity/SymbolEntity.java:[15,27] package jakarta.persistence does not exist
[ERROR] /project/trading-common/src/main/java/fr/ymanvieu/trading/common/symbol/entity/SymbolEntity.java:[16,27] package jakarta.persistence does not exist
[ERROR] /project/trading-common/src/main/java/fr/ymanvieu/trading/common/symbol/entity/SymbolEntity.java:[17,27] package jakarta.persistence does not exist
[ERROR] /project/trading-common/src/main/java/fr/ymanvieu/trading/common/symbol/entity/SymbolEntity.java:[24,2] cannot find symbol
[ERROR]   symbol: class Entity
[ERROR] /project/trading-common/src/main/java/fr/ymanvieu/trading/common/symbol/entity/SymbolEntity.java:[25,2] cannot find symbol
[ERROR]   symbol: class Table
[ERROR] /project/trading-common/src/main/java/fr/ymanvieu/trading/common/symbol/entity/SymbolEntity.java:[30,2] cannot find symbol
[ERROR]   symbol: class EntityListeners
[ERROR] /project/trading-common/src/main/java/fr/ymanvieu/trading/common/provider/rate/yahoo/AbstractYahooProvider.java:[24,1] package org.slf4j does not exist
[ERROR] /project/trading-common/src/main/java/fr/ymanvieu/trading/common/provider/rate/yahoo/AbstractYahooProvider.java:[29,13] cannot find symbol
[ERROR]   symbol:   class RestTemplate
[ERROR]   location: class fr.ymanvieu.trading.common.provider.rate.yahoo.AbstractYahooProvider
[ERROR] /project/trading-common/src/main/java/fr/ymanvieu/trading/common/portofolio/entity/PortofolioEntity.java:[23,27] package jakarta.persistence does not exist
[ERROR] /project/trading-common/src/main/java/fr/ymanvieu/trading/common/portofolio/entity/PortofolioEntity.java:[24,27] package jakarta.persistence does not exist
[ERROR] /project/trading-common/src/main/java/fr/ymanvieu/trading/common/portofolio/entity/PortofolioEntity.java:[25,27] package jakarta.persistence does not exist
[ERROR] /project/trading-common/src/main/java/fr/ymanvieu/trading/common/portofolio/entity/PortofolioEntity.java:[26,27] package jakarta.persistence does not exist
[ERROR] /project/trading-common/src/main/java/fr/ymanvieu/trading/common/portofolio/entity/PortofolioEntity.java:[27,27] package jakarta.persistence does not exist
[ERROR] /project/trading-common/src/main/java/fr/ymanvieu/trading/common/portofolio/entity/PortofolioEntity.java:[28,27] package jakarta.persistence does not exist
[ERROR] /project/trading-common/src/main/java/fr/ymanvieu/trading/common/portofolio/entity/PortofolioEntity.java:[29,27] package jakarta.persistence does not exist
[ERROR] /project/trading-common/src/main/java/fr/ymanvieu/trading/common/portofolio/entity/PortofolioEntity.java:[30,27] package jakarta.persistence does not exist
[ERROR] /project/trading-common/src/main/java/fr/ymanvieu/trading/common/portofolio/entity/PortofolioEntity.java:[31,27] package jakarta.persistence does not exist
[ERROR] /project/trading-common/src/main/java/fr/ymanvieu/trading/common/portofolio/entity/PortofolioEntity.java:[32,27] package jakarta.persistence does not exist
[ERROR] /project/trading-common/src/main/java/fr/ymanvieu/trading/common/portofolio/entity/PortofolioEntity.java:[33,27] package jakarta.persistence does not exist
[ERROR] /project/trading-common/src/main/java/fr/ymanvieu/trading/common/portofolio/entity/PortofolioEntity.java:[34,27] package jakarta.persistence does not exist
[ERROR] /project/trading-common/src/main/java/fr/ymanvieu/trading/common/audit/AuditableEntity.java:[5,43] package org.springframework.data.annotation does not exist
[ERROR] /project/trading-common/src/main/java/fr/ymanvieu/trading/common/audit/AuditableEntity.java:[6,43] package org.springframework.data.annotation does not exist
[ERROR] /project/trading-common/src/main/java/fr/ymanvieu/trading/common/audit/AuditableEntity.java:[7,43] package org.springframework.data.annotation does not exist
[ERROR] /project/trading-common/src/main/java/fr/ymanvieu/trading/common/audit/AuditableEntity.java:[8,43] package org.springframework.data.annotation does not exist
[ERROR] /project/trading-common/src/main/java/fr/ymanvieu/trading/common/audit/AuditableEntity.java:[9,51] package org.springframework.data.jpa.domain.support does not exist
[ERROR] /project/trading-common/src/main/java/fr/ymanvieu/trading/common/audit/AuditableEntity.java:[11,27] package jakarta.persistence does not exist
[ERROR] /project/trading-common/src/main/java/fr/ymanvieu/trading/common/audit/AuditableEntity.java:[12,27] package jakarta.persistence does not exist
[ERROR] /project/trading-common/src/main/java/fr/ymanvieu/trading/common/audit/AuditableEntity.java:[13,27] package jakarta.persistence does not exist
[ERROR] /project/trading-common/src/main/java/fr/ymanvieu/trading/common/audit/AuditableEntity.java:[18,2] cannot find symbol
[ERROR]   symbol: class MappedSuperclass
[ERROR] /project/trading-common/src/main/java/fr/ymanvieu/trading/common/audit/AuditableEntity.java:[19,2] cannot find symbol
[ERROR]   symbol: class EntityListeners
[ERROR] /project/trading-common/src/main/java/fr/ymanvieu/trading/common/portofolio/entity/PortofolioEntity.java:[40,2] cannot find symbol
[ERROR]   symbol: class Entity
[ERROR] /project/trading-common/src/main/java/fr/ymanvieu/trading/common/portofolio/entity/PortofolioEntity.java:[41,2] cannot find symbol
[ERROR]   symbol: class Table
[ERROR] /project/trading-common/src/main/java/fr/ymanvieu/trading/common/user/entity/UserEntity.java:[8,43] package org.springframework.data.annotation does not exist
[ERROR] /project/trading-common/src/main/java/fr/ymanvieu/trading/common/user/entity/UserEntity.java:[9,51] package org.springframework.data.jpa.domain.support does not exist
[ERROR] /project/trading-common/src/main/java/fr/ymanvieu/trading/common/user/entity/UserEntity.java:[11,27] package jakarta.persistence does not exist
[ERROR] /project/trading-common/src/main/java/fr/ymanvieu/trading/common/user/entity/UserEntity.java:[12,27] package jakarta.persistence does not exist
[ERROR] /project/trading-common/src/main/java/fr/ymanvieu/trading/common/user/entity/UserEntity.java:[13,27] package jakarta.persistence does not exist
[ERROR] /project/trading-common/src/main/java/fr/ymanvieu/trading/common/user/entity/UserEntity.java:[14,27] package jakarta.persistence does not exist
[ERROR] /project/trading-common/src/main/java/fr/ymanvieu/trading/common/user/entity/UserEntity.java:[15,27] package jakarta.persistence does not exist
[ERROR] /project/trading-common/src/main/java/fr/ymanvieu/trading/common/user/entity/UserEntity.java:[16,27] package jakarta.persistence does not exist
[ERROR] /project/trading-common/src/main/java/fr/ymanvieu/trading/common/user/entity/UserEntity.java:[17,27] package jakarta.persistence does not exist
[ERROR] /project/trading-common/src/main/java/fr/ymanvieu/trading/common/user/entity/UserEntity.java:[18,27] package jakarta.persistence does not exist
[ERROR] /project/trading-common/src/main/java/fr/ymanvieu/trading/common/user/entity/UserEntity.java:[19,27] package jakarta.persistence does not exist
[ERROR] /project/trading-common/src/main/java/fr/ymanvieu/trading/common/user/entity/UserEntity.java:[28,2] cannot find symbol
[ERROR]   symbol: class Entity
[ERROR] /project/trading-common/src/main/java/fr/ymanvieu/trading/common/user/entity/UserEntity.java:[29,2] cannot find symbol
[ERROR]   symbol: class Table
[ERROR] /project/trading-common/src/main/java/fr/ymanvieu/trading/common/user/entity/UserEntity.java:[35,2] cannot find symbol
[ERROR]   symbol: class EntityListeners
[ERROR] /project/trading-common/src/main/java/fr/ymanvieu/trading/common/portofolio/entity/AssetEntity.java:[12,27] package jakarta.persistence does not exist
[ERROR] /project/trading-common/src/main/java/fr/ymanvieu/trading/common/portofolio/entity/AssetEntity.java:[13,27] package jakarta.persistence does not exist
[ERROR] /project/trading-common/src/main/java/fr/ymanvieu/trading/common/portofolio/entity/AssetEntity.java:[14,27] package jakarta.persistence does not exist
[ERROR] /project/trading-common/src/main/java/fr/ymanvieu/trading/common/portofolio/entity/AssetEntity.java:[15,27] package jakarta.persistence does not exist
[ERROR] /project/trading-common/src/main/java/fr/ymanvieu/trading/common/portofolio/entity/AssetEntity.java:[16,27] package jakarta.persistence does not exist
[ERROR] -> [Help 1]
[ERROR] 
[ERROR] To see the full stack trace of the errors, re-run Maven with the -e switch.
[ERROR] Re-run Maven using the -X switch to enable full debug logging.
[ERROR] 
[ERROR] For more information about the errors and possible solutions, please read the following articles:
[ERROR] [Help 1] http://cwiki.apache.org/confluence/display/MAVEN/MojoFailureException
[ERROR] 
[ERROR] After correcting the problems, you can resume the build with the command
[ERROR]   mvn <args> -rf :trading-common
