[INFO] Scanning for projects...
[INFO] Downloading from central: https://repo.maven.apache.org/maven2/io/quarkus/platform/quarkus-maven-plugin/2.9.2.Final/quarkus-maven-plugin-2.9.2.Final.pom
[INFO] Downloaded from central: https://repo.maven.apache.org/maven2/io/quarkus/platform/quarkus-maven-plugin/2.9.2.Final/quarkus-maven-plugin-2.9.2.Final.pom (6.3 kB at 19 kB/s)
[INFO] Downloading from central: https://repo.maven.apache.org/maven2/io/quarkus/platform/quarkus-platform-parent/2.9.2.Final/quarkus-platform-parent-2.9.2.Final.pom
[INFO] Downloaded from central: https://repo.maven.apache.org/maven2/io/quarkus/platform/quarkus-platform-parent/2.9.2.Final/quarkus-platform-parent-2.9.2.Final.pom (2.2 kB at 74 kB/s)
[INFO] Downloading from central: https://repo.maven.apache.org/maven2/io/quarkus/platform/quarkus-platform-config/2.9.2.Final/quarkus-platform-config-2.9.2.Final.pom
[INFO] Downloaded from central: https://repo.maven.apache.org/maven2/io/quarkus/platform/quarkus-platform-config/2.9.2.Final/quarkus-platform-config-2.9.2.Final.pom (56 kB at 432 kB/s)
[INFO] Downloading from central: https://repo.maven.apache.org/maven2/org/jboss/jboss-parent/36/jboss-parent-36.pom
[INFO] Downloaded from central: https://repo.maven.apache.org/maven2/org/jboss/jboss-parent/36/jboss-parent-36.pom (66 kB at 2.1 MB/s)
[INFO] Downloading from central: https://repo.maven.apache.org/maven2/io/quarkus/platform/quarkus-bom/2.9.2.Final/quarkus-bom-2.9.2.Final.pom
[INFO] Downloaded from central: https://repo.maven.apache.org/maven2/io/quarkus/platform/quarkus-bom/2.9.2.Final/quarkus-bom-2.9.2.Final.pom (339 kB at 6.2 MB/s)
[INFO] Downloading from central: https://repo.maven.apache.org/maven2/io/quarkus/quarkus-bootstrap-core/2.9.2.Final/quarkus-bootstrap-core-2.9.2.Final.pom
[INFO] Downloaded from central: https://repo.maven.apache.org/maven2/io/quarkus/quarkus-bootstrap-core/2.9.2.Final/quarkus-bootstrap-core-2.9.2.Final.pom (3.9 kB at 150 kB/s)
[INFO] Downloading from central: https://repo.maven.apache.org/maven2/io/quarkus/quarkus-bootstrap-parent/2.9.2.Final/quarkus-bootstrap-parent-2.9.2.Final.pom
[INFO] Downloaded from central: https://repo.maven.apache.org/maven2/io/quarkus/quarkus-bootstrap-parent/2.9.2.Final/quarkus-bootstrap-parent-2.9.2.Final.pom (25 kB at 786 kB/s)
[INFO] Downloading from central: https://repo.maven.apache.org/maven2/org/jboss/jboss-parent/39/jboss-parent-39.pom
[INFO] Downloaded from central: https://repo.maven.apache.org/maven2/org/jboss/jboss-parent/39/jboss-parent-39.pom (68 kB at 2.0 MB/s)
[INFO] Downloading from central: https://repo.maven.apache.org/maven2/io/quarkus/quarkus-bootstrap-bom/2.9.2.Final/quarkus-bootstrap-bom-2.9.2.Final.pom
[INFO] Downloaded from central: https://repo.maven.apache.org/maven2/io/quarkus/quarkus-bootstrap-bom/2.9.2.Final/quarkus-bootstrap-bom-2.9.2.Final.pom (16 kB at 129 kB/s)
[INFO] Downloading from confluent: https://packages.confluent.io/maven/io/smallrye/common/smallrye-common-bom/1.11.0/smallrye-common-bom-1.11.0.pom
[INFO] Downloading from central: https://repo.maven.apache.org/maven2/io/smallrye/common/smallrye-common-bom/1.11.0/smallrye-common-bom-1.11.0.pom
[INFO] Downloaded from central: https://repo.maven.apache.org/maven2/io/smallrye/common/smallrye-common-bom/1.11.0/smallrye-common-bom-1.11.0.pom (4.4 kB at 112 kB/s)
[INFO] Downloading from central: https://repo.maven.apache.org/maven2/io/quarkus/quarkus-bootstrap-bom-test/2.9.2.Final/quarkus-bootstrap-bom-test-2.9.2.Final.pom
[INFO] Downloaded from central: https://repo.maven.apache.org/maven2/io/quarkus/quarkus-bootstrap-bom-test/2.9.2.Final/quarkus-bootstrap-bom-test-2.9.2.Final.pom (1.9 kB at 69 kB/s)
[INFO] Downloading from central: https://repo.maven.apache.org/maven2/io/quarkus/quarkus-bootstrap-app-model/2.9.2.Final/quarkus-bootstrap-app-model-2.9.2.Final.pom
[INFO] Downloaded from central: https://repo.maven.apache.org/maven2/io/quarkus/quarkus-bootstrap-app-model/2.9.2.Final/quarkus-bootstrap-app-model-2.9.2.Final.pom (3.1 kB at 114 kB/s)
[INFO] Downloading from central: https://repo.maven.apache.org/maven2/io/quarkus/quarkus-fs-util/0.0.9/quarkus-fs-util-0.0.9.pom
[INFO] Downloaded from central: https://repo.maven.apache.org/maven2/io/quarkus/quarkus-fs-util/0.0.9/quarkus-fs-util-0.0.9.pom (13 kB at 354 kB/s)
[INFO] Downloading from central: https://repo.maven.apache.org/maven2/org/jboss/logging/jboss-logging/3.4.3.Final/jboss-logging-3.4.3.Final.pom
[INFO] Downloaded from central: https://repo.maven.apache.org/maven2/org/jboss/logging/jboss-logging/3.4.3.Final/jboss-logging-3.4.3.Final.pom (15 kB at 478 kB/s)
[INFO] Downloading from central: https://repo.maven.apache.org/maven2/org/junit/junit-bom/5.8.2/junit-bom-5.8.2.pom
[INFO] Downloaded from central: https://repo.maven.apache.org/maven2/org/junit/junit-bom/5.8.2/junit-bom-5.8.2.pom (5.6 kB at 217 kB/s)
[INFO] Downloading from central: https://repo.maven.apache.org/maven2/org/jboss/logging/commons-logging-jboss-logging/1.0.0.Final/commons-logging-jboss-logging-1.0.0.Final.pom
[INFO] Downloaded from central: https://repo.maven.apache.org/maven2/org/jboss/logging/commons-logging-jboss-logging/1.0.0.Final/commons-logging-jboss-logging-1.0.0.Final.pom (3.5 kB at 131 kB/s)
[INFO] Downloading from central: https://repo.maven.apache.org/maven2/org/jboss/jboss-parent/18/jboss-parent-18.pom
[INFO] Downloaded from central: https://repo.maven.apache.org/maven2/org/jboss/jboss-parent/18/jboss-parent-18.pom (31 kB at 898 kB/s)
[INFO] Downloading from central: https://repo.maven.apache.org/maven2/io/quarkus/quarkus-bootstrap-maven-resolver/2.9.2.Final/quarkus-bootstrap-maven-resolver-2.9.2.Final.pom
[INFO] Downloaded from central: https://repo.maven.apache.org/maven2/io/quarkus/quarkus-bootstrap-maven-resolver/2.9.2.Final/quarkus-bootstrap-maven-resolver-2.9.2.Final.pom (6.8 kB at 183 kB/s)
[INFO] Downloading from central: https://repo.maven.apache.org/maven2/org/jboss/logmanager/jboss-logmanager-embedded/1.0.9/jboss-logmanager-embedded-1.0.9.pom
[INFO] Downloaded from central: https://repo.maven.apache.org/maven2/org/jboss/logmanager/jboss-logmanager-embedded/1.0.9/jboss-logmanager-embedded-1.0.9.pom (5.2 kB at 44 kB/s)
[INFO] Downloading from central: https://repo.maven.apache.org/maven2/org/jboss/jboss-parent-mr-jar/32/jboss-parent-mr-jar-32.pom
[INFO] Downloaded from central: https://repo.maven.apache.org/maven2/org/jboss/jboss-parent-mr-jar/32/jboss-parent-mr-jar-32.pom (22 kB at 697 kB/s)
[INFO] Downloading from central: https://repo.maven.apache.org/maven2/org/jboss/jboss-parent/32/jboss-parent-32.pom
[INFO] Downloaded from central: https://repo.maven.apache.org/maven2/org/jboss/jboss-parent/32/jboss-parent-32.pom (35 kB at 1.2 MB/s)
[INFO] Downloading from central: https://repo.maven.apache.org/maven2/org/wildfly/common/wildfly-common/1.5.4.Final-format-001/wildfly-common-1.5.4.Final-format-001.pom
[INFO] Downloaded from central: https://repo.maven.apache.org/maven2/org/wildfly/common/wildfly-common/1.5.4.Final-format-001/wildfly-common-1.5.4.Final-format-001.pom (7.3 kB at 208 kB/s)
[INFO] Downloading from central: https://repo.maven.apache.org/maven2/org/jboss/jboss-parent/34/jboss-parent-34.pom
[INFO] Downloaded from central: https://repo.maven.apache.org/maven2/org/jboss/jboss-parent/34/jboss-parent-34.pom (65 kB at 1.4 MB/s)
[INFO] Downloading from central: https://repo.maven.apache.org/maven2/org/jboss/slf4j/slf4j-jboss-logmanager/1.1.0.Final/slf4j-jboss-logmanager-1.1.0.Final.pom
[INFO] Downloaded from central: https://repo.maven.apache.org/maven2/org/jboss/slf4j/slf4j-jboss-logmanager/1.1.0.Final/slf4j-jboss-logmanager-1.1.0.Final.pom (2.5 kB at 87 kB/s)
[INFO] Downloading from central: https://repo.maven.apache.org/maven2/org/jboss/jboss-parent/37/jboss-parent-37.pom
[INFO] Downloaded from central: https://repo.maven.apache.org/maven2/org/jboss/jboss-parent/37/jboss-parent-37.pom (66 kB at 2.2 MB/s)
[INFO] Downloading from central: https://repo.maven.apache.org/maven2/org/slf4j/slf4j-api/1.7.36/slf4j-api-1.7.36.pom
[INFO] Downloaded from central: https://repo.maven.apache.org/maven2/org/slf4j/slf4j-api/1.7.36/slf4j-api-1.7.36.pom (2.7 kB at 23 kB/s)
[INFO] Downloading from central: https://repo.maven.apache.org/maven2/org/slf4j/slf4j-parent/1.7.36/slf4j-parent-1.7.36.pom
[INFO] Downloaded from central: https://repo.maven.apache.org/maven2/org/slf4j/slf4j-parent/1.7.36/slf4j-parent-1.7.36.pom (14 kB at 119 kB/s)
[INFO] Downloading from central: https://repo.maven.apache.org/maven2/org/apache/maven/maven-embedder/3.8.4/maven-embedder-3.8.4.pom
[INFO] Downloaded from central: https://repo.maven.apache.org/maven2/org/apache/maven/maven-embedder/3.8.4/maven-embedder-3.8.4.pom (7.2 kB at 225 kB/s)
[INFO] Downloading from central: https://repo.maven.apache.org/maven2/org/apache/maven/maven/3.8.4/maven-3.8.4.pom
[INFO] Downloaded from central: https://repo.maven.apache.org/maven2/org/apache/maven/maven/3.8.4/maven-3.8.4.pom (27 kB at 713 kB/s)
[INFO] Downloading from central: https://repo.maven.apache.org/maven2/org/apache/maven/maven-parent/34/maven-parent-34.pom
[INFO] Downloaded from central: https://repo.maven.apache.org/maven2/org/apache/maven/maven-parent/34/maven-parent-34.pom (43 kB at 639 kB/s)
[INFO] Downloading from central: https://repo.maven.apache.org/maven2/org/apache/apache/23/apache-23.pom
[INFO] Downloaded from central: https://repo.maven.apache.org/maven2/org/apache/apache/23/apache-23.pom (18 kB at 542 kB/s)
[INFO] Downloading from central: https://repo.maven.apache.org/maven2/org/apache/maven/maven-settings/3.8.4/maven-settings-3.8.4.pom
[INFO] Downloaded from central: https://repo.maven.apache.org/maven2/org/apache/maven/maven-settings/3.8.4/maven-settings-3.8.4.pom (1.9 kB at 51 kB/s)
[INFO] Downloading from central: https://repo.maven.apache.org/maven2/org/apache/maven/maven-settings-builder/3.8.4/maven-settings-builder-3.8.4.pom
[INFO] Downloaded from central: https://repo.maven.apache.org/maven2/org/apache/maven/maven-settings-builder/3.8.4/maven-settings-builder-3.8.4.pom (2.5 kB at 67 kB/s)
[INFO] Downloading from central: https://repo.maven.apache.org/maven2/org/apache/maven/maven-builder-support/3.8.4/maven-builder-support-3.8.4.pom
[INFO] Downloaded from central: https://repo.maven.apache.org/maven2/org/apache/maven/maven-builder-support/3.8.4/maven-builder-support-3.8.4.pom (1.4 kB at 54 kB/s)
[INFO] Downloading from central: https://repo.maven.apache.org/maven2/org/codehaus/plexus/plexus-interpolation/1.26/plexus-interpolation-1.26.pom
[INFO] Downloaded from central: https://repo.maven.apache.org/maven2/org/codehaus/plexus/plexus-interpolation/1.26/plexus-interpolation-1.26.pom (2.7 kB at 98 kB/s)
[INFO] Downloading from central: https://repo.maven.apache.org/maven2/org/codehaus/plexus/plexus/5.1/plexus-5.1.pom
[INFO] Downloaded from central: https://repo.maven.apache.org/maven2/org/codehaus/plexus/plexus/5.1/plexus-5.1.pom (23 kB at 833 kB/s)
[INFO] Downloading from central: https://repo.maven.apache.org/maven2/org/codehaus/plexus/plexus-sec-dispatcher/2.0/plexus-sec-dispatcher-2.0.pom
[INFO] Downloaded from central: https://repo.maven.apache.org/maven2/org/codehaus/plexus/plexus-sec-dispatcher/2.0/plexus-sec-dispatcher-2.0.pom (3.2 kB at 29 kB/s)
[INFO] Downloading from central: https://repo.maven.apache.org/maven2/org/codehaus/plexus/plexus/8/plexus-8.pom
[INFO] Downloaded from central: https://repo.maven.apache.org/maven2/org/codehaus/plexus/plexus/8/plexus-8.pom (25 kB at 771 kB/s)
[INFO] Downloading from central: https://repo.maven.apache.org/maven2/org/codehaus/plexus/plexus-cipher/2.0/plexus-cipher-2.0.pom
[INFO] Downloaded from central: https://repo.maven.apache.org/maven2/org/codehaus/plexus/plexus-cipher/2.0/plexus-cipher-2.0.pom (4.4 kB at 142 kB/s)
[INFO] Downloading from central: https://repo.maven.apache.org/maven2/org/apache/maven/maven-core/3.8.4/maven-core-3.8.4.pom
[INFO] Downloaded from central: https://repo.maven.apache.org/maven2/org/apache/maven/maven-core/3.8.4/maven-core-3.8.4.pom (7.6 kB at 237 kB/s)
[INFO] Downloading from central: https://repo.maven.apache.org/maven2/org/apache/maven/maven-model/3.8.4/maven-model-3.8.4.pom
[INFO] Downloaded from central: https://repo.maven.apache.org/maven2/org/apache/maven/maven-model/3.8.4/maven-model-3.8.4.pom (2.8 kB at 104 kB/s)
[INFO] Downloading from central: https://repo.maven.apache.org/maven2/org/apache/maven/maven-repository-metadata/3.8.4/maven-repository-metadata-3.8.4.pom
[INFO] Downloaded from central: https://repo.maven.apache.org/maven2/org/apache/maven/maven-repository-metadata/3.8.4/maven-repository-metadata-3.8.4.pom (1.9 kB at 81 kB/s)
[INFO] Downloading from central: https://repo.maven.apache.org/maven2/org/apache/maven/maven-artifact/3.8.4/maven-artifact-3.8.4.pom
[INFO] Downloaded from central: https://repo.maven.apache.org/maven2/org/apache/maven/maven-artifact/3.8.4/maven-artifact-3.8.4.pom (2.4 kB at 92 kB/s)
[INFO] Downloading from central: https://repo.maven.apache.org/maven2/org/apache/commons/commons-lang3/3.12.0/commons-lang3-3.12.0.pom
[INFO] Downloaded from central: https://repo.maven.apache.org/maven2/org/apache/commons/commons-lang3/3.12.0/commons-lang3-3.12.0.pom (31 kB at 590 kB/s)
[INFO] Downloading from central: https://repo.maven.apache.org/maven2/org/apache/commons/commons-parent/52/commons-parent-52.pom
[INFO] Downloaded from central: https://repo.maven.apache.org/maven2/org/apache/commons/commons-parent/52/commons-parent-52.pom (79 kB at 689 kB/s)
[INFO] Downloading from central: https://repo.maven.apache.org/maven2/org/junit/junit-bom/5.7.1/junit-bom-5.7.1.pom
[INFO] Downloaded from central: https://repo.maven.apache.org/maven2/org/junit/junit-bom/5.7.1/junit-bom-5.7.1.pom (5.1 kB at 50 kB/s)
[INFO] Downloading from central: https://repo.maven.apache.org/maven2/org/apache/maven/maven-plugin-api/3.8.4/maven-plugin-api-3.8.4.pom
[INFO] Downloaded from central: https://repo.maven.apache.org/maven2/org/apache/maven/maven-plugin-api/3.8.4/maven-plugin-api-3.8.4.pom (3.0 kB at 98 kB/s)
[INFO] Downloading from central: https://repo.maven.apache.org/maven2/org/eclipse/sisu/org.eclipse.sisu.plexus/0.3.5/org.eclipse.sisu.plexus-0.3.5.pom
[INFO] Downloaded from central: https://repo.maven.apache.org/maven2/org/eclipse/sisu/org.eclipse.sisu.plexus/0.3.5/org.eclipse.sisu.plexus-0.3.5.pom (4.3 kB at 134 kB/s)
[INFO] Downloading from central: https://repo.maven.apache.org/maven2/org/eclipse/sisu/sisu-plexus/0.3.5/sisu-plexus-0.3.5.pom
[INFO] Downloaded from central: https://repo.maven.apache.org/maven2/org/eclipse/sisu/sisu-plexus/0.3.5/sisu-plexus-0.3.5.pom (14 kB at 371 kB/s)
[INFO] Downloading from central: https://repo.maven.apache.org/maven2/org/sonatype/oss/oss-parent/9/oss-parent-9.pom
[INFO] Downloaded from central: https://repo.maven.apache.org/maven2/org/sonatype/oss/oss-parent/9/oss-parent-9.pom (6.6 kB at 205 kB/s)
[INFO] Downloading from central: https://repo.maven.apache.org/maven2/org/codehaus/plexus/plexus-classworlds/2.6.0/plexus-classworlds-2.6.0.pom
[INFO] Downloaded from central: https://repo.maven.apache.org/maven2/org/codehaus/plexus/plexus-classworlds/2.6.0/plexus-classworlds-2.6.0.pom (7.9 kB at 233 kB/s)
[INFO] Downloading from central: https://repo.maven.apache.org/maven2/org/apache/maven/maven-model-builder/3.8.4/maven-model-builder-3.8.4.pom
[INFO] Downloaded from central: https://repo.maven.apache.org/maven2/org/apache/maven/maven-model-builder/3.8.4/maven-model-builder-3.8.4.pom (3.4 kB at 117 kB/s)
[INFO] Downloading from central: https://repo.maven.apache.org/maven2/org/eclipse/sisu/org.eclipse.sisu.inject/0.3.5/org.eclipse.sisu.inject-0.3.5.pom
[INFO] Downloaded from central: https://repo.maven.apache.org/maven2/org/eclipse/sisu/org.eclipse.sisu.inject/0.3.5/org.eclipse.sisu.inject-0.3.5.pom (2.6 kB at 109 kB/s)
[INFO] Downloading from central: https://repo.maven.apache.org/maven2/org/eclipse/sisu/sisu-inject/0.3.5/sisu-inject-0.3.5.pom
[INFO] Downloaded from central: https://repo.maven.apache.org/maven2/org/eclipse/sisu/sisu-inject/0.3.5/sisu-inject-0.3.5.pom (14 kB at 351 kB/s)
[INFO] Downloading from central: https://repo.maven.apache.org/maven2/org/apache/maven/maven-resolver-provider/3.8.4/maven-resolver-provider-3.8.4.pom
[INFO] Downloaded from central: https://repo.maven.apache.org/maven2/org/apache/maven/maven-resolver-provider/3.8.4/maven-resolver-provider-3.8.4.pom (4.2 kB at 146 kB/s)
[INFO] Downloading from central: https://repo.maven.apache.org/maven2/org/apache/maven/resolver/maven-resolver-api/1.6.3/maven-resolver-api-1.6.3.pom
[INFO] Downloaded from central: https://repo.maven.apache.org/maven2/org/apache/maven/resolver/maven-resolver-api/1.6.3/maven-resolver-api-1.6.3.pom (2.6 kB at 85 kB/s)
[INFO] Downloading from central: https://repo.maven.apache.org/maven2/org/apache/maven/resolver/maven-resolver/1.6.3/maven-resolver-1.6.3.pom
[INFO] Downloaded from central: https://repo.maven.apache.org/maven2/org/apache/maven/resolver/maven-resolver/1.6.3/maven-resolver-1.6.3.pom (19 kB at 179 kB/s)
[INFO] Downloading from central: https://repo.maven.apache.org/maven2/org/apache/maven/resolver/maven-resolver-spi/1.6.3/maven-resolver-spi-1.6.3.pom
[INFO] Downloaded from central: https://repo.maven.apache.org/maven2/org/apache/maven/resolver/maven-resolver-spi/1.6.3/maven-resolver-spi-1.6.3.pom (2.7 kB at 78 kB/s)
[INFO] Downloading from central: https://repo.maven.apache.org/maven2/org/apache/maven/resolver/maven-resolver-util/1.6.3/maven-resolver-util-1.6.3.pom
[INFO] Downloaded from central: https://repo.maven.apache.org/maven2/org/apache/maven/resolver/maven-resolver-util/1.6.3/maven-resolver-util-1.6.3.pom (2.8 kB at 117 kB/s)
[INFO] Downloading from central: https://repo.maven.apache.org/maven2/org/apache/maven/resolver/maven-resolver-impl/1.6.3/maven-resolver-impl-1.6.3.pom
[INFO] Downloaded from central: https://repo.maven.apache.org/maven2/org/apache/maven/resolver/maven-resolver-impl/1.6.3/maven-resolver-impl-1.6.3.pom (4.2 kB at 163 kB/s)
[INFO] Downloading from central: https://repo.maven.apache.org/maven2/org/apache/maven/shared/maven-shared-utils/3.3.4/maven-shared-utils-3.3.4.pom
[INFO] Downloaded from central: https://repo.maven.apache.org/maven2/org/apache/maven/shared/maven-shared-utils/3.3.4/maven-shared-utils-3.3.4.pom (5.8 kB at 167 kB/s)
[INFO] Downloading from central: https://repo.maven.apache.org/maven2/org/apache/maven/shared/maven-shared-components/34/maven-shared-components-34.pom
[INFO] Downloaded from central: https://repo.maven.apache.org/maven2/org/apache/maven/shared/maven-shared-components/34/maven-shared-components-34.pom (5.1 kB at 222 kB/s)
[INFO] Downloading from central: https://repo.maven.apache.org/maven2/commons-io/commons-io/2.11.0/commons-io-2.11.0.pom
[INFO] Downloaded from central: https://repo.maven.apache.org/maven2/commons-io/commons-io/2.11.0/commons-io-2.11.0.pom (20 kB at 636 kB/s)
[INFO] Downloading from central: https://repo.maven.apache.org/maven2/org/junit/junit-bom/5.7.2/junit-bom-5.7.2.pom
[INFO] Downloaded from central: https://repo.maven.apache.org/maven2/org/junit/junit-bom/5.7.2/junit-bom-5.7.2.pom (5.1 kB at 212 kB/s)
[INFO] Downloading from central: https://repo.maven.apache.org/maven2/com/google/inject/guice/4.2.2/guice-4.2.2.pom
[INFO] Downloaded from central: https://repo.maven.apache.org/maven2/com/google/inject/guice/4.2.2/guice-4.2.2.pom (11 kB at 421 kB/s)
[INFO] Downloading from central: https://repo.maven.apache.org/maven2/com/google/inject/guice-parent/4.2.2/guice-parent-4.2.2.pom
[INFO] Downloaded from central: https://repo.maven.apache.org/maven2/com/google/inject/guice-parent/4.2.2/guice-parent-4.2.2.pom (16 kB at 145 kB/s)
[INFO] Downloading from central: https://repo.maven.apache.org/maven2/com/google/google/5/google-5.pom
[INFO] Downloaded from central: https://repo.maven.apache.org/maven2/com/google/google/5/google-5.pom (2.5 kB at 24 kB/s)
[INFO] Downloading from central: https://repo.maven.apache.org/maven2/aopalliance/aopalliance/1.0/aopalliance-1.0.pom
[INFO] Downloaded from central: https://repo.maven.apache.org/maven2/aopalliance/aopalliance/1.0/aopalliance-1.0.pom (363 B at 13 kB/s)
[INFO] Downloading from central: https://repo.maven.apache.org/maven2/com/google/guava/guava/31.1-jre/guava-31.1-jre.pom
[INFO] Downloaded from central: https://repo.maven.apache.org/maven2/com/google/guava/guava/31.1-jre/guava-31.1-jre.pom (11 kB at 343 kB/s)
[INFO] Downloading from central: https://repo.maven.apache.org/maven2/com/google/guava/guava-parent/31.1-jre/guava-parent-31.1-jre.pom
[INFO] Downloaded from central: https://repo.maven.apache.org/maven2/com/google/guava/guava-parent/31.1-jre/guava-parent-31.1-jre.pom (15 kB at 359 kB/s)
[INFO] Downloading from central: https://repo.maven.apache.org/maven2/com/google/guava/failureaccess/1.0.1/failureaccess-1.0.1.pom
[INFO] Downloaded from central: https://repo.maven.apache.org/maven2/com/google/guava/failureaccess/1.0.1/failureaccess-1.0.1.pom (2.4 kB at 83 kB/s)
[INFO] Downloading from central: https://repo.maven.apache.org/maven2/com/google/guava/guava-parent/26.0-android/guava-parent-26.0-android.pom
[INFO] Downloaded from central: https://repo.maven.apache.org/maven2/com/google/guava/guava-parent/26.0-android/guava-parent-26.0-android.pom (10 kB at 351 kB/s)
[INFO] Downloading from central: https://repo.maven.apache.org/maven2/com/google/errorprone/error_prone_annotations/2.13.1/error_prone_annotations-2.13.1.pom
[INFO] Downloaded from central: https://repo.maven.apache.org/maven2/com/google/errorprone/error_prone_annotations/2.13.1/error_prone_annotations-2.13.1.pom (2.2 kB at 87 kB/s)
[INFO] Downloading from central: https://repo.maven.apache.org/maven2/com/google/errorprone/error_prone_parent/2.13.1/error_prone_parent-2.13.1.pom
[INFO] Downloaded from central: https://repo.maven.apache.org/maven2/com/google/errorprone/error_prone_parent/2.13.1/error_prone_parent-2.13.1.pom (11 kB at 445 kB/s)
[INFO] Downloading from central: https://repo.maven.apache.org/maven2/com/google/j2objc/j2objc-annotations/1.3/j2objc-annotations-1.3.pom
[INFO] Downloaded from central: https://repo.maven.apache.org/maven2/com/google/j2objc/j2objc-annotations/1.3/j2objc-annotations-1.3.pom (2.8 kB at 61 kB/s)
[INFO] Downloading from central: https://repo.maven.apache.org/maven2/org/sonatype/oss/oss-parent/7/oss-parent-7.pom
[INFO] Downloaded from central: https://repo.maven.apache.org/maven2/org/sonatype/oss/oss-parent/7/oss-parent-7.pom (4.8 kB at 172 kB/s)
[INFO] Downloading from central: https://repo.maven.apache.org/maven2/org/codehaus/plexus/plexus-component-annotations/2.1.0/plexus-component-annotations-2.1.0.pom
[INFO] Downloaded from central: https://repo.maven.apache.org/maven2/org/codehaus/plexus/plexus-component-annotations/2.1.0/plexus-component-annotations-2.1.0.pom (750 B at 27 kB/s)
[INFO] Downloading from central: https://repo.maven.apache.org/maven2/org/codehaus/plexus/plexus-containers/2.1.0/plexus-containers-2.1.0.pom
[INFO] Downloaded from central: https://repo.maven.apache.org/maven2/org/codehaus/plexus/plexus-containers/2.1.0/plexus-containers-2.1.0.pom (4.8 kB at 178 kB/s)
[INFO] Downloading from central: https://repo.maven.apache.org/maven2/commons-cli/commons-cli/1.4/commons-cli-1.4.pom
[INFO] Downloaded from central: https://repo.maven.apache.org/maven2/commons-cli/commons-cli/1.4/commons-cli-1.4.pom (11 kB at 94 kB/s)
[INFO] Downloading from central: https://repo.maven.apache.org/maven2/org/apache/commons/commons-parent/42/commons-parent-42.pom
[INFO] Downloaded from central: https://repo.maven.apache.org/maven2/org/apache/commons/commons-parent/42/commons-parent-42.pom (68 kB at 1.7 MB/s)
[INFO] Downloading from central: https://repo.maven.apache.org/maven2/org/apache/apache/18/apache-18.pom
[INFO] Downloaded from central: https://repo.maven.apache.org/maven2/org/apache/apache/18/apache-18.pom (16 kB at 603 kB/s)
[INFO] Downloading from central: https://repo.maven.apache.org/maven2/org/codehaus/plexus/plexus-utils/3.3.0/plexus-utils-3.3.0.pom
[INFO] Downloaded from central: https://repo.maven.apache.org/maven2/org/codehaus/plexus/plexus-utils/3.3.0/plexus-utils-3.3.0.pom (5.2 kB at 173 kB/s)
[INFO] Downloading from central: https://repo.maven.apache.org/maven2/org/apache/maven/resolver/maven-resolver-connector-basic/1.6.3/maven-resolver-connector-basic-1.6.3.pom
[INFO] Downloaded from central: https://repo.maven.apache.org/maven2/org/apache/maven/resolver/maven-resolver-connector-basic/1.6.3/maven-resolver-connector-basic-1.6.3.pom (3.9 kB at 134 kB/s)
[INFO] Downloading from central: https://repo.maven.apache.org/maven2/org/apache/maven/resolver/maven-resolver-transport-wagon/1.6.3/maven-resolver-transport-wagon-1.6.3.pom
[INFO] Downloaded from central: https://repo.maven.apache.org/maven2/org/apache/maven/resolver/maven-resolver-transport-wagon/1.6.3/maven-resolver-transport-wagon-1.6.3.pom (4.6 kB at 104 kB/s)
[INFO] Downloading from central: https://repo.maven.apache.org/maven2/org/apache/maven/wagon/wagon-http/3.4.3/wagon-http-3.4.3.pom
[INFO] Downloaded from central: https://repo.maven.apache.org/maven2/org/apache/maven/wagon/wagon-http/3.4.3/wagon-http-3.4.3.pom (6.6 kB at 196 kB/s)
[INFO] Downloading from central: https://repo.maven.apache.org/maven2/org/apache/maven/wagon/wagon-providers/3.4.3/wagon-providers-3.4.3.pom
[INFO] Downloaded from central: https://repo.maven.apache.org/maven2/org/apache/maven/wagon/wagon-providers/3.4.3/wagon-providers-3.4.3.pom (3.0 kB at 28 kB/s)
[INFO] Downloading from central: https://repo.maven.apache.org/maven2/org/apache/maven/wagon/wagon/3.4.3/wagon-3.4.3.pom
[INFO] Downloaded from central: https://repo.maven.apache.org/maven2/org/apache/maven/wagon/wagon/3.4.3/wagon-3.4.3.pom (21 kB at 181 kB/s)
[INFO] Downloading from central: https://repo.maven.apache.org/maven2/org/apache/maven/wagon/wagon-http-shared/3.4.3/wagon-http-shared-3.4.3.pom
[INFO] Downloaded from central: https://repo.maven.apache.org/maven2/org/apache/maven/wagon/wagon-http-shared/3.4.3/wagon-http-shared-3.4.3.pom (2.6 kB at 79 kB/s)
[INFO] Downloading from central: https://repo.maven.apache.org/maven2/org/jsoup/jsoup/1.14.2/jsoup-1.14.2.pom
[INFO] Downloaded from central: https://repo.maven.apache.org/maven2/org/jsoup/jsoup/1.14.2/jsoup-1.14.2.pom (12 kB at 388 kB/s)
[INFO] Downloading from central: https://repo.maven.apache.org/maven2/org/apache/httpcomponents/httpclient/4.5.13/httpclient-4.5.13.pom
[INFO] Downloaded from central: https://repo.maven.apache.org/maven2/org/apache/httpcomponents/httpclient/4.5.13/httpclient-4.5.13.pom (6.6 kB at 220 kB/s)
[INFO] Downloading from central: https://repo.maven.apache.org/maven2/org/apache/httpcomponents/httpcomponents-client/4.5.13/httpcomponents-client-4.5.13.pom
[INFO] Downloaded from central: https://repo.maven.apache.org/maven2/org/apache/httpcomponents/httpcomponents-client/4.5.13/httpcomponents-client-4.5.13.pom (16 kB at 546 kB/s)
[INFO] Downloading from central: https://repo.maven.apache.org/maven2/org/apache/httpcomponents/httpcomponents-parent/11/httpcomponents-parent-11.pom
[INFO] Downloaded from central: https://repo.maven.apache.org/maven2/org/apache/httpcomponents/httpcomponents-parent/11/httpcomponents-parent-11.pom (35 kB at 913 kB/s)
[INFO] Downloading from central: https://repo.maven.apache.org/maven2/org/apache/apache/21/apache-21.pom
[INFO] Downloaded from central: https://repo.maven.apache.org/maven2/org/apache/apache/21/apache-21.pom (17 kB at 570 kB/s)
[INFO] Downloading from central: https://repo.maven.apache.org/maven2/org/apache/httpcomponents/httpcore/4.4.15/httpcore-4.4.15.pom
[INFO] Downloaded from central: https://repo.maven.apache.org/maven2/org/apache/httpcomponents/httpcore/4.4.15/httpcore-4.4.15.pom (5.0 kB at 191 kB/s)
[INFO] Downloading from central: https://repo.maven.apache.org/maven2/org/apache/httpcomponents/httpcomponents-core/4.4.15/httpcomponents-core-4.4.15.pom
[INFO] Downloaded from central: https://repo.maven.apache.org/maven2/org/apache/httpcomponents/httpcomponents-core/4.4.15/httpcomponents-core-4.4.15.pom (13 kB at 439 kB/s)
[INFO] Downloading from central: https://repo.maven.apache.org/maven2/commons-codec/commons-codec/1.15/commons-codec-1.15.pom
[INFO] Downloaded from central: https://repo.maven.apache.org/maven2/commons-codec/commons-codec/1.15/commons-codec-1.15.pom (15 kB at 533 kB/s)
[INFO] Downloading from central: https://repo.maven.apache.org/maven2/org/apache/maven/wagon/wagon-provider-api/3.4.3/wagon-provider-api-3.4.3.pom
[INFO] Downloaded from central: https://repo.maven.apache.org/maven2/org/apache/maven/wagon/wagon-provider-api/3.4.3/wagon-provider-api-3.4.3.pom (1.9 kB at 74 kB/s)
[INFO] Downloading from central: https://repo.maven.apache.org/maven2/org/apache/maven/wagon/wagon-file/3.4.3/wagon-file-3.4.3.pom
[INFO] Downloaded from central: https://repo.maven.apache.org/maven2/org/apache/maven/wagon/wagon-file/3.4.3/wagon-file-3.4.3.pom (1.8 kB at 81 kB/s)
[INFO] Downloading from central: https://repo.maven.apache.org/maven2/io/quarkus/quarkus-bootstrap-gradle-resolver/2.9.2.Final/quarkus-bootstrap-gradle-resolver-2.9.2.Final.pom
[INFO] Downloaded from central: https://repo.maven.apache.org/maven2/io/quarkus/quarkus-bootstrap-gradle-resolver/2.9.2.Final/quarkus-bootstrap-gradle-resolver-2.9.2.Final.pom (4.4 kB at 41 kB/s)
[INFO] Downloading from central: https://repo.maven.apache.org/maven2/io/smallrye/common/smallrye-common-io/1.11.0/smallrye-common-io-1.11.0.pom
[INFO] Downloaded from central: https://repo.maven.apache.org/maven2/io/smallrye/common/smallrye-common-io/1.11.0/smallrye-common-io-1.11.0.pom (1.8 kB at 80 kB/s)
[INFO] Downloading from central: https://repo.maven.apache.org/maven2/io/smallrye/common/smallrye-common-parent/1.11.0/smallrye-common-parent-1.11.0.pom
[INFO] Downloaded from central: https://repo.maven.apache.org/maven2/io/smallrye/common/smallrye-common-parent/1.11.0/smallrye-common-parent-1.11.0.pom (7.8 kB at 163 kB/s)
[INFO] Downloading from central: https://repo.maven.apache.org/maven2/io/smallrye/smallrye-parent/35/smallrye-parent-35.pom
[INFO] Downloaded from central: https://repo.maven.apache.org/maven2/io/smallrye/smallrye-parent/35/smallrye-parent-35.pom (9.8 kB at 315 kB/s)
[INFO] Downloading from central: https://repo.maven.apache.org/maven2/io/smallrye/smallrye-build-parent/35/smallrye-build-parent-35.pom
[INFO] Downloaded from central: https://repo.maven.apache.org/maven2/io/smallrye/smallrye-build-parent/35/smallrye-build-parent-35.pom (66 kB at 2.0 MB/s)
[INFO] Downloading from central: https://repo.maven.apache.org/maven2/org/jboss/shrinkwrap/shrinkwrap-bom/1.2.6/shrinkwrap-bom-1.2.6.pom
[INFO] Downloaded from central: https://repo.maven.apache.org/maven2/org/jboss/shrinkwrap/shrinkwrap-bom/1.2.6/shrinkwrap-bom-1.2.6.pom (4.0 kB at 129 kB/s)
[INFO] Downloading from central: https://repo.maven.apache.org/maven2/org/jboss/arquillian/arquillian-bom/1.6.0.Final/arquillian-bom-1.6.0.Final.pom
[INFO] Downloaded from central: https://repo.maven.apache.org/maven2/org/jboss/arquillian/arquillian-bom/1.6.0.Final/arquillian-bom-1.6.0.Final.pom (9.2 kB at 278 kB/s)
[INFO] Downloading from confluent: https://packages.confluent.io/maven/org/jboss/shrinkwrap/resolver/shrinkwrap-resolver-bom/3.1.4/shrinkwrap-resolver-bom-3.1.4.pom
[INFO] Downloading from central: https://repo.maven.apache.org/maven2/org/jboss/shrinkwrap/resolver/shrinkwrap-resolver-bom/3.1.4/shrinkwrap-resolver-bom-3.1.4.pom
[INFO] Downloaded from central: https://repo.maven.apache.org/maven2/org/jboss/shrinkwrap/resolver/shrinkwrap-resolver-bom/3.1.4/shrinkwrap-resolver-bom-3.1.4.pom (7.0 kB at 205 kB/s)
[INFO] Downloading from confluent: https://packages.confluent.io/maven/org/apache/maven/maven/3.6.3/maven-3.6.3.pom
[INFO] Downloading from central: https://repo.maven.apache.org/maven2/org/apache/maven/maven/3.6.3/maven-3.6.3.pom
[INFO] Downloaded from central: https://repo.maven.apache.org/maven2/org/apache/maven/maven/3.6.3/maven-3.6.3.pom (26 kB at 881 kB/s)
[INFO] Downloading from confluent: https://packages.confluent.io/maven/org/apache/maven/maven-parent/33/maven-parent-33.pom
[INFO] Downloading from central: https://repo.maven.apache.org/maven2/org/apache/maven/maven-parent/33/maven-parent-33.pom
[INFO] Downloaded from central: https://repo.maven.apache.org/maven2/org/apache/maven/maven-parent/33/maven-parent-33.pom (44 kB at 981 kB/s)
[INFO] Downloading from confluent: https://packages.confluent.io/maven/org/jboss/shrinkwrap/descriptors/shrinkwrap-descriptors-bom/2.0.0/shrinkwrap-descriptors-bom-2.0.0.pom
[INFO] Downloading from central: https://repo.maven.apache.org/maven2/org/jboss/shrinkwrap/descriptors/shrinkwrap-descriptors-bom/2.0.0/shrinkwrap-descriptors-bom-2.0.0.pom
[INFO] Downloaded from central: https://repo.maven.apache.org/maven2/org/jboss/shrinkwrap/descriptors/shrinkwrap-descriptors-bom/2.0.0/shrinkwrap-descriptors-bom-2.0.0.pom (5.2 kB at 163 kB/s)
[INFO] Downloading from central: https://repo.maven.apache.org/maven2/io/quarkus/quarkus-core-deployment/2.9.2.Final/quarkus-core-deployment-2.9.2.Final.pom
[INFO] Downloaded from central: https://repo.maven.apache.org/maven2/io/quarkus/quarkus-core-deployment/2.9.2.Final/quarkus-core-deployment-2.9.2.Final.pom (6.9 kB at 52 kB/s)
[INFO] Downloading from central: https://repo.maven.apache.org/maven2/io/quarkus/quarkus-core-parent/2.9.2.Final/quarkus-core-parent-2.9.2.Final.pom
[INFO] Downloaded from central: https://repo.maven.apache.org/maven2/io/quarkus/quarkus-core-parent/2.9.2.Final/quarkus-core-parent-2.9.2.Final.pom (963 B at 9.2 kB/s)
[INFO] Downloading from central: https://repo.maven.apache.org/maven2/io/quarkus/quarkus-build-parent/2.9.2.Final/quarkus-build-parent-2.9.2.Final.pom
[INFO] Downloaded from central: https://repo.maven.apache.org/maven2/io/quarkus/quarkus-build-parent/2.9.2.Final/quarkus-build-parent-2.9.2.Final.pom (69 kB at 2.2 MB/s)
[INFO] Downloading from central: https://repo.maven.apache.org/maven2/io/quarkus/quarkus-parent/2.9.2.Final/quarkus-parent-2.9.2.Final.pom
[INFO] Downloaded from central: https://repo.maven.apache.org/maven2/io/quarkus/quarkus-parent/2.9.2.Final/quarkus-parent-2.9.2.Final.pom (15 kB at 474 kB/s)
[INFO] Downloading from confluent: https://packages.confluent.io/maven/io/quarkus/quarkus-bom/2.9.2.Final/quarkus-bom-2.9.2.Final.pom
[INFO] Downloading from central: https://repo.maven.apache.org/maven2/io/quarkus/quarkus-bom/2.9.2.Final/quarkus-bom-2.9.2.Final.pom
[INFO] Downloaded from central: https://repo.maven.apache.org/maven2/io/quarkus/quarkus-bom/2.9.2.Final/quarkus-bom-2.9.2.Final.pom (344 kB at 2.8 MB/s)
[INFO] Downloading from central: https://repo.maven.apache.org/maven2/org/aesh/readline/2.2/readline-2.2.pom
[INFO] Downloaded from central: https://repo.maven.apache.org/maven2/org/aesh/readline/2.2/readline-2.2.pom (4.6 kB at 46 kB/s)
[INFO] Downloading from central: https://repo.maven.apache.org/maven2/org/aesh/readline-all/2.2/readline-all-2.2.pom
[INFO] Downloaded from central: https://repo.maven.apache.org/maven2/org/aesh/readline-all/2.2/readline-all-2.2.pom (4.5 kB at 161 kB/s)
[INFO] Downloading from central: https://repo.maven.apache.org/maven2/org/jboss/jboss-parent/19/jboss-parent-19.pom
[INFO] Downloaded from central: https://repo.maven.apache.org/maven2/org/jboss/jboss-parent/19/jboss-parent-19.pom (32 kB at 879 kB/s)
[INFO] Downloading from central: https://repo.maven.apache.org/maven2/org/fusesource/jansi/jansi/1.18/jansi-1.18.pom
[INFO] Downloaded from central: https://repo.maven.apache.org/maven2/org/fusesource/jansi/jansi/1.18/jansi-1.18.pom (3.8 kB at 122 kB/s)
[INFO] Downloading from central: https://repo.maven.apache.org/maven2/org/fusesource/jansi/jansi-project/1.18/jansi-project-1.18.pom
[INFO] Downloaded from central: https://repo.maven.apache.org/maven2/org/fusesource/jansi/jansi-project/1.18/jansi-project-1.18.pom (10 kB at 402 kB/s)
[INFO] Downloading from central: https://repo.maven.apache.org/maven2/org/fusesource/fusesource-pom/1.11/fusesource-pom-1.11.pom
[INFO] Downloaded from central: https://repo.maven.apache.org/maven2/org/fusesource/fusesource-pom/1.11/fusesource-pom-1.11.pom (15 kB at 560 kB/s)
[INFO] Downloading from central: https://repo.maven.apache.org/maven2/org/aesh/aesh/2.6/aesh-2.6.pom
[INFO] Downloaded from central: https://repo.maven.apache.org/maven2/org/aesh/aesh/2.6/aesh-2.6.pom (5.0 kB at 225 kB/s)
[INFO] Downloading from central: https://repo.maven.apache.org/maven2/org/aesh/aesh-all/2.6/aesh-all-2.6.pom
[INFO] Downloaded from central: https://repo.maven.apache.org/maven2/org/aesh/aesh-all/2.6/aesh-all-2.6.pom (4.0 kB at 160 kB/s)
[INFO] Downloading from central: https://repo.maven.apache.org/maven2/io/quarkus/gizmo/gizmo/1.0.10.Final/gizmo-1.0.10.Final.pom
[INFO] Downloaded from central: https://repo.maven.apache.org/maven2/io/quarkus/gizmo/gizmo/1.0.10.Final/gizmo-1.0.10.Final.pom (9.9 kB at 274 kB/s)
[INFO] Downloading from central: https://repo.maven.apache.org/maven2/org/ow2/asm/asm/9.3/asm-9.3.pom
[INFO] Downloaded from central: https://repo.maven.apache.org/maven2/org/ow2/asm/asm/9.3/asm-9.3.pom (2.4 kB at 91 kB/s)
[INFO] Downloading from central: https://repo.maven.apache.org/maven2/org/ow2/ow2/1.5/ow2-1.5.pom
[INFO] Downloaded from central: https://repo.maven.apache.org/maven2/org/ow2/ow2/1.5/ow2-1.5.pom (11 kB at 351 kB/s)
[INFO] Downloading from central: https://repo.maven.apache.org/maven2/org/ow2/asm/asm-util/9.2/asm-util-9.2.pom
[INFO] Downloaded from central: https://repo.maven.apache.org/maven2/org/ow2/asm/asm-util/9.2/asm-util-9.2.pom (2.9 kB at 101 kB/s)
[INFO] Downloading from central: https://repo.maven.apache.org/maven2/org/ow2/asm/asm-tree/9.3/asm-tree-9.3.pom
[INFO] Downloaded from central: https://repo.maven.apache.org/maven2/org/ow2/asm/asm-tree/9.3/asm-tree-9.3.pom (2.6 kB at 22 kB/s)
[INFO] Downloading from central: https://repo.maven.apache.org/maven2/org/ow2/asm/asm-analysis/9.3/asm-analysis-9.3.pom
[INFO] Downloaded from central: https://repo.maven.apache.org/maven2/org/ow2/asm/asm-analysis/9.3/asm-analysis-9.3.pom (2.6 kB at 101 kB/s)
[INFO] Downloading from central: https://repo.maven.apache.org/maven2/org/jboss/jandex/2.4.2.Final/jandex-2.4.2.Final.pom
[INFO] Downloaded from central: https://repo.maven.apache.org/maven2/org/jboss/jandex/2.4.2.Final/jandex-2.4.2.Final.pom (6.8 kB at 261 kB/s)
[INFO] Downloading from central: https://repo.maven.apache.org/maven2/org/jboss/jboss-parent/12/jboss-parent-12.pom
[INFO] Downloaded from central: https://repo.maven.apache.org/maven2/org/jboss/jboss-parent/12/jboss-parent-12.pom (32 kB at 956 kB/s)
[INFO] Downloading from central: https://repo.maven.apache.org/maven2/org/ow2/asm/asm-commons/9.3/asm-commons-9.3.pom
[INFO] Downloaded from central: https://repo.maven.apache.org/maven2/org/ow2/asm/asm-commons/9.3/asm-commons-9.3.pom (3.0 kB at 114 kB/s)
[INFO] Downloading from central: https://repo.maven.apache.org/maven2/io/quarkus/quarkus-development-mode-spi/2.9.2.Final/quarkus-development-mode-spi-2.9.2.Final.pom
[INFO] Downloaded from central: https://repo.maven.apache.org/maven2/io/quarkus/quarkus-development-mode-spi/2.9.2.Final/quarkus-development-mode-spi-2.9.2.Final.pom (758 B at 33 kB/s)
[INFO] Downloading from central: https://repo.maven.apache.org/maven2/io/quarkus/quarkus-class-change-agent/2.9.2.Final/quarkus-class-change-agent-2.9.2.Final.pom
[INFO] Downloaded from central: https://repo.maven.apache.org/maven2/io/quarkus/quarkus-class-change-agent/2.9.2.Final/quarkus-class-change-agent-2.9.2.Final.pom (1.6 kB at 53 kB/s)
[INFO] Downloading from central: https://repo.maven.apache.org/maven2/io/quarkus/quarkus-devtools-utilities/2.9.2.Final/quarkus-devtools-utilities-2.9.2.Final.pom
[INFO] Downloaded from central: https://repo.maven.apache.org/maven2/io/quarkus/quarkus-devtools-utilities/2.9.2.Final/quarkus-devtools-utilities-2.9.2.Final.pom (583 B at 23 kB/s)
[INFO] Downloading from central: https://repo.maven.apache.org/maven2/io/quarkus/quarkus-tools-parent/2.9.2.Final/quarkus-tools-parent-2.9.2.Final.pom
[INFO] Downloaded from central: https://repo.maven.apache.org/maven2/io/quarkus/quarkus-tools-parent/2.9.2.Final/quarkus-tools-parent-2.9.2.Final.pom (29 kB at 1.2 MB/s)
[INFO] Downloading from central: https://repo.maven.apache.org/maven2/com/fasterxml/jackson/jackson-bom/2.13.3/jackson-bom-2.13.3.pom
[INFO] Downloaded from central: https://repo.maven.apache.org/maven2/com/fasterxml/jackson/jackson-bom/2.13.3/jackson-bom-2.13.3.pom (17 kB at 179 kB/s)
[INFO] Downloading from central: https://repo.maven.apache.org/maven2/com/fasterxml/jackson/jackson-parent/2.13/jackson-parent-2.13.pom
[INFO] Downloaded from central: https://repo.maven.apache.org/maven2/com/fasterxml/jackson/jackson-parent/2.13/jackson-parent-2.13.pom (7.4 kB at 309 kB/s)
[INFO] Downloading from central: https://repo.maven.apache.org/maven2/com/fasterxml/oss-parent/43/oss-parent-43.pom
[INFO] Downloaded from central: https://repo.maven.apache.org/maven2/com/fasterxml/oss-parent/43/oss-parent-43.pom (24 kB at 217 kB/s)
[INFO] Downloading from central: https://repo.maven.apache.org/maven2/org/mockito/mockito-bom/4.5.1/mockito-bom-4.5.1.pom
[INFO] Downloaded from central: https://repo.maven.apache.org/maven2/org/mockito/mockito-bom/4.5.1/mockito-bom-4.5.1.pom (3.0 kB at 78 kB/s)
[INFO] Downloading from central: https://repo.maven.apache.org/maven2/io/quarkus/quarkus-core/2.9.2.Final/quarkus-core-2.9.2.Final.pom
[INFO] Downloaded from central: https://repo.maven.apache.org/maven2/io/quarkus/quarkus-core/2.9.2.Final/quarkus-core-2.9.2.Final.pom (15 kB at 529 kB/s)
[INFO] Downloading from central: https://repo.maven.apache.org/maven2/jakarta/annotation/jakarta.annotation-api/1.3.5/jakarta.annotation-api-1.3.5.pom
[INFO] Downloaded from central: https://repo.maven.apache.org/maven2/jakarta/annotation/jakarta.annotation-api/1.3.5/jakarta.annotation-api-1.3.5.pom (16 kB at 487 kB/s)
[INFO] Downloading from central: https://repo.maven.apache.org/maven2/jakarta/annotation/ca-parent/1.3.5/ca-parent-1.3.5.pom
[INFO] Downloaded from central: https://repo.maven.apache.org/maven2/jakarta/annotation/ca-parent/1.3.5/ca-parent-1.3.5.pom (2.8 kB at 100 kB/s)
[INFO] Downloading from central: https://repo.maven.apache.org/maven2/org/eclipse/ee4j/project/1.0.5/project-1.0.5.pom
[INFO] Downloaded from central: https://repo.maven.apache.org/maven2/org/eclipse/ee4j/project/1.0.5/project-1.0.5.pom (13 kB at 488 kB/s)
[INFO] Downloading from central: https://repo.maven.apache.org/maven2/jakarta/enterprise/jakarta.enterprise.cdi-api/2.0.2/jakarta.enterprise.cdi-api-2.0.2.pom
[INFO] Downloaded from central: https://repo.maven.apache.org/maven2/jakarta/enterprise/jakarta.enterprise.cdi-api/2.0.2/jakarta.enterprise.cdi-api-2.0.2.pom (8.8 kB at 352 kB/s)
[INFO] Downloading from central: https://repo.maven.apache.org/maven2/jakarta/el/jakarta.el-api/3.0.3/jakarta.el-api-3.0.3.pom
[INFO] Downloaded from central: https://repo.maven.apache.org/maven2/jakarta/el/jakarta.el-api/3.0.3/jakarta.el-api-3.0.3.pom (12 kB at 470 kB/s)
[INFO] Downloading from central: https://repo.maven.apache.org/maven2/jakarta/interceptor/jakarta.interceptor-api/1.2.5/jakarta.interceptor-api-1.2.5.pom
[INFO] Downloaded from central: https://repo.maven.apache.org/maven2/jakarta/interceptor/jakarta.interceptor-api/1.2.5/jakarta.interceptor-api-1.2.5.pom (13 kB at 541 kB/s)
[INFO] Downloading from central: https://repo.maven.apache.org/maven2/jakarta/inject/jakarta.inject-api/1.0/jakarta.inject-api-1.0.pom
[INFO] Downloaded from central: https://repo.maven.apache.org/maven2/jakarta/inject/jakarta.inject-api/1.0/jakarta.inject-api-1.0.pom (3.4 kB at 131 kB/s)
[INFO] Downloading from central: https://repo.maven.apache.org/maven2/io/smallrye/config/smallrye-config/2.10.0/smallrye-config-2.10.0.pom
[INFO] Downloaded from central: https://repo.maven.apache.org/maven2/io/smallrye/config/smallrye-config/2.10.0/smallrye-config-2.10.0.pom (2.8 kB at 117 kB/s)
[INFO] Downloading from central: https://repo.maven.apache.org/maven2/io/smallrye/config/smallrye-config-parent/2.10.0/smallrye-config-parent-2.10.0.pom
[INFO] Downloaded from central: https://repo.maven.apache.org/maven2/io/smallrye/config/smallrye-config-parent/2.10.0/smallrye-config-parent-2.10.0.pom (5.2 kB at 218 kB/s)
[INFO] Downloading from central: https://repo.maven.apache.org/maven2/io/smallrye/config/smallrye-config-core/2.10.0/smallrye-config-core-2.10.0.pom
[INFO] Downloaded from central: https://repo.maven.apache.org/maven2/io/smallrye/config/smallrye-config-core/2.10.0/smallrye-config-core-2.10.0.pom (4.2 kB at 182 kB/s)
[INFO] Downloading from central: https://repo.maven.apache.org/maven2/org/eclipse/microprofile/config/microprofile-config-api/2.0.1/microprofile-config-api-2.0.1.pom
[INFO] Downloaded from central: https://repo.maven.apache.org/maven2/org/eclipse/microprofile/config/microprofile-config-api/2.0.1/microprofile-config-api-2.0.1.pom (8.1 kB at 72 kB/s)
[INFO] Downloading from central: https://repo.maven.apache.org/maven2/org/eclipse/microprofile/config/microprofile-config-parent/2.0.1/microprofile-config-parent-2.0.1.pom
[INFO] Downloaded from central: https://repo.maven.apache.org/maven2/org/eclipse/microprofile/config/microprofile-config-parent/2.0.1/microprofile-config-parent-2.0.1.pom (21 kB at 681 kB/s)
[INFO] Downloading from central: https://repo.maven.apache.org/maven2/org/jboss/arquillian/arquillian-bom/1.1.13.Final/arquillian-bom-1.1.13.Final.pom
[INFO] Downloaded from central: https://repo.maven.apache.org/maven2/org/jboss/arquillian/arquillian-bom/1.1.13.Final/arquillian-bom-1.1.13.Final.pom (11 kB at 407 kB/s)
[INFO] Downloading from confluent: https://packages.confluent.io/maven/org/jboss/shrinkwrap/resolver/shrinkwrap-resolver-bom/2.2.4/shrinkwrap-resolver-bom-2.2.4.pom
[INFO] Downloading from central: https://repo.maven.apache.org/maven2/org/jboss/shrinkwrap/resolver/shrinkwrap-resolver-bom/2.2.4/shrinkwrap-resolver-bom-2.2.4.pom
[INFO] Downloaded from central: https://repo.maven.apache.org/maven2/org/jboss/shrinkwrap/resolver/shrinkwrap-resolver-bom/2.2.4/shrinkwrap-resolver-bom-2.2.4.pom (5.3 kB at 221 kB/s)
[INFO] Downloading from confluent: https://packages.confluent.io/maven/org/jboss/shrinkwrap/descriptors/shrinkwrap-descriptors-bom/2.0.0-alpha-10/shrinkwrap-descriptors-bom-2.0.0-alpha-10.pom
[INFO] Downloading from central: https://repo.maven.apache.org/maven2/org/jboss/shrinkwrap/descriptors/shrinkwrap-descriptors-bom/2.0.0-alpha-10/shrinkwrap-descriptors-bom-2.0.0-alpha-10.pom
[INFO] Downloaded from central: https://repo.maven.apache.org/maven2/org/jboss/shrinkwrap/descriptors/shrinkwrap-descriptors-bom/2.0.0-alpha-10/shrinkwrap-descriptors-bom-2.0.0-alpha-10.pom (5.2 kB at 175 kB/s)
[INFO] Downloading from central: https://repo.maven.apache.org/maven2/io/smallrye/common/smallrye-common-annotation/1.11.0/smallrye-common-annotation-1.11.0.pom
[INFO] Downloaded from central: https://repo.maven.apache.org/maven2/io/smallrye/common/smallrye-common-annotation/1.11.0/smallrye-common-annotation-1.11.0.pom (1.9 kB at 81 kB/s)
[INFO] Downloading from central: https://repo.maven.apache.org/maven2/io/smallrye/common/smallrye-common-expression/1.11.0/smallrye-common-expression-1.11.0.pom
[INFO] Downloaded from central: https://repo.maven.apache.org/maven2/io/smallrye/common/smallrye-common-expression/1.11.0/smallrye-common-expression-1.11.0.pom (2.2 kB at 97 kB/s)
[INFO] Downloading from central: https://repo.maven.apache.org/maven2/io/smallrye/common/smallrye-common-function/1.11.0/smallrye-common-function-1.11.0.pom
[INFO] Downloaded from central: https://repo.maven.apache.org/maven2/io/smallrye/common/smallrye-common-function/1.11.0/smallrye-common-function-1.11.0.pom (1.6 kB at 71 kB/s)
[INFO] Downloading from central: https://repo.maven.apache.org/maven2/io/smallrye/common/smallrye-common-constraint/1.11.0/smallrye-common-constraint-1.11.0.pom
[INFO] Downloaded from central: https://repo.maven.apache.org/maven2/io/smallrye/common/smallrye-common-constraint/1.11.0/smallrye-common-constraint-1.11.0.pom (1.9 kB at 80 kB/s)
[INFO] Downloading from central: https://repo.maven.apache.org/maven2/io/smallrye/common/smallrye-common-classloader/1.11.0/smallrye-common-classloader-1.11.0.pom
[INFO] Downloaded from central: https://repo.maven.apache.org/maven2/io/smallrye/common/smallrye-common-classloader/1.11.0/smallrye-common-classloader-1.11.0.pom (2.1 kB at 86 kB/s)
[INFO] Downloading from central: https://repo.maven.apache.org/maven2/io/smallrye/config/smallrye-config-common/2.10.0/smallrye-config-common-2.10.0.pom
[INFO] Downloaded from central: https://repo.maven.apache.org/maven2/io/smallrye/config/smallrye-config-common/2.10.0/smallrye-config-common-2.10.0.pom (1.1 kB at 54 kB/s)
[INFO] Downloading from central: https://repo.maven.apache.org/maven2/org/jboss/logging/jboss-logging-annotations/2.2.1.Final/jboss-logging-annotations-2.2.1.Final.pom
[INFO] Downloaded from central: https://repo.maven.apache.org/maven2/org/jboss/logging/jboss-logging-annotations/2.2.1.Final/jboss-logging-annotations-2.2.1.Final.pom (1.8 kB at 80 kB/s)
[INFO] Downloading from central: https://repo.maven.apache.org/maven2/org/jboss/logging/jboss-logging-tools-parent/2.2.1.Final/jboss-logging-tools-parent-2.2.1.Final.pom
[INFO] Downloaded from central: https://repo.maven.apache.org/maven2/org/jboss/logging/jboss-logging-tools-parent/2.2.1.Final/jboss-logging-tools-parent-2.2.1.Final.pom (5.6 kB at 242 kB/s)
[INFO] Downloading from central: https://repo.maven.apache.org/maven2/org/jboss/threads/jboss-threads/3.4.2.Final/jboss-threads-3.4.2.Final.pom
[INFO] Downloaded from central: https://repo.maven.apache.org/maven2/org/jboss/threads/jboss-threads/3.4.2.Final/jboss-threads-3.4.2.Final.pom (7.3 kB at 262 kB/s)
[INFO] Downloading from central: https://repo.maven.apache.org/maven2/org/graalvm/sdk/graal-sdk/22.0.0.2/graal-sdk-22.0.0.2.pom
[INFO] Downloaded from central: https://repo.maven.apache.org/maven2/org/graalvm/sdk/graal-sdk/22.0.0.2/graal-sdk-22.0.0.2.pom (1.4 kB at 49 kB/s)
[INFO] Downloading from central: https://repo.maven.apache.org/maven2/io/quarkus/quarkus-bootstrap-runner/2.9.2.Final/quarkus-bootstrap-runner-2.9.2.Final.pom
[INFO] Downloaded from central: https://repo.maven.apache.org/maven2/io/quarkus/quarkus-bootstrap-runner/2.9.2.Final/quarkus-bootstrap-runner-2.9.2.Final.pom (3.3 kB at 115 kB/s)
[INFO] Downloading from central: https://repo.maven.apache.org/maven2/io/quarkus/quarkus-builder/2.9.2.Final/quarkus-builder-2.9.2.Final.pom
[INFO] Downloaded from central: https://repo.maven.apache.org/maven2/io/quarkus/quarkus-builder/2.9.2.Final/quarkus-builder-2.9.2.Final.pom (2.2 kB at 92 kB/s)
[INFO] Downloading from central: https://repo.maven.apache.org/maven2/org/junit/platform/junit-platform-launcher/1.8.2/junit-platform-launcher-1.8.2.pom
[INFO] Downloaded from central: https://repo.maven.apache.org/maven2/org/junit/platform/junit-platform-launcher/1.8.2/junit-platform-launcher-1.8.2.pom (3.0 kB at 26 kB/s)
[INFO] Downloading from central: https://repo.maven.apache.org/maven2/org/junit/platform/junit-platform-engine/1.8.2/junit-platform-engine-1.8.2.pom
[INFO] Downloaded from central: https://repo.maven.apache.org/maven2/org/junit/platform/junit-platform-engine/1.8.2/junit-platform-engine-1.8.2.pom (3.2 kB at 114 kB/s)
[INFO] Downloading from central: https://repo.maven.apache.org/maven2/org/opentest4j/opentest4j/1.2.0/opentest4j-1.2.0.pom
[INFO] Downloaded from central: https://repo.maven.apache.org/maven2/org/opentest4j/opentest4j/1.2.0/opentest4j-1.2.0.pom (1.7 kB at 54 kB/s)
[INFO] Downloading from central: https://repo.maven.apache.org/maven2/org/junit/platform/junit-platform-commons/1.8.2/junit-platform-commons-1.8.2.pom
[INFO] Downloaded from central: https://repo.maven.apache.org/maven2/org/junit/platform/junit-platform-commons/1.8.2/junit-platform-commons-1.8.2.pom (2.8 kB at 101 kB/s)
[INFO] Downloading from central: https://repo.maven.apache.org/maven2/org/apiguardian/apiguardian-api/1.1.2/apiguardian-api-1.1.2.pom
[INFO] Downloaded from central: https://repo.maven.apache.org/maven2/org/apiguardian/apiguardian-api/1.1.2/apiguardian-api-1.1.2.pom (1.5 kB at 49 kB/s)
[INFO] Downloading from central: https://repo.maven.apache.org/maven2/org/junit/jupiter/junit-jupiter/5.8.2/junit-jupiter-5.8.2.pom
[INFO] Downloaded from central: https://repo.maven.apache.org/maven2/org/junit/jupiter/junit-jupiter/5.8.2/junit-jupiter-5.8.2.pom (3.2 kB at 119 kB/s)
[INFO] Downloading from central: https://repo.maven.apache.org/maven2/org/junit/jupiter/junit-jupiter-api/5.8.2/junit-jupiter-api-5.8.2.pom
[INFO] Downloaded from central: https://repo.maven.apache.org/maven2/org/junit/jupiter/junit-jupiter-api/5.8.2/junit-jupiter-api-5.8.2.pom (3.2 kB at 82 kB/s)
[INFO] Downloading from central: https://repo.maven.apache.org/maven2/org/junit/jupiter/junit-jupiter-params/5.8.2/junit-jupiter-params-5.8.2.pom
[INFO] Downloaded from central: https://repo.maven.apache.org/maven2/org/junit/jupiter/junit-jupiter-params/5.8.2/junit-jupiter-params-5.8.2.pom (3.0 kB at 107 kB/s)
[INFO] Downloading from central: https://repo.maven.apache.org/maven2/org/junit/jupiter/junit-jupiter-engine/5.8.2/junit-jupiter-engine-5.8.2.pom
[INFO] Downloaded from central: https://repo.maven.apache.org/maven2/org/junit/jupiter/junit-jupiter-engine/5.8.2/junit-jupiter-engine-5.8.2.pom (3.2 kB at 107 kB/s)
[INFO] Downloading from central: https://repo.maven.apache.org/maven2/io/quarkus/quarkus-project-core-extension-codestarts/2.9.2.Final/quarkus-project-core-extension-codestarts-2.9.2.Final.pom
[INFO] Downloaded from central: https://repo.maven.apache.org/maven2/io/quarkus/quarkus-project-core-extension-codestarts/2.9.2.Final/quarkus-project-core-extension-codestarts-2.9.2.Final.pom (3.1 kB at 26 kB/s)
[INFO] Downloading from central: https://repo.maven.apache.org/maven2/io/quarkus/quarkus-devtools-all/2.9.2.Final/quarkus-devtools-all-2.9.2.Final.pom
[INFO] Downloaded from central: https://repo.maven.apache.org/maven2/io/quarkus/quarkus-devtools-all/2.9.2.Final/quarkus-devtools-all-2.9.2.Final.pom (1.1 kB at 9.2 kB/s)
[INFO] Downloading from central: https://repo.maven.apache.org/maven2/io/quarkus/quarkus-devtools-common/2.9.2.Final/quarkus-devtools-common-2.9.2.Final.pom
[INFO] Downloaded from central: https://repo.maven.apache.org/maven2/io/quarkus/quarkus-devtools-common/2.9.2.Final/quarkus-devtools-common-2.9.2.Final.pom (5.4 kB at 120 kB/s)
[INFO] Downloading from central: https://repo.maven.apache.org/maven2/io/quarkus/quarkus-devtools-registry-client/2.9.2.Final/quarkus-devtools-registry-client-2.9.2.Final.pom
[INFO] Downloaded from central: https://repo.maven.apache.org/maven2/io/quarkus/quarkus-devtools-registry-client/2.9.2.Final/quarkus-devtools-registry-client-2.9.2.Final.pom (2.3 kB at 75 kB/s)
[INFO] Downloading from central: https://repo.maven.apache.org/maven2/io/quarkus/quarkus-devtools-artifact-api/2.9.2.Final/quarkus-devtools-artifact-api-2.9.2.Final.pom
[INFO] Downloaded from central: https://repo.maven.apache.org/maven2/io/quarkus/quarkus-devtools-artifact-api/2.9.2.Final/quarkus-devtools-artifact-api-2.9.2.Final.pom (1.3 kB at 54 kB/s)
[INFO] Downloading from central: https://repo.maven.apache.org/maven2/io/quarkus/quarkus-devtools-message-writer/2.9.2.Final/quarkus-devtools-message-writer-2.9.2.Final.pom
[INFO] Downloaded from central: https://repo.maven.apache.org/maven2/io/quarkus/quarkus-devtools-message-writer/2.9.2.Final/quarkus-devtools-message-writer-2.9.2.Final.pom (776 B at 32 kB/s)
[INFO] Downloading from central: https://repo.maven.apache.org/maven2/io/smallrye/common/smallrye-common-os/1.11.0/smallrye-common-os-1.11.0.pom
[INFO] Downloaded from central: https://repo.maven.apache.org/maven2/io/smallrye/common/smallrye-common-os/1.11.0/smallrye-common-os-1.11.0.pom (1.7 kB at 77 kB/s)
[INFO] Downloading from central: https://repo.maven.apache.org/maven2/com/fasterxml/jackson/core/jackson-databind/2.13.3/jackson-databind-2.13.3.pom
[INFO] Downloaded from central: https://repo.maven.apache.org/maven2/com/fasterxml/jackson/core/jackson-databind/2.13.3/jackson-databind-2.13.3.pom (16 kB at 617 kB/s)
[INFO] Downloading from central: https://repo.maven.apache.org/maven2/com/fasterxml/jackson/jackson-base/2.13.3/jackson-base-2.13.3.pom
[INFO] Downloaded from central: https://repo.maven.apache.org/maven2/com/fasterxml/jackson/jackson-base/2.13.3/jackson-base-2.13.3.pom (9.9 kB at 380 kB/s)
[INFO] Downloading from central: https://repo.maven.apache.org/maven2/com/fasterxml/jackson/core/jackson-annotations/2.13.3/jackson-annotations-2.13.3.pom
[INFO] Downloaded from central: https://repo.maven.apache.org/maven2/com/fasterxml/jackson/core/jackson-annotations/2.13.3/jackson-annotations-2.13.3.pom (6.1 kB at 264 kB/s)
[INFO] Downloading from central: https://repo.maven.apache.org/maven2/com/fasterxml/jackson/core/jackson-core/2.13.3/jackson-core-2.13.3.pom
[INFO] Downloaded from central: https://repo.maven.apache.org/maven2/com/fasterxml/jackson/core/jackson-core/2.13.3/jackson-core-2.13.3.pom (5.5 kB at 252 kB/s)
[INFO] Downloading from central: https://repo.maven.apache.org/maven2/com/fasterxml/jackson/dataformat/jackson-dataformat-yaml/2.13.3/jackson-dataformat-yaml-2.13.3.pom
[INFO] Downloaded from central: https://repo.maven.apache.org/maven2/com/fasterxml/jackson/dataformat/jackson-dataformat-yaml/2.13.3/jackson-dataformat-yaml-2.13.3.pom (2.6 kB at 105 kB/s)
[INFO] Downloading from central: https://repo.maven.apache.org/maven2/com/fasterxml/jackson/dataformat/jackson-dataformats-text/2.13.3/jackson-dataformats-text-2.13.3.pom
[INFO] Downloaded from central: https://repo.maven.apache.org/maven2/com/fasterxml/jackson/dataformat/jackson-dataformats-text/2.13.3/jackson-dataformats-text-2.13.3.pom (3.1 kB at 129 kB/s)
[INFO] Downloading from central: https://repo.maven.apache.org/maven2/org/yaml/snakeyaml/1.30/snakeyaml-1.30.pom
[INFO] Downloaded from central: https://repo.maven.apache.org/maven2/org/yaml/snakeyaml/1.30/snakeyaml-1.30.pom (37 kB at 1.3 MB/s)
[INFO] Downloading from central: https://repo.maven.apache.org/maven2/io/quarkus/quarkus-devtools-base-codestarts/2.9.2.Final/quarkus-devtools-base-codestarts-2.9.2.Final.pom
[INFO] Downloaded from central: https://repo.maven.apache.org/maven2/io/quarkus/quarkus-devtools-base-codestarts/2.9.2.Final/quarkus-devtools-base-codestarts-2.9.2.Final.pom (910 B at 8.5 kB/s)
[INFO] Downloading from central: https://repo.maven.apache.org/maven2/io/quarkus/quarkus-devtools-codestarts/2.9.2.Final/quarkus-devtools-codestarts-2.9.2.Final.pom
[INFO] Downloaded from central: https://repo.maven.apache.org/maven2/io/quarkus/quarkus-devtools-codestarts/2.9.2.Final/quarkus-devtools-codestarts-2.9.2.Final.pom (2.2 kB at 66 kB/s)
[INFO] Downloading from central: https://repo.maven.apache.org/maven2/io/quarkus/qute/qute-core/2.9.2.Final/qute-core-2.9.2.Final.pom
[INFO] Downloaded from central: https://repo.maven.apache.org/maven2/io/quarkus/qute/qute-core/2.9.2.Final/qute-core-2.9.2.Final.pom (1.2 kB at 38 kB/s)
[INFO] Downloading from central: https://repo.maven.apache.org/maven2/io/quarkus/qute/qute-parent/2.9.2.Final/qute-parent-2.9.2.Final.pom
[INFO] Downloaded from central: https://repo.maven.apache.org/maven2/io/quarkus/qute/qute-parent/2.9.2.Final/qute-parent-2.9.2.Final.pom (23 kB at 750 kB/s)
[INFO] Downloading from central: https://repo.maven.apache.org/maven2/io/smallrye/reactive/mutiny/1.4.0/mutiny-1.4.0.pom
[INFO] Downloaded from central: https://repo.maven.apache.org/maven2/io/smallrye/reactive/mutiny/1.4.0/mutiny-1.4.0.pom (8.5 kB at 293 kB/s)
[INFO] Downloading from central: https://repo.maven.apache.org/maven2/io/smallrye/reactive/mutiny-project/1.4.0/mutiny-project-1.4.0.pom
[INFO] Downloaded from central: https://repo.maven.apache.org/maven2/io/smallrye/reactive/mutiny-project/1.4.0/mutiny-project-1.4.0.pom (19 kB at 741 kB/s)
[INFO] Downloading from central: https://repo.maven.apache.org/maven2/org/reactivestreams/reactive-streams/1.0.3/reactive-streams-1.0.3.pom
[INFO] Downloaded from central: https://repo.maven.apache.org/maven2/org/reactivestreams/reactive-streams/1.0.3/reactive-streams-1.0.3.pom (1.2 kB at 45 kB/s)
[INFO] Downloading from central: https://repo.maven.apache.org/maven2/io/fabric8/maven-model-helper/20/maven-model-helper-20.pom
[INFO] Downloaded from central: https://repo.maven.apache.org/maven2/io/fabric8/maven-model-helper/20/maven-model-helper-20.pom (5.3 kB at 203 kB/s)
[INFO] Downloading from central: https://repo.maven.apache.org/maven2/org/jboss/jboss-parent/38/jboss-parent-38.pom
[INFO] Downloaded from central: https://repo.maven.apache.org/maven2/org/jboss/jboss-parent/38/jboss-parent-38.pom (66 kB at 2.5 MB/s)
[INFO] Downloading from central: https://repo.maven.apache.org/maven2/org/jdom/jdom/1.1.3/jdom-1.1.3.pom
[INFO] Downloaded from central: https://repo.maven.apache.org/maven2/org/jdom/jdom/1.1.3/jdom-1.1.3.pom (1.8 kB at 16 kB/s)
[INFO] Downloading from central: https://repo.maven.apache.org/maven2/org/apache/commons/commons-compress/1.21/commons-compress-1.21.pom
[INFO] Downloaded from central: https://repo.maven.apache.org/maven2/org/apache/commons/commons-compress/1.21/commons-compress-1.21.pom (20 kB at 146 kB/s)
[INFO] Downloading from central: https://repo.maven.apache.org/maven2/io/smallrye/common/smallrye-common-version/1.11.0/smallrye-common-version-1.11.0.pom
[INFO] Downloaded from central: https://repo.maven.apache.org/maven2/io/smallrye/common/smallrye-common-version/1.11.0/smallrye-common-version-1.11.0.pom (2.6 kB at 101 kB/s)
[INFO] Downloading from central: https://repo.maven.apache.org/maven2/org/freemarker/freemarker/2.3.31/freemarker-2.3.31.pom
[INFO] Downloaded from central: https://repo.maven.apache.org/maven2/org/freemarker/freemarker/2.3.31/freemarker-2.3.31.pom (3.4 kB at 135 kB/s)
[INFO] Downloading from central: https://repo.maven.apache.org/maven2/org/apache/apache/17/apache-17.pom
[INFO] Downloaded from central: https://repo.maven.apache.org/maven2/org/apache/apache/17/apache-17.pom (16 kB at 487 kB/s)
[INFO] Downloading from central: https://repo.maven.apache.org/maven2/org/glassfish/jakarta.json/1.1.6/jakarta.json-1.1.6.pom
[INFO] Downloaded from central: https://repo.maven.apache.org/maven2/org/glassfish/jakarta.json/1.1.6/jakarta.json-1.1.6.pom (11 kB at 377 kB/s)
[INFO] Downloading from central: https://repo.maven.apache.org/maven2/org/glassfish/json/1.1.6/json-1.1.6.pom
[INFO] Downloaded from central: https://repo.maven.apache.org/maven2/org/glassfish/json/1.1.6/json-1.1.6.pom (19 kB at 572 kB/s)
[INFO] Downloading from central: https://repo.maven.apache.org/maven2/org/twdata/maven/mojo-executor/2.3.1/mojo-executor-2.3.1.pom
[INFO] Downloaded from central: https://repo.maven.apache.org/maven2/org/twdata/maven/mojo-executor/2.3.1/mojo-executor-2.3.1.pom (2.5 kB at 64 kB/s)
[INFO] Downloading from central: https://repo.maven.apache.org/maven2/org/twdata/maven/mojo-executor-parent/2.3.1/mojo-executor-parent-2.3.1.pom
[INFO] Downloaded from central: https://repo.maven.apache.org/maven2/org/twdata/maven/mojo-executor-parent/2.3.1/mojo-executor-parent-2.3.1.pom (10 kB at 358 kB/s)
[INFO] Downloading from central: https://repo.maven.apache.org/maven2/org/apache/maven/maven/3.5.0/maven-3.5.0.pom
[INFO] Downloaded from central: https://repo.maven.apache.org/maven2/org/apache/maven/maven/3.5.0/maven-3.5.0.pom (25 kB at 918 kB/s)
[INFO] Downloading from central: https://repo.maven.apache.org/maven2/org/apache/maven/maven-parent/27/maven-parent-27.pom
[INFO] Downloaded from central: https://repo.maven.apache.org/maven2/org/apache/maven/maven-parent/27/maven-parent-27.pom (41 kB at 1.1 MB/s)
[INFO] Downloading from central: https://repo.maven.apache.org/maven2/io/quarkus/platform/quarkus-maven-plugin/2.9.2.Final/quarkus-maven-plugin-2.9.2.Final.jar
[INFO] Downloaded from central: https://repo.maven.apache.org/maven2/io/quarkus/platform/quarkus-maven-plugin/2.9.2.Final/quarkus-maven-plugin-2.9.2.Final.jar (440 kB at 2.8 MB/s)
[INFO] Downloading from central: https://repo.maven.apache.org/maven2/io/quarkus/quarkus-bootstrap-core/2.9.2.Final/quarkus-bootstrap-core-2.9.2.Final.jar
[INFO] Downloading from central: https://repo.maven.apache.org/maven2/io/quarkus/quarkus-bootstrap-app-model/2.9.2.Final/quarkus-bootstrap-app-model-2.9.2.Final.jar
[INFO] Downloading from central: https://repo.maven.apache.org/maven2/io/quarkus/quarkus-fs-util/0.0.9/quarkus-fs-util-0.0.9.jar
[INFO] Downloading from central: https://repo.maven.apache.org/maven2/org/jboss/logging/jboss-logging/3.4.3.Final/jboss-logging-3.4.3.Final.jar
[INFO] Downloading from central: https://repo.maven.apache.org/maven2/org/jboss/logging/commons-logging-jboss-logging/1.0.0.Final/commons-logging-jboss-logging-1.0.0.Final.jar
[INFO] Downloaded from central: https://repo.maven.apache.org/maven2/io/quarkus/quarkus-bootstrap-core/2.9.2.Final/quarkus-bootstrap-core-2.9.2.Final.jar (117 kB at 3.6 MB/s)
[INFO] Downloading from central: https://repo.maven.apache.org/maven2/io/quarkus/quarkus-bootstrap-maven-resolver/2.9.2.Final/quarkus-bootstrap-maven-resolver-2.9.2.Final.jar
[INFO] Downloaded from central: https://repo.maven.apache.org/maven2/io/quarkus/quarkus-bootstrap-maven-resolver/2.9.2.Final/quarkus-bootstrap-maven-resolver-2.9.2.Final.jar (140 kB at 2.4 MB/s)
[INFO] Downloading from central: https://repo.maven.apache.org/maven2/org/jboss/logmanager/jboss-logmanager-embedded/1.0.9/jboss-logmanager-embedded-1.0.9.jar
[INFO] Downloaded from central: https://repo.maven.apache.org/maven2/io/quarkus/quarkus-fs-util/0.0.9/quarkus-fs-util-0.0.9.jar (24 kB at 323 kB/s)
[INFO] Downloading from central: https://repo.maven.apache.org/maven2/org/apache/maven/maven-embedder/3.8.4/maven-embedder-3.8.4.jar
[INFO] Downloaded from central: https://repo.maven.apache.org/maven2/org/jboss/logging/jboss-logging/3.4.3.Final/jboss-logging-3.4.3.Final.jar (61 kB at 779 kB/s)
[INFO] Downloading from central: https://repo.maven.apache.org/maven2/org/codehaus/plexus/plexus-cipher/2.0/plexus-cipher-2.0.jar
[INFO] Downloaded from central: https://repo.maven.apache.org/maven2/org/jboss/logging/commons-logging-jboss-logging/1.0.0.Final/commons-logging-jboss-logging-1.0.0.Final.jar (17 kB at 208 kB/s)
[INFO] Downloading from central: https://repo.maven.apache.org/maven2/commons-cli/commons-cli/1.4/commons-cli-1.4.jar
[INFO] Downloaded from central: https://repo.maven.apache.org/maven2/io/quarkus/quarkus-bootstrap-app-model/2.9.2.Final/quarkus-bootstrap-app-model-2.9.2.Final.jar (146 kB at 1.4 MB/s)
[INFO] Downloading from central: https://repo.maven.apache.org/maven2/org/apache/maven/resolver/maven-resolver-connector-basic/1.6.3/maven-resolver-connector-basic-1.6.3.jar
[INFO] Downloaded from central: https://repo.maven.apache.org/maven2/org/jboss/logmanager/jboss-logmanager-embedded/1.0.9/jboss-logmanager-embedded-1.0.9.jar (258 kB at 2.4 MB/s)
[INFO] Downloading from central: https://repo.maven.apache.org/maven2/org/apache/maven/resolver/maven-resolver-transport-wagon/1.6.3/maven-resolver-transport-wagon-1.6.3.jar
[INFO] Downloaded from central: https://repo.maven.apache.org/maven2/commons-cli/commons-cli/1.4/commons-cli-1.4.jar (54 kB at 438 kB/s)
[INFO] Downloading from central: https://repo.maven.apache.org/maven2/org/apache/maven/wagon/wagon-http/3.4.3/wagon-http-3.4.3.jar
[INFO] Downloaded from central: https://repo.maven.apache.org/maven2/org/codehaus/plexus/plexus-cipher/2.0/plexus-cipher-2.0.jar (13 kB at 103 kB/s)
[INFO] Downloading from central: https://repo.maven.apache.org/maven2/org/apache/maven/wagon/wagon-http-shared/3.4.3/wagon-http-shared-3.4.3.jar
[INFO] Downloaded from central: https://repo.maven.apache.org/maven2/org/apache/maven/resolver/maven-resolver-connector-basic/1.6.3/maven-resolver-connector-basic-1.6.3.jar (46 kB at 355 kB/s)
[INFO] Downloading from central: https://repo.maven.apache.org/maven2/org/jsoup/jsoup/1.14.2/jsoup-1.14.2.jar
[INFO] Downloaded from central: https://repo.maven.apache.org/maven2/org/apache/maven/resolver/maven-resolver-transport-wagon/1.6.3/maven-resolver-transport-wagon-1.6.3.jar (33 kB at 256 kB/s)
[INFO] Downloading from central: https://repo.maven.apache.org/maven2/org/apache/httpcomponents/httpclient/4.5.13/httpclient-4.5.13.jar
[INFO] Downloaded from central: https://repo.maven.apache.org/maven2/org/apache/maven/maven-embedder/3.8.4/maven-embedder-3.8.4.jar (98 kB at 692 kB/s)
[INFO] Downloading from central: https://repo.maven.apache.org/maven2/commons-codec/commons-codec/1.15/commons-codec-1.15.jar
[INFO] Downloaded from central: https://repo.maven.apache.org/maven2/org/apache/maven/wagon/wagon-http/3.4.3/wagon-http-3.4.3.jar (11 kB at 75 kB/s)
[INFO] Downloading from central: https://repo.maven.apache.org/maven2/org/apache/httpcomponents/httpcore/4.4.15/httpcore-4.4.15.jar
[INFO] Downloaded from central: https://repo.maven.apache.org/maven2/org/apache/maven/wagon/wagon-http-shared/3.4.3/wagon-http-shared-3.4.3.jar (43 kB at 271 kB/s)
[INFO] Downloading from central: https://repo.maven.apache.org/maven2/org/apache/maven/wagon/wagon-provider-api/3.4.3/wagon-provider-api-3.4.3.jar
[INFO] Downloaded from central: https://repo.maven.apache.org/maven2/org/jsoup/jsoup/1.14.2/jsoup-1.14.2.jar (414 kB at 2.4 MB/s)
[INFO] Downloading from central: https://repo.maven.apache.org/maven2/org/apache/maven/wagon/wagon-file/3.4.3/wagon-file-3.4.3.jar
[INFO] Downloaded from central: https://repo.maven.apache.org/maven2/org/apache/httpcomponents/httpclient/4.5.13/httpclient-4.5.13.jar (780 kB at 4.2 MB/s)
[INFO] Downloading from central: https://repo.maven.apache.org/maven2/io/quarkus/quarkus-bootstrap-gradle-resolver/2.9.2.Final/quarkus-bootstrap-gradle-resolver-2.9.2.Final.jar
[INFO] Downloaded from central: https://repo.maven.apache.org/maven2/org/apache/maven/wagon/wagon-provider-api/3.4.3/wagon-provider-api-3.4.3.jar (55 kB at 287 kB/s)
[INFO] Downloading from central: https://repo.maven.apache.org/maven2/io/smallrye/common/smallrye-common-io/1.11.0/smallrye-common-io-1.11.0.jar
[INFO] Downloaded from central: https://repo.maven.apache.org/maven2/org/apache/httpcomponents/httpcore/4.4.15/httpcore-4.4.15.jar (328 kB at 1.7 MB/s)
[INFO] Downloaded from central: https://repo.maven.apache.org/maven2/commons-codec/commons-codec/1.15/commons-codec-1.15.jar (354 kB at 1.8 MB/s)
[INFO] Downloading from central: https://repo.maven.apache.org/maven2/io/quarkus/quarkus-core-deployment/2.9.2.Final/quarkus-core-deployment-2.9.2.Final.jar
[INFO] Downloading from central: https://repo.maven.apache.org/maven2/org/aesh/readline/2.2/readline-2.2.jar
[INFO] Downloaded from central: https://repo.maven.apache.org/maven2/org/apache/maven/wagon/wagon-file/3.4.3/wagon-file-3.4.3.jar (11 kB at 58 kB/s)
[INFO] Downloading from central: https://repo.maven.apache.org/maven2/org/fusesource/jansi/jansi/1.18/jansi-1.18.jar
[INFO] Downloaded from central: https://repo.maven.apache.org/maven2/io/smallrye/common/smallrye-common-io/1.11.0/smallrye-common-io-1.11.0.jar (7.9 kB at 35 kB/s)
[INFO] Downloading from central: https://repo.maven.apache.org/maven2/org/aesh/aesh/2.6/aesh-2.6.jar
[INFO] Downloaded from central: https://repo.maven.apache.org/maven2/org/aesh/readline/2.2/readline-2.2.jar (328 kB at 1.4 MB/s)
[INFO] Downloading from central: https://repo.maven.apache.org/maven2/org/apache/commons/commons-lang3/3.12.0/commons-lang3-3.12.0.jar
[INFO] Downloaded from central: https://repo.maven.apache.org/maven2/org/fusesource/jansi/jansi/1.18/jansi-1.18.jar (287 kB at 1.2 MB/s)
[INFO] Downloading from central: https://repo.maven.apache.org/maven2/org/wildfly/common/wildfly-common/1.5.4.Final-format-001/wildfly-common-1.5.4.Final-format-001.jar
[INFO] Downloaded from central: https://repo.maven.apache.org/maven2/io/quarkus/quarkus-core-deployment/2.9.2.Final/quarkus-core-deployment-2.9.2.Final.jar (1.3 MB at 3.6 MB/s)
[INFO] Downloading from central: https://repo.maven.apache.org/maven2/io/quarkus/gizmo/gizmo/1.0.10.Final/gizmo-1.0.10.Final.jar
[INFO] Downloaded from central: https://repo.maven.apache.org/maven2/io/quarkus/quarkus-bootstrap-gradle-resolver/2.9.2.Final/quarkus-bootstrap-gradle-resolver-2.9.2.Final.jar (2.4 MB at 7.0 MB/s)
[INFO] Downloading from central: https://repo.maven.apache.org/maven2/org/ow2/asm/asm-util/9.2/asm-util-9.2.jar
[INFO] Downloaded from central: https://repo.maven.apache.org/maven2/org/wildfly/common/wildfly-common/1.5.4.Final-format-001/wildfly-common-1.5.4.Final-format-001.jar (307 kB at 844 kB/s)
[INFO] Downloading from central: https://repo.maven.apache.org/maven2/org/jboss/jandex/2.4.2.Final/jandex-2.4.2.Final.jar
[INFO] Downloaded from central: https://repo.maven.apache.org/maven2/org/apache/commons/commons-lang3/3.12.0/commons-lang3-3.12.0.jar (587 kB at 1.6 MB/s)
[INFO] Downloading from central: https://repo.maven.apache.org/maven2/org/ow2/asm/asm/9.3/asm-9.3.jar
[INFO] Downloaded from central: https://repo.maven.apache.org/maven2/org/aesh/aesh/2.6/aesh-2.6.jar (364 kB at 976 kB/s)
[INFO] Downloading from central: https://repo.maven.apache.org/maven2/org/ow2/asm/asm-commons/9.3/asm-commons-9.3.jar
[INFO] Downloaded from central: https://repo.maven.apache.org/maven2/io/quarkus/gizmo/gizmo/1.0.10.Final/gizmo-1.0.10.Final.jar (100 kB at 210 kB/s)
[INFO] Downloading from central: https://repo.maven.apache.org/maven2/org/ow2/asm/asm-tree/9.3/asm-tree-9.3.jar
[INFO] Downloaded from central: https://repo.maven.apache.org/maven2/org/ow2/asm/asm-util/9.2/asm-util-9.2.jar (85 kB at 177 kB/s)
[INFO] Downloading from central: https://repo.maven.apache.org/maven2/org/ow2/asm/asm-analysis/9.3/asm-analysis-9.3.jar
[INFO] Downloaded from central: https://repo.maven.apache.org/maven2/org/ow2/asm/asm/9.3/asm-9.3.jar (122 kB at 253 kB/s)
[INFO] Downloading from central: https://repo.maven.apache.org/maven2/io/quarkus/quarkus-development-mode-spi/2.9.2.Final/quarkus-development-mode-spi-2.9.2.Final.jar
[INFO] Downloaded from central: https://repo.maven.apache.org/maven2/org/jboss/jandex/2.4.2.Final/jandex-2.4.2.Final.jar (231 kB at 475 kB/s)
[INFO] Downloading from central: https://repo.maven.apache.org/maven2/io/quarkus/quarkus-class-change-agent/2.9.2.Final/quarkus-class-change-agent-2.9.2.Final.jar
[INFO] Downloaded from central: https://repo.maven.apache.org/maven2/org/ow2/asm/asm-commons/9.3/asm-commons-9.3.jar (73 kB at 146 kB/s)
[INFO] Downloading from central: https://repo.maven.apache.org/maven2/io/quarkus/quarkus-devtools-utilities/2.9.2.Final/quarkus-devtools-utilities-2.9.2.Final.jar
[INFO] Downloaded from central: https://repo.maven.apache.org/maven2/org/ow2/asm/asm-tree/9.3/asm-tree-9.3.jar (53 kB at 105 kB/s)
[INFO] Downloading from central: https://repo.maven.apache.org/maven2/org/eclipse/sisu/org.eclipse.sisu.inject/0.3.5/org.eclipse.sisu.inject-0.3.5.jar
[INFO] Downloaded from central: https://repo.maven.apache.org/maven2/io/quarkus/quarkus-development-mode-spi/2.9.2.Final/quarkus-development-mode-spi-2.9.2.Final.jar (43 kB at 85 kB/s)
[INFO] Downloading from central: https://repo.maven.apache.org/maven2/io/quarkus/quarkus-core/2.9.2.Final/quarkus-core-2.9.2.Final.jar
[INFO] Downloaded from central: https://repo.maven.apache.org/maven2/io/quarkus/quarkus-class-change-agent/2.9.2.Final/quarkus-class-change-agent-2.9.2.Final.jar (3.2 kB at 6.3 kB/s)
[INFO] Downloading from central: https://repo.maven.apache.org/maven2/jakarta/annotation/jakarta.annotation-api/1.3.5/jakarta.annotation-api-1.3.5.jar
[INFO] Downloaded from central: https://repo.maven.apache.org/maven2/org/ow2/asm/asm-analysis/9.3/asm-analysis-9.3.jar (34 kB at 67 kB/s)
[INFO] Downloading from central: https://repo.maven.apache.org/maven2/io/smallrye/config/smallrye-config/2.10.0/smallrye-config-2.10.0.jar
[INFO] Downloaded from central: https://repo.maven.apache.org/maven2/io/quarkus/quarkus-devtools-utilities/2.9.2.Final/quarkus-devtools-utilities-2.9.2.Final.jar (5.3 kB at 10 kB/s)
[INFO] Downloading from central: https://repo.maven.apache.org/maven2/io/smallrye/config/smallrye-config-core/2.10.0/smallrye-config-core-2.10.0.jar
[INFO] Downloaded from central: https://repo.maven.apache.org/maven2/jakarta/annotation/jakarta.annotation-api/1.3.5/jakarta.annotation-api-1.3.5.jar (25 kB at 47 kB/s)
[INFO] Downloading from central: https://repo.maven.apache.org/maven2/org/eclipse/microprofile/config/microprofile-config-api/2.0.1/microprofile-config-api-2.0.1.jar
[INFO] Downloaded from central: https://repo.maven.apache.org/maven2/io/quarkus/quarkus-core/2.9.2.Final/quarkus-core-2.9.2.Final.jar (267 kB at 497 kB/s)
[INFO] Downloading from central: https://repo.maven.apache.org/maven2/io/smallrye/common/smallrye-common-annotation/1.11.0/smallrye-common-annotation-1.11.0.jar
[INFO] Downloaded from central: https://repo.maven.apache.org/maven2/io/smallrye/config/smallrye-config/2.10.0/smallrye-config-2.10.0.jar (34 kB at 63 kB/s)
[INFO] Downloading from central: https://repo.maven.apache.org/maven2/io/smallrye/common/smallrye-common-expression/1.11.0/smallrye-common-expression-1.11.0.jar
[INFO] Downloaded from central: https://repo.maven.apache.org/maven2/org/eclipse/sisu/org.eclipse.sisu.inject/0.3.5/org.eclipse.sisu.inject-0.3.5.jar (379 kB at 695 kB/s)
[INFO] Downloading from central: https://repo.maven.apache.org/maven2/io/smallrye/common/smallrye-common-function/1.11.0/smallrye-common-function-1.11.0.jar
[INFO] Downloaded from central: https://repo.maven.apache.org/maven2/io/smallrye/common/smallrye-common-annotation/1.11.0/smallrye-common-annotation-1.11.0.jar (6.5 kB at 12 kB/s)
[INFO] Downloading from central: https://repo.maven.apache.org/maven2/io/smallrye/common/smallrye-common-classloader/1.11.0/smallrye-common-classloader-1.11.0.jar
[INFO] Downloaded from central: https://repo.maven.apache.org/maven2/org/eclipse/microprofile/config/microprofile-config-api/2.0.1/microprofile-config-api-2.0.1.jar (19 kB at 33 kB/s)
[INFO] Downloading from central: https://repo.maven.apache.org/maven2/io/smallrye/config/smallrye-config-common/2.10.0/smallrye-config-common-2.10.0.jar
[INFO] Downloaded from central: https://repo.maven.apache.org/maven2/io/smallrye/config/smallrye-config-core/2.10.0/smallrye-config-core-2.10.0.jar (254 kB at 446 kB/s)
[INFO] Downloading from central: https://repo.maven.apache.org/maven2/org/jboss/logging/jboss-logging-annotations/2.2.1.Final/jboss-logging-annotations-2.2.1.Final.jar
[INFO] Downloaded from central: https://repo.maven.apache.org/maven2/io/smallrye/common/smallrye-common-expression/1.11.0/smallrye-common-expression-1.11.0.jar (20 kB at 35 kB/s)
[INFO] Downloading from central: https://repo.maven.apache.org/maven2/org/jboss/threads/jboss-threads/3.4.2.Final/jboss-threads-3.4.2.Final.jar
[INFO] Downloaded from central: https://repo.maven.apache.org/maven2/io/smallrye/common/smallrye-common-function/1.11.0/smallrye-common-function-1.11.0.jar (44 kB at 76 kB/s)
[INFO] Downloading from central: https://repo.maven.apache.org/maven2/io/quarkus/quarkus-bootstrap-runner/2.9.2.Final/quarkus-bootstrap-runner-2.9.2.Final.jar
[INFO] Downloaded from central: https://repo.maven.apache.org/maven2/io/smallrye/config/smallrye-config-common/2.10.0/smallrye-config-common-2.10.0.jar (11 kB at 19 kB/s)
[INFO] Downloading from central: https://repo.maven.apache.org/maven2/io/quarkus/quarkus-builder/2.9.2.Final/quarkus-builder-2.9.2.Final.jar
[INFO] Downloaded from central: https://repo.maven.apache.org/maven2/io/smallrye/common/smallrye-common-classloader/1.11.0/smallrye-common-classloader-1.11.0.jar (13 kB at 21 kB/s)
[INFO] Downloading from central: https://repo.maven.apache.org/maven2/org/graalvm/sdk/graal-sdk/22.0.0.2/graal-sdk-22.0.0.2.jar
[INFO] Downloaded from central: https://repo.maven.apache.org/maven2/io/quarkus/quarkus-bootstrap-runner/2.9.2.Final/quarkus-bootstrap-runner-2.9.2.Final.jar (40 kB at 67 kB/s)
[INFO] Downloading from central: https://repo.maven.apache.org/maven2/org/junit/platform/junit-platform-launcher/1.8.2/junit-platform-launcher-1.8.2.jar
[INFO] Downloaded from central: https://repo.maven.apache.org/maven2/org/jboss/logging/jboss-logging-annotations/2.2.1.Final/jboss-logging-annotations-2.2.1.Final.jar (21 kB at 34 kB/s)
[INFO] Downloading from central: https://repo.maven.apache.org/maven2/org/junit/platform/junit-platform-engine/1.8.2/junit-platform-engine-1.8.2.jar
[INFO] Downloaded from central: https://repo.maven.apache.org/maven2/org/jboss/threads/jboss-threads/3.4.2.Final/jboss-threads-3.4.2.Final.jar (103 kB at 171 kB/s)
[INFO] Downloading from central: https://repo.maven.apache.org/maven2/org/opentest4j/opentest4j/1.2.0/opentest4j-1.2.0.jar
[INFO] Downloaded from central: https://repo.maven.apache.org/maven2/io/quarkus/quarkus-builder/2.9.2.Final/quarkus-builder-2.9.2.Final.jar (51 kB at 83 kB/s)
[INFO] Downloading from central: https://repo.maven.apache.org/maven2/org/junit/platform/junit-platform-commons/1.8.2/junit-platform-commons-1.8.2.jar
[INFO] Downloaded from central: https://repo.maven.apache.org/maven2/org/junit/platform/junit-platform-engine/1.8.2/junit-platform-engine-1.8.2.jar (186 kB at 296 kB/s)
[INFO] Downloading from central: https://repo.maven.apache.org/maven2/org/apiguardian/apiguardian-api/1.1.2/apiguardian-api-1.1.2.jar
[INFO] Downloaded from central: https://repo.maven.apache.org/maven2/org/opentest4j/opentest4j/1.2.0/opentest4j-1.2.0.jar (7.7 kB at 12 kB/s)
[INFO] Downloaded from central: https://repo.maven.apache.org/maven2/org/graalvm/sdk/graal-sdk/22.0.0.2/graal-sdk-22.0.0.2.jar (624 kB at 987 kB/s)
[INFO] Downloading from central: https://repo.maven.apache.org/maven2/org/junit/jupiter/junit-jupiter/5.8.2/junit-jupiter-5.8.2.jar
[INFO] Downloading from central: https://repo.maven.apache.org/maven2/org/junit/jupiter/junit-jupiter-api/5.8.2/junit-jupiter-api-5.8.2.jar
[INFO] Downloaded from central: https://repo.maven.apache.org/maven2/org/junit/platform/junit-platform-launcher/1.8.2/junit-platform-launcher-1.8.2.jar (159 kB at 250 kB/s)
[INFO] Downloading from central: https://repo.maven.apache.org/maven2/org/junit/jupiter/junit-jupiter-params/5.8.2/junit-jupiter-params-5.8.2.jar
[INFO] Downloaded from central: https://repo.maven.apache.org/maven2/org/apiguardian/apiguardian-api/1.1.2/apiguardian-api-1.1.2.jar (6.8 kB at 10 kB/s)
[INFO] Downloading from central: https://repo.maven.apache.org/maven2/org/junit/jupiter/junit-jupiter-engine/5.8.2/junit-jupiter-engine-5.8.2.jar
[INFO] Downloaded from central: https://repo.maven.apache.org/maven2/org/junit/platform/junit-platform-commons/1.8.2/junit-platform-commons-1.8.2.jar (100 kB at 154 kB/s)
[INFO] Downloading from central: https://repo.maven.apache.org/maven2/io/quarkus/quarkus-project-core-extension-codestarts/2.9.2.Final/quarkus-project-core-extension-codestarts-2.9.2.Final.jar
[INFO] Downloaded from central: https://repo.maven.apache.org/maven2/org/junit/jupiter/junit-jupiter/5.8.2/junit-jupiter-5.8.2.jar (6.4 kB at 9.7 kB/s)
[INFO] Downloading from central: https://repo.maven.apache.org/maven2/io/quarkus/quarkus-devtools-common/2.9.2.Final/quarkus-devtools-common-2.9.2.Final.jar
[INFO] Downloaded from central: https://repo.maven.apache.org/maven2/org/junit/jupiter/junit-jupiter-api/5.8.2/junit-jupiter-api-5.8.2.jar (194 kB at 290 kB/s)
[INFO] Downloading from central: https://repo.maven.apache.org/maven2/io/quarkus/quarkus-devtools-registry-client/2.9.2.Final/quarkus-devtools-registry-client-2.9.2.Final.jar
[INFO] Downloaded from central: https://repo.maven.apache.org/maven2/org/junit/jupiter/junit-jupiter-params/5.8.2/junit-jupiter-params-5.8.2.jar (577 kB at 857 kB/s)
[INFO] Downloading from central: https://repo.maven.apache.org/maven2/io/quarkus/quarkus-devtools-artifact-api/2.9.2.Final/quarkus-devtools-artifact-api-2.9.2.Final.jar
[INFO] Downloaded from central: https://repo.maven.apache.org/maven2/io/quarkus/quarkus-project-core-extension-codestarts/2.9.2.Final/quarkus-project-core-extension-codestarts-2.9.2.Final.jar (192 kB at 283 kB/s)
[INFO] Downloading from central: https://repo.maven.apache.org/maven2/io/quarkus/quarkus-devtools-message-writer/2.9.2.Final/quarkus-devtools-message-writer-2.9.2.Final.jar
[INFO] Downloaded from central: https://repo.maven.apache.org/maven2/io/quarkus/quarkus-devtools-common/2.9.2.Final/quarkus-devtools-common-2.9.2.Final.jar (271 kB at 395 kB/s)
[INFO] Downloading from central: https://repo.maven.apache.org/maven2/io/smallrye/common/smallrye-common-os/1.11.0/smallrye-common-os-1.11.0.jar
[INFO] Downloaded from central: https://repo.maven.apache.org/maven2/org/junit/jupiter/junit-jupiter-engine/5.8.2/junit-jupiter-engine-5.8.2.jar (230 kB at 334 kB/s)
[INFO] Downloading from central: https://repo.maven.apache.org/maven2/io/quarkus/quarkus-devtools-base-codestarts/2.9.2.Final/quarkus-devtools-base-codestarts-2.9.2.Final.jar
[INFO] Downloaded from central: https://repo.maven.apache.org/maven2/io/quarkus/quarkus-devtools-registry-client/2.9.2.Final/quarkus-devtools-registry-client-2.9.2.Final.jar (216 kB at 308 kB/s)
[INFO] Downloading from central: https://repo.maven.apache.org/maven2/io/quarkus/quarkus-devtools-codestarts/2.9.2.Final/quarkus-devtools-codestarts-2.9.2.Final.jar
[INFO] Downloaded from central: https://repo.maven.apache.org/maven2/io/quarkus/quarkus-devtools-message-writer/2.9.2.Final/quarkus-devtools-message-writer-2.9.2.Final.jar (6.3 kB at 8.9 kB/s)
[INFO] Downloaded from central: https://repo.maven.apache.org/maven2/io/quarkus/quarkus-devtools-artifact-api/2.9.2.Final/quarkus-devtools-artifact-api-2.9.2.Final.jar (7.2 kB at 10 kB/s)
[INFO] Downloading from central: https://repo.maven.apache.org/maven2/io/quarkus/qute/qute-core/2.9.2.Final/qute-core-2.9.2.Final.jar
[INFO] Downloading from central: https://repo.maven.apache.org/maven2/io/smallrye/reactive/mutiny/1.4.0/mutiny-1.4.0.jar
[INFO] Downloaded from central: https://repo.maven.apache.org/maven2/io/smallrye/common/smallrye-common-os/1.11.0/smallrye-common-os-1.11.0.jar (15 kB at 22 kB/s)
[INFO] Downloading from central: https://repo.maven.apache.org/maven2/org/reactivestreams/reactive-streams/1.0.3/reactive-streams-1.0.3.jar
[INFO] Downloaded from central: https://repo.maven.apache.org/maven2/io/quarkus/quarkus-devtools-base-codestarts/2.9.2.Final/quarkus-devtools-base-codestarts-2.9.2.Final.jar (380 kB at 531 kB/s)
[INFO] Downloading from central: https://repo.maven.apache.org/maven2/commons-io/commons-io/2.11.0/commons-io-2.11.0.jar
[INFO] Downloaded from central: https://repo.maven.apache.org/maven2/io/quarkus/quarkus-devtools-codestarts/2.9.2.Final/quarkus-devtools-codestarts-2.9.2.Final.jar (83 kB at 114 kB/s)
[INFO] Downloading from central: https://repo.maven.apache.org/maven2/org/apache/commons/commons-compress/1.21/commons-compress-1.21.jar
[INFO] Downloaded from central: https://repo.maven.apache.org/maven2/org/reactivestreams/reactive-streams/1.0.3/reactive-streams-1.0.3.jar (11 kB at 15 kB/s)
[INFO] Downloaded from central: https://repo.maven.apache.org/maven2/io/quarkus/qute/qute-core/2.9.2.Final/qute-core-2.9.2.Final.jar (261 kB at 353 kB/s)
[INFO] Downloading from central: https://repo.maven.apache.org/maven2/io/smallrye/common/smallrye-common-version/1.11.0/smallrye-common-version-1.11.0.jar
[INFO] Downloading from central: https://repo.maven.apache.org/maven2/io/smallrye/common/smallrye-common-constraint/1.11.0/smallrye-common-constraint-1.11.0.jar
[INFO] Downloaded from central: https://repo.maven.apache.org/maven2/io/smallrye/reactive/mutiny/1.4.0/mutiny-1.4.0.jar (838 kB at 1.1 MB/s)
[INFO] Downloading from central: https://repo.maven.apache.org/maven2/io/fabric8/maven-model-helper/20/maven-model-helper-20.jar
[INFO] Downloaded from central: https://repo.maven.apache.org/maven2/commons-io/commons-io/2.11.0/commons-io-2.11.0.jar (327 kB at 439 kB/s)
[INFO] Downloading from central: https://repo.maven.apache.org/maven2/org/jdom/jdom/1.1.3/jdom-1.1.3.jar
[INFO] Downloaded from central: https://repo.maven.apache.org/maven2/io/smallrye/common/smallrye-common-version/1.11.0/smallrye-common-version-1.11.0.jar (31 kB at 40 kB/s)
[INFO] Downloading from central: https://repo.maven.apache.org/maven2/com/fasterxml/jackson/dataformat/jackson-dataformat-yaml/2.13.3/jackson-dataformat-yaml-2.13.3.jar
[INFO] Downloaded from central: https://repo.maven.apache.org/maven2/io/smallrye/common/smallrye-common-constraint/1.11.0/smallrye-common-constraint-1.11.0.jar (12 kB at 15 kB/s)
[INFO] Downloading from central: https://repo.maven.apache.org/maven2/org/yaml/snakeyaml/1.30/snakeyaml-1.30.jar
[INFO] Downloaded from central: https://repo.maven.apache.org/maven2/org/apache/commons/commons-compress/1.21/commons-compress-1.21.jar (1.0 MB at 1.3 MB/s)
[INFO] Downloaded from central: https://repo.maven.apache.org/maven2/org/jdom/jdom/1.1.3/jdom-1.1.3.jar (151 kB at 192 kB/s)
[INFO] Downloading from central: https://repo.maven.apache.org/maven2/org/apache/maven/maven-plugin-api/3.8.4/maven-plugin-api-3.8.4.jar
[INFO] Downloaded from central: https://repo.maven.apache.org/maven2/io/fabric8/maven-model-helper/20/maven-model-helper-20.jar (28 kB at 35 kB/s)
[INFO] Downloading from central: https://repo.maven.apache.org/maven2/org/apache/maven/maven-model/3.8.4/maven-model-3.8.4.jar
[INFO] Downloading from central: https://repo.maven.apache.org/maven2/org/apache/maven/maven-artifact/3.8.4/maven-artifact-3.8.4.jar
[INFO] Downloaded from central: https://repo.maven.apache.org/maven2/com/fasterxml/jackson/dataformat/jackson-dataformat-yaml/2.13.3/jackson-dataformat-yaml-2.13.3.jar (52 kB at 66 kB/s)
[INFO] Downloading from central: https://repo.maven.apache.org/maven2/org/eclipse/sisu/org.eclipse.sisu.plexus/0.3.5/org.eclipse.sisu.plexus-0.3.5.jar
[INFO] Downloaded from central: https://repo.maven.apache.org/maven2/org/yaml/snakeyaml/1.30/snakeyaml-1.30.jar (332 kB at 410 kB/s)
[INFO] Downloading from central: https://repo.maven.apache.org/maven2/org/codehaus/plexus/plexus-utils/3.3.0/plexus-utils-3.3.0.jar
[INFO] Downloaded from central: https://repo.maven.apache.org/maven2/org/apache/maven/maven-artifact/3.8.4/maven-artifact-3.8.4.jar (58 kB at 72 kB/s)
[INFO] Downloading from central: https://repo.maven.apache.org/maven2/org/codehaus/plexus/plexus-classworlds/2.6.0/plexus-classworlds-2.6.0.jar
[INFO] Downloaded from central: https://repo.maven.apache.org/maven2/org/apache/maven/maven-plugin-api/3.8.4/maven-plugin-api-3.8.4.jar (47 kB at 58 kB/s)
[INFO] Downloading from central: https://repo.maven.apache.org/maven2/jakarta/inject/jakarta.inject-api/1.0/jakarta.inject-api-1.0.jar
[INFO] Downloaded from central: https://repo.maven.apache.org/maven2/org/apache/maven/maven-model/3.8.4/maven-model-3.8.4.jar (215 kB at 263 kB/s)
[INFO] Downloading from central: https://repo.maven.apache.org/maven2/jakarta/enterprise/jakarta.enterprise.cdi-api/2.0.2/jakarta.enterprise.cdi-api-2.0.2.jar
[INFO] Downloaded from central: https://repo.maven.apache.org/maven2/org/eclipse/sisu/org.eclipse.sisu.plexus/0.3.5/org.eclipse.sisu.plexus-0.3.5.jar (205 kB at 250 kB/s)
[INFO] Downloading from central: https://repo.maven.apache.org/maven2/jakarta/el/jakarta.el-api/3.0.3/jakarta.el-api-3.0.3.jar
[INFO] Downloaded from central: https://repo.maven.apache.org/maven2/org/codehaus/plexus/plexus-classworlds/2.6.0/plexus-classworlds-2.6.0.jar (53 kB at 63 kB/s)
[INFO] Downloading from central: https://repo.maven.apache.org/maven2/jakarta/interceptor/jakarta.interceptor-api/1.2.5/jakarta.interceptor-api-1.2.5.jar
[INFO] Downloaded from central: https://repo.maven.apache.org/maven2/org/codehaus/plexus/plexus-utils/3.3.0/plexus-utils-3.3.0.jar (263 kB at 315 kB/s)
[INFO] Downloading from central: https://repo.maven.apache.org/maven2/org/apache/maven/maven-core/3.8.4/maven-core-3.8.4.jar
[INFO] Downloaded from central: https://repo.maven.apache.org/maven2/jakarta/inject/jakarta.inject-api/1.0/jakarta.inject-api-1.0.jar (4.7 kB at 5.5 kB/s)
[INFO] Downloading from central: https://repo.maven.apache.org/maven2/org/apache/maven/maven-settings/3.8.4/maven-settings-3.8.4.jar
[INFO] Downloaded from central: https://repo.maven.apache.org/maven2/jakarta/el/jakarta.el-api/3.0.3/jakarta.el-api-3.0.3.jar (80 kB at 94 kB/s)
[INFO] Downloading from central: https://repo.maven.apache.org/maven2/org/apache/maven/maven-settings-builder/3.8.4/maven-settings-builder-3.8.4.jar
[INFO] Downloaded from central: https://repo.maven.apache.org/maven2/jakarta/enterprise/jakarta.enterprise.cdi-api/2.0.2/jakarta.enterprise.cdi-api-2.0.2.jar (109 kB at 129 kB/s)
[INFO] Downloading from central: https://repo.maven.apache.org/maven2/org/codehaus/plexus/plexus-sec-dispatcher/2.0/plexus-sec-dispatcher-2.0.jar
[INFO] Downloaded from central: https://repo.maven.apache.org/maven2/jakarta/interceptor/jakarta.interceptor-api/1.2.5/jakarta.interceptor-api-1.2.5.jar (25 kB at 29 kB/s)
[INFO] Downloading from central: https://repo.maven.apache.org/maven2/org/apache/maven/maven-builder-support/3.8.4/maven-builder-support-3.8.4.jar
[INFO] Downloaded from central: https://repo.maven.apache.org/maven2/org/apache/maven/maven-core/3.8.4/maven-core-3.8.4.jar (637 kB at 731 kB/s)
[INFO] Downloading from central: https://repo.maven.apache.org/maven2/org/apache/maven/maven-repository-metadata/3.8.4/maven-repository-metadata-3.8.4.jar
[INFO] Downloaded from central: https://repo.maven.apache.org/maven2/org/codehaus/plexus/plexus-sec-dispatcher/2.0/plexus-sec-dispatcher-2.0.jar (24 kB at 27 kB/s)
[INFO] Downloaded from central: https://repo.maven.apache.org/maven2/org/apache/maven/maven-settings/3.8.4/maven-settings-3.8.4.jar (44 kB at 51 kB/s)
[INFO] Downloading from central: https://repo.maven.apache.org/maven2/org/apache/maven/maven-resolver-provider/3.8.4/maven-resolver-provider-3.8.4.jar
[INFO] Downloaded from central: https://repo.maven.apache.org/maven2/org/apache/maven/maven-settings-builder/3.8.4/maven-settings-builder-3.8.4.jar (42 kB at 48 kB/s)
[INFO] Downloading from central: https://repo.maven.apache.org/maven2/org/apache/maven/maven-model-builder/3.8.4/maven-model-builder-3.8.4.jar
[INFO] Downloading from central: https://repo.maven.apache.org/maven2/org/apache/maven/resolver/maven-resolver-impl/1.6.3/maven-resolver-impl-1.6.3.jar
[INFO] Downloaded from central: https://repo.maven.apache.org/maven2/org/apache/maven/maven-builder-support/3.8.4/maven-builder-support-3.8.4.jar (14 kB at 16 kB/s)
[INFO] Downloading from central: https://repo.maven.apache.org/maven2/org/apache/maven/resolver/maven-resolver-api/1.6.3/maven-resolver-api-1.6.3.jar
[INFO] Downloaded from central: https://repo.maven.apache.org/maven2/org/apache/maven/maven-repository-metadata/3.8.4/maven-repository-metadata-3.8.4.jar (27 kB at 30 kB/s)
[INFO] Downloading from central: https://repo.maven.apache.org/maven2/org/apache/maven/resolver/maven-resolver-spi/1.6.3/maven-resolver-spi-1.6.3.jar
[INFO] Downloaded from central: https://repo.maven.apache.org/maven2/org/apache/maven/maven-model-builder/3.8.4/maven-model-builder-3.8.4.jar (192 kB at 214 kB/s)
[INFO] Downloading from central: https://repo.maven.apache.org/maven2/org/apache/maven/resolver/maven-resolver-util/1.6.3/maven-resolver-util-1.6.3.jar
[INFO] Downloaded from central: https://repo.maven.apache.org/maven2/org/apache/maven/resolver/maven-resolver-api/1.6.3/maven-resolver-api-1.6.3.jar (149 kB at 151 kB/s)
[INFO] Downloading from central: https://repo.maven.apache.org/maven2/org/apache/maven/shared/maven-shared-utils/3.3.4/maven-shared-utils-3.3.4.jar
[INFO] Downloaded from central: https://repo.maven.apache.org/maven2/org/apache/maven/maven-resolver-provider/3.8.4/maven-resolver-provider-3.8.4.jar (67 kB at 68 kB/s)
[INFO] Downloading from central: https://repo.maven.apache.org/maven2/com/google/inject/guice/4.2.2/guice-4.2.2-no_aop.jar
[INFO] Downloaded from central: https://repo.maven.apache.org/maven2/org/apache/maven/resolver/maven-resolver-impl/1.6.3/maven-resolver-impl-1.6.3.jar (180 kB at 180 kB/s)
[INFO] Downloading from central: https://repo.maven.apache.org/maven2/aopalliance/aopalliance/1.0/aopalliance-1.0.jar
[INFO] Downloaded from central: https://repo.maven.apache.org/maven2/org/apache/maven/resolver/maven-resolver-spi/1.6.3/maven-resolver-spi-1.6.3.jar (38 kB at 38 kB/s)
[INFO] Downloading from central: https://repo.maven.apache.org/maven2/com/google/guava/guava/31.1-jre/guava-31.1-jre.jar
[INFO] Downloaded from central: https://repo.maven.apache.org/maven2/org/apache/maven/shared/maven-shared-utils/3.3.4/maven-shared-utils-3.3.4.jar (153 kB at 150 kB/s)
[INFO] Downloading from central: https://repo.maven.apache.org/maven2/com/google/guava/failureaccess/1.0.1/failureaccess-1.0.1.jar
[INFO] Downloaded from central: https://repo.maven.apache.org/maven2/org/apache/maven/resolver/maven-resolver-util/1.6.3/maven-resolver-util-1.6.3.jar (169 kB at 165 kB/s)
[INFO] Downloading from central: https://repo.maven.apache.org/maven2/com/google/errorprone/error_prone_annotations/2.13.1/error_prone_annotations-2.13.1.jar
[INFO] Downloaded from central: https://repo.maven.apache.org/maven2/aopalliance/aopalliance/1.0/aopalliance-1.0.jar (4.5 kB at 4.3 kB/s)
[INFO] Downloading from central: https://repo.maven.apache.org/maven2/com/google/j2objc/j2objc-annotations/1.3/j2objc-annotations-1.3.jar
[INFO] Downloaded from central: https://repo.maven.apache.org/maven2/com/google/inject/guice/4.2.2/guice-4.2.2-no_aop.jar (521 kB at 506 kB/s)
[INFO] Downloading from central: https://repo.maven.apache.org/maven2/org/codehaus/plexus/plexus-interpolation/1.26/plexus-interpolation-1.26.jar
[INFO] Downloaded from central: https://repo.maven.apache.org/maven2/com/google/guava/failureaccess/1.0.1/failureaccess-1.0.1.jar (4.6 kB at 4.4 kB/s)
[INFO] Downloading from central: https://repo.maven.apache.org/maven2/org/codehaus/plexus/plexus-component-annotations/2.1.0/plexus-component-annotations-2.1.0.jar
[INFO] Downloaded from central: https://repo.maven.apache.org/maven2/com/google/errorprone/error_prone_annotations/2.13.1/error_prone_annotations-2.13.1.jar (16 kB at 15 kB/s)
[INFO] Downloading from central: https://repo.maven.apache.org/maven2/org/freemarker/freemarker/2.3.31/freemarker-2.3.31.jar
[INFO] Downloaded from central: https://repo.maven.apache.org/maven2/com/google/j2objc/j2objc-annotations/1.3/j2objc-annotations-1.3.jar (8.8 kB at 8.3 kB/s)
[INFO] Downloaded from central: https://repo.maven.apache.org/maven2/org/codehaus/plexus/plexus-interpolation/1.26/plexus-interpolation-1.26.jar (85 kB at 81 kB/s)
[INFO] Downloading from central: https://repo.maven.apache.org/maven2/com/fasterxml/jackson/core/jackson-databind/2.13.3/jackson-databind-2.13.3.jar
[INFO] Downloading from central: https://repo.maven.apache.org/maven2/org/glassfish/jakarta.json/1.1.6/jakarta.json-1.1.6.jar
[INFO] Downloaded from central: https://repo.maven.apache.org/maven2/org/codehaus/plexus/plexus-component-annotations/2.1.0/plexus-component-annotations-2.1.0.jar (4.2 kB at 3.9 kB/s)
[INFO] Downloading from central: https://repo.maven.apache.org/maven2/com/fasterxml/jackson/core/jackson-annotations/2.13.3/jackson-annotations-2.13.3.jar
[INFO] Downloaded from central: https://repo.maven.apache.org/maven2/com/google/guava/guava/31.1-jre/guava-31.1-jre.jar (3.0 MB at 2.7 MB/s)
[INFO] Downloading from central: https://repo.maven.apache.org/maven2/com/fasterxml/jackson/core/jackson-core/2.13.3/jackson-core-2.13.3.jar
[INFO] Downloaded from central: https://repo.maven.apache.org/maven2/org/glassfish/jakarta.json/1.1.6/jakarta.json-1.1.6.jar (140 kB at 128 kB/s)
[INFO] Downloading from central: https://repo.maven.apache.org/maven2/org/twdata/maven/mojo-executor/2.3.1/mojo-executor-2.3.1.jar
[INFO] Downloaded from central: https://repo.maven.apache.org/maven2/org/freemarker/freemarker/2.3.31/freemarker-2.3.31.jar (1.7 MB at 1.5 MB/s)
[INFO] Downloading from central: https://repo.maven.apache.org/maven2/org/slf4j/slf4j-api/1.7.36/slf4j-api-1.7.36.jar
[INFO] Downloaded from central: https://repo.maven.apache.org/maven2/com/fasterxml/jackson/core/jackson-annotations/2.13.3/jackson-annotations-2.13.3.jar (76 kB at 68 kB/s)
[INFO] Downloading from central: https://repo.maven.apache.org/maven2/org/jboss/slf4j/slf4j-jboss-logmanager/1.1.0.Final/slf4j-jboss-logmanager-1.1.0.Final.jar
[INFO] Downloaded from central: https://repo.maven.apache.org/maven2/com/fasterxml/jackson/core/jackson-databind/2.13.3/jackson-databind-2.13.3.jar (1.5 MB at 1.4 MB/s)
[INFO] Downloaded from central: https://repo.maven.apache.org/maven2/org/slf4j/slf4j-api/1.7.36/slf4j-api-1.7.36.jar (41 kB at 36 kB/s)
[INFO] Downloaded from central: https://repo.maven.apache.org/maven2/com/fasterxml/jackson/core/jackson-core/2.13.3/jackson-core-2.13.3.jar (375 kB at 331 kB/s)
[INFO] Downloaded from central: https://repo.maven.apache.org/maven2/org/jboss/slf4j/slf4j-jboss-logmanager/1.1.0.Final/slf4j-jboss-logmanager-1.1.0.Final.jar (11 kB at 9.4 kB/s)
[INFO] Downloaded from central: https://repo.maven.apache.org/maven2/org/twdata/maven/mojo-executor/2.3.1/mojo-executor-2.3.1.jar (13 kB at 11 kB/s)
[INFO] 
[INFO] -------------------< cloud.caravana:java-interviews >-------------------
[INFO] Building java-interviews 1.0.0-SNAPSHOT
[INFO]   from pom.xml
[INFO] --------------------------------[ jar ]---------------------------------
[INFO] Downloading from central: https://repo.maven.apache.org/maven2/org/jacoco/jacoco-maven-plugin/0.8.7/jacoco-maven-plugin-0.8.7.pom
[INFO] Downloaded from central: https://repo.maven.apache.org/maven2/org/jacoco/jacoco-maven-plugin/0.8.7/jacoco-maven-plugin-0.8.7.pom (3.7 kB at 113 kB/s)
[INFO] Downloading from central: https://repo.maven.apache.org/maven2/org/jacoco/org.jacoco.build/0.8.7/org.jacoco.build-0.8.7.pom
[INFO] Downloaded from central: https://repo.maven.apache.org/maven2/org/jacoco/org.jacoco.build/0.8.7/org.jacoco.build-0.8.7.pom (43 kB at 1.4 MB/s)
[INFO] Downloading from central: https://repo.maven.apache.org/maven2/org/jacoco/jacoco-maven-plugin/0.8.7/jacoco-maven-plugin-0.8.7.jar
[INFO] Downloaded from central: https://repo.maven.apache.org/maven2/org/jacoco/jacoco-maven-plugin/0.8.7/jacoco-maven-plugin-0.8.7.jar (56 kB at 1.2 MB/s)
[INFO] Downloading from central: https://repo.maven.apache.org/maven2/org/apache/maven/plugins/maven-resources-plugin/3.4.0/maven-resources-plugin-3.4.0.pom
[INFO] Downloaded from central: https://repo.maven.apache.org/maven2/org/apache/maven/plugins/maven-resources-plugin/3.4.0/maven-resources-plugin-3.4.0.pom (7.9 kB at 238 kB/s)
[INFO] Downloading from central: https://repo.maven.apache.org/maven2/org/apache/maven/plugins/maven-plugins/45/maven-plugins-45.pom
[INFO] Downloaded from central: https://repo.maven.apache.org/maven2/org/apache/maven/plugins/maven-plugins/45/maven-plugins-45.pom (8.4 kB at 298 kB/s)
[INFO] Downloading from central: https://repo.maven.apache.org/maven2/org/apache/maven/maven-parent/45/maven-parent-45.pom
[INFO] Downloaded from central: https://repo.maven.apache.org/maven2/org/apache/maven/maven-parent/45/maven-parent-45.pom (53 kB at 1.5 MB/s)
[INFO] Downloading from central: https://repo.maven.apache.org/maven2/org/apache/apache/35/apache-35.pom
[INFO] Downloaded from central: https://repo.maven.apache.org/maven2/org/apache/apache/35/apache-35.pom (24 kB at 758 kB/s)
[INFO] Downloading from central: https://repo.maven.apache.org/maven2/org/junit/junit-bom/5.13.1/junit-bom-5.13.1.pom
[INFO] Downloaded from central: https://repo.maven.apache.org/maven2/org/junit/junit-bom/5.13.1/junit-bom-5.13.1.pom (5.6 kB at 177 kB/s)
[INFO] Downloading from central: https://repo.maven.apache.org/maven2/org/apache/maven/plugins/maven-resources-plugin/3.4.0/maven-resources-plugin-3.4.0.jar
[INFO] Downloaded from central: https://repo.maven.apache.org/maven2/org/apache/maven/plugins/maven-resources-plugin/3.4.0/maven-resources-plugin-3.4.0.jar (31 kB at 995 kB/s)
[INFO] Downloading from central: https://repo.maven.apache.org/maven2/org/apache/maven/plugins/maven-compiler-plugin/3.13.0/maven-compiler-plugin-3.13.0.pom
[INFO] Downloaded from central: https://repo.maven.apache.org/maven2/org/apache/maven/plugins/maven-compiler-plugin/3.13.0/maven-compiler-plugin-3.13.0.pom (10 kB at 337 kB/s)
[INFO] Downloading from central: https://repo.maven.apache.org/maven2/org/apache/maven/plugins/maven-plugins/41/maven-plugins-41.pom
[INFO] Downloaded from central: https://repo.maven.apache.org/maven2/org/apache/maven/plugins/maven-plugins/41/maven-plugins-41.pom (7.4 kB at 59 kB/s)
[INFO] Downloading from central: https://repo.maven.apache.org/maven2/org/apache/maven/maven-parent/41/maven-parent-41.pom
[INFO] Downloaded from central: https://repo.maven.apache.org/maven2/org/apache/maven/maven-parent/41/maven-parent-41.pom (50 kB at 1.4 MB/s)
[INFO] Downloading from central: https://repo.maven.apache.org/maven2/org/apache/apache/31/apache-31.pom
[INFO] Downloaded from central: https://repo.maven.apache.org/maven2/org/apache/apache/31/apache-31.pom (24 kB at 735 kB/s)
[INFO] Downloading from central: https://repo.maven.apache.org/maven2/org/apache/maven/plugins/maven-compiler-plugin/3.13.0/maven-compiler-plugin-3.13.0.jar
[INFO] Downloaded from central: https://repo.maven.apache.org/maven2/org/apache/maven/plugins/maven-compiler-plugin/3.13.0/maven-compiler-plugin-3.13.0.jar (83 kB at 2.4 MB/s)
[INFO] Downloading from central: https://repo.maven.apache.org/maven2/org/apache/maven/plugins/maven-surefire-plugin/3.0.0-M5/maven-surefire-plugin-3.0.0-M5.pom
[INFO] Downloaded from central: https://repo.maven.apache.org/maven2/org/apache/maven/plugins/maven-surefire-plugin/3.0.0-M5/maven-surefire-plugin-3.0.0-M5.pom (8.0 kB at 212 kB/s)
[INFO] Downloading from central: https://repo.maven.apache.org/maven2/org/apache/maven/surefire/surefire/3.0.0-M5/surefire-3.0.0-M5.pom
[INFO] Downloaded from central: https://repo.maven.apache.org/maven2/org/apache/maven/surefire/surefire/3.0.0-M5/surefire-3.0.0-M5.pom (27 kB at 652 kB/s)
[INFO] Downloading from central: https://repo.maven.apache.org/maven2/org/apache/maven/plugins/maven-surefire-plugin/3.0.0-M5/maven-surefire-plugin-3.0.0-M5.jar
[INFO] Downloaded from central: https://repo.maven.apache.org/maven2/org/apache/maven/plugins/maven-surefire-plugin/3.0.0-M5/maven-surefire-plugin-3.0.0-M5.jar (43 kB at 1.6 MB/s)
[INFO] Downloading from central: https://repo.maven.apache.org/maven2/org/apache/maven/plugins/maven-jar-plugin/3.5.0/maven-jar-plugin-3.5.0.pom
[INFO] Downloaded from central: https://repo.maven.apache.org/maven2/org/apache/maven/plugins/maven-jar-plugin/3.5.0/maven-jar-plugin-3.5.0.pom (7.6 kB at 55 kB/s)
[INFO] Downloading from central: https://repo.maven.apache.org/maven2/org/apache/maven/plugins/maven-jar-plugin/3.5.0/maven-jar-plugin-3.5.0.jar
[INFO] Downloaded from central: https://repo.maven.apache.org/maven2/org/apache/maven/plugins/maven-jar-plugin/3.5.0/maven-jar-plugin-3.5.0.jar (35 kB at 331 kB/s)
[INFO] Downloading from central: https://repo.maven.apache.org/maven2/org/apache/maven/plugins/maven-install-plugin/3.1.4/maven-install-plugin-3.1.4.pom
[INFO] Downloaded from central: https://repo.maven.apache.org/maven2/org/apache/maven/plugins/maven-install-plugin/3.1.4/maven-install-plugin-3.1.4.pom (8.1 kB at 225 kB/s)
[INFO] Downloading from central: https://repo.maven.apache.org/maven2/org/apache/maven/plugins/maven-plugins/43/maven-plugins-43.pom
[INFO] Downloaded from central: https://repo.maven.apache.org/maven2/org/apache/maven/plugins/maven-plugins/43/maven-plugins-43.pom (7.5 kB at 226 kB/s)
[INFO] Downloading from central: https://repo.maven.apache.org/maven2/org/apache/maven/maven-parent/43/maven-parent-43.pom
[INFO] Downloaded from central: https://repo.maven.apache.org/maven2/org/apache/maven/maven-parent/43/maven-parent-43.pom (50 kB at 1.4 MB/s)
[INFO] Downloading from central: https://repo.maven.apache.org/maven2/org/apache/apache/33/apache-33.pom
[INFO] Downloaded from central: https://repo.maven.apache.org/maven2/org/apache/apache/33/apache-33.pom (24 kB at 733 kB/s)
[INFO] Downloading from central: https://repo.maven.apache.org/maven2/org/junit/junit-bom/5.10.3/junit-bom-5.10.3.pom
[INFO] Downloaded from central: https://repo.maven.apache.org/maven2/org/junit/junit-bom/5.10.3/junit-bom-5.10.3.pom (5.6 kB at 177 kB/s)
[INFO] Downloading from central: https://repo.maven.apache.org/maven2/org/apache/maven/plugins/maven-install-plugin/3.1.4/maven-install-plugin-3.1.4.jar
[INFO] Downloaded from central: https://repo.maven.apache.org/maven2/org/apache/maven/plugins/maven-install-plugin/3.1.4/maven-install-plugin-3.1.4.jar (33 kB at 815 kB/s)
[INFO] Downloading from central: https://repo.maven.apache.org/maven2/io/quarkus/quarkus-arc/2.9.2.Final/quarkus-arc-2.9.2.Final.pom
[INFO] Downloaded from central: https://repo.maven.apache.org/maven2/io/quarkus/quarkus-arc/2.9.2.Final/quarkus-arc-2.9.2.Final.pom (1.8 kB at 63 kB/s)
[INFO] Downloading from central: https://repo.maven.apache.org/maven2/io/quarkus/quarkus-arc-parent/2.9.2.Final/quarkus-arc-parent-2.9.2.Final.pom
[INFO] Downloaded from central: https://repo.maven.apache.org/maven2/io/quarkus/quarkus-arc-parent/2.9.2.Final/quarkus-arc-parent-2.9.2.Final.pom (734 B at 14 kB/s)
[INFO] Downloading from central: https://repo.maven.apache.org/maven2/io/quarkus/quarkus-extensions-parent/2.9.2.Final/quarkus-extensions-parent-2.9.2.Final.pom
[INFO] Downloaded from central: https://repo.maven.apache.org/maven2/io/quarkus/quarkus-extensions-parent/2.9.2.Final/quarkus-extensions-parent-2.9.2.Final.pom (8.3 kB at 244 kB/s)
[INFO] Downloading from central: https://repo.maven.apache.org/maven2/io/quarkus/arc/arc/2.9.2.Final/arc-2.9.2.Final.pom
[INFO] Downloaded from central: https://repo.maven.apache.org/maven2/io/quarkus/arc/arc/2.9.2.Final/arc-2.9.2.Final.pom (1.4 kB at 12 kB/s)
[INFO] Downloading from central: https://repo.maven.apache.org/maven2/io/quarkus/arc/arc-parent/2.9.2.Final/arc-parent-2.9.2.Final.pom
[INFO] Downloaded from central: https://repo.maven.apache.org/maven2/io/quarkus/arc/arc-parent/2.9.2.Final/arc-parent-2.9.2.Final.pom (26 kB at 647 kB/s)
[INFO] Downloading from central: https://repo.maven.apache.org/maven2/jakarta/ejb/jakarta.ejb-api/3.2.6/jakarta.ejb-api-3.2.6.pom
[INFO] Downloaded from central: https://repo.maven.apache.org/maven2/jakarta/ejb/jakarta.ejb-api/3.2.6/jakarta.ejb-api-3.2.6.pom (19 kB at 465 kB/s)
[INFO] Downloading from central: https://repo.maven.apache.org/maven2/jakarta/transaction/jakarta.transaction-api/1.3.2/jakarta.transaction-api-1.3.2.pom
[INFO] Downloaded from central: https://repo.maven.apache.org/maven2/jakarta/transaction/jakarta.transaction-api/1.3.2/jakarta.transaction-api-1.3.2.pom (13 kB at 292 kB/s)
[INFO] Downloading from central: https://repo.maven.apache.org/maven2/jakarta/transaction/jakarta.transaction-api/1.3.3/jakarta.transaction-api-1.3.3.pom
[INFO] Downloaded from central: https://repo.maven.apache.org/maven2/jakarta/transaction/jakarta.transaction-api/1.3.3/jakarta.transaction-api-1.3.3.pom (13 kB at 373 kB/s)
[INFO] Downloading from central: https://repo.maven.apache.org/maven2/org/wildfly/common/wildfly-common/1.5.0.Final-format-001/wildfly-common-1.5.0.Final-format-001.pom
[INFO] Downloaded from central: https://repo.maven.apache.org/maven2/org/wildfly/common/wildfly-common/1.5.0.Final-format-001/wildfly-common-1.5.0.Final-format-001.pom (7.3 kB at 221 kB/s)
[INFO] Downloading from central: https://repo.maven.apache.org/maven2/org/jboss/logging/jboss-logging/3.4.1.Final/jboss-logging-3.4.1.Final.pom
[INFO] Downloaded from central: https://repo.maven.apache.org/maven2/org/jboss/logging/jboss-logging/3.4.1.Final/jboss-logging-3.4.1.Final.pom (5.0 kB at 178 kB/s)
[INFO] Downloading from central: https://repo.maven.apache.org/maven2/org/wildfly/common/wildfly-common/1.5.0.Final/wildfly-common-1.5.0.Final.pom
[INFO] Downloaded from central: https://repo.maven.apache.org/maven2/org/wildfly/common/wildfly-common/1.5.0.Final/wildfly-common-1.5.0.Final.pom (7.3 kB at 59 kB/s)
[INFO] Downloading from central: https://repo.maven.apache.org/maven2/org/eclipse/microprofile/context-propagation/microprofile-context-propagation-api/1.2/microprofile-context-propagation-api-1.2.pom
[INFO] Downloaded from central: https://repo.maven.apache.org/maven2/org/eclipse/microprofile/context-propagation/microprofile-context-propagation-api/1.2/microprofile-context-propagation-api-1.2.pom (6.4 kB at 54 kB/s)
[INFO] Downloading from central: https://repo.maven.apache.org/maven2/org/eclipse/microprofile/context-propagation/microprofile-context-propagation-parent/1.2/microprofile-context-propagation-parent-1.2.pom
[INFO] Downloaded from central: https://repo.maven.apache.org/maven2/org/eclipse/microprofile/context-propagation/microprofile-context-propagation-parent/1.2/microprofile-context-propagation-parent-1.2.pom (13 kB at 402 kB/s)
[INFO] Downloading from central: https://repo.maven.apache.org/maven2/io/quarkus/quarkus-resteasy/2.9.2.Final/quarkus-resteasy-2.9.2.Final.pom
[INFO] Downloaded from central: https://repo.maven.apache.org/maven2/io/quarkus/quarkus-resteasy/2.9.2.Final/quarkus-resteasy-2.9.2.Final.pom (2.5 kB at 76 kB/s)
[INFO] Downloading from central: https://repo.maven.apache.org/maven2/io/quarkus/quarkus-resteasy-parent/2.9.2.Final/quarkus-resteasy-parent-2.9.2.Final.pom
[INFO] Downloaded from central: https://repo.maven.apache.org/maven2/io/quarkus/quarkus-resteasy-parent/2.9.2.Final/quarkus-resteasy-parent-2.9.2.Final.pom (753 B at 28 kB/s)
[INFO] Downloading from central: https://repo.maven.apache.org/maven2/io/quarkus/quarkus-resteasy-parent-aggregator/2.9.2.Final/quarkus-resteasy-parent-aggregator-2.9.2.Final.pom
[INFO] Downloaded from central: https://repo.maven.apache.org/maven2/io/quarkus/quarkus-resteasy-parent-aggregator/2.9.2.Final/quarkus-resteasy-parent-aggregator-2.9.2.Final.pom (1.4 kB at 41 kB/s)
[INFO] Downloading from central: https://repo.maven.apache.org/maven2/io/quarkus/quarkus-vertx-http/2.9.2.Final/quarkus-vertx-http-2.9.2.Final.pom
[INFO] Downloaded from central: https://repo.maven.apache.org/maven2/io/quarkus/quarkus-vertx-http/2.9.2.Final/quarkus-vertx-http-2.9.2.Final.pom (4.5 kB at 154 kB/s)
[INFO] Downloading from central: https://repo.maven.apache.org/maven2/io/quarkus/quarkus-vertx-http-parent/2.9.2.Final/quarkus-vertx-http-parent-2.9.2.Final.pom
[INFO] Downloaded from central: https://repo.maven.apache.org/maven2/io/quarkus/quarkus-vertx-http-parent/2.9.2.Final/quarkus-vertx-http-parent-2.9.2.Final.pom (880 B at 28 kB/s)
[INFO] Downloading from central: https://repo.maven.apache.org/maven2/io/quarkus/quarkus-ide-launcher/2.9.2.Final/quarkus-ide-launcher-2.9.2.Final.pom
[INFO] Downloaded from central: https://repo.maven.apache.org/maven2/io/quarkus/quarkus-ide-launcher/2.9.2.Final/quarkus-ide-launcher-2.9.2.Final.pom (2.4 kB at 79 kB/s)
[INFO] Downloading from central: https://repo.maven.apache.org/maven2/io/quarkus/quarkus-security-runtime-spi/2.9.2.Final/quarkus-security-runtime-spi-2.9.2.Final.pom
[INFO] Downloaded from central: https://repo.maven.apache.org/maven2/io/quarkus/quarkus-security-runtime-spi/2.9.2.Final/quarkus-security-runtime-spi-2.9.2.Final.pom (1.5 kB at 50 kB/s)
[INFO] Downloading from central: https://repo.maven.apache.org/maven2/io/quarkus/quarkus-security-parent/2.9.2.Final/quarkus-security-parent-2.9.2.Final.pom
[INFO] Downloaded from central: https://repo.maven.apache.org/maven2/io/quarkus/quarkus-security-parent/2.9.2.Final/quarkus-security-parent-2.9.2.Final.pom (845 B at 26 kB/s)
[INFO] Downloading from central: https://repo.maven.apache.org/maven2/io/quarkus/security/quarkus-security/1.1.4.Final/quarkus-security-1.1.4.Final.pom
[INFO] Downloaded from central: https://repo.maven.apache.org/maven2/io/quarkus/security/quarkus-security/1.1.4.Final/quarkus-security-1.1.4.Final.pom (5.6 kB at 182 kB/s)
[INFO] Downloading from central: https://repo.maven.apache.org/maven2/org/jboss/logging/jboss-logging/3.3.2.Final/jboss-logging-3.3.2.Final.pom
[INFO] Downloaded from central: https://repo.maven.apache.org/maven2/org/jboss/logging/jboss-logging/3.3.2.Final/jboss-logging-3.3.2.Final.pom (6.4 kB at 235 kB/s)
[INFO] Downloading from central: https://repo.maven.apache.org/maven2/org/jboss/jboss-parent/15/jboss-parent-15.pom
[INFO] Downloaded from central: https://repo.maven.apache.org/maven2/org/jboss/jboss-parent/15/jboss-parent-15.pom (32 kB at 1.1 MB/s)
[INFO] Downloading from central: https://repo.maven.apache.org/maven2/io/smallrye/reactive/mutiny/0.4.3/mutiny-0.4.3.pom
[INFO] Downloaded from central: https://repo.maven.apache.org/maven2/io/smallrye/reactive/mutiny/0.4.3/mutiny-0.4.3.pom (3.0 kB at 25 kB/s)
[INFO] Downloading from central: https://repo.maven.apache.org/maven2/io/smallrye/reactive/mutiny-project/0.4.3/mutiny-project-0.4.3.pom
[INFO] Downloaded from central: https://repo.maven.apache.org/maven2/io/smallrye/reactive/mutiny-project/0.4.3/mutiny-project-0.4.3.pom (11 kB at 380 kB/s)
[INFO] Downloading from central: https://repo.maven.apache.org/maven2/io/smallrye/smallrye-parent/15/smallrye-parent-15.pom
[INFO] Downloaded from central: https://repo.maven.apache.org/maven2/io/smallrye/smallrye-parent/15/smallrye-parent-15.pom (39 kB at 1.2 MB/s)
[INFO] Downloading from central: https://repo.maven.apache.org/maven2/org/jboss/arquillian/arquillian-bom/1.5.0.Final/arquillian-bom-1.5.0.Final.pom
[INFO] Downloaded from central: https://repo.maven.apache.org/maven2/org/jboss/arquillian/arquillian-bom/1.5.0.Final/arquillian-bom-1.5.0.Final.pom (9.1 kB at 338 kB/s)
[INFO] Downloading from sonatype-snapshots: https://oss.sonatype.org/content/repositories/snapshots/org/jboss/shrinkwrap/resolver/shrinkwrap-resolver-bom/2.2.6/shrinkwrap-resolver-bom-2.2.6.pom
[INFO] Downloading from central: https://repo.maven.apache.org/maven2/org/jboss/shrinkwrap/resolver/shrinkwrap-resolver-bom/2.2.6/shrinkwrap-resolver-bom-2.2.6.pom
[INFO] Downloaded from central: https://repo.maven.apache.org/maven2/org/jboss/shrinkwrap/resolver/shrinkwrap-resolver-bom/2.2.6/shrinkwrap-resolver-bom-2.2.6.pom (5.3 kB at 45 kB/s)
[INFO] Downloading from central: https://repo.maven.apache.org/maven2/io/quarkus/quarkus-mutiny/2.9.2.Final/quarkus-mutiny-2.9.2.Final.pom
[INFO] Downloaded from central: https://repo.maven.apache.org/maven2/io/quarkus/quarkus-mutiny/2.9.2.Final/quarkus-mutiny-2.9.2.Final.pom (2.6 kB at 22 kB/s)
[INFO] Downloading from central: https://repo.maven.apache.org/maven2/io/quarkus/quarkus-mutiny-parent/2.9.2.Final/quarkus-mutiny-parent-2.9.2.Final.pom
[INFO] Downloaded from central: https://repo.maven.apache.org/maven2/io/quarkus/quarkus-mutiny-parent/2.9.2.Final/quarkus-mutiny-parent-2.9.2.Final.pom (739 B at 17 kB/s)
[INFO] Downloading from central: https://repo.maven.apache.org/maven2/io/smallrye/common/smallrye-common-annotation/1.10.0/smallrye-common-annotation-1.10.0.pom
[INFO] Downloaded from central: https://repo.maven.apache.org/maven2/io/smallrye/common/smallrye-common-annotation/1.10.0/smallrye-common-annotation-1.10.0.pom (1.9 kB at 53 kB/s)
[INFO] Downloading from central: https://repo.maven.apache.org/maven2/io/smallrye/common/smallrye-common-parent/1.10.0/smallrye-common-parent-1.10.0.pom
[INFO] Downloaded from central: https://repo.maven.apache.org/maven2/io/smallrye/common/smallrye-common-parent/1.10.0/smallrye-common-parent-1.10.0.pom (7.8 kB at 210 kB/s)
[INFO] Downloading from central: https://repo.maven.apache.org/maven2/io/smallrye/smallrye-parent/34/smallrye-parent-34.pom
[INFO] Downloaded from central: https://repo.maven.apache.org/maven2/io/smallrye/smallrye-parent/34/smallrye-parent-34.pom (9.8 kB at 305 kB/s)
[INFO] Downloading from central: https://repo.maven.apache.org/maven2/io/smallrye/smallrye-build-parent/34/smallrye-build-parent-34.pom
[INFO] Downloaded from central: https://repo.maven.apache.org/maven2/io/smallrye/smallrye-build-parent/34/smallrye-build-parent-34.pom (66 kB at 1.8 MB/s)
[INFO] Downloading from central: https://repo.maven.apache.org/maven2/io/quarkus/quarkus-smallrye-context-propagation/2.9.2.Final/quarkus-smallrye-context-propagation-2.9.2.Final.pom
[INFO] Downloaded from central: https://repo.maven.apache.org/maven2/io/quarkus/quarkus-smallrye-context-propagation/2.9.2.Final/quarkus-smallrye-context-propagation-2.9.2.Final.pom (2.3 kB at 70 kB/s)
[INFO] Downloading from central: https://repo.maven.apache.org/maven2/io/quarkus/quarkus-smallrye-context-propagation-parent/2.9.2.Final/quarkus-smallrye-context-propagation-parent-2.9.2.Final.pom
[INFO] Downloaded from central: https://repo.maven.apache.org/maven2/io/quarkus/quarkus-smallrye-context-propagation-parent/2.9.2.Final/quarkus-smallrye-context-propagation-parent-2.9.2.Final.pom (784 B at 25 kB/s)
[INFO] Downloading from central: https://repo.maven.apache.org/maven2/io/smallrye/smallrye-context-propagation/1.2.2/smallrye-context-propagation-1.2.2.pom
[INFO] Downloaded from central: https://repo.maven.apache.org/maven2/io/smallrye/smallrye-context-propagation/1.2.2/smallrye-context-propagation-1.2.2.pom (1.9 kB at 55 kB/s)
[INFO] Downloading from central: https://repo.maven.apache.org/maven2/io/smallrye/smallrye-context-propagation-parent/1.2.2/smallrye-context-propagation-parent-1.2.2.pom
[INFO] Downloaded from central: https://repo.maven.apache.org/maven2/io/smallrye/smallrye-context-propagation-parent/1.2.2/smallrye-context-propagation-parent-1.2.2.pom (6.9 kB at 192 kB/s)
[INFO] Downloading from central: https://repo.maven.apache.org/maven2/io/smallrye/smallrye-parent/26/smallrye-parent-26.pom
[INFO] Downloaded from central: https://repo.maven.apache.org/maven2/io/smallrye/smallrye-parent/26/smallrye-parent-26.pom (59 kB at 1.8 MB/s)
[INFO] Downloading from central: https://repo.maven.apache.org/maven2/io/smallrye/smallrye-context-propagation-api/1.2.2/smallrye-context-propagation-api-1.2.2.pom
[INFO] Downloaded from central: https://repo.maven.apache.org/maven2/io/smallrye/smallrye-context-propagation-api/1.2.2/smallrye-context-propagation-api-1.2.2.pom (916 B at 7.9 kB/s)
[INFO] Downloading from central: https://repo.maven.apache.org/maven2/io/smallrye/smallrye-context-propagation-storage/1.2.2/smallrye-context-propagation-storage-1.2.2.pom
[INFO] Downloaded from central: https://repo.maven.apache.org/maven2/io/smallrye/smallrye-context-propagation-storage/1.2.2/smallrye-context-propagation-storage-1.2.2.pom (1.1 kB at 33 kB/s)
[INFO] Downloading from central: https://repo.maven.apache.org/maven2/org/eclipse/microprofile/config/microprofile-config-api/1.4/microprofile-config-api-1.4.pom
[INFO] Downloaded from central: https://repo.maven.apache.org/maven2/org/eclipse/microprofile/config/microprofile-config-api/1.4/microprofile-config-api-1.4.pom (5.2 kB at 125 kB/s)
[INFO] Downloading from central: https://repo.maven.apache.org/maven2/org/eclipse/microprofile/config/microprofile-config-parent/1.4/microprofile-config-parent-1.4.pom
[INFO] Downloaded from central: https://repo.maven.apache.org/maven2/org/eclipse/microprofile/config/microprofile-config-parent/1.4/microprofile-config-parent-1.4.pom (17 kB at 489 kB/s)
[INFO] Downloading from central: https://repo.maven.apache.org/maven2/org/jboss/threads/jboss-threads/3.1.1.Final/jboss-threads-3.1.1.Final.pom
[INFO] Downloaded from central: https://repo.maven.apache.org/maven2/org/jboss/threads/jboss-threads/3.1.1.Final/jboss-threads-3.1.1.Final.pom (6.9 kB at 204 kB/s)
[INFO] Downloading from central: https://repo.maven.apache.org/maven2/io/smallrye/reactive/mutiny-smallrye-context-propagation/1.4.0/mutiny-smallrye-context-propagation-1.4.0.pom
[INFO] Downloaded from central: https://repo.maven.apache.org/maven2/io/smallrye/reactive/mutiny-smallrye-context-propagation/1.4.0/mutiny-smallrye-context-propagation-1.4.0.pom (3.3 kB at 114 kB/s)
[INFO] Downloading from central: https://repo.maven.apache.org/maven2/org/eclipse/microprofile/context-propagation/microprofile-context-propagation-api/1.3/microprofile-context-propagation-api-1.3.pom
[INFO] Downloaded from central: https://repo.maven.apache.org/maven2/org/eclipse/microprofile/context-propagation/microprofile-context-propagation-api/1.3/microprofile-context-propagation-api-1.3.pom (6.4 kB at 214 kB/s)
[INFO] Downloading from central: https://repo.maven.apache.org/maven2/org/eclipse/microprofile/context-propagation/microprofile-context-propagation-parent/1.3/microprofile-context-propagation-parent-1.3.pom
[INFO] Downloaded from central: https://repo.maven.apache.org/maven2/org/eclipse/microprofile/context-propagation/microprofile-context-propagation-parent/1.3/microprofile-context-propagation-parent-1.3.pom (37 kB at 928 kB/s)
[INFO] Downloading from central: https://repo.maven.apache.org/maven2/io/smallrye/common/smallrye-common-vertx-context/1.11.0/smallrye-common-vertx-context-1.11.0.pom
[INFO] Downloaded from central: https://repo.maven.apache.org/maven2/io/smallrye/common/smallrye-common-vertx-context/1.11.0/smallrye-common-vertx-context-1.11.0.pom (2.7 kB at 13 kB/s)
[INFO] Downloading from central: https://repo.maven.apache.org/maven2/io/vertx/vertx-core/4.2.6/vertx-core-4.2.6.pom
[INFO] Downloaded from central: https://repo.maven.apache.org/maven2/io/vertx/vertx-core/4.2.6/vertx-core-4.2.6.pom (32 kB at 935 kB/s)
[INFO] Downloading from central: https://repo.maven.apache.org/maven2/io/vertx/vertx-parent/19/vertx-parent-19.pom
[INFO] Downloaded from central: https://repo.maven.apache.org/maven2/io/vertx/vertx-parent/19/vertx-parent-19.pom (15 kB at 482 kB/s)
[INFO] Downloading from central: https://repo.maven.apache.org/maven2/io/vertx/vertx-dependencies/4.2.6/vertx-dependencies-4.2.6.pom
[INFO] Downloaded from central: https://repo.maven.apache.org/maven2/io/vertx/vertx-dependencies/4.2.6/vertx-dependencies-4.2.6.pom (31 kB at 973 kB/s)
[INFO] Downloading from central: https://repo.maven.apache.org/maven2/io/netty/netty-bom/4.1.74.Final/netty-bom-4.1.74.Final.pom
[INFO] Downloaded from central: https://repo.maven.apache.org/maven2/io/netty/netty-bom/4.1.74.Final/netty-bom-4.1.74.Final.pom (13 kB at 346 kB/s)
[INFO] Downloading from central: https://repo.maven.apache.org/maven2/com/fasterxml/jackson/jackson-bom/2.13.1/jackson-bom-2.13.1.pom
[INFO] Downloaded from central: https://repo.maven.apache.org/maven2/com/fasterxml/jackson/jackson-bom/2.13.1/jackson-bom-2.13.1.pom (17 kB at 579 kB/s)
[INFO] Downloading from central: https://repo.maven.apache.org/maven2/io/netty/netty-common/4.1.74.Final/netty-common-4.1.74.Final.pom
[INFO] Downloaded from central: https://repo.maven.apache.org/maven2/io/netty/netty-common/4.1.74.Final/netty-common-4.1.74.Final.pom (13 kB at 291 kB/s)
[INFO] Downloading from central: https://repo.maven.apache.org/maven2/io/netty/netty-parent/4.1.74.Final/netty-parent-4.1.74.Final.pom
[INFO] Downloaded from central: https://repo.maven.apache.org/maven2/io/netty/netty-parent/4.1.74.Final/netty-parent-4.1.74.Final.pom (75 kB at 1.8 MB/s)
[INFO] Downloading from central: https://repo.maven.apache.org/maven2/io/netty/netty-buffer/4.1.74.Final/netty-buffer-4.1.74.Final.pom
[INFO] Downloaded from central: https://repo.maven.apache.org/maven2/io/netty/netty-buffer/4.1.74.Final/netty-buffer-4.1.74.Final.pom (1.6 kB at 38 kB/s)
[INFO] Downloading from central: https://repo.maven.apache.org/maven2/io/netty/netty-transport/4.1.74.Final/netty-transport-4.1.74.Final.pom
[INFO] Downloaded from central: https://repo.maven.apache.org/maven2/io/netty/netty-transport/4.1.74.Final/netty-transport-4.1.74.Final.pom (1.9 kB at 60 kB/s)
[INFO] Downloading from central: https://repo.maven.apache.org/maven2/io/netty/netty-resolver/4.1.74.Final/netty-resolver-4.1.74.Final.pom
[INFO] Downloaded from central: https://repo.maven.apache.org/maven2/io/netty/netty-resolver/4.1.74.Final/netty-resolver-4.1.74.Final.pom (1.6 kB at 53 kB/s)
[INFO] Downloading from central: https://repo.maven.apache.org/maven2/io/netty/netty-handler/4.1.74.Final/netty-handler-4.1.74.Final.pom
[INFO] Downloaded from central: https://repo.maven.apache.org/maven2/io/netty/netty-handler/4.1.74.Final/netty-handler-4.1.74.Final.pom (3.7 kB at 29 kB/s)
[INFO] Downloading from central: https://repo.maven.apache.org/maven2/io/netty/netty-codec/4.1.74.Final/netty-codec-4.1.74.Final.pom
[INFO] Downloaded from central: https://repo.maven.apache.org/maven2/io/netty/netty-codec/4.1.74.Final/netty-codec-4.1.74.Final.pom (4.4 kB at 142 kB/s)
[INFO] Downloading from central: https://repo.maven.apache.org/maven2/io/netty/netty-tcnative-classes/2.0.48.Final/netty-tcnative-classes-2.0.48.Final.pom
[INFO] Downloaded from central: https://repo.maven.apache.org/maven2/io/netty/netty-tcnative-classes/2.0.48.Final/netty-tcnative-classes-2.0.48.Final.pom (1.9 kB at 63 kB/s)
[INFO] Downloading from central: https://repo.maven.apache.org/maven2/io/netty/netty-tcnative-parent/2.0.48.Final/netty-tcnative-parent-2.0.48.Final.pom
[INFO] Downloaded from central: https://repo.maven.apache.org/maven2/io/netty/netty-tcnative-parent/2.0.48.Final/netty-tcnative-parent-2.0.48.Final.pom (38 kB at 1.1 MB/s)
[INFO] Downloading from central: https://repo.maven.apache.org/maven2/io/netty/netty-handler-proxy/4.1.74.Final/netty-handler-proxy-4.1.74.Final.pom
[INFO] Downloaded from central: https://repo.maven.apache.org/maven2/io/netty/netty-handler-proxy/4.1.74.Final/netty-handler-proxy-4.1.74.Final.pom (2.8 kB at 82 kB/s)
[INFO] Downloading from central: https://repo.maven.apache.org/maven2/io/netty/netty-codec-socks/4.1.74.Final/netty-codec-socks-4.1.74.Final.pom
[INFO] Downloaded from central: https://repo.maven.apache.org/maven2/io/netty/netty-codec-socks/4.1.74.Final/netty-codec-socks-4.1.74.Final.pom (2.0 kB at 68 kB/s)
[INFO] Downloading from central: https://repo.maven.apache.org/maven2/io/netty/netty-codec-http/4.1.74.Final/netty-codec-http-4.1.74.Final.pom
[INFO] Downloaded from central: https://repo.maven.apache.org/maven2/io/netty/netty-codec-http/4.1.74.Final/netty-codec-http-4.1.74.Final.pom (3.3 kB at 107 kB/s)
[INFO] Downloading from central: https://repo.maven.apache.org/maven2/io/netty/netty-codec-http2/4.1.74.Final/netty-codec-http2-4.1.74.Final.pom
[INFO] Downloaded from central: https://repo.maven.apache.org/maven2/io/netty/netty-codec-http2/4.1.74.Final/netty-codec-http2-4.1.74.Final.pom (3.6 kB at 29 kB/s)
[INFO] Downloading from central: https://repo.maven.apache.org/maven2/io/netty/netty-resolver-dns/4.1.74.Final/netty-resolver-dns-4.1.74.Final.pom
[INFO] Downloaded from central: https://repo.maven.apache.org/maven2/io/netty/netty-resolver-dns/4.1.74.Final/netty-resolver-dns-4.1.74.Final.pom (3.2 kB at 28 kB/s)
[INFO] Downloading from central: https://repo.maven.apache.org/maven2/io/netty/netty-codec-dns/4.1.74.Final/netty-codec-dns-4.1.74.Final.pom
[INFO] Downloaded from central: https://repo.maven.apache.org/maven2/io/netty/netty-codec-dns/4.1.74.Final/netty-codec-dns-4.1.74.Final.pom (2.1 kB at 72 kB/s)
[INFO] Downloading from central: https://repo.maven.apache.org/maven2/com/fasterxml/jackson/core/jackson-core/2.13.1/jackson-core-2.13.1.pom
[INFO] Downloaded from central: https://repo.maven.apache.org/maven2/com/fasterxml/jackson/core/jackson-core/2.13.1/jackson-core-2.13.1.pom (5.5 kB at 178 kB/s)
[INFO] Downloading from central: https://repo.maven.apache.org/maven2/com/fasterxml/jackson/jackson-base/2.13.1/jackson-base-2.13.1.pom
[INFO] Downloaded from central: https://repo.maven.apache.org/maven2/com/fasterxml/jackson/jackson-base/2.13.1/jackson-base-2.13.1.pom (9.7 kB at 221 kB/s)
[INFO] Downloading from central: https://repo.maven.apache.org/maven2/io/quarkus/quarkus-vertx-http-dev-console-runtime-spi/2.9.2.Final/quarkus-vertx-http-dev-console-runtime-spi-2.9.2.Final.pom
[INFO] Downloaded from central: https://repo.maven.apache.org/maven2/io/quarkus/quarkus-vertx-http-dev-console-runtime-spi/2.9.2.Final/quarkus-vertx-http-dev-console-runtime-spi-2.9.2.Final.pom (1.1 kB at 15 kB/s)
[INFO] Downloading from central: https://repo.maven.apache.org/maven2/io/vertx/vertx-web/4.2.7/vertx-web-4.2.7.pom
[INFO] Downloaded from central: https://repo.maven.apache.org/maven2/io/vertx/vertx-web/4.2.7/vertx-web-4.2.7.pom (5.1 kB at 143 kB/s)
[INFO] Downloading from central: https://repo.maven.apache.org/maven2/io/vertx/vertx-web-parent/4.2.7/vertx-web-parent-4.2.7.pom
[INFO] Downloaded from central: https://repo.maven.apache.org/maven2/io/vertx/vertx-web-parent/4.2.7/vertx-web-parent-4.2.7.pom (2.7 kB at 52 kB/s)
[INFO] Downloading from central: https://repo.maven.apache.org/maven2/io/vertx/vertx-ext-parent/38/vertx-ext-parent-38.pom
[INFO] Downloaded from central: https://repo.maven.apache.org/maven2/io/vertx/vertx-ext-parent/38/vertx-ext-parent-38.pom (8.5 kB at 257 kB/s)
[INFO] Downloading from central: https://repo.maven.apache.org/maven2/io/vertx/vertx-ext/38/vertx-ext-38.pom
[INFO] Downloaded from central: https://repo.maven.apache.org/maven2/io/vertx/vertx-ext/38/vertx-ext-38.pom (1.5 kB at 48 kB/s)
[INFO] Downloading from central: https://repo.maven.apache.org/maven2/io/vertx/vertx-dependencies/4.2.7/vertx-dependencies-4.2.7.pom
[INFO] Downloaded from central: https://repo.maven.apache.org/maven2/io/vertx/vertx-dependencies/4.2.7/vertx-dependencies-4.2.7.pom (31 kB at 819 kB/s)
[INFO] Downloading from central: https://repo.maven.apache.org/maven2/com/fasterxml/jackson/jackson-bom/2.13.2.20220324/jackson-bom-2.13.2.20220324.pom
[INFO] Downloaded from central: https://repo.maven.apache.org/maven2/com/fasterxml/jackson/jackson-bom/2.13.2.20220324/jackson-bom-2.13.2.20220324.pom (17 kB at 137 kB/s)
[INFO] Downloading from central: https://repo.maven.apache.org/maven2/io/vertx/vertx-web-common/4.2.7/vertx-web-common-4.2.7.pom
[INFO] Downloaded from central: https://repo.maven.apache.org/maven2/io/vertx/vertx-web-common/4.2.7/vertx-web-common-4.2.7.pom (488 B at 14 kB/s)
[INFO] Downloading from central: https://repo.maven.apache.org/maven2/io/vertx/vertx-core/4.2.7/vertx-core-4.2.7.pom
[INFO] Downloaded from central: https://repo.maven.apache.org/maven2/io/vertx/vertx-core/4.2.7/vertx-core-4.2.7.pom (32 kB at 908 kB/s)
[INFO] Downloading from central: https://repo.maven.apache.org/maven2/com/fasterxml/jackson/core/jackson-core/2.13.2/jackson-core-2.13.2.pom
[INFO] Downloaded from central: https://repo.maven.apache.org/maven2/com/fasterxml/jackson/core/jackson-core/2.13.2/jackson-core-2.13.2.pom (5.5 kB at 178 kB/s)
[INFO] Downloading from central: https://repo.maven.apache.org/maven2/com/fasterxml/jackson/jackson-base/2.13.2/jackson-base-2.13.2.pom
[INFO] Downloaded from central: https://repo.maven.apache.org/maven2/com/fasterxml/jackson/jackson-base/2.13.2/jackson-base-2.13.2.pom (9.9 kB at 353 kB/s)
[INFO] Downloading from central: https://repo.maven.apache.org/maven2/com/fasterxml/jackson/jackson-bom/2.13.2/jackson-bom-2.13.2.pom
[INFO] Downloaded from central: https://repo.maven.apache.org/maven2/com/fasterxml/jackson/jackson-bom/2.13.2/jackson-bom-2.13.2.pom (17 kB at 445 kB/s)
[INFO] Downloading from central: https://repo.maven.apache.org/maven2/io/vertx/vertx-auth-common/4.2.7/vertx-auth-common-4.2.7.pom
[INFO] Downloaded from central: https://repo.maven.apache.org/maven2/io/vertx/vertx-auth-common/4.2.7/vertx-auth-common-4.2.7.pom (2.5 kB at 76 kB/s)
[INFO] Downloading from central: https://repo.maven.apache.org/maven2/io/vertx/vertx-auth/4.2.7/vertx-auth-4.2.7.pom
[INFO] Downloaded from central: https://repo.maven.apache.org/maven2/io/vertx/vertx-auth/4.2.7/vertx-auth-4.2.7.pom (2.8 kB at 93 kB/s)
[INFO] Downloading from central: https://repo.maven.apache.org/maven2/io/vertx/vertx-bridge-common/4.2.7/vertx-bridge-common-4.2.7.pom
[INFO] Downloaded from central: https://repo.maven.apache.org/maven2/io/vertx/vertx-bridge-common/4.2.7/vertx-bridge-common-4.2.7.pom (3.6 kB at 35 kB/s)
[INFO] Downloading from central: https://repo.maven.apache.org/maven2/io/quarkus/quarkus-vertx/2.9.2.Final/quarkus-vertx-2.9.2.Final.pom
[INFO] Downloaded from central: https://repo.maven.apache.org/maven2/io/quarkus/quarkus-vertx/2.9.2.Final/quarkus-vertx-2.9.2.Final.pom (3.8 kB at 130 kB/s)
[INFO] Downloading from central: https://repo.maven.apache.org/maven2/io/quarkus/quarkus-vertx-parent/2.9.2.Final/quarkus-vertx-parent-2.9.2.Final.pom
[INFO] Downloaded from central: https://repo.maven.apache.org/maven2/io/quarkus/quarkus-vertx-parent/2.9.2.Final/quarkus-vertx-parent-2.9.2.Final.pom (738 B at 5.3 kB/s)
[INFO] Downloading from central: https://repo.maven.apache.org/maven2/io/quarkus/quarkus-netty/2.9.2.Final/quarkus-netty-2.9.2.Final.pom
[INFO] Downloaded from central: https://repo.maven.apache.org/maven2/io/quarkus/quarkus-netty/2.9.2.Final/quarkus-netty-2.9.2.Final.pom (3.2 kB at 103 kB/s)
[INFO] Downloading from central: https://repo.maven.apache.org/maven2/io/quarkus/quarkus-netty-parent/2.9.2.Final/quarkus-netty-parent-2.9.2.Final.pom
[INFO] Downloaded from central: https://repo.maven.apache.org/maven2/io/quarkus/quarkus-netty-parent/2.9.2.Final/quarkus-netty-parent-2.9.2.Final.pom (739 B at 23 kB/s)
[INFO] Downloading from central: https://repo.maven.apache.org/maven2/io/netty/netty-codec-haproxy/4.1.74.Final/netty-codec-haproxy-4.1.74.Final.pom
[INFO] Downloaded from central: https://repo.maven.apache.org/maven2/io/netty/netty-codec-haproxy/4.1.74.Final/netty-codec-haproxy-4.1.74.Final.pom (1.8 kB at 63 kB/s)
[INFO] Downloading from central: https://repo.maven.apache.org/maven2/io/smallrye/reactive/smallrye-mutiny-vertx-core/2.21.0/smallrye-mutiny-vertx-core-2.21.0.pom
[INFO] Downloaded from central: https://repo.maven.apache.org/maven2/io/smallrye/reactive/smallrye-mutiny-vertx-core/2.21.0/smallrye-mutiny-vertx-core-2.21.0.pom (8.1 kB at 262 kB/s)
[INFO] Downloading from central: https://repo.maven.apache.org/maven2/io/smallrye/reactive/vertx-mutiny-clients/2.21.0/vertx-mutiny-clients-2.21.0.pom
[INFO] Downloaded from central: https://repo.maven.apache.org/maven2/io/smallrye/reactive/vertx-mutiny-clients/2.21.0/vertx-mutiny-clients-2.21.0.pom (4.1 kB at 142 kB/s)
[INFO] Downloading from central: https://repo.maven.apache.org/maven2/io/smallrye/reactive/smallrye-mutiny-vertx-bindings-projects/2.21.0/smallrye-mutiny-vertx-bindings-projects-2.21.0.pom
[INFO] Downloaded from central: https://repo.maven.apache.org/maven2/io/smallrye/reactive/smallrye-mutiny-vertx-bindings-projects/2.21.0/smallrye-mutiny-vertx-bindings-projects-2.21.0.pom (15 kB at 484 kB/s)
[INFO] Downloading from central: https://repo.maven.apache.org/maven2/org/testcontainers/testcontainers-bom/1.17.0/testcontainers-bom-1.17.0.pom
[INFO] Downloaded from central: https://repo.maven.apache.org/maven2/org/testcontainers/testcontainers-bom/1.17.0/testcontainers-bom-1.17.0.pom (7.5 kB at 228 kB/s)
[INFO] Downloading from central: https://repo.maven.apache.org/maven2/io/smallrye/reactive/smallrye-mutiny-vertx-runtime/2.21.0/smallrye-mutiny-vertx-runtime-2.21.0.pom
[INFO] Downloaded from central: https://repo.maven.apache.org/maven2/io/smallrye/reactive/smallrye-mutiny-vertx-runtime/2.21.0/smallrye-mutiny-vertx-runtime-2.21.0.pom (1.4 kB at 44 kB/s)
[INFO] Downloading from central: https://repo.maven.apache.org/maven2/io/smallrye/reactive/vertx-mutiny-generator/2.21.0/vertx-mutiny-generator-2.21.0.pom
[INFO] Downloaded from central: https://repo.maven.apache.org/maven2/io/smallrye/reactive/vertx-mutiny-generator/2.21.0/vertx-mutiny-generator-2.21.0.pom (6.5 kB at 209 kB/s)
[INFO] Downloading from central: https://repo.maven.apache.org/maven2/io/vertx/vertx-codegen/4.2.7/vertx-codegen-4.2.7.pom
[INFO] Downloaded from central: https://repo.maven.apache.org/maven2/io/vertx/vertx-codegen/4.2.7/vertx-codegen-4.2.7.pom (14 kB at 445 kB/s)
[INFO] Downloading from central: https://repo.maven.apache.org/maven2/io/smallrye/smallrye-fault-tolerance-vertx/5.4.0/smallrye-fault-tolerance-vertx-5.4.0.pom
[INFO] Downloaded from central: https://repo.maven.apache.org/maven2/io/smallrye/smallrye-fault-tolerance-vertx/5.4.0/smallrye-fault-tolerance-vertx-5.4.0.pom (2.0 kB at 17 kB/s)
[INFO] Downloading from central: https://repo.maven.apache.org/maven2/io/smallrye/smallrye-fault-tolerance-implementation-parent/5.4.0/smallrye-fault-tolerance-implementation-parent-5.4.0.pom
[INFO] Downloaded from central: https://repo.maven.apache.org/maven2/io/smallrye/smallrye-fault-tolerance-implementation-parent/5.4.0/smallrye-fault-tolerance-implementation-parent-5.4.0.pom (1.6 kB at 51 kB/s)
[INFO] Downloading from central: https://repo.maven.apache.org/maven2/io/smallrye/smallrye-fault-tolerance-parent/5.4.0/smallrye-fault-tolerance-parent-5.4.0.pom
[INFO] Downloaded from central: https://repo.maven.apache.org/maven2/io/smallrye/smallrye-fault-tolerance-parent/5.4.0/smallrye-fault-tolerance-parent-5.4.0.pom (19 kB at 587 kB/s)
[INFO] Downloading from central: https://repo.maven.apache.org/maven2/io/smallrye/reactive/smallrye-mutiny-vertx-web/2.21.0/smallrye-mutiny-vertx-web-2.21.0.pom
[INFO] Downloaded from central: https://repo.maven.apache.org/maven2/io/smallrye/reactive/smallrye-mutiny-vertx-web/2.21.0/smallrye-mutiny-vertx-web-2.21.0.pom (7.1 kB at 192 kB/s)
[INFO] Downloading from central: https://repo.maven.apache.org/maven2/io/smallrye/reactive/smallrye-mutiny-vertx-web-common/2.21.0/smallrye-mutiny-vertx-web-common-2.21.0.pom
[INFO] Downloaded from central: https://repo.maven.apache.org/maven2/io/smallrye/reactive/smallrye-mutiny-vertx-web-common/2.21.0/smallrye-mutiny-vertx-web-common-2.21.0.pom (5.0 kB at 151 kB/s)
[INFO] Downloading from central: https://repo.maven.apache.org/maven2/io/smallrye/reactive/smallrye-mutiny-vertx-auth-common/2.21.0/smallrye-mutiny-vertx-auth-common-2.21.0.pom
[INFO] Downloaded from central: https://repo.maven.apache.org/maven2/io/smallrye/reactive/smallrye-mutiny-vertx-auth-common/2.21.0/smallrye-mutiny-vertx-auth-common-2.21.0.pom (5.0 kB at 156 kB/s)
[INFO] Downloading from central: https://repo.maven.apache.org/maven2/io/smallrye/reactive/smallrye-mutiny-vertx-bridge-common/2.21.0/smallrye-mutiny-vertx-bridge-common-2.21.0.pom
[INFO] Downloaded from central: https://repo.maven.apache.org/maven2/io/smallrye/reactive/smallrye-mutiny-vertx-bridge-common/2.21.0/smallrye-mutiny-vertx-bridge-common-2.21.0.pom (5.0 kB at 172 kB/s)
[INFO] Downloading from central: https://repo.maven.apache.org/maven2/io/quarkus/quarkus-resteasy-server-common/2.9.2.Final/quarkus-resteasy-server-common-2.9.2.Final.pom
[INFO] Downloaded from central: https://repo.maven.apache.org/maven2/io/quarkus/quarkus-resteasy-server-common/2.9.2.Final/quarkus-resteasy-server-common-2.9.2.Final.pom (2.0 kB at 70 kB/s)
[INFO] Downloading from central: https://repo.maven.apache.org/maven2/io/quarkus/quarkus-resteasy-server-common-parent/2.9.2.Final/quarkus-resteasy-server-common-parent-2.9.2.Final.pom
[INFO] Downloaded from central: https://repo.maven.apache.org/maven2/io/quarkus/quarkus-resteasy-server-common-parent/2.9.2.Final/quarkus-resteasy-server-common-parent-2.9.2.Final.pom (812 B at 17 kB/s)
[INFO] Downloading from central: https://repo.maven.apache.org/maven2/io/quarkus/quarkus-resteasy-common/2.9.2.Final/quarkus-resteasy-common-2.9.2.Final.pom
[INFO] Downloaded from central: https://repo.maven.apache.org/maven2/io/quarkus/quarkus-resteasy-common/2.9.2.Final/quarkus-resteasy-common-2.9.2.Final.pom (5.4 kB at 52 kB/s)
[INFO] Downloading from central: https://repo.maven.apache.org/maven2/io/quarkus/quarkus-resteasy-common-parent/2.9.2.Final/quarkus-resteasy-common-parent-2.9.2.Final.pom
[INFO] Downloaded from central: https://repo.maven.apache.org/maven2/io/quarkus/quarkus-resteasy-common-parent/2.9.2.Final/quarkus-resteasy-common-parent-2.9.2.Final.pom (798 B at 7.5 kB/s)
[INFO] Downloading from central: https://repo.maven.apache.org/maven2/org/jboss/resteasy/resteasy-core/4.7.5.Final/resteasy-core-4.7.5.Final.pom
[INFO] Downloaded from central: https://repo.maven.apache.org/maven2/org/jboss/resteasy/resteasy-core/4.7.5.Final/resteasy-core-4.7.5.Final.pom (8.7 kB at 272 kB/s)
[INFO] Downloading from central: https://repo.maven.apache.org/maven2/org/jboss/resteasy/resteasy-jaxrs-all/4.7.5.Final/resteasy-jaxrs-all-4.7.5.Final.pom
[INFO] Downloaded from central: https://repo.maven.apache.org/maven2/org/jboss/resteasy/resteasy-jaxrs-all/4.7.5.Final/resteasy-jaxrs-all-4.7.5.Final.pom (19 kB at 575 kB/s)
[INFO] Downloading from central: https://repo.maven.apache.org/maven2/org/jboss/resteasy/resteasy-dependencies/4.7.5.Final/resteasy-dependencies-4.7.5.Final.pom
[INFO] Downloaded from central: https://repo.maven.apache.org/maven2/org/jboss/resteasy/resteasy-dependencies/4.7.5.Final/resteasy-dependencies-4.7.5.Final.pom (48 kB at 1.5 MB/s)
[INFO] Downloading from central: https://repo.maven.apache.org/maven2/io/projectreactor/reactor-bom/2020.0.8/reactor-bom-2020.0.8.pom
[INFO] Downloaded from central: https://repo.maven.apache.org/maven2/io/projectreactor/reactor-bom/2020.0.8/reactor-bom-2020.0.8.pom (4.5 kB at 141 kB/s)
[INFO] Downloading from central: https://repo.maven.apache.org/maven2/org/jboss/logging/jboss-logging/3.4.2.Final/jboss-logging-3.4.2.Final.pom
[INFO] Downloaded from central: https://repo.maven.apache.org/maven2/org/jboss/logging/jboss-logging/3.4.2.Final/jboss-logging-3.4.2.Final.pom (15 kB at 561 kB/s)
[INFO] Downloading from central: https://repo.maven.apache.org/maven2/org/junit/junit-bom/5.7.0/junit-bom-5.7.0.pom
[INFO] Downloaded from central: https://repo.maven.apache.org/maven2/org/junit/junit-bom/5.7.0/junit-bom-5.7.0.pom (5.1 kB at 159 kB/s)
[INFO] Downloading from central: https://repo.maven.apache.org/maven2/org/jboss/spec/javax/annotation/jboss-annotations-api_1.3_spec/2.0.1.Final/jboss-annotations-api_1.3_spec-2.0.1.Final.pom
[INFO] Downloaded from central: https://repo.maven.apache.org/maven2/org/jboss/spec/javax/annotation/jboss-annotations-api_1.3_spec/2.0.1.Final/jboss-annotations-api_1.3_spec-2.0.1.Final.pom (12 kB at 377 kB/s)
[INFO] Downloading from central: https://repo.maven.apache.org/maven2/org/jboss/jboss-parent/35/jboss-parent-35.pom
[INFO] Downloaded from central: https://repo.maven.apache.org/maven2/org/jboss/jboss-parent/35/jboss-parent-35.pom (66 kB at 2.1 MB/s)
[INFO] Downloading from central: https://repo.maven.apache.org/maven2/org/jboss/spec/javax/ws/rs/jboss-jaxrs-api_2.1_spec/2.0.1.Final/jboss-jaxrs-api_2.1_spec-2.0.1.Final.pom
[INFO] Downloaded from central: https://repo.maven.apache.org/maven2/org/jboss/spec/javax/ws/rs/jboss-jaxrs-api_2.1_spec/2.0.1.Final/jboss-jaxrs-api_2.1_spec-2.0.1.Final.pom (30 kB at 871 kB/s)
[INFO] Downloading from central: https://repo.maven.apache.org/maven2/org/jboss/spec/javax/xml/bind/jboss-jaxb-api_2.3_spec/2.0.0.Final/jboss-jaxb-api_2.3_spec-2.0.0.Final.pom
[INFO] Downloaded from central: https://repo.maven.apache.org/maven2/org/jboss/spec/javax/xml/bind/jboss-jaxb-api_2.3_spec/2.0.0.Final/jboss-jaxb-api_2.3_spec-2.0.0.Final.pom (15 kB at 416 kB/s)
[INFO] Downloading from central: https://repo.maven.apache.org/maven2/org/jboss/spec/javax/xml/bind/jboss-jaxb-api_2.3_spec-parent/2.0.0.Final/jboss-jaxb-api_2.3_spec-parent-2.0.0.Final.pom
[INFO] Downloaded from central: https://repo.maven.apache.org/maven2/org/jboss/spec/javax/xml/bind/jboss-jaxb-api_2.3_spec-parent/2.0.0.Final/jboss-jaxb-api_2.3_spec-parent-2.0.0.Final.pom (6.1 kB at 196 kB/s)
[INFO] Downloading from central: https://repo.maven.apache.org/maven2/org/jboss/resteasy/resteasy-core-spi/4.7.5.Final/resteasy-core-spi-4.7.5.Final.pom
[INFO] Downloaded from central: https://repo.maven.apache.org/maven2/org/jboss/resteasy/resteasy-core-spi/4.7.5.Final/resteasy-core-spi-4.7.5.Final.pom (8.0 kB at 73 kB/s)
[INFO] Downloading from central: https://repo.maven.apache.org/maven2/jakarta/validation/jakarta.validation-api/2.0.2/jakarta.validation-api-2.0.2.pom
[INFO] Downloaded from central: https://repo.maven.apache.org/maven2/jakarta/validation/jakarta.validation-api/2.0.2/jakarta.validation-api-2.0.2.pom (11 kB at 291 kB/s)
[INFO] Downloading from central: https://repo.maven.apache.org/maven2/com/ibm/async/asyncutil/0.1.0/asyncutil-0.1.0.pom
[INFO] Downloaded from central: https://repo.maven.apache.org/maven2/com/ibm/async/asyncutil/0.1.0/asyncutil-0.1.0.pom (2.4 kB at 69 kB/s)
[INFO] Downloading from central: https://repo.maven.apache.org/maven2/com/ibm/async/asyncutil-aggregator/0.1.0/asyncutil-aggregator-0.1.0.pom
[INFO] Downloaded from central: https://repo.maven.apache.org/maven2/com/ibm/async/asyncutil-aggregator/0.1.0/asyncutil-aggregator-0.1.0.pom (4.3 kB at 161 kB/s)
[INFO] Downloading from central: https://repo.maven.apache.org/maven2/io/smallrye/config/smallrye-config/2.3.0/smallrye-config-2.3.0.pom
[INFO] Downloaded from central: https://repo.maven.apache.org/maven2/io/smallrye/config/smallrye-config/2.3.0/smallrye-config-2.3.0.pom (2.8 kB at 80 kB/s)
[INFO] Downloading from central: https://repo.maven.apache.org/maven2/io/smallrye/config/smallrye-config-parent/2.3.0/smallrye-config-parent-2.3.0.pom
[INFO] Downloaded from central: https://repo.maven.apache.org/maven2/io/smallrye/config/smallrye-config-parent/2.3.0/smallrye-config-parent-2.3.0.pom (5.7 kB at 211 kB/s)
[INFO] Downloading from central: https://repo.maven.apache.org/maven2/io/smallrye/common/smallrye-common-bom/1.6.0/smallrye-common-bom-1.6.0.pom
[INFO] Downloaded from central: https://repo.maven.apache.org/maven2/io/smallrye/common/smallrye-common-bom/1.6.0/smallrye-common-bom-1.6.0.pom (3.9 kB at 123 kB/s)
[INFO] Downloading from central: https://repo.maven.apache.org/maven2/io/smallrye/config/smallrye-config-core/2.3.0/smallrye-config-core-2.3.0.pom
[INFO] Downloaded from central: https://repo.maven.apache.org/maven2/io/smallrye/config/smallrye-config-core/2.3.0/smallrye-config-core-2.3.0.pom (4.7 kB at 138 kB/s)
[INFO] Downloading from central: https://repo.maven.apache.org/maven2/org/eclipse/microprofile/config/microprofile-config-api/2.0/microprofile-config-api-2.0.pom
[INFO] Downloaded from central: https://repo.maven.apache.org/maven2/org/eclipse/microprofile/config/microprofile-config-api/2.0/microprofile-config-api-2.0.pom (8.1 kB at 239 kB/s)
[INFO] Downloading from central: https://repo.maven.apache.org/maven2/org/eclipse/microprofile/config/microprofile-config-parent/2.0/microprofile-config-parent-2.0.pom
[INFO] Downloaded from central: https://repo.maven.apache.org/maven2/org/eclipse/microprofile/config/microprofile-config-parent/2.0/microprofile-config-parent-2.0.pom (21 kB at 204 kB/s)
[INFO] Downloading from central: https://repo.maven.apache.org/maven2/io/smallrye/common/smallrye-common-annotation/1.6.0/smallrye-common-annotation-1.6.0.pom
[INFO] Downloaded from central: https://repo.maven.apache.org/maven2/io/smallrye/common/smallrye-common-annotation/1.6.0/smallrye-common-annotation-1.6.0.pom (1.8 kB at 65 kB/s)
[INFO] Downloading from central: https://repo.maven.apache.org/maven2/io/smallrye/common/smallrye-common-parent/1.6.0/smallrye-common-parent-1.6.0.pom
[INFO] Downloaded from central: https://repo.maven.apache.org/maven2/io/smallrye/common/smallrye-common-parent/1.6.0/smallrye-common-parent-1.6.0.pom (6.7 kB at 59 kB/s)
[INFO] Downloading from central: https://repo.maven.apache.org/maven2/io/smallrye/common/smallrye-common-expression/1.6.0/smallrye-common-expression-1.6.0.pom
[INFO] Downloaded from central: https://repo.maven.apache.org/maven2/io/smallrye/common/smallrye-common-expression/1.6.0/smallrye-common-expression-1.6.0.pom (2.2 kB at 63 kB/s)
[INFO] Downloading from central: https://repo.maven.apache.org/maven2/io/smallrye/common/smallrye-common-function/1.6.0/smallrye-common-function-1.6.0.pom
[INFO] Downloaded from central: https://repo.maven.apache.org/maven2/io/smallrye/common/smallrye-common-function/1.6.0/smallrye-common-function-1.6.0.pom (1.6 kB at 49 kB/s)
[INFO] Downloading from central: https://repo.maven.apache.org/maven2/io/smallrye/common/smallrye-common-constraint/1.6.0/smallrye-common-constraint-1.6.0.pom
[INFO] Downloaded from central: https://repo.maven.apache.org/maven2/io/smallrye/common/smallrye-common-constraint/1.6.0/smallrye-common-constraint-1.6.0.pom (1.9 kB at 71 kB/s)
[INFO] Downloading from central: https://repo.maven.apache.org/maven2/io/smallrye/common/smallrye-common-classloader/1.6.0/smallrye-common-classloader-1.6.0.pom
[INFO] Downloaded from central: https://repo.maven.apache.org/maven2/io/smallrye/common/smallrye-common-classloader/1.6.0/smallrye-common-classloader-1.6.0.pom (2.1 kB at 69 kB/s)
[INFO] Downloading from central: https://repo.maven.apache.org/maven2/org/ow2/asm/asm/9.1/asm-9.1.pom
[INFO] Downloaded from central: https://repo.maven.apache.org/maven2/org/ow2/asm/asm/9.1/asm-9.1.pom (2.4 kB at 85 kB/s)
[INFO] Downloading from central: https://repo.maven.apache.org/maven2/io/smallrye/config/smallrye-config-common/2.3.0/smallrye-config-common-2.3.0.pom
[INFO] Downloaded from central: https://repo.maven.apache.org/maven2/io/smallrye/config/smallrye-config-common/2.3.0/smallrye-config-common-2.3.0.pom (1.1 kB at 34 kB/s)
[INFO] Downloading from central: https://repo.maven.apache.org/maven2/com/sun/activation/jakarta.activation/1.2.1/jakarta.activation-1.2.1.pom
[INFO] Downloaded from central: https://repo.maven.apache.org/maven2/com/sun/activation/jakarta.activation/1.2.1/jakarta.activation-1.2.1.pom (4.9 kB at 94 kB/s)
[INFO] Downloading from central: https://repo.maven.apache.org/maven2/com/sun/activation/all/1.2.1/all-1.2.1.pom
[INFO] Downloaded from central: https://repo.maven.apache.org/maven2/com/sun/activation/all/1.2.1/all-1.2.1.pom (18 kB at 517 kB/s)
[INFO] Downloading from central: https://repo.maven.apache.org/maven2/org/eclipse/ee4j/project/1.0.2/project-1.0.2.pom
[INFO] Downloaded from central: https://repo.maven.apache.org/maven2/org/eclipse/ee4j/project/1.0.2/project-1.0.2.pom (12 kB at 352 kB/s)
[INFO] Downloading from central: https://repo.maven.apache.org/maven2/io/quarkus/quarkus-resteasy-jackson/2.9.2.Final/quarkus-resteasy-jackson-2.9.2.Final.pom
[INFO] Downloaded from central: https://repo.maven.apache.org/maven2/io/quarkus/quarkus-resteasy-jackson/2.9.2.Final/quarkus-resteasy-jackson-2.9.2.Final.pom (3.9 kB at 126 kB/s)
[INFO] Downloading from central: https://repo.maven.apache.org/maven2/io/quarkus/quarkus-resteasy-jackson-parent/2.9.2.Final/quarkus-resteasy-jackson-parent-2.9.2.Final.pom
[INFO] Downloaded from central: https://repo.maven.apache.org/maven2/io/quarkus/quarkus-resteasy-jackson-parent/2.9.2.Final/quarkus-resteasy-jackson-parent-2.9.2.Final.pom (770 B at 7.1 kB/s)
[INFO] Downloading from central: https://repo.maven.apache.org/maven2/io/quarkus/quarkus-jackson/2.9.2.Final/quarkus-jackson-2.9.2.Final.pom
[INFO] Downloaded from central: https://repo.maven.apache.org/maven2/io/quarkus/quarkus-jackson/2.9.2.Final/quarkus-jackson-2.9.2.Final.pom (2.4 kB at 86 kB/s)
[INFO] Downloading from central: https://repo.maven.apache.org/maven2/io/quarkus/quarkus-jackson-parent/2.9.2.Final/quarkus-jackson-parent-2.9.2.Final.pom
[INFO] Downloaded from central: https://repo.maven.apache.org/maven2/io/quarkus/quarkus-jackson-parent/2.9.2.Final/quarkus-jackson-parent-2.9.2.Final.pom (771 B at 30 kB/s)
[INFO] Downloading from central: https://repo.maven.apache.org/maven2/com/fasterxml/jackson/datatype/jackson-datatype-jsr310/2.13.3/jackson-datatype-jsr310-2.13.3.pom
[INFO] Downloaded from central: https://repo.maven.apache.org/maven2/com/fasterxml/jackson/datatype/jackson-datatype-jsr310/2.13.3/jackson-datatype-jsr310-2.13.3.pom (4.9 kB at 149 kB/s)
[INFO] Downloading from central: https://repo.maven.apache.org/maven2/com/fasterxml/jackson/module/jackson-modules-java8/2.13.3/jackson-modules-java8-2.13.3.pom
[INFO] Downloaded from central: https://repo.maven.apache.org/maven2/com/fasterxml/jackson/module/jackson-modules-java8/2.13.3/jackson-modules-java8-2.13.3.pom (3.2 kB at 82 kB/s)
[INFO] Downloading from central: https://repo.maven.apache.org/maven2/com/fasterxml/jackson/datatype/jackson-datatype-jdk8/2.13.3/jackson-datatype-jdk8-2.13.3.pom
[INFO] Downloaded from central: https://repo.maven.apache.org/maven2/com/fasterxml/jackson/datatype/jackson-datatype-jdk8/2.13.3/jackson-datatype-jdk8-2.13.3.pom (2.6 kB at 83 kB/s)
[INFO] Downloading from central: https://repo.maven.apache.org/maven2/com/fasterxml/jackson/module/jackson-module-parameter-names/2.13.3/jackson-module-parameter-names-2.13.3.pom
[INFO] Downloaded from central: https://repo.maven.apache.org/maven2/com/fasterxml/jackson/module/jackson-module-parameter-names/2.13.3/jackson-module-parameter-names-2.13.3.pom (4.4 kB at 175 kB/s)
[INFO] Downloading from central: https://repo.maven.apache.org/maven2/org/jboss/resteasy/resteasy-jackson2-provider/4.7.5.Final/resteasy-jackson2-provider-4.7.5.Final.pom
[INFO] Downloaded from central: https://repo.maven.apache.org/maven2/org/jboss/resteasy/resteasy-jackson2-provider/4.7.5.Final/resteasy-jackson2-provider-4.7.5.Final.pom (3.7 kB at 113 kB/s)
[INFO] Downloading from central: https://repo.maven.apache.org/maven2/org/jboss/resteasy/providers-pom/4.7.5.Final/providers-pom-4.7.5.Final.pom
[INFO] Downloaded from central: https://repo.maven.apache.org/maven2/org/jboss/resteasy/providers-pom/4.7.5.Final/providers-pom-4.7.5.Final.pom (999 B at 31 kB/s)
[INFO] Downloading from central: https://repo.maven.apache.org/maven2/com/fasterxml/jackson/core/jackson-core/2.12.3/jackson-core-2.12.3.pom
[INFO] Downloaded from central: https://repo.maven.apache.org/maven2/com/fasterxml/jackson/core/jackson-core/2.12.3/jackson-core-2.12.3.pom (5.5 kB at 47 kB/s)
[INFO] Downloading from central: https://repo.maven.apache.org/maven2/com/fasterxml/jackson/jackson-base/2.12.3/jackson-base-2.12.3.pom
[INFO] Downloaded from central: https://repo.maven.apache.org/maven2/com/fasterxml/jackson/jackson-base/2.12.3/jackson-base-2.12.3.pom (9.3 kB at 69 kB/s)
[INFO] Downloading from central: https://repo.maven.apache.org/maven2/com/fasterxml/jackson/jackson-bom/2.12.3/jackson-bom-2.12.3.pom
[INFO] Downloaded from central: https://repo.maven.apache.org/maven2/com/fasterxml/jackson/jackson-bom/2.12.3/jackson-bom-2.12.3.pom (17 kB at 555 kB/s)
[INFO] Downloading from central: https://repo.maven.apache.org/maven2/com/fasterxml/jackson/jackson-parent/2.12/jackson-parent-2.12.pom
[INFO] Downloaded from central: https://repo.maven.apache.org/maven2/com/fasterxml/jackson/jackson-parent/2.12/jackson-parent-2.12.pom (7.5 kB at 235 kB/s)
[INFO] Downloading from central: https://repo.maven.apache.org/maven2/com/fasterxml/oss-parent/41/oss-parent-41.pom
[INFO] Downloaded from central: https://repo.maven.apache.org/maven2/com/fasterxml/oss-parent/41/oss-parent-41.pom (23 kB at 649 kB/s)
[INFO] Downloading from central: https://repo.maven.apache.org/maven2/com/fasterxml/jackson/core/jackson-databind/2.12.3/jackson-databind-2.12.3.pom
[INFO] Downloaded from central: https://repo.maven.apache.org/maven2/com/fasterxml/jackson/core/jackson-databind/2.12.3/jackson-databind-2.12.3.pom (15 kB at 435 kB/s)
[INFO] Downloading from central: https://repo.maven.apache.org/maven2/com/fasterxml/jackson/core/jackson-annotations/2.12.3/jackson-annotations-2.12.3.pom
[INFO] Downloaded from central: https://repo.maven.apache.org/maven2/com/fasterxml/jackson/core/jackson-annotations/2.12.3/jackson-annotations-2.12.3.pom (6.0 kB at 232 kB/s)
[INFO] Downloading from central: https://repo.maven.apache.org/maven2/com/fasterxml/jackson/jaxrs/jackson-jaxrs-json-provider/2.12.3/jackson-jaxrs-json-provider-2.12.3.pom
[INFO] Downloaded from central: https://repo.maven.apache.org/maven2/com/fasterxml/jackson/jaxrs/jackson-jaxrs-json-provider/2.12.3/jackson-jaxrs-json-provider-2.12.3.pom (7.1 kB at 230 kB/s)
[INFO] Downloading from central: https://repo.maven.apache.org/maven2/com/fasterxml/jackson/jaxrs/jackson-jaxrs-providers/2.12.3/jackson-jaxrs-providers-2.12.3.pom
[INFO] Downloaded from central: https://repo.maven.apache.org/maven2/com/fasterxml/jackson/jaxrs/jackson-jaxrs-providers/2.12.3/jackson-jaxrs-providers-2.12.3.pom (6.3 kB at 217 kB/s)
[INFO] Downloading from central: https://repo.maven.apache.org/maven2/com/fasterxml/jackson/jaxrs/jackson-jaxrs-base/2.12.3/jackson-jaxrs-base-2.12.3.pom
[INFO] Downloaded from central: https://repo.maven.apache.org/maven2/com/fasterxml/jackson/jaxrs/jackson-jaxrs-base/2.12.3/jackson-jaxrs-base-2.12.3.pom (4.6 kB at 149 kB/s)
[INFO] Downloading from central: https://repo.maven.apache.org/maven2/com/fasterxml/jackson/module/jackson-module-jaxb-annotations/2.12.3/jackson-module-jaxb-annotations-2.12.3.pom
[INFO] Downloaded from central: https://repo.maven.apache.org/maven2/com/fasterxml/jackson/module/jackson-module-jaxb-annotations/2.12.3/jackson-module-jaxb-annotations-2.12.3.pom (5.3 kB at 169 kB/s)
[INFO] Downloading from central: https://repo.maven.apache.org/maven2/com/fasterxml/jackson/module/jackson-modules-base/2.12.3/jackson-modules-base-2.12.3.pom
[INFO] Downloaded from central: https://repo.maven.apache.org/maven2/com/fasterxml/jackson/module/jackson-modules-base/2.12.3/jackson-modules-base-2.12.3.pom (3.5 kB at 118 kB/s)
[INFO] Downloading from central: https://repo.maven.apache.org/maven2/com/github/java-json-tools/json-patch/1.13/json-patch-1.13.pom
[INFO] Downloaded from central: https://repo.maven.apache.org/maven2/com/github/java-json-tools/json-patch/1.13/json-patch-1.13.pom (3.3 kB at 27 kB/s)
[INFO] Downloading from central: https://repo.maven.apache.org/maven2/com/fasterxml/jackson/core/jackson-databind/2.11.0/jackson-databind-2.11.0.pom
[INFO] Downloaded from central: https://repo.maven.apache.org/maven2/com/fasterxml/jackson/core/jackson-databind/2.11.0/jackson-databind-2.11.0.pom (7.4 kB at 217 kB/s)
[INFO] Downloading from central: https://repo.maven.apache.org/maven2/com/fasterxml/jackson/jackson-base/2.11.0/jackson-base-2.11.0.pom
[INFO] Downloaded from central: https://repo.maven.apache.org/maven2/com/fasterxml/jackson/jackson-base/2.11.0/jackson-base-2.11.0.pom (7.4 kB at 240 kB/s)
[INFO] Downloading from central: https://repo.maven.apache.org/maven2/com/fasterxml/jackson/jackson-bom/2.11.0/jackson-bom-2.11.0.pom
[INFO] Downloaded from central: https://repo.maven.apache.org/maven2/com/fasterxml/jackson/jackson-bom/2.11.0/jackson-bom-2.11.0.pom (13 kB at 431 kB/s)
[INFO] Downloading from central: https://repo.maven.apache.org/maven2/com/fasterxml/jackson/jackson-parent/2.11/jackson-parent-2.11.pom
[INFO] Downloaded from central: https://repo.maven.apache.org/maven2/com/fasterxml/jackson/jackson-parent/2.11/jackson-parent-2.11.pom (7.8 kB at 242 kB/s)
[INFO] Downloading from central: https://repo.maven.apache.org/maven2/com/fasterxml/oss-parent/38/oss-parent-38.pom
[INFO] Downloaded from central: https://repo.maven.apache.org/maven2/com/fasterxml/oss-parent/38/oss-parent-38.pom (23 kB at 640 kB/s)
[INFO] Downloading from central: https://repo.maven.apache.org/maven2/com/fasterxml/jackson/core/jackson-annotations/2.11.0/jackson-annotations-2.11.0.pom
[INFO] Downloaded from central: https://repo.maven.apache.org/maven2/com/fasterxml/jackson/core/jackson-annotations/2.11.0/jackson-annotations-2.11.0.pom (3.5 kB at 122 kB/s)
[INFO] Downloading from central: https://repo.maven.apache.org/maven2/com/fasterxml/jackson/core/jackson-core/2.11.0/jackson-core-2.11.0.pom
[INFO] Downloaded from central: https://repo.maven.apache.org/maven2/com/fasterxml/jackson/core/jackson-core/2.11.0/jackson-core-2.11.0.pom (4.9 kB at 187 kB/s)
[INFO] Downloading from central: https://repo.maven.apache.org/maven2/com/github/java-json-tools/msg-simple/1.2/msg-simple-1.2.pom
[INFO] Downloaded from central: https://repo.maven.apache.org/maven2/com/github/java-json-tools/msg-simple/1.2/msg-simple-1.2.pom (2.6 kB at 83 kB/s)
[INFO] Downloading from central: https://repo.maven.apache.org/maven2/com/github/java-json-tools/jackson-coreutils/2.0/jackson-coreutils-2.0.pom
[INFO] Downloaded from central: https://repo.maven.apache.org/maven2/com/github/java-json-tools/jackson-coreutils/2.0/jackson-coreutils-2.0.pom (2.8 kB at 27 kB/s)
[INFO] Downloading from central: https://repo.maven.apache.org/maven2/io/quarkus/quarkus-agroal/2.9.2.Final/quarkus-agroal-2.9.2.Final.pom
[INFO] Downloaded from central: https://repo.maven.apache.org/maven2/io/quarkus/quarkus-agroal/2.9.2.Final/quarkus-agroal-2.9.2.Final.pom (4.5 kB at 35 kB/s)
[INFO] Downloading from central: https://repo.maven.apache.org/maven2/io/quarkus/quarkus-agroal-parent/2.9.2.Final/quarkus-agroal-parent-2.9.2.Final.pom
[INFO] Downloaded from central: https://repo.maven.apache.org/maven2/io/quarkus/quarkus-agroal-parent/2.9.2.Final/quarkus-agroal-parent-2.9.2.Final.pom (768 B at 16 kB/s)
[INFO] Downloading from central: https://repo.maven.apache.org/maven2/io/quarkus/quarkus-datasource/2.9.2.Final/quarkus-datasource-2.9.2.Final.pom
[INFO] Downloaded from central: https://repo.maven.apache.org/maven2/io/quarkus/quarkus-datasource/2.9.2.Final/quarkus-datasource-2.9.2.Final.pom (2.4 kB at 49 kB/s)
[INFO] Downloading from central: https://repo.maven.apache.org/maven2/io/quarkus/quarkus-datasource-parent/2.9.2.Final/quarkus-datasource-parent-2.9.2.Final.pom
[INFO] Downloaded from central: https://repo.maven.apache.org/maven2/io/quarkus/quarkus-datasource-parent/2.9.2.Final/quarkus-datasource-parent-2.9.2.Final.pom (819 B at 20 kB/s)
[INFO] Downloading from central: https://repo.maven.apache.org/maven2/io/quarkus/quarkus-datasource-common/2.9.2.Final/quarkus-datasource-common-2.9.2.Final.pom
[INFO] Downloaded from central: https://repo.maven.apache.org/maven2/io/quarkus/quarkus-datasource-common/2.9.2.Final/quarkus-datasource-common-2.9.2.Final.pom (986 B at 15 kB/s)
[INFO] Downloading from central: https://repo.maven.apache.org/maven2/io/quarkus/quarkus-credentials/2.9.2.Final/quarkus-credentials-2.9.2.Final.pom
[INFO] Downloaded from central: https://repo.maven.apache.org/maven2/io/quarkus/quarkus-credentials/2.9.2.Final/quarkus-credentials-2.9.2.Final.pom (747 B at 15 kB/s)
[INFO] Downloading from central: https://repo.maven.apache.org/maven2/io/quarkus/quarkus-credentials-parent/2.9.2.Final/quarkus-credentials-parent-2.9.2.Final.pom
[INFO] Downloaded from central: https://repo.maven.apache.org/maven2/io/quarkus/quarkus-credentials-parent/2.9.2.Final/quarkus-credentials-parent-2.9.2.Final.pom (750 B at 16 kB/s)
[INFO] Downloading from central: https://repo.maven.apache.org/maven2/io/quarkus/quarkus-narayana-jta/2.9.2.Final/quarkus-narayana-jta-2.9.2.Final.pom
[INFO] Downloaded from central: https://repo.maven.apache.org/maven2/io/quarkus/quarkus-narayana-jta/2.9.2.Final/quarkus-narayana-jta-2.9.2.Final.pom (5.5 kB at 117 kB/s)
[INFO] Downloading from central: https://repo.maven.apache.org/maven2/io/quarkus/quarkus-narayana-jta-parent/2.9.2.Final/quarkus-narayana-jta-parent-2.9.2.Final.pom
[INFO] Downloaded from central: https://repo.maven.apache.org/maven2/io/quarkus/quarkus-narayana-jta-parent/2.9.2.Final/quarkus-narayana-jta-parent-2.9.2.Final.pom (751 B at 16 kB/s)
[INFO] Downloading from central: https://repo.maven.apache.org/maven2/io/smallrye/smallrye-context-propagation-jta/1.2.2/smallrye-context-propagation-jta-1.2.2.pom
[INFO] Downloaded from central: https://repo.maven.apache.org/maven2/io/smallrye/smallrye-context-propagation-jta/1.2.2/smallrye-context-propagation-jta-1.2.2.pom (2.5 kB at 20 kB/s)
[INFO] Downloading from central: https://repo.maven.apache.org/maven2/io/smallrye/reactive/smallrye-reactive-converter-api/2.7.0/smallrye-reactive-converter-api-2.7.0.pom
[INFO] Downloaded from central: https://repo.maven.apache.org/maven2/io/smallrye/reactive/smallrye-reactive-converter-api/2.7.0/smallrye-reactive-converter-api-2.7.0.pom (1.8 kB at 54 kB/s)
[INFO] Downloading from central: https://repo.maven.apache.org/maven2/io/smallrye/reactive/smallrye-reactive-converters/2.7.0/smallrye-reactive-converters-2.7.0.pom
[INFO] Downloaded from central: https://repo.maven.apache.org/maven2/io/smallrye/reactive/smallrye-reactive-converters/2.7.0/smallrye-reactive-converters-2.7.0.pom (1.3 kB at 38 kB/s)
[INFO] Downloading from central: https://repo.maven.apache.org/maven2/io/smallrye/reactive/smallrye-reactive-converters-projects/2.7.0/smallrye-reactive-converters-projects-2.7.0.pom
[INFO] Downloaded from central: https://repo.maven.apache.org/maven2/io/smallrye/reactive/smallrye-reactive-converters-projects/2.7.0/smallrye-reactive-converters-projects-2.7.0.pom (7.4 kB at 152 kB/s)
[INFO] Downloading from central: https://repo.maven.apache.org/maven2/io/smallrye/reactive/smallrye-reactive-converter-mutiny/2.7.0/smallrye-reactive-converter-mutiny-2.7.0.pom
[INFO] Downloaded from central: https://repo.maven.apache.org/maven2/io/smallrye/reactive/smallrye-reactive-converter-mutiny/2.7.0/smallrye-reactive-converter-mutiny-2.7.0.pom (1.4 kB at 39 kB/s)
[INFO] Downloading from central: https://repo.maven.apache.org/maven2/org/jboss/narayana/jta/narayana-jta/5.12.6.Final/narayana-jta-5.12.6.Final.pom
[INFO] Downloaded from central: https://repo.maven.apache.org/maven2/org/jboss/narayana/jta/narayana-jta/5.12.6.Final/narayana-jta-5.12.6.Final.pom (10 kB at 289 kB/s)
[INFO] Downloading from central: https://repo.maven.apache.org/maven2/org/jboss/narayana/jta/narayana-jta-all/5.12.6.Final/narayana-jta-all-5.12.6.Final.pom
[INFO] Downloaded from central: https://repo.maven.apache.org/maven2/org/jboss/narayana/jta/narayana-jta-all/5.12.6.Final/narayana-jta-all-5.12.6.Final.pom (2.8 kB at 77 kB/s)
[INFO] Downloading from central: https://repo.maven.apache.org/maven2/org/jboss/narayana/narayana-all/5.12.6.Final/narayana-all-5.12.6.Final.pom
[INFO] Downloaded from central: https://repo.maven.apache.org/maven2/org/jboss/narayana/narayana-all/5.12.6.Final/narayana-all-5.12.6.Final.pom (36 kB at 285 kB/s)
[INFO] Downloading from central: https://repo.maven.apache.org/maven2/org/jboss/jboss-transaction-spi/7.6.1.Final/jboss-transaction-spi-7.6.1.Final.pom
[INFO] Downloaded from central: https://repo.maven.apache.org/maven2/org/jboss/jboss-transaction-spi/7.6.1.Final/jboss-transaction-spi-7.6.1.Final.pom (4.3 kB at 38 kB/s)
[INFO] Downloading from central: https://repo.maven.apache.org/maven2/org/jboss/jboss-transaction-spi-parent/7.6.1.Final/jboss-transaction-spi-parent-7.6.1.Final.pom
[INFO] Downloaded from central: https://repo.maven.apache.org/maven2/org/jboss/jboss-transaction-spi-parent/7.6.1.Final/jboss-transaction-spi-parent-7.6.1.Final.pom (3.0 kB at 98 kB/s)
[INFO] Downloading from central: https://repo.maven.apache.org/maven2/org/jboss/jboss-parent/8/jboss-parent-8.pom
[INFO] Downloaded from central: https://repo.maven.apache.org/maven2/org/jboss/jboss-parent/8/jboss-parent-8.pom (22 kB at 704 kB/s)
[INFO] Downloading from central: https://repo.maven.apache.org/maven2/org/jboss/spec/javax/resource/jboss-connector-api_1.7_spec/1.0.0.Final/jboss-connector-api_1.7_spec-1.0.0.Final.pom
[INFO] Downloaded from central: https://repo.maven.apache.org/maven2/org/jboss/spec/javax/resource/jboss-connector-api_1.7_spec/1.0.0.Final/jboss-connector-api_1.7_spec-1.0.0.Final.pom (4.8 kB at 132 kB/s)
[INFO] Downloading from central: https://repo.maven.apache.org/maven2/org/jboss/jboss-parent/10/jboss-parent-10.pom
[INFO] Downloaded from central: https://repo.maven.apache.org/maven2/org/jboss/jboss-parent/10/jboss-parent-10.pom (30 kB at 859 kB/s)
[INFO] Downloading from central: https://repo.maven.apache.org/maven2/org/jboss/narayana/jts/narayana-jts-integration/5.12.6.Final/narayana-jts-integration-5.12.6.Final.pom
[INFO] Downloaded from central: https://repo.maven.apache.org/maven2/org/jboss/narayana/jts/narayana-jts-integration/5.12.6.Final/narayana-jts-integration-5.12.6.Final.pom (14 kB at 409 kB/s)
[INFO] Downloading from central: https://repo.maven.apache.org/maven2/org/jboss/narayana/jts/narayana-jts-all/5.12.6.Final/narayana-jts-all-5.12.6.Final.pom
[INFO] Downloaded from central: https://repo.maven.apache.org/maven2/org/jboss/narayana/jts/narayana-jts-all/5.12.6.Final/narayana-jts-all-5.12.6.Final.pom (10 kB at 297 kB/s)
[INFO] Downloading from central: https://repo.maven.apache.org/maven2/io/agroal/agroal-api/1.16/agroal-api-1.16.pom
[INFO] Downloaded from central: https://repo.maven.apache.org/maven2/io/agroal/agroal-api/1.16/agroal-api-1.16.pom (2.1 kB at 51 kB/s)
[INFO] Downloading from central: https://repo.maven.apache.org/maven2/io/agroal/agroal-parent/1.16/agroal-parent-1.16.pom
[INFO] Downloaded from central: https://repo.maven.apache.org/maven2/io/agroal/agroal-parent/1.16/agroal-parent-1.16.pom (6.1 kB at 175 kB/s)
[INFO] Downloading from central: https://repo.maven.apache.org/maven2/io/agroal/agroal-narayana/1.16/agroal-narayana-1.16.pom
[INFO] Downloaded from central: https://repo.maven.apache.org/maven2/io/agroal/agroal-narayana/1.16/agroal-narayana-1.16.pom (1.1 kB at 36 kB/s)
[INFO] Downloading from central: https://repo.maven.apache.org/maven2/io/agroal/agroal-pool/1.16/agroal-pool-1.16.pom
[INFO] Downloaded from central: https://repo.maven.apache.org/maven2/io/agroal/agroal-pool/1.16/agroal-pool-1.16.pom (2.2 kB at 64 kB/s)
[INFO] Downloading from central: https://repo.maven.apache.org/maven2/io/quarkus/quarkus-jdbc-mysql/2.9.2.Final/quarkus-jdbc-mysql-2.9.2.Final.pom
[INFO] Downloaded from central: https://repo.maven.apache.org/maven2/io/quarkus/quarkus-jdbc-mysql/2.9.2.Final/quarkus-jdbc-mysql-2.9.2.Final.pom (2.5 kB at 13 kB/s)
[INFO] Downloading from central: https://repo.maven.apache.org/maven2/io/quarkus/quarkus-jdbc-mysql-parent/2.9.2.Final/quarkus-jdbc-mysql-parent-2.9.2.Final.pom
[INFO] Downloaded from central: https://repo.maven.apache.org/maven2/io/quarkus/quarkus-jdbc-mysql-parent/2.9.2.Final/quarkus-jdbc-mysql-parent-2.9.2.Final.pom (696 B at 3.9 kB/s)
[INFO] Downloading from central: https://repo.maven.apache.org/maven2/io/quarkus/quarkus-jdbc-parent/2.9.2.Final/quarkus-jdbc-parent-2.9.2.Final.pom
[INFO] Downloaded from central: https://repo.maven.apache.org/maven2/io/quarkus/quarkus-jdbc-parent/2.9.2.Final/quarkus-jdbc-parent-2.9.2.Final.pom (958 B at 7.7 kB/s)
[INFO] Downloading from central: https://repo.maven.apache.org/maven2/mysql/mysql-connector-java/8.0.29/mysql-connector-java-8.0.29.pom
[INFO] Downloaded from central: https://repo.maven.apache.org/maven2/mysql/mysql-connector-java/8.0.29/mysql-connector-java-8.0.29.pom (2.7 kB at 25 kB/s)
[INFO] Downloading from central: https://repo.maven.apache.org/maven2/io/quarkus/quarkus-hibernate-orm/2.9.2.Final/quarkus-hibernate-orm-2.9.2.Final.pom
[INFO] Downloaded from central: https://repo.maven.apache.org/maven2/io/quarkus/quarkus-hibernate-orm/2.9.2.Final/quarkus-hibernate-orm-2.9.2.Final.pom (8.6 kB at 47 kB/s)
[INFO] Downloading from central: https://repo.maven.apache.org/maven2/io/quarkus/quarkus-hibernate-orm-parent/2.9.2.Final/quarkus-hibernate-orm-parent-2.9.2.Final.pom
[INFO] Downloaded from central: https://repo.maven.apache.org/maven2/io/quarkus/quarkus-hibernate-orm-parent/2.9.2.Final/quarkus-hibernate-orm-parent-2.9.2.Final.pom (5.9 kB at 31 kB/s)
[INFO] Downloading from central: https://repo.maven.apache.org/maven2/io/quarkus/quarkus-transaction-annotations/2.9.2.Final/quarkus-transaction-annotations-2.9.2.Final.pom
[INFO] Downloaded from central: https://repo.maven.apache.org/maven2/io/quarkus/quarkus-transaction-annotations/2.9.2.Final/quarkus-transaction-annotations-2.9.2.Final.pom (783 B at 19 kB/s)
[INFO] Downloading from central: https://repo.maven.apache.org/maven2/io/quarkus/quarkus-transaction-annotations-parent/2.9.2.Final/quarkus-transaction-annotations-parent-2.9.2.Final.pom
[INFO] Downloaded from central: https://repo.maven.apache.org/maven2/io/quarkus/quarkus-transaction-annotations-parent/2.9.2.Final/quarkus-transaction-annotations-parent-2.9.2.Final.pom (737 B at 7.6 kB/s)
[INFO] Downloading from central: https://repo.maven.apache.org/maven2/org/hibernate/hibernate-core/5.6.9.Final/hibernate-core-5.6.9.Final.pom
[INFO] Downloaded from central: https://repo.maven.apache.org/maven2/org/hibernate/hibernate-core/5.6.9.Final/hibernate-core-5.6.9.Final.pom (5.5 kB at 183 kB/s)
[INFO] Downloading from central: https://repo.maven.apache.org/maven2/net/bytebuddy/byte-buddy/1.12.9/byte-buddy-1.12.9.pom
[INFO] Downloaded from central: https://repo.maven.apache.org/maven2/net/bytebuddy/byte-buddy/1.12.9/byte-buddy-1.12.9.pom (12 kB at 403 kB/s)
[INFO] Downloading from central: https://repo.maven.apache.org/maven2/net/bytebuddy/byte-buddy-parent/1.12.9/byte-buddy-parent-1.12.9.pom
[INFO] Downloaded from central: https://repo.maven.apache.org/maven2/net/bytebuddy/byte-buddy-parent/1.12.9/byte-buddy-parent-1.12.9.pom (45 kB at 1.2 MB/s)
[INFO] Downloading from central: https://repo.maven.apache.org/maven2/antlr/antlr/2.7.7/antlr-2.7.7.pom
[INFO] Downloaded from central: https://repo.maven.apache.org/maven2/antlr/antlr/2.7.7/antlr-2.7.7.pom (632 B at 20 kB/s)
[INFO] Downloading from central: https://repo.maven.apache.org/maven2/com/fasterxml/classmate/1.5.1/classmate-1.5.1.pom
[INFO] Downloaded from central: https://repo.maven.apache.org/maven2/com/fasterxml/classmate/1.5.1/classmate-1.5.1.pom (7.3 kB at 259 kB/s)
[INFO] Downloading from central: https://repo.maven.apache.org/maven2/com/fasterxml/oss-parent/35/oss-parent-35.pom
[INFO] Downloaded from central: https://repo.maven.apache.org/maven2/com/fasterxml/oss-parent/35/oss-parent-35.pom (23 kB at 671 kB/s)
[INFO] Downloading from central: https://repo.maven.apache.org/maven2/org/hibernate/common/hibernate-commons-annotations/5.1.2.Final/hibernate-commons-annotations-5.1.2.Final.pom
[INFO] Downloaded from central: https://repo.maven.apache.org/maven2/org/hibernate/common/hibernate-commons-annotations/5.1.2.Final/hibernate-commons-annotations-5.1.2.Final.pom (1.9 kB at 61 kB/s)
[INFO] Downloading from central: https://repo.maven.apache.org/maven2/org/glassfish/jaxb/jaxb-runtime/2.3.3-b02/jaxb-runtime-2.3.3-b02.pom
[INFO] Downloaded from central: https://repo.maven.apache.org/maven2/org/glassfish/jaxb/jaxb-runtime/2.3.3-b02/jaxb-runtime-2.3.3-b02.pom (8.6 kB at 143 kB/s)
[INFO] Downloading from central: https://repo.maven.apache.org/maven2/com/sun/xml/bind/mvn/jaxb-runtime-parent/2.3.3-b02/jaxb-runtime-parent-2.3.3-b02.pom
[INFO] Downloaded from central: https://repo.maven.apache.org/maven2/com/sun/xml/bind/mvn/jaxb-runtime-parent/2.3.3-b02/jaxb-runtime-parent-2.3.3-b02.pom (1.1 kB at 12 kB/s)
[INFO] Downloading from central: https://repo.maven.apache.org/maven2/com/sun/xml/bind/mvn/jaxb-parent/2.3.3-b02/jaxb-parent-2.3.3-b02.pom
[INFO] Downloaded from central: https://repo.maven.apache.org/maven2/com/sun/xml/bind/mvn/jaxb-parent/2.3.3-b02/jaxb-parent-2.3.3-b02.pom (29 kB at 233 kB/s)
[INFO] Downloading from central: https://repo.maven.apache.org/maven2/com/sun/xml/bind/jaxb-bom-ext/2.3.3-b02/jaxb-bom-ext-2.3.3-b02.pom
[INFO] Downloaded from central: https://repo.maven.apache.org/maven2/com/sun/xml/bind/jaxb-bom-ext/2.3.3-b02/jaxb-bom-ext-2.3.3-b02.pom (3.4 kB at 98 kB/s)
[INFO] Downloading from central: https://repo.maven.apache.org/maven2/org/glassfish/jaxb/jaxb-bom/2.3.3-b02/jaxb-bom-2.3.3-b02.pom
[INFO] Downloaded from central: https://repo.maven.apache.org/maven2/org/glassfish/jaxb/jaxb-bom/2.3.3-b02/jaxb-bom-2.3.3-b02.pom (8.2 kB at 257 kB/s)
[INFO] Downloading from central: https://repo.maven.apache.org/maven2/org/glassfish/jaxb/txw2/2.3.3-b02/txw2-2.3.3-b02.pom
[INFO] Downloaded from central: https://repo.maven.apache.org/maven2/org/glassfish/jaxb/txw2/2.3.3-b02/txw2-2.3.3-b02.pom (1.7 kB at 46 kB/s)
[INFO] Downloading from central: https://repo.maven.apache.org/maven2/com/sun/xml/bind/mvn/jaxb-txw-parent/2.3.3-b02/jaxb-txw-parent-2.3.3-b02.pom
[INFO] Downloaded from central: https://repo.maven.apache.org/maven2/com/sun/xml/bind/mvn/jaxb-txw-parent/2.3.3-b02/jaxb-txw-parent-2.3.3-b02.pom (1.7 kB at 53 kB/s)
[INFO] Downloading from central: https://repo.maven.apache.org/maven2/com/sun/istack/istack-commons-runtime/3.0.10/istack-commons-runtime-3.0.10.pom
[INFO] Downloaded from central: https://repo.maven.apache.org/maven2/com/sun/istack/istack-commons-runtime/3.0.10/istack-commons-runtime-3.0.10.pom (5.1 kB at 182 kB/s)
[INFO] Downloading from central: https://repo.maven.apache.org/maven2/com/sun/istack/istack-commons/3.0.10/istack-commons-3.0.10.pom
[INFO] Downloaded from central: https://repo.maven.apache.org/maven2/com/sun/istack/istack-commons/3.0.10/istack-commons-3.0.10.pom (22 kB at 575 kB/s)
[INFO] Downloading from central: https://repo.maven.apache.org/maven2/jakarta/persistence/jakarta.persistence-api/2.2.3/jakarta.persistence-api-2.2.3.pom
[INFO] Downloaded from central: https://repo.maven.apache.org/maven2/jakarta/persistence/jakarta.persistence-api/2.2.3/jakarta.persistence-api-2.2.3.pom (13 kB at 358 kB/s)
[INFO] Downloading from central: https://repo.maven.apache.org/maven2/org/hibernate/quarkus-local-cache/0.1.1/quarkus-local-cache-0.1.1.pom
[INFO] Downloaded from central: https://repo.maven.apache.org/maven2/org/hibernate/quarkus-local-cache/0.1.1/quarkus-local-cache-0.1.1.pom (2.3 kB at 74 kB/s)
[INFO] Downloading from central: https://repo.maven.apache.org/maven2/org/hibernate/quarkus-local-cache-parent/0.1.1/quarkus-local-cache-parent-0.1.1.pom
[INFO] Downloaded from central: https://repo.maven.apache.org/maven2/org/hibernate/quarkus-local-cache-parent/0.1.1/quarkus-local-cache-parent-0.1.1.pom (11 kB at 302 kB/s)
[INFO] Downloading from central: https://repo.maven.apache.org/maven2/io/quarkus/quarkus-junit5/2.9.2.Final/quarkus-junit5-2.9.2.Final.pom
[INFO] Downloaded from central: https://repo.maven.apache.org/maven2/io/quarkus/quarkus-junit5/2.9.2.Final/quarkus-junit5-2.9.2.Final.pom (2.4 kB at 79 kB/s)
[INFO] Downloading from central: https://repo.maven.apache.org/maven2/io/quarkus/quarkus-test-framework/2.9.2.Final/quarkus-test-framework-2.9.2.Final.pom
[INFO] Downloaded from central: https://repo.maven.apache.org/maven2/io/quarkus/quarkus-test-framework/2.9.2.Final/quarkus-test-framework-2.9.2.Final.pom (1.8 kB at 18 kB/s)
[INFO] Downloading from central: https://repo.maven.apache.org/maven2/org/jboss/logging/jboss-logging/3.3.1.Final/jboss-logging-3.3.1.Final.pom
[INFO] Downloaded from central: https://repo.maven.apache.org/maven2/org/jboss/logging/jboss-logging/3.3.1.Final/jboss-logging-3.3.1.Final.pom (5.9 kB at 229 kB/s)
[INFO] Downloading from central: https://repo.maven.apache.org/maven2/org/apache/commons/commons-lang3/3.8.1/commons-lang3-3.8.1.pom
[INFO] Downloaded from central: https://repo.maven.apache.org/maven2/org/apache/commons/commons-lang3/3.8.1/commons-lang3-3.8.1.pom (28 kB at 900 kB/s)
[INFO] Downloading from central: https://repo.maven.apache.org/maven2/org/apache/commons/commons-parent/47/commons-parent-47.pom
[INFO] Downloaded from central: https://repo.maven.apache.org/maven2/org/apache/commons/commons-parent/47/commons-parent-47.pom (78 kB at 1.9 MB/s)
[INFO] Downloading from central: https://repo.maven.apache.org/maven2/org/apache/apache/19/apache-19.pom
[INFO] Downloaded from central: https://repo.maven.apache.org/maven2/org/apache/apache/19/apache-19.pom (15 kB at 456 kB/s)
[INFO] Downloading from central: https://repo.maven.apache.org/maven2/org/codehaus/plexus/plexus-component-annotations/1.5.5/plexus-component-annotations-1.5.5.pom
[INFO] Downloaded from central: https://repo.maven.apache.org/maven2/org/codehaus/plexus/plexus-component-annotations/1.5.5/plexus-component-annotations-1.5.5.pom (815 B at 27 kB/s)
[INFO] Downloading from central: https://repo.maven.apache.org/maven2/org/codehaus/plexus/plexus-containers/1.5.5/plexus-containers-1.5.5.pom
[INFO] Downloaded from central: https://repo.maven.apache.org/maven2/org/codehaus/plexus/plexus-containers/1.5.5/plexus-containers-1.5.5.pom (4.2 kB at 146 kB/s)
[INFO] Downloading from central: https://repo.maven.apache.org/maven2/org/codehaus/plexus/plexus/2.0.7/plexus-2.0.7.pom
[INFO] Downloaded from central: https://repo.maven.apache.org/maven2/org/codehaus/plexus/plexus/2.0.7/plexus-2.0.7.pom (17 kB at 422 kB/s)
[INFO] Downloading from central: https://repo.maven.apache.org/maven2/org/codehaus/plexus/plexus-classworlds/2.5.2/plexus-classworlds-2.5.2.pom
[INFO] Downloaded from central: https://repo.maven.apache.org/maven2/org/codehaus/plexus/plexus-classworlds/2.5.2/plexus-classworlds-2.5.2.pom (7.3 kB at 215 kB/s)
[INFO] Downloading from central: https://repo.maven.apache.org/maven2/org/codehaus/plexus/plexus/3.3.1/plexus-3.3.1.pom
[INFO] Downloaded from central: https://repo.maven.apache.org/maven2/org/codehaus/plexus/plexus/3.3.1/plexus-3.3.1.pom (20 kB at 166 kB/s)
[INFO] Downloading from central: https://repo.maven.apache.org/maven2/org/sonatype/spice/spice-parent/17/spice-parent-17.pom
[INFO] Downloaded from central: https://repo.maven.apache.org/maven2/org/sonatype/spice/spice-parent/17/spice-parent-17.pom (6.8 kB at 69 kB/s)
[INFO] Downloading from central: https://repo.maven.apache.org/maven2/org/sonatype/forge/forge-parent/10/forge-parent-10.pom
[INFO] Downloaded from central: https://repo.maven.apache.org/maven2/org/sonatype/forge/forge-parent/10/forge-parent-10.pom (14 kB at 377 kB/s)
[INFO] Downloading from central: https://repo.maven.apache.org/maven2/commons-io/commons-io/2.6/commons-io-2.6.pom
[INFO] Downloaded from central: https://repo.maven.apache.org/maven2/commons-io/commons-io/2.6/commons-io-2.6.pom (14 kB at 419 kB/s)
[INFO] Downloading from central: https://repo.maven.apache.org/maven2/com/google/guava/guava/25.1-android/guava-25.1-android.pom
[INFO] Downloaded from central: https://repo.maven.apache.org/maven2/com/google/guava/guava/25.1-android/guava-25.1-android.pom (7.8 kB at 236 kB/s)
[INFO] Downloading from central: https://repo.maven.apache.org/maven2/com/google/guava/guava-parent/25.1-android/guava-parent-25.1-android.pom
[INFO] Downloaded from central: https://repo.maven.apache.org/maven2/com/google/guava/guava-parent/25.1-android/guava-parent-25.1-android.pom (10 kB at 268 kB/s)
[INFO] Downloading from central: https://repo.maven.apache.org/maven2/com/google/code/findbugs/jsr305/3.0.2/jsr305-3.0.2.pom
[INFO] Downloaded from central: https://repo.maven.apache.org/maven2/com/google/code/findbugs/jsr305/3.0.2/jsr305-3.0.2.pom (4.3 kB at 100 kB/s)
[INFO] Downloading from central: https://repo.maven.apache.org/maven2/org/checkerframework/checker-compat-qual/2.0.0/checker-compat-qual-2.0.0.pom
[INFO] Downloaded from central: https://repo.maven.apache.org/maven2/org/checkerframework/checker-compat-qual/2.0.0/checker-compat-qual-2.0.0.pom (4.2 kB at 140 kB/s)
[INFO] Downloading from central: https://repo.maven.apache.org/maven2/com/google/errorprone/error_prone_annotations/2.1.3/error_prone_annotations-2.1.3.pom
[INFO] Downloaded from central: https://repo.maven.apache.org/maven2/com/google/errorprone/error_prone_annotations/2.1.3/error_prone_annotations-2.1.3.pom (1.8 kB at 42 kB/s)
[INFO] Downloading from central: https://repo.maven.apache.org/maven2/com/google/errorprone/error_prone_parent/2.1.3/error_prone_parent-2.1.3.pom
[INFO] Downloaded from central: https://repo.maven.apache.org/maven2/com/google/errorprone/error_prone_parent/2.1.3/error_prone_parent-2.1.3.pom (5.1 kB at 170 kB/s)
[INFO] Downloading from central: https://repo.maven.apache.org/maven2/com/google/j2objc/j2objc-annotations/1.1/j2objc-annotations-1.1.pom
[INFO] Downloaded from central: https://repo.maven.apache.org/maven2/com/google/j2objc/j2objc-annotations/1.1/j2objc-annotations-1.1.pom (2.8 kB at 106 kB/s)
[INFO] Downloading from central: https://repo.maven.apache.org/maven2/org/codehaus/mojo/animal-sniffer-annotations/1.14/animal-sniffer-annotations-1.14.pom
[INFO] Downloaded from central: https://repo.maven.apache.org/maven2/org/codehaus/mojo/animal-sniffer-annotations/1.14/animal-sniffer-annotations-1.14.pom (2.5 kB at 98 kB/s)
[INFO] Downloading from central: https://repo.maven.apache.org/maven2/org/codehaus/mojo/animal-sniffer-parent/1.14/animal-sniffer-parent-1.14.pom
[INFO] Downloaded from central: https://repo.maven.apache.org/maven2/org/codehaus/mojo/animal-sniffer-parent/1.14/animal-sniffer-parent-1.14.pom (4.4 kB at 175 kB/s)
[INFO] Downloading from central: https://repo.maven.apache.org/maven2/org/codehaus/mojo/mojo-parent/34/mojo-parent-34.pom
[INFO] Downloaded from central: https://repo.maven.apache.org/maven2/org/codehaus/mojo/mojo-parent/34/mojo-parent-34.pom (24 kB at 232 kB/s)
[INFO] Downloading from central: https://repo.maven.apache.org/maven2/org/codehaus/codehaus-parent/4/codehaus-parent-4.pom
[INFO] Downloaded from central: https://repo.maven.apache.org/maven2/org/codehaus/codehaus-parent/4/codehaus-parent-4.pom (4.8 kB at 179 kB/s)
[INFO] Downloading from central: https://repo.maven.apache.org/maven2/org/slf4j/slf4j-api/1.7.30/slf4j-api-1.7.30.pom
[INFO] Downloaded from central: https://repo.maven.apache.org/maven2/org/slf4j/slf4j-api/1.7.30/slf4j-api-1.7.30.pom (3.8 kB at 124 kB/s)
[INFO] Downloading from central: https://repo.maven.apache.org/maven2/org/slf4j/slf4j-parent/1.7.30/slf4j-parent-1.7.30.pom
[INFO] Downloaded from central: https://repo.maven.apache.org/maven2/org/slf4j/slf4j-parent/1.7.30/slf4j-parent-1.7.30.pom (14 kB at 373 kB/s)
[INFO] Downloading from central: https://repo.maven.apache.org/maven2/org/jsoup/jsoup/1.12.1/jsoup-1.12.1.pom
[INFO] Downloaded from central: https://repo.maven.apache.org/maven2/org/jsoup/jsoup/1.12.1/jsoup-1.12.1.pom (8.3 kB at 225 kB/s)
[INFO] Downloading from central: https://repo.maven.apache.org/maven2/org/apache/httpcomponents/httpcore/4.4.13/httpcore-4.4.13.pom
[INFO] Downloaded from central: https://repo.maven.apache.org/maven2/org/apache/httpcomponents/httpcore/4.4.13/httpcore-4.4.13.pom (5.0 kB at 146 kB/s)
[INFO] Downloading from central: https://repo.maven.apache.org/maven2/org/apache/httpcomponents/httpcomponents-core/4.4.13/httpcomponents-core-4.4.13.pom
[INFO] Downloaded from central: https://repo.maven.apache.org/maven2/org/apache/httpcomponents/httpcomponents-core/4.4.13/httpcomponents-core-4.4.13.pom (13 kB at 387 kB/s)
[INFO] Downloading from central: https://repo.maven.apache.org/maven2/commons-codec/commons-codec/1.11/commons-codec-1.11.pom
[INFO] Downloaded from central: https://repo.maven.apache.org/maven2/commons-codec/commons-codec/1.11/commons-codec-1.11.pom (14 kB at 436 kB/s)
[INFO] Downloading from central: https://repo.maven.apache.org/maven2/org/apache/httpcomponents/httpcore/4.4.14/httpcore-4.4.14.pom
[INFO] Downloaded from central: https://repo.maven.apache.org/maven2/org/apache/httpcomponents/httpcore/4.4.14/httpcore-4.4.14.pom (5.0 kB at 155 kB/s)
[INFO] Downloading from central: https://repo.maven.apache.org/maven2/org/apache/httpcomponents/httpcomponents-core/4.4.14/httpcomponents-core-4.4.14.pom
[INFO] Downloaded from central: https://repo.maven.apache.org/maven2/org/apache/httpcomponents/httpcomponents-core/4.4.14/httpcomponents-core-4.4.14.pom (13 kB at 119 kB/s)
[INFO] Downloading from central: https://repo.maven.apache.org/maven2/org/slf4j/slf4j-api/1.7.25/slf4j-api-1.7.25.pom
[INFO] Downloaded from central: https://repo.maven.apache.org/maven2/org/slf4j/slf4j-api/1.7.25/slf4j-api-1.7.25.pom (3.8 kB at 40 kB/s)
[INFO] Downloading from central: https://repo.maven.apache.org/maven2/org/slf4j/slf4j-parent/1.7.25/slf4j-parent-1.7.25.pom
[INFO] Downloaded from central: https://repo.maven.apache.org/maven2/org/slf4j/slf4j-parent/1.7.25/slf4j-parent-1.7.25.pom (14 kB at 322 kB/s)
[INFO] Downloading from central: https://repo.maven.apache.org/maven2/io/quarkus/quarkus-test-common/2.9.2.Final/quarkus-test-common-2.9.2.Final.pom
[INFO] Downloaded from central: https://repo.maven.apache.org/maven2/io/quarkus/quarkus-test-common/2.9.2.Final/quarkus-test-common-2.9.2.Final.pom (1.4 kB at 36 kB/s)
[INFO] Downloading from central: https://repo.maven.apache.org/maven2/org/aesh/readline/2.1/readline-2.1.pom
[INFO] Downloaded from central: https://repo.maven.apache.org/maven2/org/aesh/readline/2.1/readline-2.1.pom (4.6 kB at 103 kB/s)
[INFO] Downloading from central: https://repo.maven.apache.org/maven2/org/aesh/readline-all/2.1/readline-all-2.1.pom
[INFO] Downloaded from central: https://repo.maven.apache.org/maven2/org/aesh/readline-all/2.1/readline-all-2.1.pom (4.5 kB at 167 kB/s)
[INFO] Downloading from central: https://repo.maven.apache.org/maven2/org/ow2/asm/asm/9.2/asm-9.2.pom
[INFO] Downloaded from central: https://repo.maven.apache.org/maven2/org/ow2/asm/asm/9.2/asm-9.2.pom (2.4 kB at 79 kB/s)
[INFO] Downloading from central: https://repo.maven.apache.org/maven2/org/ow2/asm/asm-tree/9.2/asm-tree-9.2.pom
[INFO] Downloaded from central: https://repo.maven.apache.org/maven2/org/ow2/asm/asm-tree/9.2/asm-tree-9.2.pom (2.6 kB at 84 kB/s)
[INFO] Downloading from central: https://repo.maven.apache.org/maven2/org/ow2/asm/asm-analysis/9.2/asm-analysis-9.2.pom
[INFO] Downloaded from central: https://repo.maven.apache.org/maven2/org/ow2/asm/asm-analysis/9.2/asm-analysis-9.2.pom (2.6 kB at 101 kB/s)
[INFO] Downloading from central: https://repo.maven.apache.org/maven2/org/jboss/jandex/2.4.1.Final/jandex-2.4.1.Final.pom
[INFO] Downloaded from central: https://repo.maven.apache.org/maven2/org/jboss/jandex/2.4.1.Final/jandex-2.4.1.Final.pom (6.8 kB at 212 kB/s)
[INFO] Downloading from central: https://repo.maven.apache.org/maven2/io/quarkus/quarkus-junit5-properties/2.9.2.Final/quarkus-junit5-properties-2.9.2.Final.pom
[INFO] Downloaded from central: https://repo.maven.apache.org/maven2/io/quarkus/quarkus-junit5-properties/2.9.2.Final/quarkus-junit5-properties-2.9.2.Final.pom (946 B at 31 kB/s)
[INFO] Downloading from central: https://repo.maven.apache.org/maven2/com/thoughtworks/xstream/xstream/1.4.19/xstream-1.4.19.pom
[INFO] Downloaded from central: https://repo.maven.apache.org/maven2/com/thoughtworks/xstream/xstream/1.4.19/xstream-1.4.19.pom (24 kB at 794 kB/s)
[INFO] Downloading from central: https://repo.maven.apache.org/maven2/com/thoughtworks/xstream/xstream-parent/1.4.19/xstream-parent-1.4.19.pom
[INFO] Downloaded from central: https://repo.maven.apache.org/maven2/com/thoughtworks/xstream/xstream-parent/1.4.19/xstream-parent-1.4.19.pom (43 kB at 1.4 MB/s)
[INFO] Downloading from central: https://repo.maven.apache.org/maven2/io/github/x-stream/mxparser/1.2.2/mxparser-1.2.2.pom
[INFO] Downloaded from central: https://repo.maven.apache.org/maven2/io/github/x-stream/mxparser/1.2.2/mxparser-1.2.2.pom (24 kB at 202 kB/s)
[INFO] Downloading from central: https://repo.maven.apache.org/maven2/xmlpull/xmlpull/1.1.3.1/xmlpull-1.1.3.1.pom
[INFO] Downloaded from central: https://repo.maven.apache.org/maven2/xmlpull/xmlpull/1.1.3.1/xmlpull-1.1.3.1.pom (386 B at 12 kB/s)
[INFO] Downloading from central: https://repo.maven.apache.org/maven2/io/rest-assured/rest-assured/4.5.1/rest-assured-4.5.1.pom
[INFO] Downloaded from central: https://repo.maven.apache.org/maven2/io/rest-assured/rest-assured/4.5.1/rest-assured-4.5.1.pom (7.6 kB at 231 kB/s)
[INFO] Downloading from central: https://repo.maven.apache.org/maven2/io/rest-assured/rest-assured-parent/4.5.1/rest-assured-parent-4.5.1.pom
[INFO] Downloaded from central: https://repo.maven.apache.org/maven2/io/rest-assured/rest-assured-parent/4.5.1/rest-assured-parent-4.5.1.pom (21 kB at 593 kB/s)
[INFO] Downloading from central: https://repo.maven.apache.org/maven2/org/sonatype/oss/oss-parent/5/oss-parent-5.pom
[INFO] Downloaded from central: https://repo.maven.apache.org/maven2/org/sonatype/oss/oss-parent/5/oss-parent-5.pom (4.1 kB at 117 kB/s)
[INFO] Downloading from central: https://repo.maven.apache.org/maven2/org/codehaus/groovy/groovy/3.0.9/groovy-3.0.9.pom
[INFO] Downloaded from central: https://repo.maven.apache.org/maven2/org/codehaus/groovy/groovy/3.0.9/groovy-3.0.9.pom (24 kB at 640 kB/s)
[INFO] Downloading from central: https://repo.maven.apache.org/maven2/org/codehaus/groovy/groovy-xml/3.0.9/groovy-xml-3.0.9.pom
[INFO] Downloaded from central: https://repo.maven.apache.org/maven2/org/codehaus/groovy/groovy-xml/3.0.9/groovy-xml-3.0.9.pom (22 kB at 609 kB/s)
[INFO] Downloading from central: https://repo.maven.apache.org/maven2/org/apache/httpcomponents/httpmime/4.5.13/httpmime-4.5.13.pom
[INFO] Downloaded from central: https://repo.maven.apache.org/maven2/org/apache/httpcomponents/httpmime/4.5.13/httpmime-4.5.13.pom (5.2 kB at 95 kB/s)
[INFO] Downloading from central: https://repo.maven.apache.org/maven2/org/hamcrest/hamcrest/2.1/hamcrest-2.1.pom
[INFO] Downloaded from central: https://repo.maven.apache.org/maven2/org/hamcrest/hamcrest/2.1/hamcrest-2.1.pom (1.1 kB at 9.8 kB/s)
[INFO] Downloading from central: https://repo.maven.apache.org/maven2/org/ccil/cowan/tagsoup/tagsoup/1.2.1/tagsoup-1.2.1.pom
[INFO] Downloaded from central: https://repo.maven.apache.org/maven2/org/ccil/cowan/tagsoup/tagsoup/1.2.1/tagsoup-1.2.1.pom (1.2 kB at 12 kB/s)
[INFO] Downloading from central: https://repo.maven.apache.org/maven2/io/rest-assured/json-path/4.5.1/json-path-4.5.1.pom
[INFO] Downloaded from central: https://repo.maven.apache.org/maven2/io/rest-assured/json-path/4.5.1/json-path-4.5.1.pom (4.9 kB at 139 kB/s)
[INFO] Downloading from central: https://repo.maven.apache.org/maven2/org/codehaus/groovy/groovy-json/3.0.9/groovy-json-3.0.9.pom
[INFO] Downloaded from central: https://repo.maven.apache.org/maven2/org/codehaus/groovy/groovy-json/3.0.9/groovy-json-3.0.9.pom (22 kB at 730 kB/s)
[INFO] Downloading from central: https://repo.maven.apache.org/maven2/io/rest-assured/rest-assured-common/4.5.1/rest-assured-common-4.5.1.pom
[INFO] Downloaded from central: https://repo.maven.apache.org/maven2/io/rest-assured/rest-assured-common/4.5.1/rest-assured-common-4.5.1.pom (3.2 kB at 118 kB/s)
[INFO] Downloading from central: https://repo.maven.apache.org/maven2/org/apache/commons/commons-lang3/3.11/commons-lang3-3.11.pom
[INFO] Downloaded from central: https://repo.maven.apache.org/maven2/org/apache/commons/commons-lang3/3.11/commons-lang3-3.11.pom (30 kB at 883 kB/s)
[INFO] Downloading from central: https://repo.maven.apache.org/maven2/org/apache/commons/commons-parent/51/commons-parent-51.pom
[INFO] Downloaded from central: https://repo.maven.apache.org/maven2/org/apache/commons/commons-parent/51/commons-parent-51.pom (78 kB at 1.9 MB/s)
[INFO] Downloading from central: https://repo.maven.apache.org/maven2/io/rest-assured/xml-path/4.5.1/xml-path-4.5.1.pom
[INFO] Downloaded from central: https://repo.maven.apache.org/maven2/io/rest-assured/xml-path/4.5.1/xml-path-4.5.1.pom (4.3 kB at 75 kB/s)
[INFO] Downloading from central: https://repo.maven.apache.org/maven2/io/quarkus/quarkus-flyway/2.9.2.Final/quarkus-flyway-2.9.2.Final.pom
[INFO] Downloaded from central: https://repo.maven.apache.org/maven2/io/quarkus/quarkus-flyway/2.9.2.Final/quarkus-flyway-2.9.2.Final.pom (3.1 kB at 73 kB/s)
[INFO] Downloading from central: https://repo.maven.apache.org/maven2/io/quarkus/quarkus-flyway-parent/2.9.2.Final/quarkus-flyway-parent-2.9.2.Final.pom
[INFO] Downloaded from central: https://repo.maven.apache.org/maven2/io/quarkus/quarkus-flyway-parent/2.9.2.Final/quarkus-flyway-parent-2.9.2.Final.pom (740 B at 24 kB/s)
[INFO] Downloading from central: https://repo.maven.apache.org/maven2/org/flywaydb/flyway-core/8.5.10/flyway-core-8.5.10.pom
[INFO] Downloaded from central: https://repo.maven.apache.org/maven2/org/flywaydb/flyway-core/8.5.10/flyway-core-8.5.10.pom (8.3 kB at 267 kB/s)
[INFO] Downloading from central: https://repo.maven.apache.org/maven2/org/flywaydb/flyway-parent/8.5.10/flyway-parent-8.5.10.pom
[INFO] Downloaded from central: https://repo.maven.apache.org/maven2/org/flywaydb/flyway-parent/8.5.10/flyway-parent-8.5.10.pom (32 kB at 918 kB/s)
[INFO] Downloading from central: https://repo.maven.apache.org/maven2/org/flywaydb/flyway-mysql/8.5.10/flyway-mysql-8.5.10.pom
[INFO] Downloaded from central: https://repo.maven.apache.org/maven2/org/flywaydb/flyway-mysql/8.5.10/flyway-mysql-8.5.10.pom (4.6 kB at 35 kB/s)
[INFO] Downloading from central: https://repo.maven.apache.org/maven2/io/quarkus/quarkus-arc/2.9.2.Final/quarkus-arc-2.9.2.Final.jar
[INFO] Downloaded from central: https://repo.maven.apache.org/maven2/io/quarkus/quarkus-arc/2.9.2.Final/quarkus-arc-2.9.2.Final.jar (66 kB at 2.0 MB/s)
[INFO] Downloading from central: https://repo.maven.apache.org/maven2/io/quarkus/arc/arc/2.9.2.Final/arc-2.9.2.Final.jar
[INFO] Downloading from central: https://repo.maven.apache.org/maven2/jakarta/ejb/jakarta.ejb-api/3.2.6/jakarta.ejb-api-3.2.6.jar
[INFO] Downloading from central: https://repo.maven.apache.org/maven2/org/eclipse/microprofile/context-propagation/microprofile-context-propagation-api/1.2/microprofile-context-propagation-api-1.2.jar
[INFO] Downloading from central: https://repo.maven.apache.org/maven2/io/quarkus/quarkus-resteasy/2.9.2.Final/quarkus-resteasy-2.9.2.Final.jar
[INFO] Downloading from central: https://repo.maven.apache.org/maven2/io/quarkus/quarkus-vertx-http/2.9.2.Final/quarkus-vertx-http-2.9.2.Final.jar
[INFO] Downloaded from central: https://repo.maven.apache.org/maven2/org/eclipse/microprofile/context-propagation/microprofile-context-propagation-api/1.2/microprofile-context-propagation-api-1.2.jar (17 kB at 592 kB/s)
[INFO] Downloaded from central: https://repo.maven.apache.org/maven2/jakarta/ejb/jakarta.ejb-api/3.2.6/jakarta.ejb-api-3.2.6.jar (64 kB at 2.2 MB/s)
[INFO] Downloading from central: https://repo.maven.apache.org/maven2/io/quarkus/quarkus-security-runtime-spi/2.9.2.Final/quarkus-security-runtime-spi-2.9.2.Final.jar
[INFO] Downloading from central: https://repo.maven.apache.org/maven2/io/quarkus/quarkus-mutiny/2.9.2.Final/quarkus-mutiny-2.9.2.Final.jar
[INFO] Downloaded from central: https://repo.maven.apache.org/maven2/io/quarkus/arc/arc/2.9.2.Final/arc-2.9.2.Final.jar (200 kB at 6.2 MB/s)
[INFO] Downloading from central: https://repo.maven.apache.org/maven2/io/quarkus/quarkus-smallrye-context-propagation/2.9.2.Final/quarkus-smallrye-context-propagation-2.9.2.Final.jar
[INFO] Downloaded from central: https://repo.maven.apache.org/maven2/io/quarkus/quarkus-resteasy/2.9.2.Final/quarkus-resteasy-2.9.2.Final.jar (90 kB at 2.9 MB/s)
[INFO] Downloading from central: https://repo.maven.apache.org/maven2/io/smallrye/smallrye-context-propagation/1.2.2/smallrye-context-propagation-1.2.2.jar
[INFO] Downloaded from central: https://repo.maven.apache.org/maven2/io/quarkus/quarkus-vertx-http/2.9.2.Final/quarkus-vertx-http-2.9.2.Final.jar (457 kB at 10 MB/s)
[INFO] Downloading from central: https://repo.maven.apache.org/maven2/io/smallrye/smallrye-context-propagation-api/1.2.2/smallrye-context-propagation-api-1.2.2.jar
[INFO] Downloaded from central: https://repo.maven.apache.org/maven2/io/quarkus/quarkus-smallrye-context-propagation/2.9.2.Final/quarkus-smallrye-context-propagation-2.9.2.Final.jar (12 kB at 236 kB/s)
[INFO] Downloading from central: https://repo.maven.apache.org/maven2/io/smallrye/smallrye-context-propagation-storage/1.2.2/smallrye-context-propagation-storage-1.2.2.jar
[INFO] Downloaded from central: https://repo.maven.apache.org/maven2/io/quarkus/quarkus-mutiny/2.9.2.Final/quarkus-mutiny-2.9.2.Final.jar (9.2 kB at 188 kB/s)
[INFO] Downloading from central: https://repo.maven.apache.org/maven2/io/smallrye/reactive/mutiny-smallrye-context-propagation/1.4.0/mutiny-smallrye-context-propagation-1.4.0.jar
[INFO] Downloaded from central: https://repo.maven.apache.org/maven2/io/quarkus/quarkus-security-runtime-spi/2.9.2.Final/quarkus-security-runtime-spi-2.9.2.Final.jar (6.5 kB at 129 kB/s)
[INFO] Downloading from central: https://repo.maven.apache.org/maven2/io/smallrye/common/smallrye-common-vertx-context/1.11.0/smallrye-common-vertx-context-1.11.0.jar
[INFO] Downloaded from central: https://repo.maven.apache.org/maven2/io/smallrye/smallrye-context-propagation/1.2.2/smallrye-context-propagation-1.2.2.jar (96 kB at 1.8 MB/s)
[INFO] Downloading from central: https://repo.maven.apache.org/maven2/io/vertx/vertx-core/4.2.6/vertx-core-4.2.6.jar
[INFO] Downloaded from central: https://repo.maven.apache.org/maven2/io/smallrye/smallrye-context-propagation-api/1.2.2/smallrye-context-propagation-api-1.2.2.jar (8.1 kB at 107 kB/s)
[INFO] Downloaded from central: https://repo.maven.apache.org/maven2/io/smallrye/reactive/mutiny-smallrye-context-propagation/1.4.0/mutiny-smallrye-context-propagation-1.4.0.jar (21 kB at 270 kB/s)
[INFO] Downloaded from central: https://repo.maven.apache.org/maven2/io/smallrye/smallrye-context-propagation-storage/1.2.2/smallrye-context-propagation-storage-1.2.2.jar (7.8 kB at 102 kB/s)
[INFO] Downloading from central: https://repo.maven.apache.org/maven2/io/netty/netty-buffer/4.1.74.Final/netty-buffer-4.1.74.Final.jar
[INFO] Downloading from central: https://repo.maven.apache.org/maven2/io/netty/netty-transport/4.1.74.Final/netty-transport-4.1.74.Final.jar
[INFO] Downloaded from central: https://repo.maven.apache.org/maven2/io/smallrye/common/smallrye-common-vertx-context/1.11.0/smallrye-common-vertx-context-1.11.0.jar (5.3 kB at 71 kB/s)
[INFO] Downloading from central: https://repo.maven.apache.org/maven2/io/netty/netty-handler/4.1.74.Final/netty-handler-4.1.74.Final.jar
[INFO] Downloading from central: https://repo.maven.apache.org/maven2/io/netty/netty-common/4.1.74.Final/netty-common-4.1.74.Final.jar
[INFO] Downloaded from central: https://repo.maven.apache.org/maven2/io/vertx/vertx-core/4.2.6/vertx-core-4.2.6.jar (1.5 MB at 15 MB/s)
[INFO] Downloading from central: https://repo.maven.apache.org/maven2/io/netty/netty-tcnative-classes/2.0.48.Final/netty-tcnative-classes-2.0.48.Final.jar
[INFO] Downloaded from central: https://repo.maven.apache.org/maven2/io/netty/netty-buffer/4.1.74.Final/netty-buffer-4.1.74.Final.jar (303 kB at 2.9 MB/s)
[INFO] Downloading from central: https://repo.maven.apache.org/maven2/io/netty/netty-handler-proxy/4.1.74.Final/netty-handler-proxy-4.1.74.Final.jar
[INFO] Downloaded from central: https://repo.maven.apache.org/maven2/io/netty/netty-handler/4.1.74.Final/netty-handler-4.1.74.Final.jar (529 kB at 4.6 MB/s)
[INFO] Downloading from central: https://repo.maven.apache.org/maven2/io/netty/netty-codec-socks/4.1.74.Final/netty-codec-socks-4.1.74.Final.jar
[INFO] Downloaded from central: https://repo.maven.apache.org/maven2/io/netty/netty-common/4.1.74.Final/netty-common-4.1.74.Final.jar (650 kB at 5.6 MB/s)
[INFO] Downloading from central: https://repo.maven.apache.org/maven2/io/netty/netty-codec-http/4.1.74.Final/netty-codec-http-4.1.74.Final.jar
[INFO] Downloaded from central: https://repo.maven.apache.org/maven2/io/netty/netty-transport/4.1.74.Final/netty-transport-4.1.74.Final.jar (479 kB at 4.0 MB/s)
[INFO] Downloading from central: https://repo.maven.apache.org/maven2/io/netty/netty-codec-http2/4.1.74.Final/netty-codec-http2-4.1.74.Final.jar
[INFO] Downloaded from central: https://repo.maven.apache.org/maven2/io/netty/netty-tcnative-classes/2.0.48.Final/netty-tcnative-classes-2.0.48.Final.jar (35 kB at 282 kB/s)
[INFO] Downloading from central: https://repo.maven.apache.org/maven2/io/netty/netty-resolver/4.1.74.Final/netty-resolver-4.1.74.Final.jar
[INFO] Downloaded from central: https://repo.maven.apache.org/maven2/io/netty/netty-codec-socks/4.1.74.Final/netty-codec-socks-4.1.74.Final.jar (119 kB at 833 kB/s)
[INFO] Downloading from central: https://repo.maven.apache.org/maven2/io/netty/netty-resolver-dns/4.1.74.Final/netty-resolver-dns-4.1.74.Final.jar
[INFO] Downloaded from central: https://repo.maven.apache.org/maven2/io/netty/netty-handler-proxy/4.1.74.Final/netty-handler-proxy-4.1.74.Final.jar (24 kB at 166 kB/s)
[INFO] Downloading from central: https://repo.maven.apache.org/maven2/io/netty/netty-codec-dns/4.1.74.Final/netty-codec-dns-4.1.74.Final.jar
[INFO] Downloaded from central: https://repo.maven.apache.org/maven2/io/netty/netty-resolver/4.1.74.Final/netty-resolver-4.1.74.Final.jar (38 kB at 249 kB/s)
[INFO] Downloading from central: https://repo.maven.apache.org/maven2/io/quarkus/quarkus-vertx-http-dev-console-runtime-spi/2.9.2.Final/quarkus-vertx-http-dev-console-runtime-spi-2.9.2.Final.jar
[INFO] Downloaded from central: https://repo.maven.apache.org/maven2/io/netty/netty-codec-dns/4.1.74.Final/netty-codec-dns-4.1.74.Final.jar (65 kB at 257 kB/s)
[INFO] Downloaded from central: https://repo.maven.apache.org/maven2/io/netty/netty-codec-http2/4.1.74.Final/netty-codec-http2-4.1.74.Final.jar (473 kB at 1.9 MB/s)
[INFO] Downloading from central: https://repo.maven.apache.org/maven2/io/quarkus/security/quarkus-security/1.1.4.Final/quarkus-security-1.1.4.Final.jar
[INFO] Downloading from central: https://repo.maven.apache.org/maven2/io/quarkus/quarkus-vertx/2.9.2.Final/quarkus-vertx-2.9.2.Final.jar
[INFO] Downloaded from central: https://repo.maven.apache.org/maven2/io/netty/netty-codec-http/4.1.74.Final/netty-codec-http-4.1.74.Final.jar (635 kB at 2.5 MB/s)
[INFO] Downloading from central: https://repo.maven.apache.org/maven2/io/quarkus/quarkus-netty/2.9.2.Final/quarkus-netty-2.9.2.Final.jar
[INFO] Downloaded from central: https://repo.maven.apache.org/maven2/io/netty/netty-resolver-dns/4.1.74.Final/netty-resolver-dns-4.1.74.Final.jar (157 kB at 605 kB/s)
[INFO] Downloading from central: https://repo.maven.apache.org/maven2/io/netty/netty-codec/4.1.74.Final/netty-codec-4.1.74.Final.jar
[INFO] Downloaded from central: https://repo.maven.apache.org/maven2/io/quarkus/quarkus-vertx-http-dev-console-runtime-spi/2.9.2.Final/quarkus-vertx-http-dev-console-runtime-spi-2.9.2.Final.jar (11 kB at 42 kB/s)
[INFO] Downloading from central: https://repo.maven.apache.org/maven2/io/netty/netty-codec-haproxy/4.1.74.Final/netty-codec-haproxy-4.1.74.Final.jar
[INFO] Downloaded from central: https://repo.maven.apache.org/maven2/io/quarkus/security/quarkus-security/1.1.4.Final/quarkus-security-1.1.4.Final.jar (18 kB at 47 kB/s)
[INFO] Downloading from central: https://repo.maven.apache.org/maven2/io/smallrye/reactive/smallrye-mutiny-vertx-core/2.21.0/smallrye-mutiny-vertx-core-2.21.0.jar
[INFO] Downloaded from central: https://repo.maven.apache.org/maven2/io/quarkus/quarkus-vertx/2.9.2.Final/quarkus-vertx-2.9.2.Final.jar (98 kB at 258 kB/s)
[INFO] Downloaded from central: https://repo.maven.apache.org/maven2/io/quarkus/quarkus-netty/2.9.2.Final/quarkus-netty-2.9.2.Final.jar (62 kB at 163 kB/s)
[INFO] Downloading from central: https://repo.maven.apache.org/maven2/io/smallrye/reactive/smallrye-mutiny-vertx-runtime/2.21.0/smallrye-mutiny-vertx-runtime-2.21.0.jar
[INFO] Downloading from central: https://repo.maven.apache.org/maven2/io/smallrye/reactive/vertx-mutiny-generator/2.21.0/vertx-mutiny-generator-2.21.0.jar
[INFO] Downloaded from central: https://repo.maven.apache.org/maven2/io/netty/netty-codec-haproxy/4.1.74.Final/netty-codec-haproxy-4.1.74.Final.jar (36 kB at 95 kB/s)
[INFO] Downloading from central: https://repo.maven.apache.org/maven2/io/vertx/vertx-codegen/4.2.7/vertx-codegen-4.2.7.jar
[INFO] Downloaded from central: https://repo.maven.apache.org/maven2/io/netty/netty-codec/4.1.74.Final/netty-codec-4.1.74.Final.jar (337 kB at 883 kB/s)
[INFO] Downloading from central: https://repo.maven.apache.org/maven2/io/smallrye/smallrye-fault-tolerance-vertx/5.4.0/smallrye-fault-tolerance-vertx-5.4.0.jar
[INFO] Downloaded from central: https://repo.maven.apache.org/maven2/io/smallrye/reactive/smallrye-mutiny-vertx-core/2.21.0/smallrye-mutiny-vertx-core-2.21.0.jar (379 kB at 932 kB/s)
[INFO] Downloaded from central: https://repo.maven.apache.org/maven2/io/smallrye/reactive/smallrye-mutiny-vertx-runtime/2.21.0/smallrye-mutiny-vertx-runtime-2.21.0.jar (25 kB at 61 kB/s)
[INFO] Downloading from central: https://repo.maven.apache.org/maven2/io/smallrye/reactive/smallrye-mutiny-vertx-web/2.21.0/smallrye-mutiny-vertx-web-2.21.0.jar
[INFO] Downloading from central: https://repo.maven.apache.org/maven2/io/smallrye/reactive/smallrye-mutiny-vertx-web-common/2.21.0/smallrye-mutiny-vertx-web-common-2.21.0.jar
[INFO] Downloaded from central: https://repo.maven.apache.org/maven2/io/smallrye/smallrye-fault-tolerance-vertx/5.4.0/smallrye-fault-tolerance-vertx-5.4.0.jar (6.2 kB at 15 kB/s)
[INFO] Downloading from central: https://repo.maven.apache.org/maven2/io/smallrye/reactive/smallrye-mutiny-vertx-auth-common/2.21.0/smallrye-mutiny-vertx-auth-common-2.21.0.jar
[INFO] Downloaded from central: https://repo.maven.apache.org/maven2/io/smallrye/reactive/vertx-mutiny-generator/2.21.0/vertx-mutiny-generator-2.21.0.jar (91 kB at 221 kB/s)
[INFO] Downloading from central: https://repo.maven.apache.org/maven2/io/smallrye/reactive/smallrye-mutiny-vertx-bridge-common/2.21.0/smallrye-mutiny-vertx-bridge-common-2.21.0.jar
[INFO] Downloaded from central: https://repo.maven.apache.org/maven2/io/vertx/vertx-codegen/4.2.7/vertx-codegen-4.2.7.jar (205 kB at 492 kB/s)
[INFO] Downloading from central: https://repo.maven.apache.org/maven2/io/vertx/vertx-web/4.2.7/vertx-web-4.2.7.jar
[INFO] Downloaded from central: https://repo.maven.apache.org/maven2/io/smallrye/reactive/smallrye-mutiny-vertx-web-common/2.21.0/smallrye-mutiny-vertx-web-common-2.21.0.jar (20 kB at 46 kB/s)
[INFO] Downloading from central: https://repo.maven.apache.org/maven2/io/vertx/vertx-web-common/4.2.7/vertx-web-common-4.2.7.jar
[INFO] Downloaded from central: https://repo.maven.apache.org/maven2/io/smallrye/reactive/smallrye-mutiny-vertx-web/2.21.0/smallrye-mutiny-vertx-web-2.21.0.jar (141 kB at 324 kB/s)
[INFO] Downloading from central: https://repo.maven.apache.org/maven2/io/vertx/vertx-auth-common/4.2.7/vertx-auth-common-4.2.7.jar
[INFO] Downloaded from central: https://repo.maven.apache.org/maven2/io/smallrye/reactive/smallrye-mutiny-vertx-bridge-common/2.21.0/smallrye-mutiny-vertx-bridge-common-2.21.0.jar (6.2 kB at 14 kB/s)
[INFO] Downloading from central: https://repo.maven.apache.org/maven2/io/vertx/vertx-bridge-common/4.2.7/vertx-bridge-common-4.2.7.jar
[INFO] Downloaded from central: https://repo.maven.apache.org/maven2/io/smallrye/reactive/smallrye-mutiny-vertx-auth-common/2.21.0/smallrye-mutiny-vertx-auth-common-2.21.0.jar (40 kB at 92 kB/s)
[INFO] Downloading from central: https://repo.maven.apache.org/maven2/io/quarkus/quarkus-resteasy-server-common/2.9.2.Final/quarkus-resteasy-server-common-2.9.2.Final.jar
[INFO] Downloaded from central: https://repo.maven.apache.org/maven2/io/vertx/vertx-web/4.2.7/vertx-web-4.2.7.jar (356 kB at 790 kB/s)
[INFO] Downloading from central: https://repo.maven.apache.org/maven2/io/quarkus/quarkus-resteasy-common/2.9.2.Final/quarkus-resteasy-common-2.9.2.Final.jar
[INFO] Downloaded from central: https://repo.maven.apache.org/maven2/io/vertx/vertx-web-common/4.2.7/vertx-web-common-4.2.7.jar (24 kB at 52 kB/s)
[INFO] Downloading from central: https://repo.maven.apache.org/maven2/org/jboss/resteasy/resteasy-core/4.7.5.Final/resteasy-core-4.7.5.Final.jar
[INFO] Downloaded from central: https://repo.maven.apache.org/maven2/io/vertx/vertx-auth-common/4.2.7/vertx-auth-common-4.2.7.jar (134 kB at 290 kB/s)
[INFO] Downloaded from central: https://repo.maven.apache.org/maven2/io/quarkus/quarkus-resteasy-server-common/2.9.2.Final/quarkus-resteasy-server-common-2.9.2.Final.jar (7.6 kB at 16 kB/s)
[INFO] Downloading from central: https://repo.maven.apache.org/maven2/org/jboss/spec/javax/annotation/jboss-annotations-api_1.3_spec/2.0.1.Final/jboss-annotations-api_1.3_spec-2.0.1.Final.jar
[INFO] Downloading from central: https://repo.maven.apache.org/maven2/org/jboss/spec/javax/ws/rs/jboss-jaxrs-api_2.1_spec/2.0.1.Final/jboss-jaxrs-api_2.1_spec-2.0.1.Final.jar
[INFO] Downloaded from central: https://repo.maven.apache.org/maven2/io/vertx/vertx-bridge-common/4.2.7/vertx-bridge-common-4.2.7.jar (11 kB at 24 kB/s)
[INFO] Downloading from central: https://repo.maven.apache.org/maven2/org/jboss/resteasy/resteasy-core-spi/4.7.5.Final/resteasy-core-spi-4.7.5.Final.jar
[INFO] Downloaded from central: https://repo.maven.apache.org/maven2/io/quarkus/quarkus-resteasy-common/2.9.2.Final/quarkus-resteasy-common-2.9.2.Final.jar (25 kB at 52 kB/s)
[INFO] Downloading from central: https://repo.maven.apache.org/maven2/com/ibm/async/asyncutil/0.1.0/asyncutil-0.1.0.jar
[INFO] Downloaded from central: https://repo.maven.apache.org/maven2/org/jboss/spec/javax/ws/rs/jboss-jaxrs-api_2.1_spec/2.0.1.Final/jboss-jaxrs-api_2.1_spec-2.0.1.Final.jar (147 kB at 300 kB/s)
[INFO] Downloading from central: https://repo.maven.apache.org/maven2/jakarta/validation/jakarta.validation-api/2.0.2/jakarta.validation-api-2.0.2.jar
[INFO] Downloaded from central: https://repo.maven.apache.org/maven2/org/jboss/spec/javax/annotation/jboss-annotations-api_1.3_spec/2.0.1.Final/jboss-annotations-api_1.3_spec-2.0.1.Final.jar (25 kB at 51 kB/s)
[INFO] Downloading from central: https://repo.maven.apache.org/maven2/io/quarkus/quarkus-resteasy-jackson/2.9.2.Final/quarkus-resteasy-jackson-2.9.2.Final.jar
[INFO] Downloaded from central: https://repo.maven.apache.org/maven2/org/jboss/resteasy/resteasy-core-spi/4.7.5.Final/resteasy-core-spi-4.7.5.Final.jar (185 kB at 373 kB/s)
[INFO] Downloading from central: https://repo.maven.apache.org/maven2/io/quarkus/quarkus-jackson/2.9.2.Final/quarkus-jackson-2.9.2.Final.jar
[INFO] Downloaded from central: https://repo.maven.apache.org/maven2/org/jboss/resteasy/resteasy-core/4.7.5.Final/resteasy-core-4.7.5.Final.jar (790 kB at 1.6 MB/s)
[INFO] Downloading from central: https://repo.maven.apache.org/maven2/com/fasterxml/jackson/datatype/jackson-datatype-jsr310/2.13.3/jackson-datatype-jsr310-2.13.3.jar
[INFO] Downloaded from central: https://repo.maven.apache.org/maven2/com/ibm/async/asyncutil/0.1.0/asyncutil-0.1.0.jar (120 kB at 237 kB/s)
[INFO] Downloading from central: https://repo.maven.apache.org/maven2/com/fasterxml/jackson/datatype/jackson-datatype-jdk8/2.13.3/jackson-datatype-jdk8-2.13.3.jar
[INFO] Downloaded from central: https://repo.maven.apache.org/maven2/io/quarkus/quarkus-resteasy-jackson/2.9.2.Final/quarkus-resteasy-jackson-2.9.2.Final.jar (3.4 kB at 6.6 kB/s)
[INFO] Downloading from central: https://repo.maven.apache.org/maven2/com/fasterxml/jackson/module/jackson-module-parameter-names/2.13.3/jackson-module-parameter-names-2.13.3.jar
[INFO] Downloaded from central: https://repo.maven.apache.org/maven2/io/quarkus/quarkus-jackson/2.9.2.Final/quarkus-jackson-2.9.2.Final.jar (7.7 kB at 15 kB/s)
[INFO] Downloading from central: https://repo.maven.apache.org/maven2/org/jboss/resteasy/resteasy-jackson2-provider/4.7.5.Final/resteasy-jackson2-provider-4.7.5.Final.jar
[INFO] Downloaded from central: https://repo.maven.apache.org/maven2/jakarta/validation/jakarta.validation-api/2.0.2/jakarta.validation-api-2.0.2.jar (92 kB at 176 kB/s)
[INFO] Downloading from central: https://repo.maven.apache.org/maven2/com/fasterxml/jackson/core/jackson-core/2.12.3/jackson-core-2.12.3.jar
[INFO] Downloaded from central: https://repo.maven.apache.org/maven2/com/fasterxml/jackson/datatype/jackson-datatype-jsr310/2.13.3/jackson-datatype-jsr310-2.13.3.jar (121 kB at 230 kB/s)
[INFO] Downloading from central: https://repo.maven.apache.org/maven2/com/fasterxml/jackson/core/jackson-annotations/2.12.3/jackson-annotations-2.12.3.jar
[INFO] Downloaded from central: https://repo.maven.apache.org/maven2/com/fasterxml/jackson/datatype/jackson-datatype-jdk8/2.13.3/jackson-datatype-jdk8-2.13.3.jar (35 kB at 64 kB/s)
[INFO] Downloading from central: https://repo.maven.apache.org/maven2/com/fasterxml/jackson/jaxrs/jackson-jaxrs-json-provider/2.12.3/jackson-jaxrs-json-provider-2.12.3.jar
[INFO] Downloaded from central: https://repo.maven.apache.org/maven2/com/fasterxml/jackson/core/jackson-core/2.12.3/jackson-core-2.12.3.jar (365 kB at 665 kB/s)
[INFO] Downloading from central: https://repo.maven.apache.org/maven2/com/fasterxml/jackson/jaxrs/jackson-jaxrs-base/2.12.3/jackson-jaxrs-base-2.12.3.jar
[INFO] Downloaded from central: https://repo.maven.apache.org/maven2/org/jboss/resteasy/resteasy-jackson2-provider/4.7.5.Final/resteasy-jackson2-provider-4.7.5.Final.jar (28 kB at 52 kB/s)
[INFO] Downloading from central: https://repo.maven.apache.org/maven2/com/fasterxml/jackson/module/jackson-module-jaxb-annotations/2.12.3/jackson-module-jaxb-annotations-2.12.3.jar
[INFO] Downloaded from central: https://repo.maven.apache.org/maven2/com/fasterxml/jackson/module/jackson-module-parameter-names/2.13.3/jackson-module-parameter-names-2.13.3.jar (9.5 kB at 17 kB/s)
[INFO] Downloading from central: https://repo.maven.apache.org/maven2/com/github/java-json-tools/json-patch/1.13/json-patch-1.13.jar
[INFO] Downloaded from central: https://repo.maven.apache.org/maven2/com/fasterxml/jackson/core/jackson-annotations/2.12.3/jackson-annotations-2.12.3.jar (76 kB at 137 kB/s)
[INFO] Downloading from central: https://repo.maven.apache.org/maven2/com/github/java-json-tools/msg-simple/1.2/msg-simple-1.2.jar
[INFO] Downloaded from central: https://repo.maven.apache.org/maven2/com/fasterxml/jackson/module/jackson-module-jaxb-annotations/2.12.3/jackson-module-jaxb-annotations-2.12.3.jar (37 kB at 63 kB/s)
[INFO] Downloading from central: https://repo.maven.apache.org/maven2/com/github/java-json-tools/jackson-coreutils/2.0/jackson-coreutils-2.0.jar
[INFO] Downloaded from central: https://repo.maven.apache.org/maven2/com/github/java-json-tools/json-patch/1.13/json-patch-1.13.jar (44 kB at 76 kB/s)
[INFO] Downloading from central: https://repo.maven.apache.org/maven2/org/jboss/spec/javax/xml/bind/jboss-jaxb-api_2.3_spec/2.0.0.Final/jboss-jaxb-api_2.3_spec-2.0.0.Final.jar
[INFO] Downloaded from central: https://repo.maven.apache.org/maven2/com/fasterxml/jackson/jaxrs/jackson-jaxrs-base/2.12.3/jackson-jaxrs-base-2.12.3.jar (36 kB at 62 kB/s)
[INFO] Downloading from central: https://repo.maven.apache.org/maven2/io/quarkus/quarkus-agroal/2.9.2.Final/quarkus-agroal-2.9.2.Final.jar
[INFO] Downloaded from central: https://repo.maven.apache.org/maven2/com/github/java-json-tools/msg-simple/1.2/msg-simple-1.2.jar (37 kB at 63 kB/s)
[INFO] Downloading from central: https://repo.maven.apache.org/maven2/io/quarkus/quarkus-datasource/2.9.2.Final/quarkus-datasource-2.9.2.Final.jar
[INFO] Downloaded from central: https://repo.maven.apache.org/maven2/com/fasterxml/jackson/jaxrs/jackson-jaxrs-json-provider/2.12.3/jackson-jaxrs-json-provider-2.12.3.jar (16 kB at 28 kB/s)
[INFO] Downloading from central: https://repo.maven.apache.org/maven2/io/quarkus/quarkus-narayana-jta/2.9.2.Final/quarkus-narayana-jta-2.9.2.Final.jar
[INFO] Downloaded from central: https://repo.maven.apache.org/maven2/com/github/java-json-tools/jackson-coreutils/2.0/jackson-coreutils-2.0.jar (32 kB at 53 kB/s)
[INFO] Downloading from central: https://repo.maven.apache.org/maven2/io/smallrye/smallrye-context-propagation-jta/1.2.2/smallrye-context-propagation-jta-1.2.2.jar
[INFO] Downloaded from central: https://repo.maven.apache.org/maven2/org/jboss/spec/javax/xml/bind/jboss-jaxb-api_2.3_spec/2.0.0.Final/jboss-jaxb-api_2.3_spec-2.0.0.Final.jar (113 kB at 186 kB/s)
[INFO] Downloading from central: https://repo.maven.apache.org/maven2/io/smallrye/reactive/smallrye-reactive-converter-api/2.7.0/smallrye-reactive-converter-api-2.7.0.jar
[INFO] Downloaded from central: https://repo.maven.apache.org/maven2/io/quarkus/quarkus-datasource/2.9.2.Final/quarkus-datasource-2.9.2.Final.jar (14 kB at 23 kB/s)
[INFO] Downloading from central: https://repo.maven.apache.org/maven2/io/smallrye/reactive/smallrye-reactive-converter-mutiny/2.7.0/smallrye-reactive-converter-mutiny-2.7.0.jar
[INFO] Downloaded from central: https://repo.maven.apache.org/maven2/io/quarkus/quarkus-agroal/2.9.2.Final/quarkus-agroal-2.9.2.Final.jar (42 kB at 69 kB/s)
[INFO] Downloading from central: https://repo.maven.apache.org/maven2/org/jboss/narayana/jta/narayana-jta/5.12.6.Final/narayana-jta-5.12.6.Final.jar
[INFO] Downloaded from central: https://repo.maven.apache.org/maven2/io/quarkus/quarkus-narayana-jta/2.9.2.Final/quarkus-narayana-jta-2.9.2.Final.jar (51 kB at 82 kB/s)
[INFO] Downloading from central: https://repo.maven.apache.org/maven2/org/jboss/spec/javax/resource/jboss-connector-api_1.7_spec/1.0.0.Final/jboss-connector-api_1.7_spec-1.0.0.Final.jar
[INFO] Downloaded from central: https://repo.maven.apache.org/maven2/io/smallrye/reactive/smallrye-reactive-converter-api/2.7.0/smallrye-reactive-converter-api-2.7.0.jar (5.3 kB at 8.3 kB/s)
[INFO] Downloading from central: https://repo.maven.apache.org/maven2/org/jboss/narayana/jts/narayana-jts-integration/5.12.6.Final/narayana-jts-integration-5.12.6.Final.jar
[INFO] Downloaded from central: https://repo.maven.apache.org/maven2/io/smallrye/smallrye-context-propagation-jta/1.2.2/smallrye-context-propagation-jta-1.2.2.jar (7.5 kB at 12 kB/s)
[INFO] Downloading from central: https://repo.maven.apache.org/maven2/io/agroal/agroal-api/1.16/agroal-api-1.16.jar
[INFO] Downloaded from central: https://repo.maven.apache.org/maven2/io/smallrye/reactive/smallrye-reactive-converter-mutiny/2.7.0/smallrye-reactive-converter-mutiny-2.7.0.jar (6.3 kB at 9.9 kB/s)
[INFO] Downloading from central: https://repo.maven.apache.org/maven2/io/agroal/agroal-narayana/1.16/agroal-narayana-1.16.jar
[INFO] Downloaded from central: https://repo.maven.apache.org/maven2/org/jboss/narayana/jta/narayana-jta/5.12.6.Final/narayana-jta-5.12.6.Final.jar (954 kB at 1.4 MB/s)
[INFO] Downloading from central: https://repo.maven.apache.org/maven2/org/jboss/jboss-transaction-spi/7.6.1.Final/jboss-transaction-spi-7.6.1.Final.jar
[INFO] Downloaded from central: https://repo.maven.apache.org/maven2/org/jboss/spec/javax/resource/jboss-connector-api_1.7_spec/1.0.0.Final/jboss-connector-api_1.7_spec-1.0.0.Final.jar (74 kB at 110 kB/s)
[INFO] Downloading from central: https://repo.maven.apache.org/maven2/io/agroal/agroal-pool/1.16/agroal-pool-1.16.jar
[INFO] Downloaded from central: https://repo.maven.apache.org/maven2/org/jboss/narayana/jts/narayana-jts-integration/5.12.6.Final/narayana-jts-integration-5.12.6.Final.jar (51 kB at 76 kB/s)
[INFO] Downloaded from central: https://repo.maven.apache.org/maven2/io/agroal/agroal-api/1.16/agroal-api-1.16.jar (58 kB at 86 kB/s)
[INFO] Downloading from central: https://repo.maven.apache.org/maven2/io/quarkus/quarkus-credentials/2.9.2.Final/quarkus-credentials-2.9.2.Final.jar
[INFO] Downloading from central: https://repo.maven.apache.org/maven2/io/quarkus/quarkus-jdbc-mysql/2.9.2.Final/quarkus-jdbc-mysql-2.9.2.Final.jar
[INFO] Downloaded from central: https://repo.maven.apache.org/maven2/io/agroal/agroal-narayana/1.16/agroal-narayana-1.16.jar (15 kB at 23 kB/s)
[INFO] Downloading from central: https://repo.maven.apache.org/maven2/mysql/mysql-connector-java/8.0.29/mysql-connector-java-8.0.29.jar
[INFO] Downloaded from central: https://repo.maven.apache.org/maven2/org/jboss/jboss-transaction-spi/7.6.1.Final/jboss-transaction-spi-7.6.1.Final.jar (34 kB at 48 kB/s)
[INFO] Downloading from central: https://repo.maven.apache.org/maven2/io/quarkus/quarkus-hibernate-orm/2.9.2.Final/quarkus-hibernate-orm-2.9.2.Final.jar
[INFO] Downloaded from central: https://repo.maven.apache.org/maven2/io/quarkus/quarkus-credentials/2.9.2.Final/quarkus-credentials-2.9.2.Final.jar (4.0 kB at 5.6 kB/s)
[INFO] Downloading from central: https://repo.maven.apache.org/maven2/org/hibernate/hibernate-core/5.6.9.Final/hibernate-core-5.6.9.Final.jar
[INFO] Downloaded from central: https://repo.maven.apache.org/maven2/io/agroal/agroal-pool/1.16/agroal-pool-1.16.jar (119 kB at 167 kB/s)
[INFO] Downloading from central: https://repo.maven.apache.org/maven2/net/bytebuddy/byte-buddy/1.12.9/byte-buddy-1.12.9.jar
[INFO] Downloaded from central: https://repo.maven.apache.org/maven2/mysql/mysql-connector-java/8.0.29/mysql-connector-java-8.0.29.jar (2.5 MB at 3.4 MB/s)
[INFO] Downloading from central: https://repo.maven.apache.org/maven2/antlr/antlr/2.7.7/antlr-2.7.7.jar
[INFO] Downloaded from central: https://repo.maven.apache.org/maven2/antlr/antlr/2.7.7/antlr-2.7.7.jar (445 kB at 555 kB/s)
[INFO] Downloading from central: https://repo.maven.apache.org/maven2/com/fasterxml/classmate/1.5.1/classmate-1.5.1.jar
[INFO] Downloaded from central: https://repo.maven.apache.org/maven2/io/quarkus/quarkus-hibernate-orm/2.9.2.Final/quarkus-hibernate-orm-2.9.2.Final.jar (225 kB at 246 kB/s)
[INFO] Downloading from central: https://repo.maven.apache.org/maven2/org/hibernate/common/hibernate-commons-annotations/5.1.2.Final/hibernate-commons-annotations-5.1.2.Final.jar
[INFO] Downloaded from central: https://repo.maven.apache.org/maven2/com/fasterxml/classmate/1.5.1/classmate-1.5.1.jar (68 kB at 74 kB/s)
[INFO] Downloading from central: https://repo.maven.apache.org/maven2/org/glassfish/jaxb/jaxb-runtime/2.3.3-b02/jaxb-runtime-2.3.3-b02.jar
[INFO] Downloaded from central: https://repo.maven.apache.org/maven2/org/hibernate/common/hibernate-commons-annotations/5.1.2.Final/hibernate-commons-annotations-5.1.2.Final.jar (79 kB at 83 kB/s)
[INFO] Downloading from central: https://repo.maven.apache.org/maven2/org/glassfish/jaxb/txw2/2.3.3-b02/txw2-2.3.3-b02.jar
[INFO] Downloaded from central: https://repo.maven.apache.org/maven2/org/glassfish/jaxb/txw2/2.3.3-b02/txw2-2.3.3-b02.jar (72 kB at 74 kB/s)
[INFO] Downloading from central: https://repo.maven.apache.org/maven2/com/sun/istack/istack-commons-runtime/3.0.10/istack-commons-runtime-3.0.10.jar
[INFO] Downloaded from central: https://repo.maven.apache.org/maven2/org/glassfish/jaxb/jaxb-runtime/2.3.3-b02/jaxb-runtime-2.3.3-b02.jar (1.0 MB at 1.0 MB/s)
[INFO] Downloading from central: https://repo.maven.apache.org/maven2/com/sun/activation/jakarta.activation/1.2.1/jakarta.activation-1.2.1.jar
[INFO] Downloaded from central: https://repo.maven.apache.org/maven2/org/hibernate/hibernate-core/5.6.9.Final/hibernate-core-5.6.9.Final.jar (7.5 MB at 7.5 MB/s)
[INFO] Downloading from central: https://repo.maven.apache.org/maven2/jakarta/persistence/jakarta.persistence-api/2.2.3/jakarta.persistence-api-2.2.3.jar
[INFO] Downloaded from central: https://repo.maven.apache.org/maven2/com/sun/istack/istack-commons-runtime/3.0.10/istack-commons-runtime-3.0.10.jar (30 kB at 30 kB/s)
[INFO] Downloading from central: https://repo.maven.apache.org/maven2/jakarta/transaction/jakarta.transaction-api/1.3.3/jakarta.transaction-api-1.3.3.jar
[INFO] Downloaded from central: https://repo.maven.apache.org/maven2/com/sun/activation/jakarta.activation/1.2.1/jakarta.activation-1.2.1.jar (66 kB at 64 kB/s)
[INFO] Downloading from central: https://repo.maven.apache.org/maven2/org/hibernate/quarkus-local-cache/0.1.1/quarkus-local-cache-0.1.1.jar
[INFO] Downloaded from central: https://repo.maven.apache.org/maven2/jakarta/transaction/jakarta.transaction-api/1.3.3/jakarta.transaction-api-1.3.3.jar (15 kB at 15 kB/s)
[INFO] Downloading from central: https://repo.maven.apache.org/maven2/io/quarkus/quarkus-junit5/2.9.2.Final/quarkus-junit5-2.9.2.Final.jar
[INFO] Downloaded from central: https://repo.maven.apache.org/maven2/jakarta/persistence/jakarta.persistence-api/2.2.3/jakarta.persistence-api-2.2.3.jar (164 kB at 159 kB/s)
[INFO] Downloading from central: https://repo.maven.apache.org/maven2/commons-io/commons-io/2.6/commons-io-2.6.jar
[INFO] Downloaded from central: https://repo.maven.apache.org/maven2/io/quarkus/quarkus-jdbc-mysql/2.9.2.Final/quarkus-jdbc-mysql-2.9.2.Final.jar (11 kB at 10 kB/s)
[INFO] Downloading from central: https://repo.maven.apache.org/maven2/com/google/guava/guava/25.1-android/guava-25.1-android.jar
[INFO] Downloaded from central: https://repo.maven.apache.org/maven2/org/hibernate/quarkus-local-cache/0.1.1/quarkus-local-cache-0.1.1.jar (66 kB at 63 kB/s)
[INFO] Downloading from central: https://repo.maven.apache.org/maven2/org/jsoup/jsoup/1.12.1/jsoup-1.12.1.jar
[INFO] Downloaded from central: https://repo.maven.apache.org/maven2/io/quarkus/quarkus-junit5/2.9.2.Final/quarkus-junit5-2.9.2.Final.jar (170 kB at 161 kB/s)
[INFO] Downloading from central: https://repo.maven.apache.org/maven2/io/quarkus/quarkus-test-common/2.9.2.Final/quarkus-test-common-2.9.2.Final.jar
[INFO] Downloaded from central: https://repo.maven.apache.org/maven2/commons-io/commons-io/2.6/commons-io-2.6.jar (215 kB at 203 kB/s)
[INFO] Downloading from central: https://repo.maven.apache.org/maven2/io/quarkus/quarkus-junit5-properties/2.9.2.Final/quarkus-junit5-properties-2.9.2.Final.jar
[INFO] Downloaded from central: https://repo.maven.apache.org/maven2/io/quarkus/quarkus-test-common/2.9.2.Final/quarkus-test-common-2.9.2.Final.jar (95 kB at 87 kB/s)
[INFO] Downloaded from central: https://repo.maven.apache.org/maven2/org/jsoup/jsoup/1.12.1/jsoup-1.12.1.jar (397 kB at 366 kB/s)
[INFO] Downloading from central: https://repo.maven.apache.org/maven2/com/thoughtworks/xstream/xstream/1.4.19/xstream-1.4.19.jar
[INFO] Downloading from central: https://repo.maven.apache.org/maven2/io/github/x-stream/mxparser/1.2.2/mxparser-1.2.2.jar
[INFO] Downloaded from central: https://repo.maven.apache.org/maven2/io/quarkus/quarkus-junit5-properties/2.9.2.Final/quarkus-junit5-properties-2.9.2.Final.jar (2.4 kB at 2.2 kB/s)
[INFO] Downloading from central: https://repo.maven.apache.org/maven2/xmlpull/xmlpull/1.1.3.1/xmlpull-1.1.3.1.jar
[INFO] Downloaded from central: https://repo.maven.apache.org/maven2/com/google/guava/guava/25.1-android/guava-25.1-android.jar (2.6 MB at 2.4 MB/s)
[INFO] Downloading from central: https://repo.maven.apache.org/maven2/io/rest-assured/rest-assured/4.5.1/rest-assured-4.5.1.jar
[INFO] Downloaded from central: https://repo.maven.apache.org/maven2/io/github/x-stream/mxparser/1.2.2/mxparser-1.2.2.jar (30 kB at 27 kB/s)
[INFO] Downloading from central: https://repo.maven.apache.org/maven2/org/codehaus/groovy/groovy/3.0.9/groovy-3.0.9.jar
[INFO] Downloaded from central: https://repo.maven.apache.org/maven2/com/thoughtworks/xstream/xstream/1.4.19/xstream-1.4.19.jar (633 kB at 564 kB/s)
[INFO] Downloading from central: https://repo.maven.apache.org/maven2/org/codehaus/groovy/groovy-xml/3.0.9/groovy-xml-3.0.9.jar
[INFO] Downloaded from central: https://repo.maven.apache.org/maven2/xmlpull/xmlpull/1.1.3.1/xmlpull-1.1.3.1.jar (7.2 kB at 6.2 kB/s)
[INFO] Downloading from central: https://repo.maven.apache.org/maven2/org/apache/httpcomponents/httpcore/4.4.13/httpcore-4.4.13.jar
[INFO] Downloaded from central: https://repo.maven.apache.org/maven2/io/rest-assured/rest-assured/4.5.1/rest-assured-4.5.1.jar (702 kB at 609 kB/s)
[INFO] Downloading from central: https://repo.maven.apache.org/maven2/commons-codec/commons-codec/1.11/commons-codec-1.11.jar
[INFO] Downloaded from central: https://repo.maven.apache.org/maven2/org/codehaus/groovy/groovy-xml/3.0.9/groovy-xml-3.0.9.jar (296 kB at 255 kB/s)
[INFO] Downloading from central: https://repo.maven.apache.org/maven2/org/apache/httpcomponents/httpmime/4.5.13/httpmime-4.5.13.jar
[INFO] Downloaded from central: https://repo.maven.apache.org/maven2/net/bytebuddy/byte-buddy/1.12.9/byte-buddy-1.12.9.jar (3.8 MB at 3.3 MB/s)
[INFO] Downloading from central: https://repo.maven.apache.org/maven2/org/hamcrest/hamcrest/2.1/hamcrest-2.1.jar
[INFO] Downloaded from central: https://repo.maven.apache.org/maven2/org/apache/httpcomponents/httpmime/4.5.13/httpmime-4.5.13.jar (42 kB at 35 kB/s)
[INFO] Downloading from central: https://repo.maven.apache.org/maven2/org/ccil/cowan/tagsoup/tagsoup/1.2.1/tagsoup-1.2.1.jar
[INFO] Downloaded from central: https://repo.maven.apache.org/maven2/commons-codec/commons-codec/1.11/commons-codec-1.11.jar (335 kB at 257 kB/s)
[INFO] Downloading from central: https://repo.maven.apache.org/maven2/io/rest-assured/json-path/4.5.1/json-path-4.5.1.jar
[INFO] Downloaded from central: https://repo.maven.apache.org/maven2/org/hamcrest/hamcrest/2.1/hamcrest-2.1.jar (123 kB at 93 kB/s)
[INFO] Downloading from central: https://repo.maven.apache.org/maven2/org/codehaus/groovy/groovy-json/3.0.9/groovy-json-3.0.9.jar
[INFO] Downloaded from central: https://repo.maven.apache.org/maven2/org/apache/httpcomponents/httpcore/4.4.13/httpcore-4.4.13.jar (329 kB at 249 kB/s)
[INFO] Downloading from central: https://repo.maven.apache.org/maven2/io/rest-assured/rest-assured-common/4.5.1/rest-assured-common-4.5.1.jar
[INFO] Downloaded from central: https://repo.maven.apache.org/maven2/org/ccil/cowan/tagsoup/tagsoup/1.2.1/tagsoup-1.2.1.jar (91 kB at 64 kB/s)
[INFO] Downloading from central: https://repo.maven.apache.org/maven2/io/rest-assured/xml-path/4.5.1/xml-path-4.5.1.jar
[INFO] Downloaded from central: https://repo.maven.apache.org/maven2/io/rest-assured/rest-assured-common/4.5.1/rest-assured-common-4.5.1.jar (42 kB at 29 kB/s)
[INFO] Downloading from central: https://repo.maven.apache.org/maven2/org/apache/commons/commons-lang3/3.11/commons-lang3-3.11.jar
[INFO] Downloaded from central: https://repo.maven.apache.org/maven2/org/codehaus/groovy/groovy-json/3.0.9/groovy-json-3.0.9.jar (133 kB at 93 kB/s)
[INFO] Downloading from central: https://repo.maven.apache.org/maven2/io/quarkus/quarkus-flyway/2.9.2.Final/quarkus-flyway-2.9.2.Final.jar
[INFO] Downloaded from central: https://repo.maven.apache.org/maven2/io/rest-assured/json-path/4.5.1/json-path-4.5.1.jar (67 kB at 46 kB/s)
[INFO] Downloading from central: https://repo.maven.apache.org/maven2/org/flywaydb/flyway-core/8.5.10/flyway-core-8.5.10.jar
[INFO] Downloaded from central: https://repo.maven.apache.org/maven2/io/rest-assured/xml-path/4.5.1/xml-path-4.5.1.jar (80 kB at 55 kB/s)
[INFO] Downloading from central: https://repo.maven.apache.org/maven2/io/quarkus/quarkus-datasource-common/2.9.2.Final/quarkus-datasource-common-2.9.2.Final.jar
[INFO] Downloaded from central: https://repo.maven.apache.org/maven2/org/codehaus/groovy/groovy/3.0.9/groovy-3.0.9.jar (8.0 MB at 5.4 MB/s)
[INFO] Downloading from central: https://repo.maven.apache.org/maven2/org/flywaydb/flyway-mysql/8.5.10/flyway-mysql-8.5.10.jar
[INFO] Downloaded from central: https://repo.maven.apache.org/maven2/org/flywaydb/flyway-core/8.5.10/flyway-core-8.5.10.jar (633 kB at 423 kB/s)
[INFO] Downloaded from central: https://repo.maven.apache.org/maven2/io/quarkus/quarkus-flyway/2.9.2.Final/quarkus-flyway-2.9.2.Final.jar (40 kB at 26 kB/s)
[INFO] Downloaded from central: https://repo.maven.apache.org/maven2/io/quarkus/quarkus-datasource-common/2.9.2.Final/quarkus-datasource-common-2.9.2.Final.jar (6.6 kB at 4.4 kB/s)
[INFO] Downloaded from central: https://repo.maven.apache.org/maven2/org/flywaydb/flyway-mysql/8.5.10/flyway-mysql-8.5.10.jar (31 kB at 21 kB/s)
[INFO] Downloaded from central: https://repo.maven.apache.org/maven2/org/apache/commons/commons-lang3/3.11/commons-lang3-3.11.jar (578 kB at 376 kB/s)
[INFO] 
[INFO] --- jacoco:0.8.7:prepare-agent (default) @ java-interviews ---
[INFO] Downloading from central: https://repo.maven.apache.org/maven2/org/apache/maven/maven-plugin-api/3.0/maven-plugin-api-3.0.pom
[INFO] Downloaded from central: https://repo.maven.apache.org/maven2/org/apache/maven/maven-plugin-api/3.0/maven-plugin-api-3.0.pom (2.3 kB at 88 kB/s)
[INFO] Downloading from central: https://repo.maven.apache.org/maven2/org/apache/maven/maven/3.0/maven-3.0.pom
[INFO] Downloaded from central: https://repo.maven.apache.org/maven2/org/apache/maven/maven/3.0/maven-3.0.pom (22 kB at 663 kB/s)
[INFO] Downloading from central: https://repo.maven.apache.org/maven2/org/apache/maven/maven-parent/15/maven-parent-15.pom
[INFO] Downloaded from central: https://repo.maven.apache.org/maven2/org/apache/maven/maven-parent/15/maven-parent-15.pom (24 kB at 800 kB/s)
[INFO] Downloading from central: https://repo.maven.apache.org/maven2/org/apache/apache/6/apache-6.pom
[INFO] Downloaded from central: https://repo.maven.apache.org/maven2/org/apache/apache/6/apache-6.pom (13 kB at 492 kB/s)
[INFO] Downloading from central: https://repo.maven.apache.org/maven2/org/apache/maven/maven-model/3.0/maven-model-3.0.pom
[INFO] Downloaded from central: https://repo.maven.apache.org/maven2/org/apache/maven/maven-model/3.0/maven-model-3.0.pom (3.9 kB at 139 kB/s)
[INFO] Downloading from central: https://repo.maven.apache.org/maven2/org/codehaus/plexus/plexus-utils/2.0.4/plexus-utils-2.0.4.pom
[INFO] Downloaded from central: https://repo.maven.apache.org/maven2/org/codehaus/plexus/plexus-utils/2.0.4/plexus-utils-2.0.4.pom (3.3 kB at 128 kB/s)
[INFO] Downloading from central: https://repo.maven.apache.org/maven2/org/codehaus/plexus/plexus/2.0.6/plexus-2.0.6.pom
[INFO] Downloaded from central: https://repo.maven.apache.org/maven2/org/codehaus/plexus/plexus/2.0.6/plexus-2.0.6.pom (17 kB at 621 kB/s)
[INFO] Downloading from central: https://repo.maven.apache.org/maven2/org/apache/maven/maven-artifact/3.0/maven-artifact-3.0.pom
[INFO] Downloaded from central: https://repo.maven.apache.org/maven2/org/apache/maven/maven-artifact/3.0/maven-artifact-3.0.pom (1.9 kB at 66 kB/s)
[INFO] Downloading from central: https://repo.maven.apache.org/maven2/org/sonatype/sisu/sisu-inject-plexus/1.4.2/sisu-inject-plexus-1.4.2.pom
[INFO] Downloaded from central: https://repo.maven.apache.org/maven2/org/sonatype/sisu/sisu-inject-plexus/1.4.2/sisu-inject-plexus-1.4.2.pom (5.4 kB at 52 kB/s)
[INFO] Downloading from central: https://repo.maven.apache.org/maven2/org/sonatype/sisu/inject/guice-plexus/1.4.2/guice-plexus-1.4.2.pom
[INFO] Downloaded from central: https://repo.maven.apache.org/maven2/org/sonatype/sisu/inject/guice-plexus/1.4.2/guice-plexus-1.4.2.pom (3.1 kB at 95 kB/s)
[INFO] Downloading from central: https://repo.maven.apache.org/maven2/org/sonatype/sisu/inject/guice-bean/1.4.2/guice-bean-1.4.2.pom
[INFO] Downloaded from central: https://repo.maven.apache.org/maven2/org/sonatype/sisu/inject/guice-bean/1.4.2/guice-bean-1.4.2.pom (2.6 kB at 84 kB/s)
[INFO] Downloading from central: https://repo.maven.apache.org/maven2/org/sonatype/sisu/sisu-inject/1.4.2/sisu-inject-1.4.2.pom
[INFO] Downloaded from central: https://repo.maven.apache.org/maven2/org/sonatype/sisu/sisu-inject/1.4.2/sisu-inject-1.4.2.pom (1.2 kB at 39 kB/s)
[INFO] Downloading from central: https://repo.maven.apache.org/maven2/org/sonatype/sisu/sisu-parent/1.4.2/sisu-parent-1.4.2.pom
[INFO] Downloaded from central: https://repo.maven.apache.org/maven2/org/sonatype/sisu/sisu-parent/1.4.2/sisu-parent-1.4.2.pom (7.8 kB at 259 kB/s)
[INFO] Downloading from central: https://repo.maven.apache.org/maven2/org/sonatype/forge/forge-parent/6/forge-parent-6.pom
[INFO] Downloaded from central: https://repo.maven.apache.org/maven2/org/sonatype/forge/forge-parent/6/forge-parent-6.pom (11 kB at 384 kB/s)
[INFO] Downloading from central: https://repo.maven.apache.org/maven2/org/codehaus/plexus/plexus-component-annotations/1.5.4/plexus-component-annotations-1.5.4.pom
[INFO] Downloaded from central: https://repo.maven.apache.org/maven2/org/codehaus/plexus/plexus-component-annotations/1.5.4/plexus-component-annotations-1.5.4.pom (815 B at 26 kB/s)
[INFO] Downloading from central: https://repo.maven.apache.org/maven2/org/codehaus/plexus/plexus-containers/1.5.4/plexus-containers-1.5.4.pom
[INFO] Downloaded from central: https://repo.maven.apache.org/maven2/org/codehaus/plexus/plexus-containers/1.5.4/plexus-containers-1.5.4.pom (4.2 kB at 121 kB/s)
[INFO] Downloading from central: https://repo.maven.apache.org/maven2/org/codehaus/plexus/plexus/2.0.5/plexus-2.0.5.pom
[INFO] Downloaded from central: https://repo.maven.apache.org/maven2/org/codehaus/plexus/plexus/2.0.5/plexus-2.0.5.pom (17 kB at 369 kB/s)
[INFO] Downloading from central: https://repo.maven.apache.org/maven2/org/codehaus/plexus/plexus-classworlds/2.2.3/plexus-classworlds-2.2.3.pom
[INFO] Downloaded from central: https://repo.maven.apache.org/maven2/org/codehaus/plexus/plexus-classworlds/2.2.3/plexus-classworlds-2.2.3.pom (4.0 kB at 37 kB/s)
[INFO] Downloading from central: https://repo.maven.apache.org/maven2/org/codehaus/plexus/plexus-utils/2.0.5/plexus-utils-2.0.5.pom
[INFO] Downloaded from central: https://repo.maven.apache.org/maven2/org/codehaus/plexus/plexus-utils/2.0.5/plexus-utils-2.0.5.pom (3.3 kB at 32 kB/s)
[INFO] Downloading from central: https://repo.maven.apache.org/maven2/org/sonatype/sisu/sisu-inject-bean/1.4.2/sisu-inject-bean-1.4.2.pom
[INFO] Downloaded from central: https://repo.maven.apache.org/maven2/org/sonatype/sisu/sisu-inject-bean/1.4.2/sisu-inject-bean-1.4.2.pom (5.5 kB at 160 kB/s)
[INFO] Downloading from central: https://repo.maven.apache.org/maven2/org/sonatype/sisu/sisu-guice/2.1.7/sisu-guice-2.1.7.pom
[INFO] Downloaded from central: https://repo.maven.apache.org/maven2/org/sonatype/sisu/sisu-guice/2.1.7/sisu-guice-2.1.7.pom (11 kB at 325 kB/s)
[INFO] Downloading from central: https://repo.maven.apache.org/maven2/org/apache/maven/maven-core/3.0/maven-core-3.0.pom
[INFO] Downloaded from central: https://repo.maven.apache.org/maven2/org/apache/maven/maven-core/3.0/maven-core-3.0.pom (6.6 kB at 221 kB/s)
[INFO] Downloading from central: https://repo.maven.apache.org/maven2/org/apache/maven/maven-settings/3.0/maven-settings-3.0.pom
[INFO] Downloaded from central: https://repo.maven.apache.org/maven2/org/apache/maven/maven-settings/3.0/maven-settings-3.0.pom (1.9 kB at 65 kB/s)
[INFO] Downloading from central: https://repo.maven.apache.org/maven2/org/apache/maven/maven-settings-builder/3.0/maven-settings-builder-3.0.pom
[INFO] Downloaded from central: https://repo.maven.apache.org/maven2/org/apache/maven/maven-settings-builder/3.0/maven-settings-builder-3.0.pom (2.2 kB at 79 kB/s)
[INFO] Downloading from central: https://repo.maven.apache.org/maven2/org/codehaus/plexus/plexus-interpolation/1.14/plexus-interpolation-1.14.pom
[INFO] Downloaded from central: https://repo.maven.apache.org/maven2/org/codehaus/plexus/plexus-interpolation/1.14/plexus-interpolation-1.14.pom (910 B at 20 kB/s)
[INFO] Downloading from central: https://repo.maven.apache.org/maven2/org/codehaus/plexus/plexus-components/1.1.18/plexus-components-1.1.18.pom
[INFO] Downloaded from central: https://repo.maven.apache.org/maven2/org/codehaus/plexus/plexus-components/1.1.18/plexus-components-1.1.18.pom (5.4 kB at 173 kB/s)
[INFO] Downloading from central: https://repo.maven.apache.org/maven2/org/sonatype/plexus/plexus-sec-dispatcher/1.3/plexus-sec-dispatcher-1.3.pom
[INFO] Downloaded from central: https://repo.maven.apache.org/maven2/org/sonatype/plexus/plexus-sec-dispatcher/1.3/plexus-sec-dispatcher-1.3.pom (3.0 kB at 99 kB/s)
[INFO] Downloading from central: https://repo.maven.apache.org/maven2/org/sonatype/spice/spice-parent/12/spice-parent-12.pom
[INFO] Downloaded from central: https://repo.maven.apache.org/maven2/org/sonatype/spice/spice-parent/12/spice-parent-12.pom (6.8 kB at 227 kB/s)
[INFO] Downloading from central: https://repo.maven.apache.org/maven2/org/sonatype/forge/forge-parent/4/forge-parent-4.pom
[INFO] Downloaded from central: https://repo.maven.apache.org/maven2/org/sonatype/forge/forge-parent/4/forge-parent-4.pom (8.4 kB at 311 kB/s)
[INFO] Downloading from central: https://repo.maven.apache.org/maven2/org/codehaus/plexus/plexus-utils/1.5.5/plexus-utils-1.5.5.pom
[INFO] Downloaded from central: https://repo.maven.apache.org/maven2/org/codehaus/plexus/plexus-utils/1.5.5/plexus-utils-1.5.5.pom (5.1 kB at 172 kB/s)
[INFO] Downloading from central: https://repo.maven.apache.org/maven2/org/codehaus/plexus/plexus/1.0.11/plexus-1.0.11.pom
[INFO] Downloaded from central: https://repo.maven.apache.org/maven2/org/codehaus/plexus/plexus/1.0.11/plexus-1.0.11.pom (9.0 kB at 84 kB/s)
[INFO] Downloading from central: https://repo.maven.apache.org/maven2/org/sonatype/plexus/plexus-cipher/1.4/plexus-cipher-1.4.pom
[INFO] Downloaded from central: https://repo.maven.apache.org/maven2/org/sonatype/plexus/plexus-cipher/1.4/plexus-cipher-1.4.pom (2.1 kB at 67 kB/s)
[INFO] Downloading from central: https://repo.maven.apache.org/maven2/org/apache/maven/maven-repository-metadata/3.0/maven-repository-metadata-3.0.pom
[INFO] Downloaded from central: https://repo.maven.apache.org/maven2/org/apache/maven/maven-repository-metadata/3.0/maven-repository-metadata-3.0.pom (1.9 kB at 67 kB/s)
[INFO] Downloading from central: https://repo.maven.apache.org/maven2/org/apache/maven/maven-model-builder/3.0/maven-model-builder-3.0.pom
[INFO] Downloaded from central: https://repo.maven.apache.org/maven2/org/apache/maven/maven-model-builder/3.0/maven-model-builder-3.0.pom (2.2 kB at 75 kB/s)
[INFO] Downloading from central: https://repo.maven.apache.org/maven2/org/apache/maven/maven-aether-provider/3.0/maven-aether-provider-3.0.pom
[INFO] Downloaded from central: https://repo.maven.apache.org/maven2/org/apache/maven/maven-aether-provider/3.0/maven-aether-provider-3.0.pom (2.5 kB at 48 kB/s)
[INFO] Downloading from central: https://repo.maven.apache.org/maven2/org/sonatype/aether/aether-api/1.7/aether-api-1.7.pom
[INFO] Downloaded from central: https://repo.maven.apache.org/maven2/org/sonatype/aether/aether-api/1.7/aether-api-1.7.pom (1.7 kB at 56 kB/s)
[INFO] Downloading from central: https://repo.maven.apache.org/maven2/org/sonatype/aether/aether-parent/1.7/aether-parent-1.7.pom
[INFO] Downloaded from central: https://repo.maven.apache.org/maven2/org/sonatype/aether/aether-parent/1.7/aether-parent-1.7.pom (7.7 kB at 241 kB/s)
[INFO] Downloading from central: https://repo.maven.apache.org/maven2/org/sonatype/aether/aether-util/1.7/aether-util-1.7.pom
[INFO] Downloaded from central: https://repo.maven.apache.org/maven2/org/sonatype/aether/aether-util/1.7/aether-util-1.7.pom (2.1 kB at 69 kB/s)
[INFO] Downloading from central: https://repo.maven.apache.org/maven2/org/sonatype/aether/aether-impl/1.7/aether-impl-1.7.pom
[INFO] Downloaded from central: https://repo.maven.apache.org/maven2/org/sonatype/aether/aether-impl/1.7/aether-impl-1.7.pom (3.7 kB at 142 kB/s)
[INFO] Downloading from central: https://repo.maven.apache.org/maven2/org/sonatype/aether/aether-spi/1.7/aether-spi-1.7.pom
[INFO] Downloaded from central: https://repo.maven.apache.org/maven2/org/sonatype/aether/aether-spi/1.7/aether-spi-1.7.pom (1.7 kB at 15 kB/s)
[INFO] Downloading from central: https://repo.maven.apache.org/maven2/org/codehaus/plexus/plexus-utils/3.0.22/plexus-utils-3.0.22.pom
[INFO] Downloaded from central: https://repo.maven.apache.org/maven2/org/codehaus/plexus/plexus-utils/3.0.22/plexus-utils-3.0.22.pom (3.8 kB at 33 kB/s)
[INFO] Downloading from central: https://repo.maven.apache.org/maven2/org/apache/maven/shared/file-management/1.2.1/file-management-1.2.1.pom
[INFO] Downloaded from central: https://repo.maven.apache.org/maven2/org/apache/maven/shared/file-management/1.2.1/file-management-1.2.1.pom (3.9 kB at 121 kB/s)
[INFO] Downloading from central: https://repo.maven.apache.org/maven2/org/apache/maven/shared/maven-shared-components/10/maven-shared-components-10.pom
[INFO] Downloaded from central: https://repo.maven.apache.org/maven2/org/apache/maven/shared/maven-shared-components/10/maven-shared-components-10.pom (8.4 kB at 291 kB/s)
[INFO] Downloading from central: https://repo.maven.apache.org/maven2/org/apache/maven/maven-parent/9/maven-parent-9.pom
[INFO] Downloaded from central: https://repo.maven.apache.org/maven2/org/apache/maven/maven-parent/9/maven-parent-9.pom (33 kB at 1.1 MB/s)
[INFO] Downloading from central: https://repo.maven.apache.org/maven2/org/apache/apache/4/apache-4.pom
[INFO] Downloaded from central: https://repo.maven.apache.org/maven2/org/apache/apache/4/apache-4.pom (4.5 kB at 166 kB/s)
[INFO] Downloading from central: https://repo.maven.apache.org/maven2/org/apache/maven/maven-plugin-api/2.0.6/maven-plugin-api-2.0.6.pom
[INFO] Downloaded from central: https://repo.maven.apache.org/maven2/org/apache/maven/maven-plugin-api/2.0.6/maven-plugin-api-2.0.6.pom (1.5 kB at 58 kB/s)
[INFO] Downloading from central: https://repo.maven.apache.org/maven2/org/apache/maven/maven/2.0.6/maven-2.0.6.pom
[INFO] Downloaded from central: https://repo.maven.apache.org/maven2/org/apache/maven/maven/2.0.6/maven-2.0.6.pom (9.0 kB at 362 kB/s)
[INFO] Downloading from central: https://repo.maven.apache.org/maven2/org/apache/maven/maven-parent/5/maven-parent-5.pom
[INFO] Downloaded from central: https://repo.maven.apache.org/maven2/org/apache/maven/maven-parent/5/maven-parent-5.pom (15 kB at 564 kB/s)
[INFO] Downloading from central: https://repo.maven.apache.org/maven2/org/apache/apache/3/apache-3.pom
[INFO] Downloaded from central: https://repo.maven.apache.org/maven2/org/apache/apache/3/apache-3.pom (3.4 kB at 127 kB/s)
[INFO] Downloading from central: https://repo.maven.apache.org/maven2/org/apache/maven/shared/maven-shared-io/1.1/maven-shared-io-1.1.pom
[INFO] Downloaded from central: https://repo.maven.apache.org/maven2/org/apache/maven/shared/maven-shared-io/1.1/maven-shared-io-1.1.pom (4.1 kB at 99 kB/s)
[INFO] Downloading from central: https://repo.maven.apache.org/maven2/org/apache/maven/shared/maven-shared-components/8/maven-shared-components-8.pom
[INFO] Downloaded from central: https://repo.maven.apache.org/maven2/org/apache/maven/shared/maven-shared-components/8/maven-shared-components-8.pom (2.7 kB at 89 kB/s)
[INFO] Downloading from central: https://repo.maven.apache.org/maven2/org/apache/maven/maven-parent/7/maven-parent-7.pom
[INFO] Downloaded from central: https://repo.maven.apache.org/maven2/org/apache/maven/maven-parent/7/maven-parent-7.pom (21 kB at 759 kB/s)
[INFO] Downloading from central: https://repo.maven.apache.org/maven2/org/apache/maven/maven-artifact/2.0.2/maven-artifact-2.0.2.pom
[INFO] Downloaded from central: https://repo.maven.apache.org/maven2/org/apache/maven/maven-artifact/2.0.2/maven-artifact-2.0.2.pom (765 B at 17 kB/s)
[INFO] Downloading from central: https://repo.maven.apache.org/maven2/org/apache/maven/maven/2.0.2/maven-2.0.2.pom
[INFO] Downloaded from central: https://repo.maven.apache.org/maven2/org/apache/maven/maven/2.0.2/maven-2.0.2.pom (13 kB at 119 kB/s)
[INFO] Downloading from central: https://repo.maven.apache.org/maven2/org/codehaus/plexus/plexus-utils/1.1/plexus-utils-1.1.pom
[INFO] Downloaded from central: https://repo.maven.apache.org/maven2/org/codehaus/plexus/plexus-utils/1.1/plexus-utils-1.1.pom (767 B at 27 kB/s)
[INFO] Downloading from central: https://repo.maven.apache.org/maven2/org/codehaus/plexus/plexus/1.0.4/plexus-1.0.4.pom
[INFO] Downloaded from central: https://repo.maven.apache.org/maven2/org/codehaus/plexus/plexus/1.0.4/plexus-1.0.4.pom (5.7 kB at 198 kB/s)
[INFO] Downloading from central: https://repo.maven.apache.org/maven2/org/apache/maven/maven-artifact-manager/2.0.2/maven-artifact-manager-2.0.2.pom
[INFO] Downloaded from central: https://repo.maven.apache.org/maven2/org/apache/maven/maven-artifact-manager/2.0.2/maven-artifact-manager-2.0.2.pom (1.4 kB at 40 kB/s)
[INFO] Downloading from central: https://repo.maven.apache.org/maven2/org/apache/maven/maven-repository-metadata/2.0.2/maven-repository-metadata-2.0.2.pom
[INFO] Downloaded from central: https://repo.maven.apache.org/maven2/org/apache/maven/maven-repository-metadata/2.0.2/maven-repository-metadata-2.0.2.pom (1.3 kB at 36 kB/s)
[INFO] Downloading from central: https://repo.maven.apache.org/maven2/org/codehaus/plexus/plexus-container-default/1.0-alpha-9/plexus-container-default-1.0-alpha-9.pom
[INFO] Downloaded from central: https://repo.maven.apache.org/maven2/org/codehaus/plexus/plexus-container-default/1.0-alpha-9/plexus-container-default-1.0-alpha-9.pom (1.2 kB at 41 kB/s)
[INFO] Downloading from central: https://repo.maven.apache.org/maven2/org/codehaus/plexus/plexus-containers/1.0.3/plexus-containers-1.0.3.pom
[INFO] Downloaded from central: https://repo.maven.apache.org/maven2/org/codehaus/plexus/plexus-containers/1.0.3/plexus-containers-1.0.3.pom (492 B at 17 kB/s)
[INFO] Downloading from central: https://repo.maven.apache.org/maven2/junit/junit/4.13.1/junit-4.13.1.pom
[INFO] Downloaded from central: https://repo.maven.apache.org/maven2/junit/junit/4.13.1/junit-4.13.1.pom (25 kB at 737 kB/s)
[INFO] Downloading from central: https://repo.maven.apache.org/maven2/org/hamcrest/hamcrest-core/1.3/hamcrest-core-1.3.pom
[INFO] Downloaded from central: https://repo.maven.apache.org/maven2/org/hamcrest/hamcrest-core/1.3/hamcrest-core-1.3.pom (766 B at 29 kB/s)
[INFO] Downloading from central: https://repo.maven.apache.org/maven2/org/hamcrest/hamcrest-parent/1.3/hamcrest-parent-1.3.pom
[INFO] Downloaded from central: https://repo.maven.apache.org/maven2/org/hamcrest/hamcrest-parent/1.3/hamcrest-parent-1.3.pom (2.0 kB at 20 kB/s)
[INFO] Downloading from central: https://repo.maven.apache.org/maven2/org/codehaus/plexus/plexus-utils/1.0.4/plexus-utils-1.0.4.pom
[INFO] Downloaded from central: https://repo.maven.apache.org/maven2/org/codehaus/plexus/plexus-utils/1.0.4/plexus-utils-1.0.4.pom (6.9 kB at 264 kB/s)
[INFO] Downloading from central: https://repo.maven.apache.org/maven2/classworlds/classworlds/1.1-alpha-2/classworlds-1.1-alpha-2.pom
[INFO] Downloaded from central: https://repo.maven.apache.org/maven2/classworlds/classworlds/1.1-alpha-2/classworlds-1.1-alpha-2.pom (3.1 kB at 25 kB/s)
[INFO] Downloading from central: https://repo.maven.apache.org/maven2/org/apache/maven/wagon/wagon-provider-api/1.0-alpha-6/wagon-provider-api-1.0-alpha-6.pom
[INFO] Downloaded from central: https://repo.maven.apache.org/maven2/org/apache/maven/wagon/wagon-provider-api/1.0-alpha-6/wagon-provider-api-1.0-alpha-6.pom (588 B at 18 kB/s)
[INFO] Downloading from central: https://repo.maven.apache.org/maven2/org/apache/maven/wagon/wagon/1.0-alpha-6/wagon-1.0-alpha-6.pom
[INFO] Downloaded from central: https://repo.maven.apache.org/maven2/org/apache/maven/wagon/wagon/1.0-alpha-6/wagon-1.0-alpha-6.pom (6.4 kB at 221 kB/s)
[INFO] Downloading from central: https://repo.maven.apache.org/maven2/org/codehaus/plexus/plexus-utils/1.4.6/plexus-utils-1.4.6.pom
[INFO] Downloaded from central: https://repo.maven.apache.org/maven2/org/codehaus/plexus/plexus-utils/1.4.6/plexus-utils-1.4.6.pom (2.3 kB at 58 kB/s)
[INFO] Downloading from central: https://repo.maven.apache.org/maven2/org/codehaus/plexus/plexus-utils/1.5.6/plexus-utils-1.5.6.pom
[INFO] Downloaded from central: https://repo.maven.apache.org/maven2/org/codehaus/plexus/plexus-utils/1.5.6/plexus-utils-1.5.6.pom (5.3 kB at 171 kB/s)
[INFO] Downloading from central: https://repo.maven.apache.org/maven2/org/codehaus/plexus/plexus/1.0.12/plexus-1.0.12.pom
[INFO] Downloaded from central: https://repo.maven.apache.org/maven2/org/codehaus/plexus/plexus/1.0.12/plexus-1.0.12.pom (9.8 kB at 327 kB/s)
[INFO] Downloading from central: https://repo.maven.apache.org/maven2/org/apache/maven/reporting/maven-reporting-api/3.0/maven-reporting-api-3.0.pom
[INFO] Downloaded from central: https://repo.maven.apache.org/maven2/org/apache/maven/reporting/maven-reporting-api/3.0/maven-reporting-api-3.0.pom (2.4 kB at 85 kB/s)
[INFO] Downloading from central: https://repo.maven.apache.org/maven2/org/apache/maven/shared/maven-shared-components/15/maven-shared-components-15.pom
[INFO] Downloaded from central: https://repo.maven.apache.org/maven2/org/apache/maven/shared/maven-shared-components/15/maven-shared-components-15.pom (9.3 kB at 322 kB/s)
[INFO] Downloading from central: https://repo.maven.apache.org/maven2/org/apache/maven/maven-parent/16/maven-parent-16.pom
[INFO] Downloaded from central: https://repo.maven.apache.org/maven2/org/apache/maven/maven-parent/16/maven-parent-16.pom (23 kB at 727 kB/s)
[INFO] Downloading from central: https://repo.maven.apache.org/maven2/org/apache/apache/7/apache-7.pom
[INFO] Downloaded from central: https://repo.maven.apache.org/maven2/org/apache/apache/7/apache-7.pom (14 kB at 481 kB/s)
[INFO] Downloading from central: https://repo.maven.apache.org/maven2/org/apache/maven/doxia/doxia-sink-api/1.0/doxia-sink-api-1.0.pom
[INFO] Downloaded from central: https://repo.maven.apache.org/maven2/org/apache/maven/doxia/doxia-sink-api/1.0/doxia-sink-api-1.0.pom (1.4 kB at 42 kB/s)
[INFO] Downloading from central: https://repo.maven.apache.org/maven2/org/apache/maven/doxia/doxia/1.0/doxia-1.0.pom
[INFO] Downloaded from central: https://repo.maven.apache.org/maven2/org/apache/maven/doxia/doxia/1.0/doxia-1.0.pom (9.6 kB at 301 kB/s)
[INFO] Downloading from central: https://repo.maven.apache.org/maven2/org/apache/maven/maven-parent/10/maven-parent-10.pom
[INFO] Downloaded from central: https://repo.maven.apache.org/maven2/org/apache/maven/maven-parent/10/maven-parent-10.pom (32 kB at 273 kB/s)
[INFO] Downloading from central: https://repo.maven.apache.org/maven2/org/jacoco/org.jacoco.agent/0.8.7/org.jacoco.agent-0.8.7.pom
[INFO] Downloaded from central: https://repo.maven.apache.org/maven2/org/jacoco/org.jacoco.agent/0.8.7/org.jacoco.agent-0.8.7.pom (3.5 kB at 106 kB/s)
[INFO] Downloading from central: https://repo.maven.apache.org/maven2/org/jacoco/org.jacoco.core/0.8.7/org.jacoco.core-0.8.7.pom
[INFO] Downloaded from central: https://repo.maven.apache.org/maven2/org/jacoco/org.jacoco.core/0.8.7/org.jacoco.core-0.8.7.pom (2.1 kB at 74 kB/s)
[INFO] Downloading from central: https://repo.maven.apache.org/maven2/org/ow2/asm/asm-commons/9.1/asm-commons-9.1.pom
[INFO] Downloaded from central: https://repo.maven.apache.org/maven2/org/ow2/asm/asm-commons/9.1/asm-commons-9.1.pom (3.0 kB at 106 kB/s)
[INFO] Downloading from central: https://repo.maven.apache.org/maven2/org/ow2/asm/asm-tree/9.1/asm-tree-9.1.pom
[INFO] Downloaded from central: https://repo.maven.apache.org/maven2/org/ow2/asm/asm-tree/9.1/asm-tree-9.1.pom (2.6 kB at 78 kB/s)
[INFO] Downloading from central: https://repo.maven.apache.org/maven2/org/ow2/asm/asm-analysis/9.1/asm-analysis-9.1.pom
[INFO] Downloaded from central: https://repo.maven.apache.org/maven2/org/ow2/asm/asm-analysis/9.1/asm-analysis-9.1.pom (2.6 kB at 97 kB/s)
[INFO] Downloading from central: https://repo.maven.apache.org/maven2/org/jacoco/org.jacoco.report/0.8.7/org.jacoco.report-0.8.7.pom
[INFO] Downloaded from central: https://repo.maven.apache.org/maven2/org/jacoco/org.jacoco.report/0.8.7/org.jacoco.report-0.8.7.pom (1.9 kB at 54 kB/s)
[INFO] Downloading from central: https://repo.maven.apache.org/maven2/org/apache/maven/maven-plugin-api/3.0/maven-plugin-api-3.0.jar
[INFO] Downloaded from central: https://repo.maven.apache.org/maven2/org/apache/maven/maven-plugin-api/3.0/maven-plugin-api-3.0.jar (49 kB at 1.2 MB/s)
[INFO] Downloading from central: https://repo.maven.apache.org/maven2/org/apache/maven/maven-model/3.0/maven-model-3.0.jar
[INFO] Downloading from central: https://repo.maven.apache.org/maven2/org/apache/maven/maven-artifact/3.0/maven-artifact-3.0.jar
[INFO] Downloading from central: https://repo.maven.apache.org/maven2/org/sonatype/sisu/sisu-inject-plexus/1.4.2/sisu-inject-plexus-1.4.2.jar
[INFO] Downloading from central: https://repo.maven.apache.org/maven2/org/sonatype/sisu/sisu-inject-bean/1.4.2/sisu-inject-bean-1.4.2.jar
[INFO] Downloading from central: https://repo.maven.apache.org/maven2/org/sonatype/sisu/sisu-guice/2.1.7/sisu-guice-2.1.7-noaop.jar
[INFO] Downloaded from central: https://repo.maven.apache.org/maven2/org/sonatype/sisu/sisu-inject-plexus/1.4.2/sisu-inject-plexus-1.4.2.jar (202 kB at 1.6 MB/s)
[INFO] Downloaded from central: https://repo.maven.apache.org/maven2/org/sonatype/sisu/sisu-inject-bean/1.4.2/sisu-inject-bean-1.4.2.jar (153 kB at 1.3 MB/s)
[INFO] Downloading from central: https://repo.maven.apache.org/maven2/org/apache/maven/maven-settings/3.0/maven-settings-3.0.jar
[INFO] Downloading from central: https://repo.maven.apache.org/maven2/org/apache/maven/maven-core/3.0/maven-core-3.0.jar
[INFO] Downloaded from central: https://repo.maven.apache.org/maven2/org/apache/maven/maven-artifact/3.0/maven-artifact-3.0.jar (52 kB at 412 kB/s)
[INFO] Downloading from central: https://repo.maven.apache.org/maven2/org/apache/maven/maven-settings-builder/3.0/maven-settings-builder-3.0.jar
[INFO] Downloaded from central: https://repo.maven.apache.org/maven2/org/apache/maven/maven-model/3.0/maven-model-3.0.jar (165 kB at 1.2 MB/s)
[INFO] Downloading from central: https://repo.maven.apache.org/maven2/org/apache/maven/maven-repository-metadata/3.0/maven-repository-metadata-3.0.jar
[INFO] Downloaded from central: https://repo.maven.apache.org/maven2/org/sonatype/sisu/sisu-guice/2.1.7/sisu-guice-2.1.7-noaop.jar (472 kB at 3.6 MB/s)
[INFO] Downloading from central: https://repo.maven.apache.org/maven2/org/apache/maven/maven-model-builder/3.0/maven-model-builder-3.0.jar
[INFO] Downloaded from central: https://repo.maven.apache.org/maven2/org/apache/maven/maven-settings/3.0/maven-settings-3.0.jar (47 kB at 203 kB/s)
[INFO] Downloaded from central: https://repo.maven.apache.org/maven2/org/apache/maven/maven-settings-builder/3.0/maven-settings-builder-3.0.jar (38 kB at 165 kB/s)
[INFO] Downloading from central: https://repo.maven.apache.org/maven2/org/sonatype/aether/aether-impl/1.7/aether-impl-1.7.jar
[INFO] Downloading from central: https://repo.maven.apache.org/maven2/org/apache/maven/maven-aether-provider/3.0/maven-aether-provider-3.0.jar
[INFO] Downloaded from central: https://repo.maven.apache.org/maven2/org/apache/maven/maven-core/3.0/maven-core-3.0.jar (527 kB at 2.2 MB/s)
[INFO] Downloading from central: https://repo.maven.apache.org/maven2/org/sonatype/aether/aether-spi/1.7/aether-spi-1.7.jar
[INFO] Downloaded from central: https://repo.maven.apache.org/maven2/org/apache/maven/maven-repository-metadata/3.0/maven-repository-metadata-3.0.jar (30 kB at 117 kB/s)
[INFO] Downloading from central: https://repo.maven.apache.org/maven2/org/sonatype/aether/aether-api/1.7/aether-api-1.7.jar
[INFO] Downloaded from central: https://repo.maven.apache.org/maven2/org/apache/maven/maven-aether-provider/3.0/maven-aether-provider-3.0.jar (51 kB at 198 kB/s)
[INFO] Downloading from central: https://repo.maven.apache.org/maven2/org/sonatype/aether/aether-util/1.7/aether-util-1.7.jar
[INFO] Downloaded from central: https://repo.maven.apache.org/maven2/org/sonatype/aether/aether-impl/1.7/aether-impl-1.7.jar (106 kB at 410 kB/s)
[INFO] Downloading from central: https://repo.maven.apache.org/maven2/org/codehaus/plexus/plexus-interpolation/1.14/plexus-interpolation-1.14.jar
[INFO] Downloaded from central: https://repo.maven.apache.org/maven2/org/sonatype/aether/aether-spi/1.7/aether-spi-1.7.jar (14 kB at 51 kB/s)
[INFO] Downloading from central: https://repo.maven.apache.org/maven2/org/codehaus/plexus/plexus-classworlds/2.2.3/plexus-classworlds-2.2.3.jar
[INFO] Downloaded from central: https://repo.maven.apache.org/maven2/org/sonatype/aether/aether-util/1.7/aether-util-1.7.jar (108 kB at 374 kB/s)
[INFO] Downloading from central: https://repo.maven.apache.org/maven2/org/codehaus/plexus/plexus-component-annotations/1.5.5/plexus-component-annotations-1.5.5.jar
[INFO] Downloaded from central: https://repo.maven.apache.org/maven2/org/sonatype/aether/aether-api/1.7/aether-api-1.7.jar (74 kB at 255 kB/s)
[INFO] Downloading from central: https://repo.maven.apache.org/maven2/org/sonatype/plexus/plexus-sec-dispatcher/1.3/plexus-sec-dispatcher-1.3.jar
[INFO] Downloaded from central: https://repo.maven.apache.org/maven2/org/codehaus/plexus/plexus-classworlds/2.2.3/plexus-classworlds-2.2.3.jar (46 kB at 158 kB/s)
[INFO] Downloading from central: https://repo.maven.apache.org/maven2/org/sonatype/plexus/plexus-cipher/1.4/plexus-cipher-1.4.jar
[INFO] Downloaded from central: https://repo.maven.apache.org/maven2/org/codehaus/plexus/plexus-interpolation/1.14/plexus-interpolation-1.14.jar (61 kB at 207 kB/s)
[INFO] Downloading from central: https://repo.maven.apache.org/maven2/org/codehaus/plexus/plexus-utils/3.0.22/plexus-utils-3.0.22.jar
[INFO] Downloaded from central: https://repo.maven.apache.org/maven2/org/codehaus/plexus/plexus-component-annotations/1.5.5/plexus-component-annotations-1.5.5.jar (4.2 kB at 13 kB/s)
[INFO] Downloading from central: https://repo.maven.apache.org/maven2/org/apache/maven/shared/file-management/1.2.1/file-management-1.2.1.jar
[INFO] Downloaded from central: https://repo.maven.apache.org/maven2/org/sonatype/plexus/plexus-sec-dispatcher/1.3/plexus-sec-dispatcher-1.3.jar (29 kB at 90 kB/s)
[INFO] Downloading from central: https://repo.maven.apache.org/maven2/org/apache/maven/shared/maven-shared-io/1.1/maven-shared-io-1.1.jar
[INFO] Downloaded from central: https://repo.maven.apache.org/maven2/org/codehaus/plexus/plexus-utils/3.0.22/plexus-utils-3.0.22.jar (245 kB at 744 kB/s)
[INFO] Downloading from central: https://repo.maven.apache.org/maven2/org/apache/maven/maven-artifact-manager/2.0.2/maven-artifact-manager-2.0.2.jar
[INFO] Downloaded from central: https://repo.maven.apache.org/maven2/org/sonatype/plexus/plexus-cipher/1.4/plexus-cipher-1.4.jar (13 kB at 41 kB/s)
[INFO] Downloading from central: https://repo.maven.apache.org/maven2/org/apache/maven/wagon/wagon-provider-api/1.0-alpha-6/wagon-provider-api-1.0-alpha-6.jar
[INFO] Downloaded from central: https://repo.maven.apache.org/maven2/org/apache/maven/shared/maven-shared-io/1.1/maven-shared-io-1.1.jar (39 kB at 115 kB/s)
[INFO] Downloading from central: https://repo.maven.apache.org/maven2/org/codehaus/plexus/plexus-container-default/1.0-alpha-9/plexus-container-default-1.0-alpha-9.jar
[INFO] Downloaded from central: https://repo.maven.apache.org/maven2/org/apache/maven/shared/file-management/1.2.1/file-management-1.2.1.jar (38 kB at 110 kB/s)
[INFO] Downloading from central: https://repo.maven.apache.org/maven2/junit/junit/4.13.1/junit-4.13.1.jar
[INFO] Downloaded from central: https://repo.maven.apache.org/maven2/org/apache/maven/wagon/wagon-provider-api/1.0-alpha-6/wagon-provider-api-1.0-alpha-6.jar (43 kB at 121 kB/s)
[INFO] Downloading from central: https://repo.maven.apache.org/maven2/org/hamcrest/hamcrest-core/1.3/hamcrest-core-1.3.jar
[INFO] Downloaded from central: https://repo.maven.apache.org/maven2/org/apache/maven/maven-artifact-manager/2.0.2/maven-artifact-manager-2.0.2.jar (49 kB at 137 kB/s)
[INFO] Downloading from central: https://repo.maven.apache.org/maven2/classworlds/classworlds/1.1-alpha-2/classworlds-1.1-alpha-2.jar
[INFO] Downloaded from central: https://repo.maven.apache.org/maven2/org/codehaus/plexus/plexus-container-default/1.0-alpha-9/plexus-container-default-1.0-alpha-9.jar (195 kB at 528 kB/s)
[INFO] Downloading from central: https://repo.maven.apache.org/maven2/org/apache/maven/reporting/maven-reporting-api/3.0/maven-reporting-api-3.0.jar
[INFO] Downloaded from central: https://repo.maven.apache.org/maven2/junit/junit/4.13.1/junit-4.13.1.jar (383 kB at 1.0 MB/s)
[INFO] Downloading from central: https://repo.maven.apache.org/maven2/org/apache/maven/doxia/doxia-sink-api/1.0/doxia-sink-api-1.0.jar
[INFO] Downloaded from central: https://repo.maven.apache.org/maven2/org/hamcrest/hamcrest-core/1.3/hamcrest-core-1.3.jar (45 kB at 119 kB/s)
[INFO] Downloading from central: https://repo.maven.apache.org/maven2/org/jacoco/org.jacoco.agent/0.8.7/org.jacoco.agent-0.8.7-runtime.jar
[INFO] Downloaded from central: https://repo.maven.apache.org/maven2/classworlds/classworlds/1.1-alpha-2/classworlds-1.1-alpha-2.jar (38 kB at 97 kB/s)
[INFO] Downloading from central: https://repo.maven.apache.org/maven2/org/jacoco/org.jacoco.core/0.8.7/org.jacoco.core-0.8.7.jar
[INFO] Downloaded from central: https://repo.maven.apache.org/maven2/org/apache/maven/doxia/doxia-sink-api/1.0/doxia-sink-api-1.0.jar (10 kB at 26 kB/s)
[INFO] Downloaded from central: https://repo.maven.apache.org/maven2/org/apache/maven/reporting/maven-reporting-api/3.0/maven-reporting-api-3.0.jar (11 kB at 28 kB/s)
[INFO] Downloading from central: https://repo.maven.apache.org/maven2/org/ow2/asm/asm-commons/9.1/asm-commons-9.1.jar
[INFO] Downloading from central: https://repo.maven.apache.org/maven2/org/ow2/asm/asm/9.1/asm-9.1.jar
[INFO] Downloaded from central: https://repo.maven.apache.org/maven2/org/jacoco/org.jacoco.agent/0.8.7/org.jacoco.agent-0.8.7-runtime.jar (292 kB at 725 kB/s)
[INFO] Downloading from central: https://repo.maven.apache.org/maven2/org/ow2/asm/asm-analysis/9.1/asm-analysis-9.1.jar
[INFO] Downloaded from central: https://repo.maven.apache.org/maven2/org/jacoco/org.jacoco.core/0.8.7/org.jacoco.core-0.8.7.jar (200 kB at 475 kB/s)
[INFO] Downloading from central: https://repo.maven.apache.org/maven2/org/ow2/asm/asm-tree/9.1/asm-tree-9.1.jar
[INFO] Downloaded from central: https://repo.maven.apache.org/maven2/org/ow2/asm/asm-commons/9.1/asm-commons-9.1.jar (73 kB at 167 kB/s)
[INFO] Downloading from central: https://repo.maven.apache.org/maven2/org/jacoco/org.jacoco.report/0.8.7/org.jacoco.report-0.8.7.jar
[INFO] Downloaded from central: https://repo.maven.apache.org/maven2/org/ow2/asm/asm/9.1/asm-9.1.jar (122 kB at 269 kB/s)
[INFO] Downloaded from central: https://repo.maven.apache.org/maven2/org/ow2/asm/asm-analysis/9.1/asm-analysis-9.1.jar (34 kB at 76 kB/s)
[INFO] Downloaded from central: https://repo.maven.apache.org/maven2/org/jacoco/org.jacoco.report/0.8.7/org.jacoco.report-0.8.7.jar (129 kB at 270 kB/s)
[INFO] Downloaded from central: https://repo.maven.apache.org/maven2/org/ow2/asm/asm-tree/9.1/asm-tree-9.1.jar (53 kB at 110 kB/s)
[INFO] Downloaded from central: https://repo.maven.apache.org/maven2/org/apache/maven/maven-model-builder/3.0/maven-model-builder-3.0.jar (148 kB at 232 kB/s)
[INFO] argLine set to -javaagent:/root/.m2/repository/org/jacoco/org.jacoco.agent/0.8.7/org.jacoco.agent-0.8.7-runtime.jar=destfile=/project/target/jacoco.exec
[INFO] 
[INFO] --- resources:3.4.0:resources (default-resources) @ java-interviews ---
[INFO] Downloading from central: https://repo.maven.apache.org/maven2/org/apache/maven/shared/maven-filtering/3.4.0/maven-filtering-3.4.0.pom
[INFO] Downloaded from central: https://repo.maven.apache.org/maven2/org/apache/maven/shared/maven-filtering/3.4.0/maven-filtering-3.4.0.pom (6.5 kB at 112 kB/s)
[INFO] Downloading from central: https://repo.maven.apache.org/maven2/org/apache/maven/shared/maven-shared-components/43/maven-shared-components-43.pom
[INFO] Downloaded from central: https://repo.maven.apache.org/maven2/org/apache/maven/shared/maven-shared-components/43/maven-shared-components-43.pom (3.8 kB at 145 kB/s)
[INFO] Downloading from central: https://repo.maven.apache.org/maven2/javax/inject/javax.inject/1/javax.inject-1.pom
[INFO] Downloaded from central: https://repo.maven.apache.org/maven2/javax/inject/javax.inject/1/javax.inject-1.pom (612 B at 22 kB/s)
[INFO] Downloading from central: https://repo.maven.apache.org/maven2/org/sonatype/plexus/plexus-build-api/0.0.7/plexus-build-api-0.0.7.pom
[INFO] Downloaded from central: https://repo.maven.apache.org/maven2/org/sonatype/plexus/plexus-build-api/0.0.7/plexus-build-api-0.0.7.pom (3.2 kB at 100 kB/s)
[INFO] Downloading from central: https://repo.maven.apache.org/maven2/org/sonatype/spice/spice-parent/15/spice-parent-15.pom
[INFO] Downloaded from central: https://repo.maven.apache.org/maven2/org/sonatype/spice/spice-parent/15/spice-parent-15.pom (8.4 kB at 298 kB/s)
[INFO] Downloading from central: https://repo.maven.apache.org/maven2/org/sonatype/forge/forge-parent/5/forge-parent-5.pom
[INFO] Downloaded from central: https://repo.maven.apache.org/maven2/org/sonatype/forge/forge-parent/5/forge-parent-5.pom (8.4 kB at 279 kB/s)
[INFO] Downloading from central: https://repo.maven.apache.org/maven2/org/codehaus/plexus/plexus-utils/4.0.2/plexus-utils-4.0.2.pom
[INFO] Downloaded from central: https://repo.maven.apache.org/maven2/org/codehaus/plexus/plexus-utils/4.0.2/plexus-utils-4.0.2.pom (13 kB at 400 kB/s)
[INFO] Downloading from central: https://repo.maven.apache.org/maven2/org/codehaus/plexus/plexus-xml/3.0.1/plexus-xml-3.0.1.pom
[INFO] Downloaded from central: https://repo.maven.apache.org/maven2/org/codehaus/plexus/plexus-xml/3.0.1/plexus-xml-3.0.1.pom (3.7 kB at 137 kB/s)
[INFO] Downloading from central: https://repo.maven.apache.org/maven2/org/codehaus/plexus/plexus/18/plexus-18.pom
[INFO] Downloaded from central: https://repo.maven.apache.org/maven2/org/codehaus/plexus/plexus/18/plexus-18.pom (29 kB at 263 kB/s)
[INFO] Downloading from central: https://repo.maven.apache.org/maven2/org/junit/junit-bom/5.10.2/junit-bom-5.10.2.pom
[INFO] Downloaded from central: https://repo.maven.apache.org/maven2/org/junit/junit-bom/5.10.2/junit-bom-5.10.2.pom (5.6 kB at 171 kB/s)
[INFO] Downloading from central: https://repo.maven.apache.org/maven2/org/codehaus/plexus/plexus-interpolation/1.27/plexus-interpolation-1.27.pom
[INFO] Downloaded from central: https://repo.maven.apache.org/maven2/org/codehaus/plexus/plexus-interpolation/1.27/plexus-interpolation-1.27.pom (3.0 kB at 28 kB/s)
[INFO] Downloading from central: https://repo.maven.apache.org/maven2/org/codehaus/plexus/plexus/16/plexus-16.pom
[INFO] Downloaded from central: https://repo.maven.apache.org/maven2/org/codehaus/plexus/plexus/16/plexus-16.pom (28 kB at 813 kB/s)
[INFO] Downloading from central: https://repo.maven.apache.org/maven2/org/junit/junit-bom/5.10.1/junit-bom-5.10.1.pom
[INFO] Downloaded from central: https://repo.maven.apache.org/maven2/org/junit/junit-bom/5.10.1/junit-bom-5.10.1.pom (5.6 kB at 202 kB/s)
[INFO] Downloading from central: https://repo.maven.apache.org/maven2/commons-io/commons-io/2.16.1/commons-io-2.16.1.pom
[INFO] Downloaded from central: https://repo.maven.apache.org/maven2/commons-io/commons-io/2.16.1/commons-io-2.16.1.pom (20 kB at 677 kB/s)
[INFO] Downloading from central: https://repo.maven.apache.org/maven2/org/apache/commons/commons-parent/69/commons-parent-69.pom
[INFO] Downloaded from central: https://repo.maven.apache.org/maven2/org/apache/commons/commons-parent/69/commons-parent-69.pom (77 kB at 1.6 MB/s)
[INFO] Downloading from central: https://repo.maven.apache.org/maven2/org/apache/commons/commons-lang3/3.16.0/commons-lang3-3.16.0.pom
[INFO] Downloaded from central: https://repo.maven.apache.org/maven2/org/apache/commons/commons-lang3/3.16.0/commons-lang3-3.16.0.pom (31 kB at 1.0 MB/s)
[INFO] Downloading from central: https://repo.maven.apache.org/maven2/org/apache/commons/commons-parent/72/commons-parent-72.pom
[INFO] Downloaded from central: https://repo.maven.apache.org/maven2/org/apache/commons/commons-parent/72/commons-parent-72.pom (78 kB at 1.9 MB/s)
[INFO] Downloading from central: https://repo.maven.apache.org/maven2/org/junit/junit-bom/5.11.0-M2/junit-bom-5.11.0-M2.pom
[INFO] Downloaded from central: https://repo.maven.apache.org/maven2/org/junit/junit-bom/5.11.0-M2/junit-bom-5.11.0-M2.pom (5.7 kB at 211 kB/s)
[INFO] Downloading from central: https://repo.maven.apache.org/maven2/org/apache/commons/commons-lang3/3.20.0/commons-lang3-3.20.0.pom
[INFO] Downloaded from central: https://repo.maven.apache.org/maven2/org/apache/commons/commons-lang3/3.20.0/commons-lang3-3.20.0.pom (33 kB at 1.0 MB/s)
[INFO] Downloading from central: https://repo.maven.apache.org/maven2/org/apache/commons/commons-parent/92/commons-parent-92.pom
[INFO] Downloaded from central: https://repo.maven.apache.org/maven2/org/apache/commons/commons-parent/92/commons-parent-92.pom (80 kB at 1.9 MB/s)
[INFO] Downloading from central: https://repo.maven.apache.org/maven2/org/junit/junit-bom/5.13.4/junit-bom-5.13.4.pom
[INFO] Downloaded from central: https://repo.maven.apache.org/maven2/org/junit/junit-bom/5.13.4/junit-bom-5.13.4.pom (5.7 kB at 183 kB/s)
[INFO] Downloading from central: https://repo.maven.apache.org/maven2/org/apache/maven/shared/maven-filtering/3.4.0/maven-filtering-3.4.0.jar
[INFO] Downloaded from central: https://repo.maven.apache.org/maven2/org/apache/maven/shared/maven-filtering/3.4.0/maven-filtering-3.4.0.jar (56 kB at 441 kB/s)
[INFO] Downloading from central: https://repo.maven.apache.org/maven2/org/sonatype/plexus/plexus-build-api/0.0.7/plexus-build-api-0.0.7.jar
[INFO] Downloading from central: https://repo.maven.apache.org/maven2/org/codehaus/plexus/plexus-utils/4.0.2/plexus-utils-4.0.2.jar
[INFO] Downloading from central: https://repo.maven.apache.org/maven2/org/codehaus/plexus/plexus-xml/3.0.1/plexus-xml-3.0.1.jar
[INFO] Downloading from central: https://repo.maven.apache.org/maven2/org/codehaus/plexus/plexus-interpolation/1.27/plexus-interpolation-1.27.jar
[INFO] Downloading from central: https://repo.maven.apache.org/maven2/commons-io/commons-io/2.16.1/commons-io-2.16.1.jar
[INFO] Downloaded from central: https://repo.maven.apache.org/maven2/org/sonatype/plexus/plexus-build-api/0.0.7/plexus-build-api-0.0.7.jar (8.5 kB at 326 kB/s)
[INFO] Downloading from central: https://repo.maven.apache.org/maven2/org/apache/commons/commons-lang3/3.20.0/commons-lang3-3.20.0.jar
[INFO] Downloaded from central: https://repo.maven.apache.org/maven2/org/codehaus/plexus/plexus-xml/3.0.1/plexus-xml-3.0.1.jar (94 kB at 2.9 MB/s)
[INFO] Downloading from central: https://repo.maven.apache.org/maven2/javax/inject/javax.inject/1/javax.inject-1.jar
[INFO] Downloaded from central: https://repo.maven.apache.org/maven2/commons-io/commons-io/2.16.1/commons-io-2.16.1.jar (509 kB at 15 MB/s)
[INFO] Downloaded from central: https://repo.maven.apache.org/maven2/org/codehaus/plexus/plexus-interpolation/1.27/plexus-interpolation-1.27.jar (86 kB at 2.5 MB/s)
[INFO] Downloaded from central: https://repo.maven.apache.org/maven2/org/codehaus/plexus/plexus-utils/4.0.2/plexus-utils-4.0.2.jar (193 kB at 5.2 MB/s)
[INFO] Downloaded from central: https://repo.maven.apache.org/maven2/javax/inject/javax.inject/1/javax.inject-1.jar (2.5 kB at 48 kB/s)
[INFO] Downloaded from central: https://repo.maven.apache.org/maven2/org/apache/commons/commons-lang3/3.20.0/commons-lang3-3.20.0.jar (714 kB at 1.2 MB/s)
[INFO] Copying 6 resources from src/main/resources to target/classes
[INFO] 
[INFO] --- quarkus:2.9.2.Final:generate-code (default) @ java-interviews ---
[INFO] Downloading from central: https://repo.maven.apache.org/maven2/io/quarkus/quarkus-arc-deployment/2.9.2.Final/quarkus-arc-deployment-2.9.2.Final.pom
[INFO] Downloaded from central: https://repo.maven.apache.org/maven2/io/quarkus/quarkus-arc-deployment/2.9.2.Final/quarkus-arc-deployment-2.9.2.Final.pom (3.2 kB at 29 kB/s)
[INFO] Downloading from central: https://repo.maven.apache.org/maven2/io/quarkus/quarkus-vertx-http-dev-console-spi/2.9.2.Final/quarkus-vertx-http-dev-console-spi-2.9.2.Final.pom
[INFO] Downloaded from central: https://repo.maven.apache.org/maven2/io/quarkus/quarkus-vertx-http-dev-console-spi/2.9.2.Final/quarkus-vertx-http-dev-console-spi-2.9.2.Final.pom (1.3 kB at 45 kB/s)
[INFO] Downloading from central: https://repo.maven.apache.org/maven2/io/quarkus/arc/arc-processor/2.9.2.Final/arc-processor-2.9.2.Final.pom
[INFO] Downloaded from central: https://repo.maven.apache.org/maven2/io/quarkus/arc/arc-processor/2.9.2.Final/arc-processor-2.9.2.Final.pom (1.7 kB at 56 kB/s)
[INFO] Downloading from central: https://repo.maven.apache.org/maven2/io/quarkus/quarkus-resteasy-deployment/2.9.2.Final/quarkus-resteasy-deployment-2.9.2.Final.pom
[INFO] Downloaded from central: https://repo.maven.apache.org/maven2/io/quarkus/quarkus-resteasy-deployment/2.9.2.Final/quarkus-resteasy-deployment-2.9.2.Final.pom (4.2 kB at 148 kB/s)
[INFO] Downloading from central: https://repo.maven.apache.org/maven2/io/quarkus/quarkus-resteasy-server-common-deployment/2.9.2.Final/quarkus-resteasy-server-common-deployment-2.9.2.Final.pom
[INFO] Downloaded from central: https://repo.maven.apache.org/maven2/io/quarkus/quarkus-resteasy-server-common-deployment/2.9.2.Final/quarkus-resteasy-server-common-deployment-2.9.2.Final.pom (2.3 kB at 75 kB/s)
[INFO] Downloading from central: https://repo.maven.apache.org/maven2/io/quarkus/quarkus-resteasy-common-deployment/2.9.2.Final/quarkus-resteasy-common-deployment-2.9.2.Final.pom
[INFO] Downloaded from central: https://repo.maven.apache.org/maven2/io/quarkus/quarkus-resteasy-common-deployment/2.9.2.Final/quarkus-resteasy-common-deployment-2.9.2.Final.pom (1.8 kB at 55 kB/s)
[INFO] Downloading from central: https://repo.maven.apache.org/maven2/io/quarkus/quarkus-resteasy-common-spi/2.9.2.Final/quarkus-resteasy-common-spi-2.9.2.Final.pom
[INFO] Downloaded from central: https://repo.maven.apache.org/maven2/io/quarkus/quarkus-resteasy-common-spi/2.9.2.Final/quarkus-resteasy-common-spi-2.9.2.Final.pom (776 B at 26 kB/s)
[INFO] Downloading from central: https://repo.maven.apache.org/maven2/io/quarkus/quarkus-jaxrs-spi-deployment/2.9.2.Final/quarkus-jaxrs-spi-deployment-2.9.2.Final.pom
[INFO] Downloaded from central: https://repo.maven.apache.org/maven2/io/quarkus/quarkus-jaxrs-spi-deployment/2.9.2.Final/quarkus-jaxrs-spi-deployment-2.9.2.Final.pom (779 B at 11 kB/s)
[INFO] Downloading from central: https://repo.maven.apache.org/maven2/io/quarkus/quarkus-jaxrs-spi-parent/2.9.2.Final/quarkus-jaxrs-spi-parent-2.9.2.Final.pom
[INFO] Downloaded from central: https://repo.maven.apache.org/maven2/io/quarkus/quarkus-jaxrs-spi-parent/2.9.2.Final/quarkus-jaxrs-spi-parent-2.9.2.Final.pom (723 B at 8.4 kB/s)
[INFO] Downloading from central: https://repo.maven.apache.org/maven2/io/quarkus/quarkus-resteasy-server-common-spi/2.9.2.Final/quarkus-resteasy-server-common-spi-2.9.2.Final.pom
[INFO] Downloaded from central: https://repo.maven.apache.org/maven2/io/quarkus/quarkus-resteasy-server-common-spi/2.9.2.Final/quarkus-resteasy-server-common-spi-2.9.2.Final.pom (889 B at 8.4 kB/s)
[INFO] Downloading from central: https://repo.maven.apache.org/maven2/io/quarkus/quarkus-undertow-spi/2.9.2.Final/quarkus-undertow-spi-2.9.2.Final.pom
[INFO] Downloaded from central: https://repo.maven.apache.org/maven2/io/quarkus/quarkus-undertow-spi/2.9.2.Final/quarkus-undertow-spi-2.9.2.Final.pom (2.0 kB at 50 kB/s)
[INFO] Downloading from central: https://repo.maven.apache.org/maven2/io/quarkus/quarkus-http-parent/2.9.2.Final/quarkus-http-parent-2.9.2.Final.pom
[INFO] Downloaded from central: https://repo.maven.apache.org/maven2/io/quarkus/quarkus-http-parent/2.9.2.Final/quarkus-http-parent-2.9.2.Final.pom (769 B at 21 kB/s)
[INFO] Downloading from central: https://repo.maven.apache.org/maven2/io/quarkus/http/quarkus-http-servlet/4.1.9/quarkus-http-servlet-4.1.9.pom
[INFO] Downloaded from central: https://repo.maven.apache.org/maven2/io/quarkus/http/quarkus-http-servlet/4.1.9/quarkus-http-servlet-4.1.9.pom (19 kB at 603 kB/s)
[INFO] Downloading from central: https://repo.maven.apache.org/maven2/io/quarkus/http/quarkus-http-parent/4.1.9/quarkus-http-parent-4.1.9.pom
[INFO] Downloaded from central: https://repo.maven.apache.org/maven2/io/quarkus/http/quarkus-http-parent/4.1.9/quarkus-http-parent-4.1.9.pom (30 kB at 354 kB/s)
[INFO] Downloading from central: https://repo.maven.apache.org/maven2/org/jboss/jboss-parent/28/jboss-parent-28.pom
[INFO] Downloaded from central: https://repo.maven.apache.org/maven2/org/jboss/jboss-parent/28/jboss-parent-28.pom (35 kB at 1.1 MB/s)
[INFO] Downloading from central: https://repo.maven.apache.org/maven2/io/quarkus/http/quarkus-http-core/4.1.9/quarkus-http-core-4.1.9.pom
[INFO] Downloaded from central: https://repo.maven.apache.org/maven2/io/quarkus/http/quarkus-http-core/4.1.9/quarkus-http-core-4.1.9.pom (27 kB at 712 kB/s)
[INFO] Downloading from central: https://repo.maven.apache.org/maven2/io/quarkus/http/quarkus-http-http-core/4.1.9/quarkus-http-http-core-4.1.9.pom
[INFO] Downloaded from central: https://repo.maven.apache.org/maven2/io/quarkus/http/quarkus-http-http-core/4.1.9/quarkus-http-http-core-4.1.9.pom (4.8 kB at 155 kB/s)
[INFO] Downloading from central: https://repo.maven.apache.org/maven2/jakarta/servlet/jakarta.servlet-api/4.0.3/jakarta.servlet-api-4.0.3.pom
[INFO] Downloaded from central: https://repo.maven.apache.org/maven2/jakarta/servlet/jakarta.servlet-api/4.0.3/jakarta.servlet-api-4.0.3.pom (17 kB at 551 kB/s)
[INFO] Downloading from central: https://repo.maven.apache.org/maven2/org/jboss/metadata/jboss-metadata-web/14.0.0.Final/jboss-metadata-web-14.0.0.Final.pom
[INFO] Downloaded from central: https://repo.maven.apache.org/maven2/org/jboss/metadata/jboss-metadata-web/14.0.0.Final/jboss-metadata-web-14.0.0.Final.pom (4.6 kB at 149 kB/s)
[INFO] Downloading from central: https://repo.maven.apache.org/maven2/org/jboss/metadata/jboss-as-parent-metadata/14.0.0.Final/jboss-as-parent-metadata-14.0.0.Final.pom
[INFO] Downloaded from central: https://repo.maven.apache.org/maven2/org/jboss/metadata/jboss-as-parent-metadata/14.0.0.Final/jboss-as-parent-metadata-14.0.0.Final.pom (20 kB at 182 kB/s)
[INFO] Downloading from central: https://repo.maven.apache.org/maven2/org/jboss/metadata/jboss-metadata-common/14.0.0.Final/jboss-metadata-common-14.0.0.Final.pom
[INFO] Downloaded from central: https://repo.maven.apache.org/maven2/org/jboss/metadata/jboss-metadata-common/14.0.0.Final/jboss-metadata-common-14.0.0.Final.pom (3.9 kB at 145 kB/s)
[INFO] Downloading from central: https://repo.maven.apache.org/maven2/io/quarkus/quarkus-vertx-http-deployment/2.9.2.Final/quarkus-vertx-http-deployment-2.9.2.Final.pom
[INFO] Downloaded from central: https://repo.maven.apache.org/maven2/io/quarkus/quarkus-vertx-http-deployment/2.9.2.Final/quarkus-vertx-http-deployment-2.9.2.Final.pom (16 kB at 459 kB/s)
[INFO] Downloading from central: https://repo.maven.apache.org/maven2/io/quarkus/quarkus-vertx-deployment/2.9.2.Final/quarkus-vertx-deployment-2.9.2.Final.pom
[INFO] Downloaded from central: https://repo.maven.apache.org/maven2/io/quarkus/quarkus-vertx-deployment/2.9.2.Final/quarkus-vertx-deployment-2.9.2.Final.pom (2.5 kB at 92 kB/s)
[INFO] Downloading from central: https://repo.maven.apache.org/maven2/io/quarkus/quarkus-netty-deployment/2.9.2.Final/quarkus-netty-deployment-2.9.2.Final.pom
[INFO] Downloaded from central: https://repo.maven.apache.org/maven2/io/quarkus/quarkus-netty-deployment/2.9.2.Final/quarkus-netty-deployment-2.9.2.Final.pom (1.5 kB at 32 kB/s)
[INFO] Downloading from central: https://repo.maven.apache.org/maven2/io/quarkus/quarkus-mutiny-deployment/2.9.2.Final/quarkus-mutiny-deployment-2.9.2.Final.pom
[INFO] Downloaded from central: https://repo.maven.apache.org/maven2/io/quarkus/quarkus-mutiny-deployment/2.9.2.Final/quarkus-mutiny-deployment-2.9.2.Final.pom (2.0 kB at 69 kB/s)
[INFO] Downloading from central: https://repo.maven.apache.org/maven2/io/quarkus/quarkus-smallrye-context-propagation-deployment/2.9.2.Final/quarkus-smallrye-context-propagation-deployment-2.9.2.Final.pom
[INFO] Downloaded from central: https://repo.maven.apache.org/maven2/io/quarkus/quarkus-smallrye-context-propagation-deployment/2.9.2.Final/quarkus-smallrye-context-propagation-deployment-2.9.2.Final.pom (1.9 kB at 70 kB/s)
[INFO] Downloading from central: https://repo.maven.apache.org/maven2/io/quarkus/quarkus-vertx-http-deployment-spi/2.9.2.Final/quarkus-vertx-http-deployment-spi-2.9.2.Final.pom
[INFO] Downloaded from central: https://repo.maven.apache.org/maven2/io/quarkus/quarkus-vertx-http-deployment-spi/2.9.2.Final/quarkus-vertx-http-deployment-spi-2.9.2.Final.pom (831 B at 28 kB/s)
[INFO] Downloading from central: https://repo.maven.apache.org/maven2/io/quarkus/quarkus-kubernetes-spi/2.9.2.Final/quarkus-kubernetes-spi-2.9.2.Final.pom
[INFO] Downloaded from central: https://repo.maven.apache.org/maven2/io/quarkus/quarkus-kubernetes-spi/2.9.2.Final/quarkus-kubernetes-spi-2.9.2.Final.pom (1.2 kB at 37 kB/s)
[INFO] Downloading from central: https://repo.maven.apache.org/maven2/io/quarkus/quarkus-kubernetes-parent/2.9.2.Final/quarkus-kubernetes-parent-2.9.2.Final.pom
[INFO] Downloaded from central: https://repo.maven.apache.org/maven2/io/quarkus/quarkus-kubernetes-parent/2.9.2.Final/quarkus-kubernetes-parent-2.9.2.Final.pom (839 B at 7.1 kB/s)
[INFO] Downloading from central: https://repo.maven.apache.org/maven2/io/quarkus/quarkus-security-spi/2.9.2.Final/quarkus-security-spi-2.9.2.Final.pom
[INFO] Downloaded from central: https://repo.maven.apache.org/maven2/io/quarkus/quarkus-security-spi/2.9.2.Final/quarkus-security-spi-2.9.2.Final.pom (1.5 kB at 13 kB/s)
[INFO] Downloading from central: https://repo.maven.apache.org/maven2/io/quarkus/quarkus-resteasy-jackson-deployment/2.9.2.Final/quarkus-resteasy-jackson-deployment-2.9.2.Final.pom
[INFO] Downloaded from central: https://repo.maven.apache.org/maven2/io/quarkus/quarkus-resteasy-jackson-deployment/2.9.2.Final/quarkus-resteasy-jackson-deployment-2.9.2.Final.pom (2.0 kB at 73 kB/s)
[INFO] Downloading from central: https://repo.maven.apache.org/maven2/io/quarkus/quarkus-jackson-deployment/2.9.2.Final/quarkus-jackson-deployment-2.9.2.Final.pom
[INFO] Downloaded from central: https://repo.maven.apache.org/maven2/io/quarkus/quarkus-jackson-deployment/2.9.2.Final/quarkus-jackson-deployment-2.9.2.Final.pom (2.1 kB at 79 kB/s)
[INFO] Downloading from central: https://repo.maven.apache.org/maven2/io/quarkus/quarkus-jackson-spi/2.9.2.Final/quarkus-jackson-spi-2.9.2.Final.pom
[INFO] Downloaded from central: https://repo.maven.apache.org/maven2/io/quarkus/quarkus-jackson-spi/2.9.2.Final/quarkus-jackson-spi-2.9.2.Final.pom (835 B at 30 kB/s)
[INFO] Downloading from central: https://repo.maven.apache.org/maven2/com/fasterxml/jackson/jaxrs/jackson-jaxrs-json-provider/2.13.3/jackson-jaxrs-json-provider-2.13.3.pom
[INFO] Downloaded from central: https://repo.maven.apache.org/maven2/com/fasterxml/jackson/jaxrs/jackson-jaxrs-json-provider/2.13.3/jackson-jaxrs-json-provider-2.13.3.pom (4.4 kB at 151 kB/s)
[INFO] Downloading from central: https://repo.maven.apache.org/maven2/com/fasterxml/jackson/jaxrs/jackson-jaxrs-providers/2.13.3/jackson-jaxrs-providers-2.13.3.pom
[INFO] Downloaded from central: https://repo.maven.apache.org/maven2/com/fasterxml/jackson/jaxrs/jackson-jaxrs-providers/2.13.3/jackson-jaxrs-providers-2.13.3.pom (5.6 kB at 207 kB/s)
[INFO] Downloading from central: https://repo.maven.apache.org/maven2/com/fasterxml/jackson/jaxrs/jackson-jaxrs-base/2.13.3/jackson-jaxrs-base-2.13.3.pom
[INFO] Downloaded from central: https://repo.maven.apache.org/maven2/com/fasterxml/jackson/jaxrs/jackson-jaxrs-base/2.13.3/jackson-jaxrs-base-2.13.3.pom (2.1 kB at 64 kB/s)
[INFO] Downloading from central: https://repo.maven.apache.org/maven2/com/fasterxml/jackson/module/jackson-module-jaxb-annotations/2.13.3/jackson-module-jaxb-annotations-2.13.3.pom
[INFO] Downloaded from central: https://repo.maven.apache.org/maven2/com/fasterxml/jackson/module/jackson-module-jaxb-annotations/2.13.3/jackson-module-jaxb-annotations-2.13.3.pom (3.7 kB at 95 kB/s)
[INFO] Downloading from central: https://repo.maven.apache.org/maven2/com/fasterxml/jackson/module/jackson-modules-base/2.13.3/jackson-modules-base-2.13.3.pom
[INFO] Downloaded from central: https://repo.maven.apache.org/maven2/com/fasterxml/jackson/module/jackson-modules-base/2.13.3/jackson-modules-base-2.13.3.pom (3.4 kB at 118 kB/s)
[INFO] Downloading from central: https://repo.maven.apache.org/maven2/io/quarkus/quarkus-agroal-deployment/2.9.2.Final/quarkus-agroal-deployment-2.9.2.Final.pom
[INFO] Downloaded from central: https://repo.maven.apache.org/maven2/io/quarkus/quarkus-agroal-deployment/2.9.2.Final/quarkus-agroal-deployment-2.9.2.Final.pom (4.1 kB at 102 kB/s)
[INFO] Downloading from central: https://repo.maven.apache.org/maven2/io/quarkus/quarkus-datasource-deployment/2.9.2.Final/quarkus-datasource-deployment-2.9.2.Final.pom
[INFO] Downloaded from central: https://repo.maven.apache.org/maven2/io/quarkus/quarkus-datasource-deployment/2.9.2.Final/quarkus-datasource-deployment-2.9.2.Final.pom (2.1 kB at 17 kB/s)
[INFO] Downloading from central: https://repo.maven.apache.org/maven2/io/quarkus/quarkus-datasource-deployment-spi/2.9.2.Final/quarkus-datasource-deployment-spi-2.9.2.Final.pom
[INFO] Downloaded from central: https://repo.maven.apache.org/maven2/io/quarkus/quarkus-datasource-deployment-spi/2.9.2.Final/quarkus-datasource-deployment-spi-2.9.2.Final.pom (1.1 kB at 5.4 kB/s)
[INFO] Downloading from central: https://repo.maven.apache.org/maven2/io/quarkus/quarkus-kubernetes-service-binding-spi/2.9.2.Final/quarkus-kubernetes-service-binding-spi-2.9.2.Final.pom
[INFO] Downloaded from central: https://repo.maven.apache.org/maven2/io/quarkus/quarkus-kubernetes-service-binding-spi/2.9.2.Final/quarkus-kubernetes-service-binding-spi-2.9.2.Final.pom (919 B at 31 kB/s)
[INFO] Downloading from central: https://repo.maven.apache.org/maven2/io/quarkus/quarkus-kubernetes-service-binding-parent/2.9.2.Final/quarkus-kubernetes-service-binding-parent-2.9.2.Final.pom
[INFO] Downloaded from central: https://repo.maven.apache.org/maven2/io/quarkus/quarkus-kubernetes-service-binding-parent/2.9.2.Final/quarkus-kubernetes-service-binding-parent-2.9.2.Final.pom (810 B at 18 kB/s)
[INFO] Downloading from central: https://repo.maven.apache.org/maven2/io/quarkus/quarkus-devservices-deployment/2.9.2.Final/quarkus-devservices-deployment-2.9.2.Final.pom
[INFO] Downloaded from central: https://repo.maven.apache.org/maven2/io/quarkus/quarkus-devservices-deployment/2.9.2.Final/quarkus-devservices-deployment-2.9.2.Final.pom (1.7 kB at 15 kB/s)
[INFO] Downloading from central: https://repo.maven.apache.org/maven2/io/quarkus/quarkus-devservices-parent/2.9.2.Final/quarkus-devservices-parent-2.9.2.Final.pom
[INFO] Downloaded from central: https://repo.maven.apache.org/maven2/io/quarkus/quarkus-devservices-parent/2.9.2.Final/quarkus-devservices-parent-2.9.2.Final.pom (1.2 kB at 9.6 kB/s)
[INFO] Downloading from central: https://repo.maven.apache.org/maven2/io/quarkus/quarkus-devservices-common/2.9.2.Final/quarkus-devservices-common-2.9.2.Final.pom
[INFO] Downloaded from central: https://repo.maven.apache.org/maven2/io/quarkus/quarkus-devservices-common/2.9.2.Final/quarkus-devservices-common-2.9.2.Final.pom (1.5 kB at 34 kB/s)
[INFO] Downloading from central: https://repo.maven.apache.org/maven2/com/github/docker-java/docker-java-api/3.2.13/docker-java-api-3.2.13.pom
[INFO] Downloaded from central: https://repo.maven.apache.org/maven2/com/github/docker-java/docker-java-api/3.2.13/docker-java-api-3.2.13.pom (2.2 kB at 52 kB/s)
[INFO] Downloading from central: https://repo.maven.apache.org/maven2/com/github/docker-java/docker-java-parent/3.2.13/docker-java-parent-3.2.13.pom
[INFO] Downloaded from central: https://repo.maven.apache.org/maven2/com/github/docker-java/docker-java-parent/3.2.13/docker-java-parent-3.2.13.pom (12 kB at 362 kB/s)
[INFO] Downloading from central: https://repo.maven.apache.org/maven2/org/testcontainers/testcontainers/1.17.1/testcontainers-1.17.1.pom
[INFO] Downloaded from central: https://repo.maven.apache.org/maven2/org/testcontainers/testcontainers/1.17.1/testcontainers-1.17.1.pom (2.4 kB at 69 kB/s)
[INFO] Downloading from central: https://repo.maven.apache.org/maven2/org/rnorth/duct-tape/duct-tape/1.0.8/duct-tape-1.0.8.pom
[INFO] Downloaded from central: https://repo.maven.apache.org/maven2/org/rnorth/duct-tape/duct-tape/1.0.8/duct-tape-1.0.8.pom (6.2 kB at 188 kB/s)
[INFO] Downloading from central: https://repo.maven.apache.org/maven2/org/jetbrains/annotations/17.0.0/annotations-17.0.0.pom
[INFO] Downloaded from central: https://repo.maven.apache.org/maven2/org/jetbrains/annotations/17.0.0/annotations-17.0.0.pom (1.4 kB at 50 kB/s)
[INFO] Downloading from central: https://repo.maven.apache.org/maven2/com/github/docker-java/docker-java-transport-zerodep/3.2.13/docker-java-transport-zerodep-3.2.13.pom
[INFO] Downloaded from central: https://repo.maven.apache.org/maven2/com/github/docker-java/docker-java-transport-zerodep/3.2.13/docker-java-transport-zerodep-3.2.13.pom (4.0 kB at 141 kB/s)
[INFO] Downloading from central: https://repo.maven.apache.org/maven2/com/github/docker-java/docker-java-transport/3.2.13/docker-java-transport-3.2.13.pom
[INFO] Downloaded from central: https://repo.maven.apache.org/maven2/com/github/docker-java/docker-java-transport/3.2.13/docker-java-transport-3.2.13.pom (1.5 kB at 45 kB/s)
[INFO] Downloading from central: https://repo.maven.apache.org/maven2/net/java/dev/jna/jna/5.8.0/jna-5.8.0.pom
[INFO] Downloaded from central: https://repo.maven.apache.org/maven2/net/java/dev/jna/jna/5.8.0/jna-5.8.0.pom (1.6 kB at 51 kB/s)
[INFO] Downloading from central: https://repo.maven.apache.org/maven2/io/quarkus/quarkus-junit4-mock/2.9.2.Final/quarkus-junit4-mock-2.9.2.Final.pom
[INFO] Downloaded from central: https://repo.maven.apache.org/maven2/io/quarkus/quarkus-junit4-mock/2.9.2.Final/quarkus-junit4-mock-2.9.2.Final.pom (719 B at 18 kB/s)
[INFO] Downloading from central: https://repo.maven.apache.org/maven2/org/jboss/jboss-transaction-spi/7.6.0.Final/jboss-transaction-spi-7.6.0.Final.pom
[INFO] Downloaded from central: https://repo.maven.apache.org/maven2/org/jboss/jboss-transaction-spi/7.6.0.Final/jboss-transaction-spi-7.6.0.Final.pom (6.2 kB at 202 kB/s)
[INFO] Downloading from central: https://repo.maven.apache.org/maven2/io/quarkus/quarkus-agroal-spi/2.9.2.Final/quarkus-agroal-spi-2.9.2.Final.pom
[INFO] Downloaded from central: https://repo.maven.apache.org/maven2/io/quarkus/quarkus-agroal-spi/2.9.2.Final/quarkus-agroal-spi-2.9.2.Final.pom (1.1 kB at 8.7 kB/s)
[INFO] Downloading from central: https://repo.maven.apache.org/maven2/io/quarkus/quarkus-narayana-jta-deployment/2.9.2.Final/quarkus-narayana-jta-deployment-2.9.2.Final.pom
[INFO] Downloaded from central: https://repo.maven.apache.org/maven2/io/quarkus/quarkus-narayana-jta-deployment/2.9.2.Final/quarkus-narayana-jta-deployment-2.9.2.Final.pom (2.0 kB at 45 kB/s)
[INFO] Downloading from central: https://repo.maven.apache.org/maven2/io/quarkus/quarkus-credentials-deployment/2.9.2.Final/quarkus-credentials-deployment-2.9.2.Final.pom
[INFO] Downloaded from central: https://repo.maven.apache.org/maven2/io/quarkus/quarkus-credentials-deployment/2.9.2.Final/quarkus-credentials-deployment-2.9.2.Final.pom (1.7 kB at 36 kB/s)
[INFO] Downloading from central: https://repo.maven.apache.org/maven2/io/quarkus/quarkus-smallrye-health-spi/2.9.2.Final/quarkus-smallrye-health-spi-2.9.2.Final.pom
[INFO] Downloaded from central: https://repo.maven.apache.org/maven2/io/quarkus/quarkus-smallrye-health-spi/2.9.2.Final/quarkus-smallrye-health-spi-2.9.2.Final.pom (775 B at 18 kB/s)
[INFO] Downloading from central: https://repo.maven.apache.org/maven2/io/quarkus/quarkus-smallrye-health-parent/2.9.2.Final/quarkus-smallrye-health-parent-2.9.2.Final.pom
[INFO] Downloaded from central: https://repo.maven.apache.org/maven2/io/quarkus/quarkus-smallrye-health-parent/2.9.2.Final/quarkus-smallrye-health-parent-2.9.2.Final.pom (787 B at 25 kB/s)
[INFO] Downloading from central: https://repo.maven.apache.org/maven2/io/quarkus/quarkus-jdbc-mysql-deployment/2.9.2.Final/quarkus-jdbc-mysql-deployment-2.9.2.Final.pom
[INFO] Downloaded from central: https://repo.maven.apache.org/maven2/io/quarkus/quarkus-jdbc-mysql-deployment/2.9.2.Final/quarkus-jdbc-mysql-deployment-2.9.2.Final.pom (3.7 kB at 13 kB/s)
[INFO] Downloading from central: https://repo.maven.apache.org/maven2/io/quarkus/quarkus-devservices-mysql/2.9.2.Final/quarkus-devservices-mysql-2.9.2.Final.pom
[INFO] Downloaded from central: https://repo.maven.apache.org/maven2/io/quarkus/quarkus-devservices-mysql/2.9.2.Final/quarkus-devservices-mysql-2.9.2.Final.pom (2.6 kB at 4.5 kB/s)
[INFO] Downloading from central: https://repo.maven.apache.org/maven2/org/testcontainers/mysql/1.17.1/mysql-1.17.1.pom
[INFO] Downloaded from central: https://repo.maven.apache.org/maven2/org/testcontainers/mysql/1.17.1/mysql-1.17.1.pom (1.5 kB at 46 kB/s)
[INFO] Downloading from central: https://repo.maven.apache.org/maven2/org/testcontainers/jdbc/1.17.1/jdbc-1.17.1.pom
[INFO] Downloaded from central: https://repo.maven.apache.org/maven2/org/testcontainers/jdbc/1.17.1/jdbc-1.17.1.pom (1.5 kB at 46 kB/s)
[INFO] Downloading from central: https://repo.maven.apache.org/maven2/org/testcontainers/database-commons/1.17.1/database-commons-1.17.1.pom
[INFO] Downloaded from central: https://repo.maven.apache.org/maven2/org/testcontainers/database-commons/1.17.1/database-commons-1.17.1.pom (1.5 kB at 42 kB/s)
[INFO] Downloading from central: https://repo.maven.apache.org/maven2/io/quarkus/quarkus-hibernate-orm-deployment/2.9.2.Final/quarkus-hibernate-orm-deployment-2.9.2.Final.pom
[INFO] Downloaded from central: https://repo.maven.apache.org/maven2/io/quarkus/quarkus-hibernate-orm-deployment/2.9.2.Final/quarkus-hibernate-orm-deployment-2.9.2.Final.pom (4.4 kB at 24 kB/s)
[INFO] Downloading from central: https://repo.maven.apache.org/maven2/io/quarkus/quarkus-caffeine-deployment/2.9.2.Final/quarkus-caffeine-deployment-2.9.2.Final.pom
[INFO] Downloaded from central: https://repo.maven.apache.org/maven2/io/quarkus/quarkus-caffeine-deployment/2.9.2.Final/quarkus-caffeine-deployment-2.9.2.Final.pom (1.5 kB at 7.1 kB/s)
[INFO] Downloading from central: https://repo.maven.apache.org/maven2/io/quarkus/quarkus-caffeine-parent/2.9.2.Final/quarkus-caffeine-parent-2.9.2.Final.pom
[INFO] Downloaded from central: https://repo.maven.apache.org/maven2/io/quarkus/quarkus-caffeine-parent/2.9.2.Final/quarkus-caffeine-parent-2.9.2.Final.pom (745 B at 3.6 kB/s)
[INFO] Downloading from central: https://repo.maven.apache.org/maven2/io/quarkus/quarkus-panache-hibernate-common-deployment/2.9.2.Final/quarkus-panache-hibernate-common-deployment-2.9.2.Final.pom
[INFO] Downloaded from central: https://repo.maven.apache.org/maven2/io/quarkus/quarkus-panache-hibernate-common-deployment/2.9.2.Final/quarkus-panache-hibernate-common-deployment-2.9.2.Final.pom (2.0 kB at 9.8 kB/s)
[INFO] Downloading from central: https://repo.maven.apache.org/maven2/io/quarkus/quarkus-panache-hibernate-common-parent/2.9.2.Final/quarkus-panache-hibernate-common-parent-2.9.2.Final.pom
[INFO] Downloaded from central: https://repo.maven.apache.org/maven2/io/quarkus/quarkus-panache-hibernate-common-parent/2.9.2.Final/quarkus-panache-hibernate-common-parent-2.9.2.Final.pom (771 B at 21 kB/s)
[INFO] Downloading from central: https://repo.maven.apache.org/maven2/io/quarkus/quarkus-panache-parent/2.9.2.Final/quarkus-panache-parent-2.9.2.Final.pom
[INFO] Downloaded from central: https://repo.maven.apache.org/maven2/io/quarkus/quarkus-panache-parent/2.9.2.Final/quarkus-panache-parent-2.9.2.Final.pom (1.4 kB at 8.1 kB/s)
[INFO] Downloading from central: https://repo.maven.apache.org/maven2/io/quarkus/quarkus-panache-hibernate-common/2.9.2.Final/quarkus-panache-hibernate-common-2.9.2.Final.pom
[INFO] Downloaded from central: https://repo.maven.apache.org/maven2/io/quarkus/quarkus-panache-hibernate-common/2.9.2.Final/quarkus-panache-hibernate-common-2.9.2.Final.pom (1.8 kB at 9.3 kB/s)
[INFO] Downloading from central: https://repo.maven.apache.org/maven2/io/quarkus/quarkus-panache-common/2.9.2.Final/quarkus-panache-common-2.9.2.Final.pom
[INFO] Downloaded from central: https://repo.maven.apache.org/maven2/io/quarkus/quarkus-panache-common/2.9.2.Final/quarkus-panache-common-2.9.2.Final.pom (1.5 kB at 10 kB/s)
[INFO] Downloading from central: https://repo.maven.apache.org/maven2/io/quarkus/quarkus-panache-common-parent/2.9.2.Final/quarkus-panache-common-parent-2.9.2.Final.pom
[INFO] Downloaded from central: https://repo.maven.apache.org/maven2/io/quarkus/quarkus-panache-common-parent/2.9.2.Final/quarkus-panache-common-parent-2.9.2.Final.pom (749 B at 3.7 kB/s)
[INFO] Downloading from central: https://repo.maven.apache.org/maven2/io/quarkus/quarkus-panache-common-deployment/2.9.2.Final/quarkus-panache-common-deployment-2.9.2.Final.pom
[INFO] Downloaded from central: https://repo.maven.apache.org/maven2/io/quarkus/quarkus-panache-common-deployment/2.9.2.Final/quarkus-panache-common-deployment-2.9.2.Final.pom (1.5 kB at 5.5 kB/s)
[INFO] Downloading from central: https://repo.maven.apache.org/maven2/io/quarkus/quarkus-resteasy-reactive-server-spi-deployment/2.9.2.Final/quarkus-resteasy-reactive-server-spi-deployment-2.9.2.Final.pom
[INFO] Downloaded from central: https://repo.maven.apache.org/maven2/io/quarkus/quarkus-resteasy-reactive-server-spi-deployment/2.9.2.Final/quarkus-resteasy-reactive-server-spi-deployment-2.9.2.Final.pom (1.0 kB at 30 kB/s)
[INFO] Downloading from central: https://repo.maven.apache.org/maven2/io/quarkus/quarkus-resteasy-reactive-parent/2.9.2.Final/quarkus-resteasy-reactive-parent-2.9.2.Final.pom
[INFO] Downloaded from central: https://repo.maven.apache.org/maven2/io/quarkus/quarkus-resteasy-reactive-parent/2.9.2.Final/quarkus-resteasy-reactive-parent-2.9.2.Final.pom (820 B at 24 kB/s)
[INFO] Downloading from central: https://repo.maven.apache.org/maven2/io/quarkus/quarkus-resteasy-reactive-parent-aggregator/2.9.2.Final/quarkus-resteasy-reactive-parent-aggregator-2.9.2.Final.pom
[INFO] Downloaded from central: https://repo.maven.apache.org/maven2/io/quarkus/quarkus-resteasy-reactive-parent-aggregator/2.9.2.Final/quarkus-resteasy-reactive-parent-aggregator-2.9.2.Final.pom (1.9 kB at 61 kB/s)
[INFO] Downloading from central: https://repo.maven.apache.org/maven2/io/quarkus/quarkus-resteasy-reactive-spi-deployment/2.9.2.Final/quarkus-resteasy-reactive-spi-deployment-2.9.2.Final.pom
[INFO] Downloaded from central: https://repo.maven.apache.org/maven2/io/quarkus/quarkus-resteasy-reactive-spi-deployment/2.9.2.Final/quarkus-resteasy-reactive-spi-deployment-2.9.2.Final.pom (1.8 kB at 53 kB/s)
[INFO] Downloading from central: https://repo.maven.apache.org/maven2/io/quarkus/quarkus-resteasy-reactive-common-parent/2.9.2.Final/quarkus-resteasy-reactive-common-parent-2.9.2.Final.pom
[INFO] Downloaded from central: https://repo.maven.apache.org/maven2/io/quarkus/quarkus-resteasy-reactive-common-parent/2.9.2.Final/quarkus-resteasy-reactive-common-parent-2.9.2.Final.pom (836 B at 26 kB/s)
[INFO] Downloading from central: https://repo.maven.apache.org/maven2/io/quarkus/resteasy/reactive/resteasy-reactive-processor/2.9.2.Final/resteasy-reactive-processor-2.9.2.Final.pom
[INFO] Downloaded from central: https://repo.maven.apache.org/maven2/io/quarkus/resteasy/reactive/resteasy-reactive-processor/2.9.2.Final/resteasy-reactive-processor-2.9.2.Final.pom (2.8 kB at 57 kB/s)
[INFO] Downloading from central: https://repo.maven.apache.org/maven2/io/quarkus/resteasy/reactive/resteasy-reactive-server-parent/2.9.2.Final/resteasy-reactive-server-parent-2.9.2.Final.pom
[INFO] Downloaded from central: https://repo.maven.apache.org/maven2/io/quarkus/resteasy/reactive/resteasy-reactive-server-parent/2.9.2.Final/resteasy-reactive-server-parent-2.9.2.Final.pom (833 B at 19 kB/s)
[INFO] Downloading from central: https://repo.maven.apache.org/maven2/io/quarkus/resteasy/reactive/resteasy-reactive-parent/2.9.2.Final/resteasy-reactive-parent-2.9.2.Final.pom
[INFO] Downloaded from central: https://repo.maven.apache.org/maven2/io/quarkus/resteasy/reactive/resteasy-reactive-parent/2.9.2.Final/resteasy-reactive-parent-2.9.2.Final.pom (34 kB at 282 kB/s)
[INFO] Downloading from central: https://repo.maven.apache.org/maven2/io/smallrye/stork/stork-bom/1.1.0/stork-bom-1.1.0.pom
[INFO] Downloaded from central: https://repo.maven.apache.org/maven2/io/smallrye/stork/stork-bom/1.1.0/stork-bom-1.1.0.pom (5.4 kB at 44 kB/s)
[INFO] Downloading from central: https://repo.maven.apache.org/maven2/io/quarkus/resteasy/reactive/resteasy-reactive/2.9.2.Final/resteasy-reactive-2.9.2.Final.pom
[INFO] Downloaded from central: https://repo.maven.apache.org/maven2/io/quarkus/resteasy/reactive/resteasy-reactive/2.9.2.Final/resteasy-reactive-2.9.2.Final.pom (2.4 kB at 80 kB/s)
[INFO] Downloading from central: https://repo.maven.apache.org/maven2/io/quarkus/resteasy/reactive/resteasy-reactive-common/2.9.2.Final/resteasy-reactive-common-2.9.2.Final.pom
[INFO] Downloaded from central: https://repo.maven.apache.org/maven2/io/quarkus/resteasy/reactive/resteasy-reactive-common/2.9.2.Final/resteasy-reactive-common-2.9.2.Final.pom (2.7 kB at 86 kB/s)
[INFO] Downloading from central: https://repo.maven.apache.org/maven2/io/quarkus/resteasy/reactive/resteasy-reactive-common-parent/2.9.2.Final/resteasy-reactive-common-parent-2.9.2.Final.pom
[INFO] Downloaded from central: https://repo.maven.apache.org/maven2/io/quarkus/resteasy/reactive/resteasy-reactive-common-parent/2.9.2.Final/resteasy-reactive-common-parent-2.9.2.Final.pom (738 B at 18 kB/s)
[INFO] Downloading from central: https://repo.maven.apache.org/maven2/io/quarkus/resteasy/reactive/resteasy-reactive-common-processor/2.9.2.Final/resteasy-reactive-common-processor-2.9.2.Final.pom
[INFO] Downloaded from central: https://repo.maven.apache.org/maven2/io/quarkus/resteasy/reactive/resteasy-reactive-common-processor/2.9.2.Final/resteasy-reactive-common-processor-2.9.2.Final.pom (2.7 kB at 86 kB/s)
[INFO] Downloading from central: https://repo.maven.apache.org/maven2/io/quarkus/quarkus-flyway-deployment/2.9.2.Final/quarkus-flyway-deployment-2.9.2.Final.pom
[INFO] Downloaded from central: https://repo.maven.apache.org/maven2/io/quarkus/quarkus-flyway-deployment/2.9.2.Final/quarkus-flyway-deployment-2.9.2.Final.pom (2.9 kB at 68 kB/s)
[INFO] Downloading from central: https://repo.maven.apache.org/maven2/io/vertx/vertx-core/4.2.7/vertx-core-4.2.7.jar
[INFO] Downloaded from central: https://repo.maven.apache.org/maven2/io/vertx/vertx-core/4.2.7/vertx-core-4.2.7.jar (1.5 MB at 1.5 MB/s)
[INFO] Downloading from central: https://repo.maven.apache.org/maven2/io/quarkus/quarkus-vertx-http-dev-console-spi/2.9.2.Final/quarkus-vertx-http-dev-console-spi-2.9.2.Final.jar
[INFO] Downloading from central: https://repo.maven.apache.org/maven2/io/quarkus/arc/arc-processor/2.9.2.Final/arc-processor-2.9.2.Final.jar
[INFO] Downloading from central: https://repo.maven.apache.org/maven2/io/quarkus/quarkus-arc-deployment/2.9.2.Final/quarkus-arc-deployment-2.9.2.Final.jar
[INFO] Downloading from central: https://repo.maven.apache.org/maven2/io/quarkus/quarkus-resteasy-common-spi/2.9.2.Final/quarkus-resteasy-common-spi-2.9.2.Final.jar
[INFO] Downloading from central: https://repo.maven.apache.org/maven2/io/quarkus/quarkus-resteasy-common-deployment/2.9.2.Final/quarkus-resteasy-common-deployment-2.9.2.Final.jar
[INFO] Downloaded from central: https://repo.maven.apache.org/maven2/io/quarkus/quarkus-vertx-http-dev-console-spi/2.9.2.Final/quarkus-vertx-http-dev-console-spi-2.9.2.Final.jar (9.5 kB at 270 kB/s)
[INFO] Downloading from central: https://repo.maven.apache.org/maven2/io/quarkus/quarkus-jaxrs-spi-deployment/2.9.2.Final/quarkus-jaxrs-spi-deployment-2.9.2.Final.jar
[INFO] Downloaded from central: https://repo.maven.apache.org/maven2/io/quarkus/quarkus-resteasy-common-spi/2.9.2.Final/quarkus-resteasy-common-spi-2.9.2.Final.jar (9.0 kB at 243 kB/s)
[INFO] Downloading from central: https://repo.maven.apache.org/maven2/io/quarkus/quarkus-resteasy-server-common-spi/2.9.2.Final/quarkus-resteasy-server-common-spi-2.9.2.Final.jar
[INFO] Downloaded from central: https://repo.maven.apache.org/maven2/io/quarkus/quarkus-resteasy-common-deployment/2.9.2.Final/quarkus-resteasy-common-deployment-2.9.2.Final.jar (21 kB at 575 kB/s)
[INFO] Downloading from central: https://repo.maven.apache.org/maven2/io/quarkus/http/quarkus-http-http-core/4.1.9/quarkus-http-http-core-4.1.9.jar
[INFO] Downloaded from central: https://repo.maven.apache.org/maven2/io/quarkus/arc/arc-processor/2.9.2.Final/arc-processor-2.9.2.Final.jar (398 kB at 9.3 MB/s)
[INFO] Downloading from central: https://repo.maven.apache.org/maven2/io/quarkus/http/quarkus-http-core/4.1.9/quarkus-http-core-4.1.9.jar
[INFO] Downloaded from central: https://repo.maven.apache.org/maven2/io/quarkus/quarkus-arc-deployment/2.9.2.Final/quarkus-arc-deployment-2.9.2.Final.jar (270 kB at 6.3 MB/s)
[INFO] Downloading from central: https://repo.maven.apache.org/maven2/io/quarkus/http/quarkus-http-servlet/4.1.9/quarkus-http-servlet-4.1.9.jar
[INFO] Downloaded from central: https://repo.maven.apache.org/maven2/io/quarkus/quarkus-jaxrs-spi-deployment/2.9.2.Final/quarkus-jaxrs-spi-deployment-2.9.2.Final.jar (3.3 kB at 57 kB/s)
[INFO] Downloading from central: https://repo.maven.apache.org/maven2/jakarta/servlet/jakarta.servlet-api/4.0.3/jakarta.servlet-api-4.0.3.jar
[INFO] Downloaded from central: https://repo.maven.apache.org/maven2/io/quarkus/quarkus-resteasy-server-common-spi/2.9.2.Final/quarkus-resteasy-server-common-spi-2.9.2.Final.jar (5.5 kB at 57 kB/s)
[INFO] Downloading from central: https://repo.maven.apache.org/maven2/org/jboss/metadata/jboss-metadata-common/14.0.0.Final/jboss-metadata-common-14.0.0.Final.jar
[INFO] Downloaded from central: https://repo.maven.apache.org/maven2/io/quarkus/http/quarkus-http-http-core/4.1.9/quarkus-http-http-core-4.1.9.jar (39 kB at 382 kB/s)
[INFO] Downloading from central: https://repo.maven.apache.org/maven2/org/jboss/metadata/jboss-metadata-web/14.0.0.Final/jboss-metadata-web-14.0.0.Final.jar
[INFO] Downloaded from central: https://repo.maven.apache.org/maven2/io/quarkus/http/quarkus-http-servlet/4.1.9/quarkus-http-servlet-4.1.9.jar (496 kB at 4.7 MB/s)
[INFO] Downloading from central: https://repo.maven.apache.org/maven2/io/quarkus/quarkus-undertow-spi/2.9.2.Final/quarkus-undertow-spi-2.9.2.Final.jar
[INFO] Downloaded from central: https://repo.maven.apache.org/maven2/io/quarkus/http/quarkus-http-core/4.1.9/quarkus-http-core-4.1.9.jar (938 kB at 8.6 MB/s)
[INFO] Downloading from central: https://repo.maven.apache.org/maven2/io/quarkus/quarkus-resteasy-server-common-deployment/2.9.2.Final/quarkus-resteasy-server-common-deployment-2.9.2.Final.jar
[INFO] Downloaded from central: https://repo.maven.apache.org/maven2/io/quarkus/quarkus-undertow-spi/2.9.2.Final/quarkus-undertow-spi-2.9.2.Final.jar (23 kB at 174 kB/s)
[INFO] Downloading from central: https://repo.maven.apache.org/maven2/io/quarkus/quarkus-netty-deployment/2.9.2.Final/quarkus-netty-deployment-2.9.2.Final.jar
[INFO] Downloaded from central: https://repo.maven.apache.org/maven2/io/quarkus/quarkus-resteasy-server-common-deployment/2.9.2.Final/quarkus-resteasy-server-common-deployment-2.9.2.Final.jar (33 kB at 239 kB/s)
[INFO] Downloading from central: https://repo.maven.apache.org/maven2/io/quarkus/quarkus-vertx-deployment/2.9.2.Final/quarkus-vertx-deployment-2.9.2.Final.jar
[INFO] Downloaded from central: https://repo.maven.apache.org/maven2/org/jboss/metadata/jboss-metadata-common/14.0.0.Final/jboss-metadata-common-14.0.0.Final.jar (524 kB at 3.7 MB/s)
[INFO] Downloading from central: https://repo.maven.apache.org/maven2/io/quarkus/quarkus-vertx-http-deployment-spi/2.9.2.Final/quarkus-vertx-http-deployment-spi-2.9.2.Final.jar
[INFO] Downloaded from central: https://repo.maven.apache.org/maven2/org/jboss/metadata/jboss-metadata-web/14.0.0.Final/jboss-metadata-web-14.0.0.Final.jar (549 kB at 3.8 MB/s)
[INFO] Downloading from central: https://repo.maven.apache.org/maven2/io/quarkus/quarkus-smallrye-context-propagation-deployment/2.9.2.Final/quarkus-smallrye-context-propagation-deployment-2.9.2.Final.jar
[INFO] Downloaded from central: https://repo.maven.apache.org/maven2/jakarta/servlet/jakarta.servlet-api/4.0.3/jakarta.servlet-api-4.0.3.jar (83 kB at 508 kB/s)
[INFO] Downloaded from central: https://repo.maven.apache.org/maven2/io/quarkus/quarkus-netty-deployment/2.9.2.Final/quarkus-netty-deployment-2.9.2.Final.jar (13 kB at 82 kB/s)
[INFO] Downloading from central: https://repo.maven.apache.org/maven2/io/quarkus/quarkus-mutiny-deployment/2.9.2.Final/quarkus-mutiny-deployment-2.9.2.Final.jar
[INFO] Downloading from central: https://repo.maven.apache.org/maven2/io/quarkus/quarkus-kubernetes-spi/2.9.2.Final/quarkus-kubernetes-spi-2.9.2.Final.jar
[INFO] Downloaded from central: https://repo.maven.apache.org/maven2/io/quarkus/quarkus-vertx-deployment/2.9.2.Final/quarkus-vertx-deployment-2.9.2.Final.jar (38 kB at 233 kB/s)
[INFO] Downloading from central: https://repo.maven.apache.org/maven2/io/quarkus/quarkus-vertx-http-deployment/2.9.2.Final/quarkus-vertx-http-deployment-2.9.2.Final.jar
[INFO] Downloaded from central: https://repo.maven.apache.org/maven2/io/quarkus/quarkus-vertx-http-deployment-spi/2.9.2.Final/quarkus-vertx-http-deployment-spi-2.9.2.Final.jar (6.1 kB at 37 kB/s)
[INFO] Downloading from central: https://repo.maven.apache.org/maven2/io/quarkus/quarkus-security-spi/2.9.2.Final/quarkus-security-spi-2.9.2.Final.jar
[INFO] Downloaded from central: https://repo.maven.apache.org/maven2/io/quarkus/quarkus-smallrye-context-propagation-deployment/2.9.2.Final/quarkus-smallrye-context-propagation-deployment-2.9.2.Final.jar (16 kB at 96 kB/s)
[INFO] Downloading from central: https://repo.maven.apache.org/maven2/io/quarkus/quarkus-resteasy-deployment/2.9.2.Final/quarkus-resteasy-deployment-2.9.2.Final.jar
[INFO] Downloaded from central: https://repo.maven.apache.org/maven2/io/quarkus/quarkus-kubernetes-spi/2.9.2.Final/quarkus-kubernetes-spi-2.9.2.Final.jar (24 kB at 130 kB/s)
[INFO] Downloading from central: https://repo.maven.apache.org/maven2/io/quarkus/quarkus-jackson-spi/2.9.2.Final/quarkus-jackson-spi-2.9.2.Final.jar
[INFO] Downloaded from central: https://repo.maven.apache.org/maven2/io/quarkus/quarkus-mutiny-deployment/2.9.2.Final/quarkus-mutiny-deployment-2.9.2.Final.jar (3.9 kB at 21 kB/s)
[INFO] Downloading from central: https://repo.maven.apache.org/maven2/io/quarkus/quarkus-jackson-deployment/2.9.2.Final/quarkus-jackson-deployment-2.9.2.Final.jar
[INFO] Downloaded from central: https://repo.maven.apache.org/maven2/io/quarkus/quarkus-security-spi/2.9.2.Final/quarkus-security-spi-2.9.2.Final.jar (4.6 kB at 24 kB/s)
[INFO] Downloading from central: https://repo.maven.apache.org/maven2/io/quarkus/quarkus-resteasy-jackson-deployment/2.9.2.Final/quarkus-resteasy-jackson-deployment-2.9.2.Final.jar
[INFO] Downloaded from central: https://repo.maven.apache.org/maven2/io/quarkus/quarkus-resteasy-deployment/2.9.2.Final/quarkus-resteasy-deployment-2.9.2.Final.jar (22 kB at 112 kB/s)
[INFO] Downloading from central: https://repo.maven.apache.org/maven2/io/quarkus/quarkus-kubernetes-service-binding-spi/2.9.2.Final/quarkus-kubernetes-service-binding-spi-2.9.2.Final.jar
[INFO] Downloaded from central: https://repo.maven.apache.org/maven2/io/quarkus/quarkus-jackson-spi/2.9.2.Final/quarkus-jackson-spi-2.9.2.Final.jar (5.9 kB at 28 kB/s)
[INFO] Downloading from central: https://repo.maven.apache.org/maven2/io/quarkus/quarkus-devservices-deployment/2.9.2.Final/quarkus-devservices-deployment-2.9.2.Final.jar
[INFO] Downloaded from central: https://repo.maven.apache.org/maven2/io/quarkus/quarkus-resteasy-jackson-deployment/2.9.2.Final/quarkus-resteasy-jackson-deployment-2.9.2.Final.jar (4.0 kB at 19 kB/s)
[INFO] Downloading from central: https://repo.maven.apache.org/maven2/io/quarkus/quarkus-datasource-deployment/2.9.2.Final/quarkus-datasource-deployment-2.9.2.Final.jar
[INFO] Downloaded from central: https://repo.maven.apache.org/maven2/io/quarkus/quarkus-jackson-deployment/2.9.2.Final/quarkus-jackson-deployment-2.9.2.Final.jar (11 kB at 34 kB/s)
[INFO] Downloaded from central: https://repo.maven.apache.org/maven2/io/quarkus/quarkus-kubernetes-service-binding-spi/2.9.2.Final/quarkus-kubernetes-service-binding-spi-2.9.2.Final.jar (4.7 kB at 15 kB/s)
[INFO] Downloading from central: https://repo.maven.apache.org/maven2/io/quarkus/quarkus-agroal-spi/2.9.2.Final/quarkus-agroal-spi-2.9.2.Final.jar
[INFO] Downloaded from central: https://repo.maven.apache.org/maven2/io/quarkus/quarkus-devservices-deployment/2.9.2.Final/quarkus-devservices-deployment-2.9.2.Final.jar (18 kB at 58 kB/s)
[INFO] Downloading from central: https://repo.maven.apache.org/maven2/io/quarkus/quarkus-narayana-jta-deployment/2.9.2.Final/quarkus-narayana-jta-deployment-2.9.2.Final.jar
[INFO] Downloading from central: https://repo.maven.apache.org/maven2/io/quarkus/quarkus-credentials-deployment/2.9.2.Final/quarkus-credentials-deployment-2.9.2.Final.jar
[INFO] Downloaded from central: https://repo.maven.apache.org/maven2/io/quarkus/quarkus-datasource-deployment/2.9.2.Final/quarkus-datasource-deployment-2.9.2.Final.jar (17 kB at 51 kB/s)
[INFO] Downloading from central: https://repo.maven.apache.org/maven2/io/quarkus/quarkus-smallrye-health-spi/2.9.2.Final/quarkus-smallrye-health-spi-2.9.2.Final.jar
[INFO] Downloaded from central: https://repo.maven.apache.org/maven2/io/quarkus/quarkus-smallrye-health-spi/2.9.2.Final/quarkus-smallrye-health-spi-2.9.2.Final.jar (3.5 kB at 10 kB/s)
[INFO] Downloading from central: https://repo.maven.apache.org/maven2/io/quarkus/quarkus-agroal-deployment/2.9.2.Final/quarkus-agroal-deployment-2.9.2.Final.jar
[INFO] Downloaded from central: https://repo.maven.apache.org/maven2/io/quarkus/quarkus-narayana-jta-deployment/2.9.2.Final/quarkus-narayana-jta-deployment-2.9.2.Final.jar (7.8 kB at 22 kB/s)
[INFO] Downloading from central: https://repo.maven.apache.org/maven2/io/quarkus/quarkus-datasource-deployment-spi/2.9.2.Final/quarkus-datasource-deployment-spi-2.9.2.Final.jar
[INFO] Downloaded from central: https://repo.maven.apache.org/maven2/io/quarkus/quarkus-agroal-spi/2.9.2.Final/quarkus-agroal-spi-2.9.2.Final.jar (5.2 kB at 15 kB/s)
[INFO] Downloading from central: https://repo.maven.apache.org/maven2/org/testcontainers/database-commons/1.17.1/database-commons-1.17.1.jar
[INFO] Downloaded from central: https://repo.maven.apache.org/maven2/io/quarkus/quarkus-credentials-deployment/2.9.2.Final/quarkus-credentials-deployment-2.9.2.Final.jar (3.5 kB at 9.8 kB/s)
[INFO] Downloading from central: https://repo.maven.apache.org/maven2/org/testcontainers/jdbc/1.17.1/jdbc-1.17.1.jar
[INFO] Downloaded from central: https://repo.maven.apache.org/maven2/io/quarkus/quarkus-agroal-deployment/2.9.2.Final/quarkus-agroal-deployment-2.9.2.Final.jar (14 kB at 36 kB/s)
[INFO] Downloading from central: https://repo.maven.apache.org/maven2/org/testcontainers/mysql/1.17.1/mysql-1.17.1.jar
[INFO] Downloaded from central: https://repo.maven.apache.org/maven2/org/testcontainers/jdbc/1.17.1/jdbc-1.17.1.jar (29 kB at 76 kB/s)
[INFO] Downloading from central: https://repo.maven.apache.org/maven2/com/github/docker-java/docker-java-api/3.2.13/docker-java-api-3.2.13.jar
[INFO] Downloaded from central: https://repo.maven.apache.org/maven2/org/testcontainers/database-commons/1.17.1/database-commons-1.17.1.jar (10 kB at 27 kB/s)
[INFO] Downloading from central: https://repo.maven.apache.org/maven2/org/jetbrains/annotations/17.0.0/annotations-17.0.0.jar
[INFO] Downloaded from central: https://repo.maven.apache.org/maven2/io/quarkus/quarkus-datasource-deployment-spi/2.9.2.Final/quarkus-datasource-deployment-spi-2.9.2.Final.jar (16 kB at 40 kB/s)
[INFO] Downloading from central: https://repo.maven.apache.org/maven2/org/rnorth/duct-tape/duct-tape/1.0.8/duct-tape-1.0.8.jar
[INFO] Downloaded from central: https://repo.maven.apache.org/maven2/com/github/docker-java/docker-java-api/3.2.13/docker-java-api-3.2.13.jar (467 kB at 1.1 MB/s)
[INFO] Downloaded from central: https://repo.maven.apache.org/maven2/org/testcontainers/mysql/1.17.1/mysql-1.17.1.jar (9.1 kB at 22 kB/s)
[INFO] Downloading from central: https://repo.maven.apache.org/maven2/net/java/dev/jna/jna/5.8.0/jna-5.8.0.jar
[INFO] Downloading from central: https://repo.maven.apache.org/maven2/com/github/docker-java/docker-java-transport/3.2.13/docker-java-transport-3.2.13.jar
[INFO] Downloaded from central: https://repo.maven.apache.org/maven2/org/rnorth/duct-tape/duct-tape/1.0.8/duct-tape-1.0.8.jar (25 kB at 61 kB/s)
[INFO] Downloading from central: https://repo.maven.apache.org/maven2/com/github/docker-java/docker-java-transport-zerodep/3.2.13/docker-java-transport-zerodep-3.2.13.jar
[INFO] Downloaded from central: https://repo.maven.apache.org/maven2/org/jetbrains/annotations/17.0.0/annotations-17.0.0.jar (19 kB at 45 kB/s)
[INFO] Downloading from central: https://repo.maven.apache.org/maven2/org/testcontainers/testcontainers/1.17.1/testcontainers-1.17.1.jar
[INFO] Downloaded from central: https://repo.maven.apache.org/maven2/com/github/docker-java/docker-java-transport/3.2.13/docker-java-transport-3.2.13.jar (38 kB at 85 kB/s)
[INFO] Downloading from central: https://repo.maven.apache.org/maven2/io/quarkus/quarkus-junit4-mock/2.9.2.Final/quarkus-junit4-mock-2.9.2.Final.jar
[INFO] Downloaded from central: https://repo.maven.apache.org/maven2/io/quarkus/quarkus-junit4-mock/2.9.2.Final/quarkus-junit4-mock-2.9.2.Final.jar (4.1 kB at 8.4 kB/s)
[INFO] Downloading from central: https://repo.maven.apache.org/maven2/io/quarkus/quarkus-devservices-common/2.9.2.Final/quarkus-devservices-common-2.9.2.Final.jar
[INFO] Downloaded from central: https://repo.maven.apache.org/maven2/net/java/dev/jna/jna/5.8.0/jna-5.8.0.jar (1.7 MB at 3.4 MB/s)
[INFO] Downloading from central: https://repo.maven.apache.org/maven2/io/quarkus/quarkus-devservices-mysql/2.9.2.Final/quarkus-devservices-mysql-2.9.2.Final.jar
[INFO] Downloaded from central: https://repo.maven.apache.org/maven2/io/quarkus/quarkus-devservices-common/2.9.2.Final/quarkus-devservices-common-2.9.2.Final.jar (8.5 kB at 16 kB/s)
[INFO] Downloading from central: https://repo.maven.apache.org/maven2/io/quarkus/quarkus-jdbc-mysql-deployment/2.9.2.Final/quarkus-jdbc-mysql-deployment-2.9.2.Final.jar
[INFO] Downloaded from central: https://repo.maven.apache.org/maven2/com/github/docker-java/docker-java-transport-zerodep/3.2.13/docker-java-transport-zerodep-3.2.13.jar (2.0 MB at 3.7 MB/s)
[INFO] Downloading from central: https://repo.maven.apache.org/maven2/io/quarkus/quarkus-caffeine-deployment/2.9.2.Final/quarkus-caffeine-deployment-2.9.2.Final.jar
[INFO] Downloaded from central: https://repo.maven.apache.org/maven2/io/quarkus/quarkus-caffeine-deployment/2.9.2.Final/quarkus-caffeine-deployment-2.9.2.Final.jar (4.5 kB at 6.3 kB/s)
[INFO] Downloading from central: https://repo.maven.apache.org/maven2/io/quarkus/quarkus-panache-common/2.9.2.Final/quarkus-panache-common-2.9.2.Final.jar
[INFO] Downloaded from central: https://repo.maven.apache.org/maven2/io/quarkus/quarkus-devservices-mysql/2.9.2.Final/quarkus-devservices-mysql-2.9.2.Final.jar (9.7 kB at 11 kB/s)
[INFO] Downloading from central: https://repo.maven.apache.org/maven2/io/quarkus/quarkus-panache-hibernate-common/2.9.2.Final/quarkus-panache-hibernate-common-2.9.2.Final.jar
[INFO] Downloaded from central: https://repo.maven.apache.org/maven2/io/quarkus/quarkus-jdbc-mysql-deployment/2.9.2.Final/quarkus-jdbc-mysql-deployment-2.9.2.Final.jar (8.2 kB at 9.4 kB/s)
[INFO] Downloading from central: https://repo.maven.apache.org/maven2/io/quarkus/quarkus-panache-common-deployment/2.9.2.Final/quarkus-panache-common-deployment-2.9.2.Final.jar
[INFO] Downloaded from central: https://repo.maven.apache.org/maven2/io/quarkus/quarkus-panache-common/2.9.2.Final/quarkus-panache-common-2.9.2.Final.jar (12 kB at 13 kB/s)
[INFO] Downloading from central: https://repo.maven.apache.org/maven2/io/quarkus/quarkus-panache-hibernate-common-deployment/2.9.2.Final/quarkus-panache-hibernate-common-deployment-2.9.2.Final.jar
[INFO] Downloaded from central: https://repo.maven.apache.org/maven2/org/testcontainers/testcontainers/1.17.1/testcontainers-1.17.1.jar (12 MB at 13 MB/s)
[INFO] Downloading from central: https://repo.maven.apache.org/maven2/io/quarkus/quarkus-resteasy-reactive-spi-deployment/2.9.2.Final/quarkus-resteasy-reactive-spi-deployment-2.9.2.Final.jar
[INFO] Downloaded from central: https://repo.maven.apache.org/maven2/io/quarkus/quarkus-panache-common-deployment/2.9.2.Final/quarkus-panache-common-deployment-2.9.2.Final.jar (55 kB at 59 kB/s)
[INFO] Downloading from central: https://repo.maven.apache.org/maven2/io/quarkus/resteasy/reactive/resteasy-reactive-common/2.9.2.Final/resteasy-reactive-common-2.9.2.Final.jar
[INFO] Downloaded from central: https://repo.maven.apache.org/maven2/io/quarkus/quarkus-resteasy-reactive-spi-deployment/2.9.2.Final/quarkus-resteasy-reactive-spi-deployment-2.9.2.Final.jar (28 kB at 29 kB/s)
[INFO] Downloading from central: https://repo.maven.apache.org/maven2/io/quarkus/resteasy/reactive/resteasy-reactive/2.9.2.Final/resteasy-reactive-2.9.2.Final.jar
[INFO] Downloaded from central: https://repo.maven.apache.org/maven2/io/quarkus/resteasy/reactive/resteasy-reactive-common/2.9.2.Final/resteasy-reactive-common-2.9.2.Final.jar (293 kB at 308 kB/s)
[INFO] Downloading from central: https://repo.maven.apache.org/maven2/io/quarkus/resteasy/reactive/resteasy-reactive-common-processor/2.9.2.Final/resteasy-reactive-common-processor-2.9.2.Final.jar
[INFO] Downloaded from central: https://repo.maven.apache.org/maven2/io/quarkus/resteasy/reactive/resteasy-reactive-common-processor/2.9.2.Final/resteasy-reactive-common-processor-2.9.2.Final.jar (115 kB at 116 kB/s)
[INFO] Downloading from central: https://repo.maven.apache.org/maven2/io/quarkus/resteasy/reactive/resteasy-reactive-processor/2.9.2.Final/resteasy-reactive-processor-2.9.2.Final.jar
[INFO] Downloaded from central: https://repo.maven.apache.org/maven2/io/quarkus/resteasy/reactive/resteasy-reactive/2.9.2.Final/resteasy-reactive-2.9.2.Final.jar (479 kB at 481 kB/s)
[INFO] Downloading from central: https://repo.maven.apache.org/maven2/io/quarkus/quarkus-resteasy-reactive-server-spi-deployment/2.9.2.Final/quarkus-resteasy-reactive-server-spi-deployment-2.9.2.Final.jar
[INFO] Downloaded from central: https://repo.maven.apache.org/maven2/io/quarkus/quarkus-resteasy-reactive-server-spi-deployment/2.9.2.Final/quarkus-resteasy-reactive-server-spi-deployment-2.9.2.Final.jar (6.5 kB at 6.4 kB/s)
[INFO] Downloading from central: https://repo.maven.apache.org/maven2/io/quarkus/quarkus-hibernate-orm-deployment/2.9.2.Final/quarkus-hibernate-orm-deployment-2.9.2.Final.jar
[INFO] Downloaded from central: https://repo.maven.apache.org/maven2/io/quarkus/resteasy/reactive/resteasy-reactive-processor/2.9.2.Final/resteasy-reactive-processor-2.9.2.Final.jar (144 kB at 140 kB/s)
[INFO] Downloading from central: https://repo.maven.apache.org/maven2/io/quarkus/quarkus-flyway-deployment/2.9.2.Final/quarkus-flyway-deployment-2.9.2.Final.jar
[INFO] Downloaded from central: https://repo.maven.apache.org/maven2/io/quarkus/quarkus-hibernate-orm-deployment/2.9.2.Final/quarkus-hibernate-orm-deployment-2.9.2.Final.jar (114 kB at 110 kB/s)
[INFO] Downloaded from central: https://repo.maven.apache.org/maven2/io/quarkus/quarkus-panache-hibernate-common/2.9.2.Final/quarkus-panache-hibernate-common-2.9.2.Final.jar (6.6 kB at 6.2 kB/s)
[INFO] Downloaded from central: https://repo.maven.apache.org/maven2/io/quarkus/quarkus-panache-hibernate-common-deployment/2.9.2.Final/quarkus-panache-hibernate-common-deployment-2.9.2.Final.jar (11 kB at 10 kB/s)
[INFO] Downloaded from central: https://repo.maven.apache.org/maven2/io/quarkus/quarkus-flyway-deployment/2.9.2.Final/quarkus-flyway-deployment-2.9.2.Final.jar (21 kB at 20 kB/s)
[INFO] Downloaded from central: https://repo.maven.apache.org/maven2/io/quarkus/quarkus-vertx-http-deployment/2.9.2.Final/quarkus-vertx-http-deployment-2.9.2.Final.jar (2.2 MB at 1.3 MB/s)
[INFO] 
[INFO] --- compiler:3.13.0:compile (default-compile) @ java-interviews ---
[INFO] Downloading from central: https://repo.maven.apache.org/maven2/org/apache/maven/shared/maven-shared-utils/3.4.2/maven-shared-utils-3.4.2.pom
[INFO] Downloaded from central: https://repo.maven.apache.org/maven2/org/apache/maven/shared/maven-shared-utils/3.4.2/maven-shared-utils-3.4.2.pom (5.9 kB at 47 kB/s)
[INFO] Downloading from central: https://repo.maven.apache.org/maven2/org/apache/maven/shared/maven-shared-components/39/maven-shared-components-39.pom
[INFO] Downloaded from central: https://repo.maven.apache.org/maven2/org/apache/maven/shared/maven-shared-components/39/maven-shared-components-39.pom (3.2 kB at 115 kB/s)
[INFO] Downloading from central: https://repo.maven.apache.org/maven2/org/apache/maven/maven-parent/39/maven-parent-39.pom
[INFO] Downloaded from central: https://repo.maven.apache.org/maven2/org/apache/maven/maven-parent/39/maven-parent-39.pom (48 kB at 1.5 MB/s)
[INFO] Downloading from central: https://repo.maven.apache.org/maven2/org/apache/apache/29/apache-29.pom
[INFO] Downloaded from central: https://repo.maven.apache.org/maven2/org/apache/apache/29/apache-29.pom (21 kB at 545 kB/s)
[INFO] Downloading from central: https://repo.maven.apache.org/maven2/org/apache/maven/shared/maven-shared-incremental/1.1/maven-shared-incremental-1.1.pom
[INFO] Downloaded from central: https://repo.maven.apache.org/maven2/org/apache/maven/shared/maven-shared-incremental/1.1/maven-shared-incremental-1.1.pom (4.7 kB at 158 kB/s)
[INFO] Downloading from central: https://repo.maven.apache.org/maven2/org/apache/maven/shared/maven-shared-components/19/maven-shared-components-19.pom
[INFO] Downloaded from central: https://repo.maven.apache.org/maven2/org/apache/maven/shared/maven-shared-components/19/maven-shared-components-19.pom (6.4 kB at 182 kB/s)
[INFO] Downloading from central: https://repo.maven.apache.org/maven2/org/apache/maven/maven-parent/23/maven-parent-23.pom
[INFO] Downloaded from central: https://repo.maven.apache.org/maven2/org/apache/maven/maven-parent/23/maven-parent-23.pom (33 kB at 1.1 MB/s)
[INFO] Downloading from central: https://repo.maven.apache.org/maven2/org/apache/apache/13/apache-13.pom
[INFO] Downloaded from central: https://repo.maven.apache.org/maven2/org/apache/apache/13/apache-13.pom (14 kB at 451 kB/s)
[INFO] Downloading from central: https://repo.maven.apache.org/maven2/org/codehaus/plexus/plexus-java/1.2.0/plexus-java-1.2.0.pom
[INFO] Downloaded from central: https://repo.maven.apache.org/maven2/org/codehaus/plexus/plexus-java/1.2.0/plexus-java-1.2.0.pom (4.3 kB at 40 kB/s)
[INFO] Downloading from central: https://repo.maven.apache.org/maven2/org/codehaus/plexus/plexus-languages/1.2.0/plexus-languages-1.2.0.pom
[INFO] Downloaded from central: https://repo.maven.apache.org/maven2/org/codehaus/plexus/plexus-languages/1.2.0/plexus-languages-1.2.0.pom (3.2 kB at 118 kB/s)
[INFO] Downloading from central: https://repo.maven.apache.org/maven2/org/codehaus/plexus/plexus/15/plexus-15.pom
[INFO] Downloaded from central: https://repo.maven.apache.org/maven2/org/codehaus/plexus/plexus/15/plexus-15.pom (28 kB at 232 kB/s)
[INFO] Downloading from central: https://repo.maven.apache.org/maven2/org/junit/junit-bom/5.10.0/junit-bom-5.10.0.pom
[INFO] Downloaded from central: https://repo.maven.apache.org/maven2/org/junit/junit-bom/5.10.0/junit-bom-5.10.0.pom (5.6 kB at 177 kB/s)
[INFO] Downloading from central: https://repo.maven.apache.org/maven2/org/ow2/asm/asm/9.6/asm-9.6.pom
[INFO] Downloaded from central: https://repo.maven.apache.org/maven2/org/ow2/asm/asm/9.6/asm-9.6.pom (2.4 kB at 70 kB/s)
[INFO] Downloading from central: https://repo.maven.apache.org/maven2/org/ow2/ow2/1.5.1/ow2-1.5.1.pom
[INFO] Downloaded from central: https://repo.maven.apache.org/maven2/org/ow2/ow2/1.5.1/ow2-1.5.1.pom (11 kB at 342 kB/s)
[INFO] Downloading from central: https://repo.maven.apache.org/maven2/com/thoughtworks/qdox/qdox/2.0.3/qdox-2.0.3.pom
[INFO] Downloaded from central: https://repo.maven.apache.org/maven2/com/thoughtworks/qdox/qdox/2.0.3/qdox-2.0.3.pom (17 kB at 522 kB/s)
[INFO] Downloading from central: https://repo.maven.apache.org/maven2/org/codehaus/plexus/plexus-compiler-api/2.15.0/plexus-compiler-api-2.15.0.pom
[INFO] Downloaded from central: https://repo.maven.apache.org/maven2/org/codehaus/plexus/plexus-compiler-api/2.15.0/plexus-compiler-api-2.15.0.pom (1.4 kB at 38 kB/s)
[INFO] Downloading from central: https://repo.maven.apache.org/maven2/org/codehaus/plexus/plexus-compiler/2.15.0/plexus-compiler-2.15.0.pom
[INFO] Downloaded from central: https://repo.maven.apache.org/maven2/org/codehaus/plexus/plexus-compiler/2.15.0/plexus-compiler-2.15.0.pom (7.6 kB at 262 kB/s)
[INFO] Downloading from central: https://repo.maven.apache.org/maven2/org/codehaus/plexus/plexus/17/plexus-17.pom
[INFO] Downloaded from central: https://repo.maven.apache.org/maven2/org/codehaus/plexus/plexus/17/plexus-17.pom (28 kB at 671 kB/s)
[INFO] Downloading from central: https://repo.maven.apache.org/maven2/org/codehaus/plexus/plexus-utils/4.0.0/plexus-utils-4.0.0.pom
[INFO] Downloaded from central: https://repo.maven.apache.org/maven2/org/codehaus/plexus/plexus-utils/4.0.0/plexus-utils-4.0.0.pom (8.7 kB at 321 kB/s)
[INFO] Downloading from central: https://repo.maven.apache.org/maven2/org/codehaus/plexus/plexus/13/plexus-13.pom
[INFO] Downloaded from central: https://repo.maven.apache.org/maven2/org/codehaus/plexus/plexus/13/plexus-13.pom (27 kB at 1.0 MB/s)
[INFO] Downloading from central: https://repo.maven.apache.org/maven2/org/junit/junit-bom/5.9.3/junit-bom-5.9.3.pom
[INFO] Downloaded from central: https://repo.maven.apache.org/maven2/org/junit/junit-bom/5.9.3/junit-bom-5.9.3.pom (5.6 kB at 201 kB/s)
[INFO] Downloading from central: https://repo.maven.apache.org/maven2/org/codehaus/plexus/plexus-compiler-manager/2.15.0/plexus-compiler-manager-2.15.0.pom
[INFO] Downloaded from central: https://repo.maven.apache.org/maven2/org/codehaus/plexus/plexus-compiler-manager/2.15.0/plexus-compiler-manager-2.15.0.pom (1.3 kB at 46 kB/s)
[INFO] Downloading from central: https://repo.maven.apache.org/maven2/org/codehaus/plexus/plexus-xml/3.0.0/plexus-xml-3.0.0.pom
[INFO] Downloaded from central: https://repo.maven.apache.org/maven2/org/codehaus/plexus/plexus-xml/3.0.0/plexus-xml-3.0.0.pom (3.7 kB at 38 kB/s)
[INFO] Downloading from central: https://repo.maven.apache.org/maven2/org/codehaus/plexus/plexus-compiler-javac/2.15.0/plexus-compiler-javac-2.15.0.pom
[INFO] Downloaded from central: https://repo.maven.apache.org/maven2/org/codehaus/plexus/plexus-compiler-javac/2.15.0/plexus-compiler-javac-2.15.0.pom (1.3 kB at 45 kB/s)
[INFO] Downloading from central: https://repo.maven.apache.org/maven2/org/codehaus/plexus/plexus-compilers/2.15.0/plexus-compilers-2.15.0.pom
[INFO] Downloaded from central: https://repo.maven.apache.org/maven2/org/codehaus/plexus/plexus-compilers/2.15.0/plexus-compilers-2.15.0.pom (1.6 kB at 42 kB/s)
[INFO] Downloading from central: https://repo.maven.apache.org/maven2/org/apache/maven/shared/maven-shared-utils/3.4.2/maven-shared-utils-3.4.2.jar
[INFO] Downloaded from central: https://repo.maven.apache.org/maven2/org/apache/maven/shared/maven-shared-utils/3.4.2/maven-shared-utils-3.4.2.jar (151 kB at 2.5 MB/s)
[INFO] Downloading from central: https://repo.maven.apache.org/maven2/org/apache/maven/shared/maven-shared-incremental/1.1/maven-shared-incremental-1.1.jar
[INFO] Downloading from central: https://repo.maven.apache.org/maven2/org/codehaus/plexus/plexus-java/1.2.0/plexus-java-1.2.0.jar
[INFO] Downloading from central: https://repo.maven.apache.org/maven2/org/ow2/asm/asm/9.6/asm-9.6.jar
[INFO] Downloading from central: https://repo.maven.apache.org/maven2/com/thoughtworks/qdox/qdox/2.0.3/qdox-2.0.3.jar
[INFO] Downloading from central: https://repo.maven.apache.org/maven2/org/codehaus/plexus/plexus-compiler-api/2.15.0/plexus-compiler-api-2.15.0.jar
[INFO] Downloaded from central: https://repo.maven.apache.org/maven2/org/ow2/asm/asm/9.6/asm-9.6.jar (124 kB at 4.3 MB/s)
[INFO] Downloading from central: https://repo.maven.apache.org/maven2/org/codehaus/plexus/plexus-compiler-manager/2.15.0/plexus-compiler-manager-2.15.0.jar
[INFO] Downloaded from central: https://repo.maven.apache.org/maven2/org/apache/maven/shared/maven-shared-incremental/1.1/maven-shared-incremental-1.1.jar (14 kB at 387 kB/s)
[INFO] Downloading from central: https://repo.maven.apache.org/maven2/org/codehaus/plexus/plexus-xml/3.0.0/plexus-xml-3.0.0.jar
[INFO] Downloaded from central: https://repo.maven.apache.org/maven2/org/codehaus/plexus/plexus-java/1.2.0/plexus-java-1.2.0.jar (58 kB at 1.6 MB/s)
[INFO] Downloading from central: https://repo.maven.apache.org/maven2/org/codehaus/plexus/plexus-compiler-javac/2.15.0/plexus-compiler-javac-2.15.0.jar
[INFO] Downloaded from central: https://repo.maven.apache.org/maven2/org/codehaus/plexus/plexus-compiler-api/2.15.0/plexus-compiler-api-2.15.0.jar (29 kB at 831 kB/s)
[INFO] Downloading from central: https://repo.maven.apache.org/maven2/org/codehaus/plexus/plexus-utils/4.0.0/plexus-utils-4.0.0.jar
[INFO] Downloaded from central: https://repo.maven.apache.org/maven2/com/thoughtworks/qdox/qdox/2.0.3/qdox-2.0.3.jar (334 kB at 8.2 MB/s)
[INFO] Downloaded from central: https://repo.maven.apache.org/maven2/org/codehaus/plexus/plexus-compiler-manager/2.15.0/plexus-compiler-manager-2.15.0.jar (5.2 kB at 99 kB/s)
[INFO] Downloaded from central: https://repo.maven.apache.org/maven2/org/codehaus/plexus/plexus-xml/3.0.0/plexus-xml-3.0.0.jar (93 kB at 1.3 MB/s)
[INFO] Downloaded from central: https://repo.maven.apache.org/maven2/org/codehaus/plexus/plexus-compiler-javac/2.15.0/plexus-compiler-javac-2.15.0.jar (26 kB at 347 kB/s)
[INFO] Downloaded from central: https://repo.maven.apache.org/maven2/org/codehaus/plexus/plexus-utils/4.0.0/plexus-utils-4.0.0.jar (192 kB at 1.9 MB/s)
[INFO] Recompiling the module because of changed source code.
[INFO] Compiling 23 source files with javac [debug release 17] to target/classes
[INFO] 
[INFO] --- quarkus:2.9.2.Final:generate-code-tests (default) @ java-interviews ---
[INFO] 
[INFO] --- resources:3.4.0:testResources (default-testResources) @ java-interviews ---
[INFO] Not copying test resources
[INFO] 
[INFO] --- compiler:3.13.0:testCompile (default-testCompile) @ java-interviews ---
[INFO] Not compiling test sources
[INFO] 
[INFO] --- surefire:3.0.0-M5:test (default-test) @ java-interviews ---
[INFO] Downloading from central: https://repo.maven.apache.org/maven2/org/apache/maven/surefire/maven-surefire-common/3.0.0-M5/maven-surefire-common-3.0.0-M5.pom
[INFO] Downloaded from central: https://repo.maven.apache.org/maven2/org/apache/maven/surefire/maven-surefire-common/3.0.0-M5/maven-surefire-common-3.0.0-M5.pom (9.6 kB at 214 kB/s)
[INFO] Downloading from central: https://repo.maven.apache.org/maven2/org/apache/maven/surefire/surefire-api/3.0.0-M5/surefire-api-3.0.0-M5.pom
[INFO] Downloaded from central: https://repo.maven.apache.org/maven2/org/apache/maven/surefire/surefire-api/3.0.0-M5/surefire-api-3.0.0-M5.pom (3.2 kB at 111 kB/s)
[INFO] Downloading from central: https://repo.maven.apache.org/maven2/org/apache/maven/surefire/surefire-logger-api/3.0.0-M5/surefire-logger-api-3.0.0-M5.pom
[INFO] Downloaded from central: https://repo.maven.apache.org/maven2/org/apache/maven/surefire/surefire-logger-api/3.0.0-M5/surefire-logger-api-3.0.0-M5.pom (3.7 kB at 142 kB/s)
[INFO] Downloading from central: https://repo.maven.apache.org/maven2/org/apache/maven/surefire/surefire-shared-utils/3.0.0-M4/surefire-shared-utils-3.0.0-M4.pom
[INFO] Downloaded from central: https://repo.maven.apache.org/maven2/org/apache/maven/surefire/surefire-shared-utils/3.0.0-M4/surefire-shared-utils-3.0.0-M4.pom (3.9 kB at 135 kB/s)
[INFO] Downloading from central: https://repo.maven.apache.org/maven2/org/apache/maven/surefire/surefire/3.0.0-M4/surefire-3.0.0-M4.pom
[INFO] Downloaded from central: https://repo.maven.apache.org/maven2/org/apache/maven/surefire/surefire/3.0.0-M4/surefire-3.0.0-M4.pom (27 kB at 960 kB/s)
[INFO] Downloading from central: https://repo.maven.apache.org/maven2/org/apache/maven/surefire/surefire-extensions-api/3.0.0-M5/surefire-extensions-api-3.0.0-M5.pom
[INFO] Downloaded from central: https://repo.maven.apache.org/maven2/org/apache/maven/surefire/surefire-extensions-api/3.0.0-M5/surefire-extensions-api-3.0.0-M5.pom (4.0 kB at 144 kB/s)
[INFO] Downloading from central: https://repo.maven.apache.org/maven2/org/apache/maven/surefire/surefire-booter/3.0.0-M5/surefire-booter-3.0.0-M5.pom
[INFO] Downloaded from central: https://repo.maven.apache.org/maven2/org/apache/maven/surefire/surefire-booter/3.0.0-M5/surefire-booter-3.0.0-M5.pom (4.8 kB at 202 kB/s)
[INFO] Downloading from central: https://repo.maven.apache.org/maven2/org/apache/maven/surefire/surefire-extensions-spi/3.0.0-M5/surefire-extensions-spi-3.0.0-M5.pom
[INFO] Downloaded from central: https://repo.maven.apache.org/maven2/org/apache/maven/surefire/surefire-extensions-spi/3.0.0-M5/surefire-extensions-spi-3.0.0-M5.pom (1.6 kB at 67 kB/s)
[INFO] Downloading from central: https://repo.maven.apache.org/maven2/org/apache/maven/maven-toolchain/3.0-alpha-2/maven-toolchain-3.0-alpha-2.pom
[INFO] Downloaded from central: https://repo.maven.apache.org/maven2/org/apache/maven/maven-toolchain/3.0-alpha-2/maven-toolchain-3.0-alpha-2.pom (2.2 kB at 89 kB/s)
[INFO] Downloading from central: https://repo.maven.apache.org/maven2/org/apache/maven/maven/3.0-alpha-2/maven-3.0-alpha-2.pom
[INFO] Downloaded from central: https://repo.maven.apache.org/maven2/org/apache/maven/maven/3.0-alpha-2/maven-3.0-alpha-2.pom (21 kB at 822 kB/s)
[INFO] Downloading from central: https://repo.maven.apache.org/maven2/org/apache/maven/shared/maven-artifact-transfer/0.11.0/maven-artifact-transfer-0.11.0.pom
[INFO] Downloaded from central: https://repo.maven.apache.org/maven2/org/apache/maven/shared/maven-artifact-transfer/0.11.0/maven-artifact-transfer-0.11.0.pom (11 kB at 440 kB/s)
[INFO] Downloading from central: https://repo.maven.apache.org/maven2/org/apache/maven/shared/maven-shared-components/33/maven-shared-components-33.pom
[INFO] Downloaded from central: https://repo.maven.apache.org/maven2/org/apache/maven/shared/maven-shared-components/33/maven-shared-components-33.pom (5.1 kB at 222 kB/s)
[INFO] Downloading from central: https://repo.maven.apache.org/maven2/org/apache/maven/shared/maven-common-artifact-filters/3.1.0/maven-common-artifact-filters-3.1.0.pom
[INFO] Downloaded from central: https://repo.maven.apache.org/maven2/org/apache/maven/shared/maven-common-artifact-filters/3.1.0/maven-common-artifact-filters-3.1.0.pom (5.3 kB at 160 kB/s)
[INFO] Downloading from central: https://repo.maven.apache.org/maven2/org/codehaus/plexus/plexus-java/1.0.5/plexus-java-1.0.5.pom
[INFO] Downloaded from central: https://repo.maven.apache.org/maven2/org/codehaus/plexus/plexus-java/1.0.5/plexus-java-1.0.5.pom (4.6 kB at 154 kB/s)
[INFO] Downloading from central: https://repo.maven.apache.org/maven2/org/codehaus/plexus/plexus-languages/1.0.5/plexus-languages-1.0.5.pom
[INFO] Downloaded from central: https://repo.maven.apache.org/maven2/org/codehaus/plexus/plexus-languages/1.0.5/plexus-languages-1.0.5.pom (3.9 kB at 34 kB/s)
[INFO] Downloading from central: https://repo.maven.apache.org/maven2/org/codehaus/plexus/plexus/6.2/plexus-6.2.pom
[INFO] Downloaded from central: https://repo.maven.apache.org/maven2/org/codehaus/plexus/plexus/6.2/plexus-6.2.pom (24 kB at 837 kB/s)
[INFO] Downloading from central: https://repo.maven.apache.org/maven2/org/ow2/asm/asm/7.2/asm-7.2.pom
[INFO] Downloaded from central: https://repo.maven.apache.org/maven2/org/ow2/asm/asm/7.2/asm-7.2.pom (2.9 kB at 105 kB/s)
[INFO] Downloading from central: https://repo.maven.apache.org/maven2/com/thoughtworks/qdox/qdox/2.0-M9/qdox-2.0-M9.pom
[INFO] Downloaded from central: https://repo.maven.apache.org/maven2/com/thoughtworks/qdox/qdox/2.0-M9/qdox-2.0-M9.pom (16 kB at 609 kB/s)
[INFO] Downloading from central: https://repo.maven.apache.org/maven2/org/apache/maven/surefire/maven-surefire-common/3.0.0-M5/maven-surefire-common-3.0.0-M5.jar
[INFO] Downloaded from central: https://repo.maven.apache.org/maven2/org/apache/maven/surefire/maven-surefire-common/3.0.0-M5/maven-surefire-common-3.0.0-M5.jar (311 kB at 3.5 MB/s)
[INFO] Downloading from central: https://repo.maven.apache.org/maven2/org/apache/maven/surefire/surefire-api/3.0.0-M5/surefire-api-3.0.0-M5.jar
[INFO] Downloading from central: https://repo.maven.apache.org/maven2/org/apache/maven/surefire/surefire-logger-api/3.0.0-M5/surefire-logger-api-3.0.0-M5.jar
[INFO] Downloading from central: https://repo.maven.apache.org/maven2/org/apache/maven/surefire/surefire-extensions-api/3.0.0-M5/surefire-extensions-api-3.0.0-M5.jar
[INFO] Downloading from central: https://repo.maven.apache.org/maven2/org/apache/maven/surefire/surefire-booter/3.0.0-M5/surefire-booter-3.0.0-M5.jar
[INFO] Downloading from central: https://repo.maven.apache.org/maven2/org/apache/maven/surefire/surefire-extensions-spi/3.0.0-M5/surefire-extensions-spi-3.0.0-M5.jar
[INFO] Downloaded from central: https://repo.maven.apache.org/maven2/org/apache/maven/surefire/surefire-extensions-spi/3.0.0-M5/surefire-extensions-spi-3.0.0-M5.jar (7.9 kB at 256 kB/s)
[INFO] Downloaded from central: https://repo.maven.apache.org/maven2/org/apache/maven/surefire/surefire-logger-api/3.0.0-M5/surefire-logger-api-3.0.0-M5.jar (14 kB at 414 kB/s)
[INFO] Downloading from central: https://repo.maven.apache.org/maven2/org/apache/maven/maven-toolchain/3.0-alpha-2/maven-toolchain-3.0-alpha-2.jar
[INFO] Downloading from central: https://repo.maven.apache.org/maven2/org/apache/maven/shared/maven-artifact-transfer/0.11.0/maven-artifact-transfer-0.11.0.jar
[INFO] Downloaded from central: https://repo.maven.apache.org/maven2/org/apache/maven/surefire/surefire-booter/3.0.0-M5/surefire-booter-3.0.0-M5.jar (106 kB at 3.3 MB/s)
[INFO] Downloaded from central: https://repo.maven.apache.org/maven2/org/apache/maven/surefire/surefire-extensions-api/3.0.0-M5/surefire-extensions-api-3.0.0-M5.jar (24 kB at 727 kB/s)
[INFO] Downloading from central: https://repo.maven.apache.org/maven2/org/apache/maven/shared/maven-common-artifact-filters/3.1.0/maven-common-artifact-filters-3.1.0.jar
[INFO] Downloading from central: https://repo.maven.apache.org/maven2/org/codehaus/plexus/plexus-java/1.0.5/plexus-java-1.0.5.jar
[INFO] Downloaded from central: https://repo.maven.apache.org/maven2/org/apache/maven/surefire/surefire-api/3.0.0-M5/surefire-api-3.0.0-M5.jar (144 kB at 2.5 MB/s)
[INFO] Downloading from central: https://repo.maven.apache.org/maven2/org/ow2/asm/asm/7.2/asm-7.2.jar
[INFO] Downloaded from central: https://repo.maven.apache.org/maven2/org/codehaus/plexus/plexus-java/1.0.5/plexus-java-1.0.5.jar (52 kB at 947 kB/s)
[INFO] Downloading from central: https://repo.maven.apache.org/maven2/com/thoughtworks/qdox/qdox/2.0-M9/qdox-2.0-M9.jar
[INFO] Downloaded from central: https://repo.maven.apache.org/maven2/org/apache/maven/maven-toolchain/3.0-alpha-2/maven-toolchain-3.0-alpha-2.jar (36 kB at 645 kB/s)
[INFO] Downloading from central: https://repo.maven.apache.org/maven2/org/apache/maven/surefire/surefire-shared-utils/3.0.0-M4/surefire-shared-utils-3.0.0-M4.jar
[INFO] Downloaded from central: https://repo.maven.apache.org/maven2/org/apache/maven/shared/maven-common-artifact-filters/3.1.0/maven-common-artifact-filters-3.1.0.jar (61 kB at 1.0 MB/s)
[INFO] Downloaded from central: https://repo.maven.apache.org/maven2/org/apache/maven/shared/maven-artifact-transfer/0.11.0/maven-artifact-transfer-0.11.0.jar (128 kB at 2.1 MB/s)
[INFO] Downloaded from central: https://repo.maven.apache.org/maven2/org/ow2/asm/asm/7.2/asm-7.2.jar (115 kB at 1.5 MB/s)
[INFO] Downloaded from central: https://repo.maven.apache.org/maven2/com/thoughtworks/qdox/qdox/2.0-M9/qdox-2.0-M9.jar (317 kB at 3.6 MB/s)
[INFO] Downloaded from central: https://repo.maven.apache.org/maven2/org/apache/maven/surefire/surefire-shared-utils/3.0.0-M4/surefire-shared-utils-3.0.0-M4.jar (1.9 MB at 3.3 MB/s)
[INFO] Tests are skipped.
[INFO] 
[INFO] --- jacoco:0.8.7:report (report) @ java-interviews ---
[INFO] Skipping JaCoCo execution due to missing execution data file.
[INFO] 
[INFO] --- jar:3.5.0:jar (default-jar) @ java-interviews ---
[INFO] Downloading from central: https://repo.maven.apache.org/maven2/org/apache/maven/shared/file-management/3.2.0/file-management-3.2.0.pom
[INFO] Downloaded from central: https://repo.maven.apache.org/maven2/org/apache/maven/shared/file-management/3.2.0/file-management-3.2.0.pom (4.5 kB at 155 kB/s)
[INFO] Downloading from central: https://repo.maven.apache.org/maven2/org/apache/maven/shared/maven-shared-components/44/maven-shared-components-44.pom
[INFO] Downloaded from central: https://repo.maven.apache.org/maven2/org/apache/maven/shared/maven-shared-components/44/maven-shared-components-44.pom (3.8 kB at 152 kB/s)
[INFO] Downloading from central: https://repo.maven.apache.org/maven2/org/apache/maven/maven-parent/44/maven-parent-44.pom
[INFO] Downloaded from central: https://repo.maven.apache.org/maven2/org/apache/maven/maven-parent/44/maven-parent-44.pom (52 kB at 439 kB/s)
[INFO] Downloading from central: https://repo.maven.apache.org/maven2/org/apache/apache/34/apache-34.pom
[INFO] Downloaded from central: https://repo.maven.apache.org/maven2/org/apache/apache/34/apache-34.pom (24 kB at 551 kB/s)
[INFO] Downloading from central: https://repo.maven.apache.org/maven2/org/junit/junit-bom/5.12.1/junit-bom-5.12.1.pom
[INFO] Downloaded from central: https://repo.maven.apache.org/maven2/org/junit/junit-bom/5.12.1/junit-bom-5.12.1.pom (5.6 kB at 226 kB/s)
[INFO] Downloading from central: https://repo.maven.apache.org/maven2/commons-io/commons-io/2.19.0/commons-io-2.19.0.pom
[INFO] Downloaded from central: https://repo.maven.apache.org/maven2/commons-io/commons-io/2.19.0/commons-io-2.19.0.pom (21 kB at 607 kB/s)
[INFO] Downloading from central: https://repo.maven.apache.org/maven2/org/apache/commons/commons-parent/81/commons-parent-81.pom
[INFO] Downloaded from central: https://repo.maven.apache.org/maven2/org/apache/commons/commons-parent/81/commons-parent-81.pom (78 kB at 2.3 MB/s)
[INFO] Downloading from central: https://repo.maven.apache.org/maven2/org/junit/junit-bom/5.11.4/junit-bom-5.11.4.pom
[INFO] Downloaded from central: https://repo.maven.apache.org/maven2/org/junit/junit-bom/5.11.4/junit-bom-5.11.4.pom (5.6 kB at 226 kB/s)
[INFO] Downloading from central: https://repo.maven.apache.org/maven2/org/apache/maven/maven-archiver/3.6.5/maven-archiver-3.6.5.pom
[INFO] Downloaded from central: https://repo.maven.apache.org/maven2/org/apache/maven/maven-archiver/3.6.5/maven-archiver-3.6.5.pom (4.7 kB at 153 kB/s)
[INFO] Downloading from central: https://repo.maven.apache.org/maven2/org/apache/maven/shared/maven-shared-components/45/maven-shared-components-45.pom
[INFO] Downloaded from central: https://repo.maven.apache.org/maven2/org/apache/maven/shared/maven-shared-components/45/maven-shared-components-45.pom (3.8 kB at 122 kB/s)
[INFO] Downloading from central: https://repo.maven.apache.org/maven2/org/codehaus/plexus/plexus-archiver/4.10.2/plexus-archiver-4.10.2.pom
[INFO] Downloaded from central: https://repo.maven.apache.org/maven2/org/codehaus/plexus/plexus-archiver/4.10.2/plexus-archiver-4.10.2.pom (7.0 kB at 62 kB/s)
[INFO] Downloading from central: https://repo.maven.apache.org/maven2/org/codehaus/plexus/plexus/23/plexus-23.pom
[INFO] Downloaded from central: https://repo.maven.apache.org/maven2/org/codehaus/plexus/plexus/23/plexus-23.pom (31 kB at 981 kB/s)
[INFO] Downloading from central: https://repo.maven.apache.org/maven2/org/codehaus/plexus/plexus-io/3.5.1/plexus-io-3.5.1.pom
[INFO] Downloaded from central: https://repo.maven.apache.org/maven2/org/codehaus/plexus/plexus-io/3.5.1/plexus-io-3.5.1.pom (4.3 kB at 39 kB/s)
[INFO] Downloading from central: https://repo.maven.apache.org/maven2/commons-io/commons-io/2.20.0/commons-io-2.20.0.pom
[INFO] Downloaded from central: https://repo.maven.apache.org/maven2/commons-io/commons-io/2.20.0/commons-io-2.20.0.pom (20 kB at 585 kB/s)
[INFO] Downloading from central: https://repo.maven.apache.org/maven2/org/apache/commons/commons-parent/85/commons-parent-85.pom
[INFO] Downloaded from central: https://repo.maven.apache.org/maven2/org/apache/commons/commons-parent/85/commons-parent-85.pom (78 kB at 1.8 MB/s)
[INFO] Downloading from central: https://repo.maven.apache.org/maven2/org/apache/commons/commons-compress/1.28.0/commons-compress-1.28.0.pom
[INFO] Downloaded from central: https://repo.maven.apache.org/maven2/org/apache/commons/commons-compress/1.28.0/commons-compress-1.28.0.pom (25 kB at 791 kB/s)
[INFO] Downloading from central: https://repo.maven.apache.org/maven2/commons-codec/commons-codec/1.19.0/commons-codec-1.19.0.pom
[INFO] Downloaded from central: https://repo.maven.apache.org/maven2/commons-codec/commons-codec/1.19.0/commons-codec-1.19.0.pom (18 kB at 581 kB/s)
[INFO] Downloading from central: https://repo.maven.apache.org/maven2/org/apache/commons/commons-lang3/3.18.0/commons-lang3-3.18.0.pom
[INFO] Downloaded from central: https://repo.maven.apache.org/maven2/org/apache/commons/commons-lang3/3.18.0/commons-lang3-3.18.0.pom (32 kB at 843 kB/s)
[INFO] Downloading from central: https://repo.maven.apache.org/maven2/io/airlift/aircompressor/0.27/aircompressor-0.27.pom
[INFO] Downloaded from central: https://repo.maven.apache.org/maven2/io/airlift/aircompressor/0.27/aircompressor-0.27.pom (5.8 kB at 174 kB/s)
[INFO] Downloading from central: https://repo.maven.apache.org/maven2/io/airlift/airbase/112/airbase-112.pom
[INFO] Downloaded from central: https://repo.maven.apache.org/maven2/io/airlift/airbase/112/airbase-112.pom (69 kB at 2.1 MB/s)
[INFO] Downloading from central: https://repo.maven.apache.org/maven2/org/junit/junit-bom/5.8.0-M1/junit-bom-5.8.0-M1.pom
[INFO] Downloaded from central: https://repo.maven.apache.org/maven2/org/junit/junit-bom/5.8.0-M1/junit-bom-5.8.0-M1.pom (5.7 kB at 190 kB/s)
[INFO] Downloading from central: https://repo.maven.apache.org/maven2/org/tukaani/xz/1.10/xz-1.10.pom
[INFO] Downloaded from central: https://repo.maven.apache.org/maven2/org/tukaani/xz/1.10/xz-1.10.pom (1.9 kB at 60 kB/s)
[INFO] Downloading from central: https://repo.maven.apache.org/maven2/com/github/luben/zstd-jni/1.5.7-4/zstd-jni-1.5.7-4.pom
[INFO] Downloaded from central: https://repo.maven.apache.org/maven2/com/github/luben/zstd-jni/1.5.7-4/zstd-jni-1.5.7-4.pom (2.0 kB at 65 kB/s)
[INFO] Downloading from central: https://repo.maven.apache.org/maven2/org/codehaus/plexus/plexus-interpolation/1.28/plexus-interpolation-1.28.pom
[INFO] Downloaded from central: https://repo.maven.apache.org/maven2/org/codehaus/plexus/plexus-interpolation/1.28/plexus-interpolation-1.28.pom (3.4 kB at 32 kB/s)
[INFO] Downloading from central: https://repo.maven.apache.org/maven2/org/codehaus/plexus/plexus/20/plexus-20.pom
[INFO] Downloaded from central: https://repo.maven.apache.org/maven2/org/codehaus/plexus/plexus/20/plexus-20.pom (29 kB at 679 kB/s)
[INFO] Downloading from central: https://repo.maven.apache.org/maven2/org/codehaus/plexus/plexus-archiver/4.10.4/plexus-archiver-4.10.4.pom
[INFO] Downloaded from central: https://repo.maven.apache.org/maven2/org/codehaus/plexus/plexus-archiver/4.10.4/plexus-archiver-4.10.4.pom (5.6 kB at 188 kB/s)
[INFO] Downloading from central: https://repo.maven.apache.org/maven2/org/codehaus/plexus/plexus/24/plexus-24.pom
[INFO] Downloaded from central: https://repo.maven.apache.org/maven2/org/codehaus/plexus/plexus/24/plexus-24.pom (31 kB at 872 kB/s)
[INFO] Downloading from central: https://repo.maven.apache.org/maven2/org/codehaus/plexus/plexus-io/3.6.0/plexus-io-3.6.0.pom
[INFO] Downloaded from central: https://repo.maven.apache.org/maven2/org/codehaus/plexus/plexus-io/3.6.0/plexus-io-3.6.0.pom (3.5 kB at 78 kB/s)
[INFO] Downloading from central: https://repo.maven.apache.org/maven2/com/github/luben/zstd-jni/1.5.7-6/zstd-jni-1.5.7-6.pom
[INFO] Downloaded from central: https://repo.maven.apache.org/maven2/com/github/luben/zstd-jni/1.5.7-6/zstd-jni-1.5.7-6.pom (2.0 kB at 74 kB/s)
[INFO] Downloading from central: https://repo.maven.apache.org/maven2/commons-io/commons-io/2.21.0/commons-io-2.21.0.pom
[INFO] Downloaded from central: https://repo.maven.apache.org/maven2/commons-io/commons-io/2.21.0/commons-io-2.21.0.pom (21 kB at 579 kB/s)
[INFO] Downloading from central: https://repo.maven.apache.org/maven2/org/apache/commons/commons-parent/91/commons-parent-91.pom
[INFO] Downloaded from central: https://repo.maven.apache.org/maven2/org/apache/commons/commons-parent/91/commons-parent-91.pom (79 kB at 2.2 MB/s)
[INFO] Downloading from central: https://repo.maven.apache.org/maven2/org/apache/maven/shared/file-management/3.2.0/file-management-3.2.0.jar
[INFO] Downloaded from central: https://repo.maven.apache.org/maven2/org/apache/maven/shared/file-management/3.2.0/file-management-3.2.0.jar (26 kB at 249 kB/s)
[INFO] Downloading from central: https://repo.maven.apache.org/maven2/org/apache/maven/maven-archiver/3.6.5/maven-archiver-3.6.5.jar
[INFO] Downloading from central: https://repo.maven.apache.org/maven2/org/codehaus/plexus/plexus-interpolation/1.28/plexus-interpolation-1.28.jar
[INFO] Downloading from central: https://repo.maven.apache.org/maven2/org/codehaus/plexus/plexus-archiver/4.10.4/plexus-archiver-4.10.4.jar
[INFO] Downloading from central: https://repo.maven.apache.org/maven2/org/codehaus/plexus/plexus-io/3.6.0/plexus-io-3.6.0.jar
[INFO] Downloading from central: https://repo.maven.apache.org/maven2/org/apache/commons/commons-compress/1.28.0/commons-compress-1.28.0.jar
[INFO] Downloaded from central: https://repo.maven.apache.org/maven2/org/apache/maven/maven-archiver/3.6.5/maven-archiver-3.6.5.jar (28 kB at 914 kB/s)
[INFO] Downloading from central: https://repo.maven.apache.org/maven2/commons-codec/commons-codec/1.19.0/commons-codec-1.19.0.jar
[INFO] Downloaded from central: https://repo.maven.apache.org/maven2/org/codehaus/plexus/plexus-interpolation/1.28/plexus-interpolation-1.28.jar (87 kB at 2.8 MB/s)
[INFO] Downloading from central: https://repo.maven.apache.org/maven2/org/apache/commons/commons-lang3/3.18.0/commons-lang3-3.18.0.jar
[INFO] Downloaded from central: https://repo.maven.apache.org/maven2/org/codehaus/plexus/plexus-io/3.6.0/plexus-io-3.6.0.jar (80 kB at 2.4 MB/s)
[INFO] Downloading from central: https://repo.maven.apache.org/maven2/io/airlift/aircompressor/0.27/aircompressor-0.27.jar
[INFO] Downloaded from central: https://repo.maven.apache.org/maven2/org/codehaus/plexus/plexus-archiver/4.10.4/plexus-archiver-4.10.4.jar (227 kB at 6.5 MB/s)
[INFO] Downloading from central: https://repo.maven.apache.org/maven2/org/tukaani/xz/1.10/xz-1.10.jar
[INFO] Downloaded from central: https://repo.maven.apache.org/maven2/org/apache/commons/commons-compress/1.28.0/commons-compress-1.28.0.jar (1.1 MB at 8.2 MB/s)
[INFO] Downloading from central: https://repo.maven.apache.org/maven2/com/github/luben/zstd-jni/1.5.7-6/zstd-jni-1.5.7-6.jar
[INFO] Downloaded from central: https://repo.maven.apache.org/maven2/org/tukaani/xz/1.10/xz-1.10.jar (169 kB at 1.1 MB/s)
[INFO] Downloading from central: https://repo.maven.apache.org/maven2/commons-io/commons-io/2.21.0/commons-io-2.21.0.jar
[INFO] Downloaded from central: https://repo.maven.apache.org/maven2/commons-codec/commons-codec/1.19.0/commons-codec-1.19.0.jar (375 kB at 2.4 MB/s)
[INFO] Downloaded from central: https://repo.maven.apache.org/maven2/io/airlift/aircompressor/0.27/aircompressor-0.27.jar (255 kB at 1.6 MB/s)
[INFO] Downloaded from central: https://repo.maven.apache.org/maven2/commons-io/commons-io/2.21.0/commons-io-2.21.0.jar (585 kB at 3.2 MB/s)
[INFO] Downloaded from central: https://repo.maven.apache.org/maven2/org/apache/commons/commons-lang3/3.18.0/commons-lang3-3.18.0.jar (703 kB at 2.8 MB/s)
[INFO] Downloaded from central: https://repo.maven.apache.org/maven2/com/github/luben/zstd-jni/1.5.7-6/zstd-jni-1.5.7-6.jar (7.4 MB at 22 MB/s)
[INFO] Building jar: /project/target/java-interviews-1.0.0-SNAPSHOT.jar
[INFO] 
[INFO] --- quarkus:2.9.2.Final:build (default) @ java-interviews ---
[INFO] ------------------------------------------------------------------------
[INFO] BUILD FAILURE
[INFO] ------------------------------------------------------------------------
[INFO] Total time:  01:03 min
[INFO] Finished at: 2026-06-16T21:27:55Z
[INFO] ------------------------------------------------------------------------
[ERROR] Failed to execute goal io.quarkus.platform:quarkus-maven-plugin:2.9.2.Final:build (default) on project java-interviews: Failed to build quarkus application: io.quarkus.runtime.configuration.ConfigurationException: SRCFG00011: Could not expand value platform.quarkus.native.builder-image in property quarkus.native.builder-image -> [Help 1]
[ERROR] 
[ERROR] To see the full stack trace of the errors, re-run Maven with the -e switch.
[ERROR] Re-run Maven using the -X switch to enable full debug logging.
[ERROR] 
[ERROR] For more information about the errors and possible solutions, please read the following articles:
[ERROR] [Help 1] http://cwiki.apache.org/confluence/display/MAVEN/MojoExecutionException
