[INFO] Scanning for projects...
[INFO] Downloading from central: https://repo.maven.apache.org/maven2/io/quarkus/platform/quarkus-maven-plugin/3.15.1/quarkus-maven-plugin-3.15.1.pom
[INFO] Downloaded from central: https://repo.maven.apache.org/maven2/io/quarkus/platform/quarkus-maven-plugin/3.15.1/quarkus-maven-plugin-3.15.1.pom (10 kB at 21 kB/s)
[INFO] Downloading from central: https://repo.maven.apache.org/maven2/io/quarkus/platform/quarkus-bom/3.15.1/quarkus-bom-3.15.1.pom
[INFO] Downloaded from central: https://repo.maven.apache.org/maven2/io/quarkus/platform/quarkus-bom/3.15.1/quarkus-bom-3.15.1.pom (463 kB at 3.4 MB/s)
[INFO] Downloading from central: https://repo.maven.apache.org/maven2/io/quarkus/quarkus-bootstrap-core/3.15.1/quarkus-bootstrap-core-3.15.1.pom
[INFO] Downloaded from central: https://repo.maven.apache.org/maven2/io/quarkus/quarkus-bootstrap-core/3.15.1/quarkus-bootstrap-core-3.15.1.pom (4.1 kB at 118 kB/s)
[INFO] Downloading from central: https://repo.maven.apache.org/maven2/io/quarkus/quarkus-bootstrap-parent/3.15.1/quarkus-bootstrap-parent-3.15.1.pom
[INFO] Downloaded from central: https://repo.maven.apache.org/maven2/io/quarkus/quarkus-bootstrap-parent/3.15.1/quarkus-bootstrap-parent-3.15.1.pom (15 kB at 434 kB/s)
[INFO] Downloading from central: https://repo.maven.apache.org/maven2/io/quarkus/quarkus-parent/3.15.1/quarkus-parent-3.15.1.pom
[INFO] Downloaded from central: https://repo.maven.apache.org/maven2/io/quarkus/quarkus-parent/3.15.1/quarkus-parent-3.15.1.pom (31 kB at 603 kB/s)
[INFO] Downloading from central: https://repo.maven.apache.org/maven2/io/quarkus/quarkus-bootstrap-bom/3.15.1/quarkus-bootstrap-bom-3.15.1.pom
[INFO] Downloaded from central: https://repo.maven.apache.org/maven2/io/quarkus/quarkus-bootstrap-bom/3.15.1/quarkus-bootstrap-bom-3.15.1.pom (22 kB at 589 kB/s)
[INFO] Downloading from central: https://repo.maven.apache.org/maven2/io/smallrye/common/smallrye-common-bom/2.6.0/smallrye-common-bom-2.6.0.pom
[INFO] Downloaded from central: https://repo.maven.apache.org/maven2/io/smallrye/common/smallrye-common-bom/2.6.0/smallrye-common-bom-2.6.0.pom (4.9 kB at 110 kB/s)
[INFO] Downloading from central: https://repo.maven.apache.org/maven2/io/quarkus/quarkus-bootstrap-bom-test/3.15.1/quarkus-bootstrap-bom-test-3.15.1.pom
[INFO] Downloaded from central: https://repo.maven.apache.org/maven2/io/quarkus/quarkus-bootstrap-bom-test/3.15.1/quarkus-bootstrap-bom-test-3.15.1.pom (3.0 kB at 24 kB/s)
[INFO] Downloading from central: https://repo.maven.apache.org/maven2/io/quarkus/quarkus-classloader-commons/3.15.1/quarkus-classloader-commons-3.15.1.pom
[INFO] Downloaded from central: https://repo.maven.apache.org/maven2/io/quarkus/quarkus-classloader-commons/3.15.1/quarkus-classloader-commons-3.15.1.pom (1.5 kB at 48 kB/s)
[INFO] Downloading from central: https://repo.maven.apache.org/maven2/io/quarkus/quarkus-bootstrap-app-model/3.15.1/quarkus-bootstrap-app-model-3.15.1.pom
[INFO] Downloaded from central: https://repo.maven.apache.org/maven2/io/quarkus/quarkus-bootstrap-app-model/3.15.1/quarkus-bootstrap-app-model-3.15.1.pom (3.6 kB at 108 kB/s)
[INFO] Downloading from central: https://repo.maven.apache.org/maven2/io/quarkus/quarkus-fs-util/0.0.10/quarkus-fs-util-0.0.10.pom
[INFO] Downloaded from central: https://repo.maven.apache.org/maven2/io/quarkus/quarkus-fs-util/0.0.10/quarkus-fs-util-0.0.10.pom (13 kB at 449 kB/s)
[INFO] Downloading from central: https://repo.maven.apache.org/maven2/org/jboss/jboss-parent/39/jboss-parent-39.pom
[INFO] Downloaded from central: https://repo.maven.apache.org/maven2/org/jboss/jboss-parent/39/jboss-parent-39.pom (68 kB at 1.6 MB/s)
[INFO] Downloading from central: https://repo.maven.apache.org/maven2/org/jboss/logging/jboss-logging/3.6.0.Final/jboss-logging-3.6.0.Final.pom
[INFO] Downloaded from central: https://repo.maven.apache.org/maven2/org/jboss/logging/jboss-logging/3.6.0.Final/jboss-logging-3.6.0.Final.pom (18 kB at 374 kB/s)
[INFO] Downloading from central: https://repo.maven.apache.org/maven2/org/jboss/logging/logging-parent/1.0.3.Final/logging-parent-1.0.3.Final.pom
[INFO] Downloaded from central: https://repo.maven.apache.org/maven2/org/jboss/logging/logging-parent/1.0.3.Final/logging-parent-1.0.3.Final.pom (5.7 kB at 183 kB/s)
[INFO] Downloading from central: https://repo.maven.apache.org/maven2/org/jboss/jboss-parent/42/jboss-parent-42.pom
[INFO] Downloaded from central: https://repo.maven.apache.org/maven2/org/jboss/jboss-parent/42/jboss-parent-42.pom (76 kB at 726 kB/s)
[INFO] Downloading from central: https://repo.maven.apache.org/maven2/org/junit/junit-bom/5.10.2/junit-bom-5.10.2.pom
[INFO] Downloaded from central: https://repo.maven.apache.org/maven2/org/junit/junit-bom/5.10.2/junit-bom-5.10.2.pom (5.6 kB at 40 kB/s)
[INFO] Downloading from central: https://repo.maven.apache.org/maven2/org/jboss/logging/commons-logging-jboss-logging/1.0.0.Final/commons-logging-jboss-logging-1.0.0.Final.pom
[INFO] Downloaded from central: https://repo.maven.apache.org/maven2/org/jboss/logging/commons-logging-jboss-logging/1.0.0.Final/commons-logging-jboss-logging-1.0.0.Final.pom (3.5 kB at 118 kB/s)
[INFO] Downloading from central: https://repo.maven.apache.org/maven2/org/jboss/jboss-parent/18/jboss-parent-18.pom
[INFO] Downloaded from central: https://repo.maven.apache.org/maven2/org/jboss/jboss-parent/18/jboss-parent-18.pom (31 kB at 873 kB/s)
[INFO] Downloading from central: https://repo.maven.apache.org/maven2/io/smallrye/common/smallrye-common-io/2.6.0/smallrye-common-io-2.6.0.pom
[INFO] Downloaded from central: https://repo.maven.apache.org/maven2/io/smallrye/common/smallrye-common-io/2.6.0/smallrye-common-io-2.6.0.pom (2.1 kB at 49 kB/s)
[INFO] Downloading from central: https://repo.maven.apache.org/maven2/io/smallrye/common/smallrye-common-parent/2.6.0/smallrye-common-parent-2.6.0.pom
[INFO] Downloaded from central: https://repo.maven.apache.org/maven2/io/smallrye/common/smallrye-common-parent/2.6.0/smallrye-common-parent-2.6.0.pom (9.0 kB at 281 kB/s)
[INFO] Downloading from central: https://repo.maven.apache.org/maven2/io/smallrye/smallrye-parent/45/smallrye-parent-45.pom
[INFO] Downloaded from central: https://repo.maven.apache.org/maven2/io/smallrye/smallrye-parent/45/smallrye-parent-45.pom (6.0 kB at 183 kB/s)
[INFO] Downloading from central: https://repo.maven.apache.org/maven2/io/smallrye/smallrye-build-parent/45/smallrye-build-parent-45.pom
[INFO] Downloaded from central: https://repo.maven.apache.org/maven2/io/smallrye/smallrye-build-parent/45/smallrye-build-parent-45.pom (63 kB at 1.5 MB/s)
[INFO] Downloading from central: https://repo.maven.apache.org/maven2/org/jboss/shrinkwrap/shrinkwrap-bom/1.2.6/shrinkwrap-bom-1.2.6.pom
[INFO] Downloaded from central: https://repo.maven.apache.org/maven2/org/jboss/shrinkwrap/shrinkwrap-bom/1.2.6/shrinkwrap-bom-1.2.6.pom (4.0 kB at 93 kB/s)
[INFO] Downloading from central: https://repo.maven.apache.org/maven2/org/junit/junit-bom/5.10.3/junit-bom-5.10.3.pom
[INFO] Downloaded from central: https://repo.maven.apache.org/maven2/org/junit/junit-bom/5.10.3/junit-bom-5.10.3.pom (5.6 kB at 182 kB/s)
[INFO] Downloading from central: https://repo.maven.apache.org/maven2/io/quarkus/quarkus-bootstrap-maven-resolver/3.15.1/quarkus-bootstrap-maven-resolver-3.15.1.pom
[INFO] Downloaded from central: https://repo.maven.apache.org/maven2/io/quarkus/quarkus-bootstrap-maven-resolver/3.15.1/quarkus-bootstrap-maven-resolver-3.15.1.pom (7.0 kB at 66 kB/s)
[INFO] Downloading from central: https://repo.maven.apache.org/maven2/io/smallrye/beanbag/smallrye-beanbag-maven/1.5.2/smallrye-beanbag-maven-1.5.2.pom
[INFO] Downloaded from central: https://repo.maven.apache.org/maven2/io/smallrye/beanbag/smallrye-beanbag-maven/1.5.2/smallrye-beanbag-maven-1.5.2.pom (6.3 kB at 192 kB/s)
[INFO] Downloading from central: https://repo.maven.apache.org/maven2/io/smallrye/beanbag/smallrye-beanbag-parent/1.5.2/smallrye-beanbag-parent-1.5.2.pom
[INFO] Downloaded from central: https://repo.maven.apache.org/maven2/io/smallrye/beanbag/smallrye-beanbag-parent/1.5.2/smallrye-beanbag-parent-1.5.2.pom (16 kB at 463 kB/s)
[INFO] Downloading from central: https://repo.maven.apache.org/maven2/io/smallrye/smallrye-parent/44/smallrye-parent-44.pom
[INFO] Downloaded from central: https://repo.maven.apache.org/maven2/io/smallrye/smallrye-parent/44/smallrye-parent-44.pom (6.0 kB at 177 kB/s)
[INFO] Downloading from central: https://repo.maven.apache.org/maven2/io/smallrye/smallrye-build-parent/44/smallrye-build-parent-44.pom
[INFO] Downloaded from central: https://repo.maven.apache.org/maven2/io/smallrye/smallrye-build-parent/44/smallrye-build-parent-44.pom (63 kB at 1.8 MB/s)
[INFO] Downloading from central: https://repo.maven.apache.org/maven2/io/smallrye/common/smallrye-common-bom/2.4.0/smallrye-common-bom-2.4.0.pom
[INFO] Downloaded from central: https://repo.maven.apache.org/maven2/io/smallrye/common/smallrye-common-bom/2.4.0/smallrye-common-bom-2.4.0.pom (4.7 kB at 148 kB/s)
[INFO] Downloading from central: https://repo.maven.apache.org/maven2/io/smallrye/beanbag/smallrye-beanbag-sisu/1.5.2/smallrye-beanbag-sisu-1.5.2.pom
[INFO] Downloaded from central: https://repo.maven.apache.org/maven2/io/smallrye/beanbag/smallrye-beanbag-sisu/1.5.2/smallrye-beanbag-sisu-1.5.2.pom (1.4 kB at 32 kB/s)
[INFO] Downloading from central: https://repo.maven.apache.org/maven2/io/smallrye/beanbag/smallrye-beanbag/1.5.2/smallrye-beanbag-1.5.2.pom
[INFO] Downloaded from central: https://repo.maven.apache.org/maven2/io/smallrye/beanbag/smallrye-beanbag/1.5.2/smallrye-beanbag-1.5.2.pom (964 B at 7.7 kB/s)
[INFO] Downloading from central: https://repo.maven.apache.org/maven2/io/smallrye/common/smallrye-common-constraint/2.6.0/smallrye-common-constraint-2.6.0.pom
[INFO] Downloaded from central: https://repo.maven.apache.org/maven2/io/smallrye/common/smallrye-common-constraint/2.6.0/smallrye-common-constraint-2.6.0.pom (2.3 kB at 20 kB/s)
[INFO] Downloading from central: https://repo.maven.apache.org/maven2/javax/inject/javax.inject/1/javax.inject-1.pom
[INFO] Downloaded from central: https://repo.maven.apache.org/maven2/javax/inject/javax.inject/1/javax.inject-1.pom (612 B at 14 kB/s)
[INFO] Downloading from central: https://repo.maven.apache.org/maven2/commons-codec/commons-codec/1.17.1/commons-codec-1.17.1.pom
[INFO] Downloaded from central: https://repo.maven.apache.org/maven2/commons-codec/commons-codec/1.17.1/commons-codec-1.17.1.pom (18 kB at 386 kB/s)
[INFO] Downloading from central: https://repo.maven.apache.org/maven2/org/apache/commons/commons-parent/71/commons-parent-71.pom
[INFO] Downloaded from central: https://repo.maven.apache.org/maven2/org/apache/commons/commons-parent/71/commons-parent-71.pom (78 kB at 1.3 MB/s)
[INFO] Downloading from central: https://repo.maven.apache.org/maven2/org/apache/apache/32/apache-32.pom
[INFO] Downloaded from central: https://repo.maven.apache.org/maven2/org/apache/apache/32/apache-32.pom (24 kB at 526 kB/s)
[INFO] Downloading from central: https://repo.maven.apache.org/maven2/org/junit/junit-bom/5.11.0-M2/junit-bom-5.11.0-M2.pom
[INFO] Downloaded from central: https://repo.maven.apache.org/maven2/org/junit/junit-bom/5.11.0-M2/junit-bom-5.11.0-M2.pom (5.7 kB at 158 kB/s)
[INFO] Downloading from central: https://repo.maven.apache.org/maven2/org/apache/commons/commons-lang3/3.14.0/commons-lang3-3.14.0.pom
[INFO] Downloaded from central: https://repo.maven.apache.org/maven2/org/apache/commons/commons-lang3/3.14.0/commons-lang3-3.14.0.pom (31 kB at 562 kB/s)
[INFO] Downloading from central: https://repo.maven.apache.org/maven2/org/apache/commons/commons-parent/64/commons-parent-64.pom
[INFO] Downloaded from central: https://repo.maven.apache.org/maven2/org/apache/commons/commons-parent/64/commons-parent-64.pom (78 kB at 1.5 MB/s)
[INFO] Downloading from central: https://repo.maven.apache.org/maven2/org/apache/apache/30/apache-30.pom
[INFO] Downloaded from central: https://repo.maven.apache.org/maven2/org/apache/apache/30/apache-30.pom (23 kB at 195 kB/s)
[INFO] Downloading from central: https://repo.maven.apache.org/maven2/org/junit/junit-bom/5.10.0/junit-bom-5.10.0.pom
[INFO] Downloaded from central: https://repo.maven.apache.org/maven2/org/junit/junit-bom/5.10.0/junit-bom-5.10.0.pom (5.6 kB at 83 kB/s)
[INFO] Downloading from central: https://repo.maven.apache.org/maven2/org/apache/httpcomponents/httpclient/4.5.14/httpclient-4.5.14.pom
[INFO] Downloaded from central: https://repo.maven.apache.org/maven2/org/apache/httpcomponents/httpclient/4.5.14/httpclient-4.5.14.pom (6.6 kB at 184 kB/s)
[INFO] Downloading from central: https://repo.maven.apache.org/maven2/org/apache/httpcomponents/httpcomponents-client/4.5.14/httpcomponents-client-4.5.14.pom
[INFO] Downloaded from central: https://repo.maven.apache.org/maven2/org/apache/httpcomponents/httpcomponents-client/4.5.14/httpcomponents-client-4.5.14.pom (15 kB at 318 kB/s)
[INFO] Downloading from central: https://repo.maven.apache.org/maven2/org/apache/httpcomponents/httpcomponents-parent/11/httpcomponents-parent-11.pom
[INFO] Downloaded from central: https://repo.maven.apache.org/maven2/org/apache/httpcomponents/httpcomponents-parent/11/httpcomponents-parent-11.pom (35 kB at 708 kB/s)
[INFO] Downloading from central: https://repo.maven.apache.org/maven2/org/apache/apache/21/apache-21.pom
[INFO] Downloaded from central: https://repo.maven.apache.org/maven2/org/apache/apache/21/apache-21.pom (17 kB at 518 kB/s)
[INFO] Downloading from central: https://repo.maven.apache.org/maven2/org/apache/httpcomponents/httpcore/4.4.16/httpcore-4.4.16.pom
[INFO] Downloaded from central: https://repo.maven.apache.org/maven2/org/apache/httpcomponents/httpcore/4.4.16/httpcore-4.4.16.pom (5.0 kB at 44 kB/s)
[INFO] Downloading from central: https://repo.maven.apache.org/maven2/org/apache/httpcomponents/httpcomponents-core/4.4.16/httpcomponents-core-4.4.16.pom
[INFO] Downloaded from central: https://repo.maven.apache.org/maven2/org/apache/httpcomponents/httpcomponents-core/4.4.16/httpcomponents-core-4.4.16.pom (12 kB at 96 kB/s)
[INFO] Downloading from central: https://repo.maven.apache.org/maven2/org/apache/maven/maven-artifact/3.9.8/maven-artifact-3.9.8.pom
[INFO] Downloaded from central: https://repo.maven.apache.org/maven2/org/apache/maven/maven-artifact/3.9.8/maven-artifact-3.9.8.pom (2.2 kB at 65 kB/s)
[INFO] Downloading from central: https://repo.maven.apache.org/maven2/org/apache/maven/maven/3.9.8/maven-3.9.8.pom
[INFO] Downloaded from central: https://repo.maven.apache.org/maven2/org/apache/maven/maven/3.9.8/maven-3.9.8.pom (28 kB at 890 kB/s)
[INFO] Downloading from central: https://repo.maven.apache.org/maven2/org/apache/maven/maven-parent/42/maven-parent-42.pom
[INFO] Downloaded from central: https://repo.maven.apache.org/maven2/org/apache/maven/maven-parent/42/maven-parent-42.pom (50 kB at 1.4 MB/s)
[INFO] Downloading from central: https://repo.maven.apache.org/maven2/org/codehaus/plexus/plexus-utils/3.5.1/plexus-utils-3.5.1.pom
[INFO] Downloaded from central: https://repo.maven.apache.org/maven2/org/codehaus/plexus/plexus-utils/3.5.1/plexus-utils-3.5.1.pom (8.8 kB at 266 kB/s)
[INFO] Downloading from central: https://repo.maven.apache.org/maven2/org/codehaus/plexus/plexus/10/plexus-10.pom
[INFO] Downloaded from central: https://repo.maven.apache.org/maven2/org/codehaus/plexus/plexus/10/plexus-10.pom (25 kB at 819 kB/s)
[INFO] Downloading from central: https://repo.maven.apache.org/maven2/org/apache/maven/maven-builder-support/3.9.8/maven-builder-support-3.9.8.pom
[INFO] Downloaded from central: https://repo.maven.apache.org/maven2/org/apache/maven/maven-builder-support/3.9.8/maven-builder-support-3.9.8.pom (1.4 kB at 39 kB/s)
[INFO] Downloading from central: https://repo.maven.apache.org/maven2/org/apache/maven/maven-model/3.9.8/maven-model-3.9.8.pom
[INFO] Downloaded from central: https://repo.maven.apache.org/maven2/org/apache/maven/maven-model/3.9.8/maven-model-3.9.8.pom (2.7 kB at 97 kB/s)
[INFO] Downloading from central: https://repo.maven.apache.org/maven2/org/apache/maven/maven-model-builder/3.9.8/maven-model-builder-3.9.8.pom
[INFO] Downloaded from central: https://repo.maven.apache.org/maven2/org/apache/maven/maven-model-builder/3.9.8/maven-model-builder-3.9.8.pom (3.5 kB at 110 kB/s)
[INFO] Downloading from central: https://repo.maven.apache.org/maven2/org/codehaus/plexus/plexus-interpolation/1.26/plexus-interpolation-1.26.pom
[INFO] Downloaded from central: https://repo.maven.apache.org/maven2/org/codehaus/plexus/plexus-interpolation/1.26/plexus-interpolation-1.26.pom (2.7 kB at 86 kB/s)
[INFO] Downloading from central: https://repo.maven.apache.org/maven2/org/codehaus/plexus/plexus/5.1/plexus-5.1.pom
[INFO] Downloaded from central: https://repo.maven.apache.org/maven2/org/codehaus/plexus/plexus/5.1/plexus-5.1.pom (23 kB at 703 kB/s)
[INFO] Downloading from central: https://repo.maven.apache.org/maven2/org/eclipse/sisu/org.eclipse.sisu.inject/0.9.0.M3/org.eclipse.sisu.inject-0.9.0.M3.pom
[INFO] Downloaded from central: https://repo.maven.apache.org/maven2/org/eclipse/sisu/org.eclipse.sisu.inject/0.9.0.M3/org.eclipse.sisu.inject-0.9.0.M3.pom (20 kB at 182 kB/s)
[INFO] Downloading from central: https://repo.maven.apache.org/maven2/org/eclipse/sisu/sisu-inject/0.9.0.M3/sisu-inject-0.9.0.M3.pom
[INFO] Downloaded from central: https://repo.maven.apache.org/maven2/org/eclipse/sisu/sisu-inject/0.9.0.M3/sisu-inject-0.9.0.M3.pom (24 kB at 758 kB/s)
[INFO] Downloading from central: https://repo.maven.apache.org/maven2/org/apache/maven/maven-repository-metadata/3.9.8/maven-repository-metadata-3.9.8.pom
[INFO] Downloaded from central: https://repo.maven.apache.org/maven2/org/apache/maven/maven-repository-metadata/3.9.8/maven-repository-metadata-3.9.8.pom (2.1 kB at 71 kB/s)
[INFO] Downloading from central: https://repo.maven.apache.org/maven2/org/apache/maven/maven-resolver-provider/3.9.8/maven-resolver-provider-3.9.8.pom
[INFO] Downloaded from central: https://repo.maven.apache.org/maven2/org/apache/maven/maven-resolver-provider/3.9.8/maven-resolver-provider-3.9.8.pom (4.5 kB at 161 kB/s)
[INFO] Downloading from central: https://repo.maven.apache.org/maven2/org/apache/maven/maven-settings/3.9.8/maven-settings-3.9.8.pom
[INFO] Downloaded from central: https://repo.maven.apache.org/maven2/org/apache/maven/maven-settings/3.9.8/maven-settings-3.9.8.pom (1.8 kB at 65 kB/s)
[INFO] Downloading from central: https://repo.maven.apache.org/maven2/org/apache/maven/maven-settings-builder/3.9.8/maven-settings-builder-3.9.8.pom
[INFO] Downloaded from central: https://repo.maven.apache.org/maven2/org/apache/maven/maven-settings-builder/3.9.8/maven-settings-builder-3.9.8.pom (2.5 kB at 68 kB/s)
[INFO] Downloading from central: https://repo.maven.apache.org/maven2/org/codehaus/plexus/plexus-sec-dispatcher/2.0/plexus-sec-dispatcher-2.0.pom
[INFO] Downloaded from central: https://repo.maven.apache.org/maven2/org/codehaus/plexus/plexus-sec-dispatcher/2.0/plexus-sec-dispatcher-2.0.pom (3.2 kB at 81 kB/s)
[INFO] Downloading from central: https://repo.maven.apache.org/maven2/org/codehaus/plexus/plexus/8/plexus-8.pom
[INFO] Downloaded from central: https://repo.maven.apache.org/maven2/org/codehaus/plexus/plexus/8/plexus-8.pom (25 kB at 909 kB/s)
[INFO] Downloading from central: https://repo.maven.apache.org/maven2/org/codehaus/plexus/plexus-cipher/2.0/plexus-cipher-2.0.pom
[INFO] Downloaded from central: https://repo.maven.apache.org/maven2/org/codehaus/plexus/plexus-cipher/2.0/plexus-cipher-2.0.pom (4.4 kB at 39 kB/s)
[INFO] Downloading from central: https://repo.maven.apache.org/maven2/org/codehaus/plexus/plexus-xml/4.0.1/plexus-xml-4.0.1.pom
[INFO] Downloaded from central: https://repo.maven.apache.org/maven2/org/codehaus/plexus/plexus-xml/4.0.1/plexus-xml-4.0.1.pom (4.5 kB at 144 kB/s)
[INFO] Downloading from central: https://repo.maven.apache.org/maven2/org/codehaus/plexus/plexus/13/plexus-13.pom
[INFO] Downloaded from central: https://repo.maven.apache.org/maven2/org/codehaus/plexus/plexus/13/plexus-13.pom (27 kB at 204 kB/s)
[INFO] Downloading from central: https://repo.maven.apache.org/maven2/org/junit/junit-bom/5.9.3/junit-bom-5.9.3.pom
[INFO] Downloaded from central: https://repo.maven.apache.org/maven2/org/junit/junit-bom/5.9.3/junit-bom-5.9.3.pom (5.6 kB at 194 kB/s)
[INFO] Downloading from central: https://repo.maven.apache.org/maven2/org/apache/maven/maven-xml-impl/4.0.0-alpha-5/maven-xml-impl-4.0.0-alpha-5.pom
[INFO] Downloaded from central: https://repo.maven.apache.org/maven2/org/apache/maven/maven-xml-impl/4.0.0-alpha-5/maven-xml-impl-4.0.0-alpha-5.pom (1.9 kB at 63 kB/s)
[INFO] Downloading from central: https://repo.maven.apache.org/maven2/org/apache/maven/maven/4.0.0-alpha-5/maven-4.0.0-alpha-5.pom
[INFO] Downloaded from central: https://repo.maven.apache.org/maven2/org/apache/maven/maven/4.0.0-alpha-5/maven-4.0.0-alpha-5.pom (26 kB at 736 kB/s)
[INFO] Downloading from central: https://repo.maven.apache.org/maven2/org/apache/maven/maven-parent/39/maven-parent-39.pom
[INFO] Downloaded from central: https://repo.maven.apache.org/maven2/org/apache/maven/maven-parent/39/maven-parent-39.pom (48 kB at 1.5 MB/s)
[INFO] Downloading from central: https://repo.maven.apache.org/maven2/org/apache/apache/29/apache-29.pom
[INFO] Downloaded from central: https://repo.maven.apache.org/maven2/org/apache/apache/29/apache-29.pom (21 kB at 592 kB/s)
[INFO] Downloading from central: https://repo.maven.apache.org/maven2/org/apache/maven/maven-bom/4.0.0-alpha-5/maven-bom-4.0.0-alpha-5.pom
[INFO] Downloaded from central: https://repo.maven.apache.org/maven2/org/apache/maven/maven-bom/4.0.0-alpha-5/maven-bom-4.0.0-alpha-5.pom (6.3 kB at 198 kB/s)
[INFO] Downloading from central: https://repo.maven.apache.org/maven2/org/junit/junit-bom/5.9.1/junit-bom-5.9.1.pom
[INFO] Downloaded from central: https://repo.maven.apache.org/maven2/org/junit/junit-bom/5.9.1/junit-bom-5.9.1.pom (5.6 kB at 209 kB/s)
[INFO] Downloading from central: https://repo.maven.apache.org/maven2/org/apache/maven/maven-api-xml/4.0.0-alpha-5/maven-api-xml-4.0.0-alpha-5.pom
[INFO] Downloaded from central: https://repo.maven.apache.org/maven2/org/apache/maven/maven-api-xml/4.0.0-alpha-5/maven-api-xml-4.0.0-alpha-5.pom (1.6 kB at 55 kB/s)
[INFO] Downloading from central: https://repo.maven.apache.org/maven2/org/apache/maven/maven-api/4.0.0-alpha-5/maven-api-4.0.0-alpha-5.pom
[INFO] Downloaded from central: https://repo.maven.apache.org/maven2/org/apache/maven/maven-api/4.0.0-alpha-5/maven-api-4.0.0-alpha-5.pom (3.6 kB at 119 kB/s)
[INFO] Downloading from central: https://repo.maven.apache.org/maven2/org/apache/maven/maven-api-meta/4.0.0-alpha-5/maven-api-meta-4.0.0-alpha-5.pom
[INFO] Downloaded from central: https://repo.maven.apache.org/maven2/org/apache/maven/maven-api-meta/4.0.0-alpha-5/maven-api-meta-4.0.0-alpha-5.pom (1.4 kB at 51 kB/s)
[INFO] Downloading from central: https://repo.maven.apache.org/maven2/org/eclipse/sisu/org.eclipse.sisu.plexus/0.9.0.M3/org.eclipse.sisu.plexus-0.9.0.M3.pom
[INFO] Downloaded from central: https://repo.maven.apache.org/maven2/org/eclipse/sisu/org.eclipse.sisu.plexus/0.9.0.M3/org.eclipse.sisu.plexus-0.9.0.M3.pom (17 kB at 128 kB/s)
[INFO] Downloading from central: https://repo.maven.apache.org/maven2/org/jboss/logmanager/jboss-logmanager/3.0.6.Final/jboss-logmanager-3.0.6.Final.pom
[INFO] Downloaded from central: https://repo.maven.apache.org/maven2/org/jboss/logmanager/jboss-logmanager/3.0.6.Final/jboss-logmanager-3.0.6.Final.pom (15 kB at 410 kB/s)
[INFO] Downloading from central: https://repo.maven.apache.org/maven2/io/smallrye/common/smallrye-common-bom/2.2.0/smallrye-common-bom-2.2.0.pom
[INFO] Downloaded from central: https://repo.maven.apache.org/maven2/io/smallrye/common/smallrye-common-bom/2.2.0/smallrye-common-bom-2.2.0.pom (4.3 kB at 150 kB/s)
[INFO] Downloading from central: https://repo.maven.apache.org/maven2/io/smallrye/common/smallrye-common-cpu/2.6.0/smallrye-common-cpu-2.6.0.pom
[INFO] Downloaded from central: https://repo.maven.apache.org/maven2/io/smallrye/common/smallrye-common-cpu/2.6.0/smallrye-common-cpu-2.6.0.pom (2.3 kB at 68 kB/s)
[INFO] Downloading from central: https://repo.maven.apache.org/maven2/io/smallrye/common/smallrye-common-expression/2.6.0/smallrye-common-expression-2.6.0.pom
[INFO] Downloaded from central: https://repo.maven.apache.org/maven2/io/smallrye/common/smallrye-common-expression/2.6.0/smallrye-common-expression-2.6.0.pom (2.4 kB at 84 kB/s)
[INFO] Downloading from central: https://repo.maven.apache.org/maven2/io/smallrye/common/smallrye-common-function/2.6.0/smallrye-common-function-2.6.0.pom
[INFO] Downloaded from central: https://repo.maven.apache.org/maven2/io/smallrye/common/smallrye-common-function/2.6.0/smallrye-common-function-2.6.0.pom (2.3 kB at 79 kB/s)
[INFO] Downloading from central: https://repo.maven.apache.org/maven2/io/smallrye/common/smallrye-common-net/2.6.0/smallrye-common-net-2.6.0.pom
[INFO] Downloaded from central: https://repo.maven.apache.org/maven2/io/smallrye/common/smallrye-common-net/2.6.0/smallrye-common-net-2.6.0.pom (2.6 kB at 77 kB/s)
[INFO] Downloading from central: https://repo.maven.apache.org/maven2/io/smallrye/common/smallrye-common-os/2.6.0/smallrye-common-os-2.6.0.pom
[INFO] Downloaded from central: https://repo.maven.apache.org/maven2/io/smallrye/common/smallrye-common-os/2.6.0/smallrye-common-os-2.6.0.pom (1.9 kB at 49 kB/s)
[INFO] Downloading from central: https://repo.maven.apache.org/maven2/io/smallrye/common/smallrye-common-ref/2.6.0/smallrye-common-ref-2.6.0.pom
[INFO] Downloaded from central: https://repo.maven.apache.org/maven2/io/smallrye/common/smallrye-common-ref/2.6.0/smallrye-common-ref-2.6.0.pom (2.0 kB at 15 kB/s)
[INFO] Downloading from central: https://repo.maven.apache.org/maven2/jakarta/json/jakarta.json-api/2.1.3/jakarta.json-api-2.1.3.pom
[INFO] Downloaded from central: https://repo.maven.apache.org/maven2/jakarta/json/jakarta.json-api/2.1.3/jakarta.json-api-2.1.3.pom (19 kB at 152 kB/s)
[INFO] Downloading from central: https://repo.maven.apache.org/maven2/org/eclipse/ee4j/project/1.0.8/project-1.0.8.pom
[INFO] Downloaded from central: https://repo.maven.apache.org/maven2/org/eclipse/ee4j/project/1.0.8/project-1.0.8.pom (15 kB at 429 kB/s)
[INFO] Downloading from central: https://repo.maven.apache.org/maven2/org/eclipse/parsson/parsson/1.1.7/parsson-1.1.7.pom
[INFO] Downloaded from central: https://repo.maven.apache.org/maven2/org/eclipse/parsson/parsson/1.1.7/parsson-1.1.7.pom (4.6 kB at 137 kB/s)
[INFO] Downloading from central: https://repo.maven.apache.org/maven2/org/eclipse/parsson/project/1.1.7/project-1.1.7.pom
[INFO] Downloaded from central: https://repo.maven.apache.org/maven2/org/eclipse/parsson/project/1.1.7/project-1.1.7.pom (22 kB at 702 kB/s)
[INFO] Downloading from central: https://repo.maven.apache.org/maven2/org/eclipse/ee4j/project/1.0.9/project-1.0.9.pom
[INFO] Downloaded from central: https://repo.maven.apache.org/maven2/org/eclipse/ee4j/project/1.0.9/project-1.0.9.pom (16 kB at 576 kB/s)
[INFO] Downloading from central: https://repo.maven.apache.org/maven2/org/jboss/slf4j/slf4j-jboss-logmanager/2.0.0.Final/slf4j-jboss-logmanager-2.0.0.Final.pom
[INFO] Downloaded from central: https://repo.maven.apache.org/maven2/org/jboss/slf4j/slf4j-jboss-logmanager/2.0.0.Final/slf4j-jboss-logmanager-2.0.0.Final.pom (8.1 kB at 237 kB/s)
[INFO] Downloading from central: https://repo.maven.apache.org/maven2/org/jboss/logging/logging-parent/1.0.0.Final/logging-parent-1.0.0.Final.pom
[INFO] Downloaded from central: https://repo.maven.apache.org/maven2/org/jboss/logging/logging-parent/1.0.0.Final/logging-parent-1.0.0.Final.pom (6.4 kB at 208 kB/s)
[INFO] Downloading from central: https://repo.maven.apache.org/maven2/org/junit/junit-bom/5.9.2/junit-bom-5.9.2.pom
[INFO] Downloaded from central: https://repo.maven.apache.org/maven2/org/junit/junit-bom/5.9.2/junit-bom-5.9.2.pom (5.6 kB at 194 kB/s)
[INFO] Downloading from central: https://repo.maven.apache.org/maven2/org/slf4j/slf4j-api/2.0.6/slf4j-api-2.0.6.pom
[INFO] Downloaded from central: https://repo.maven.apache.org/maven2/org/slf4j/slf4j-api/2.0.6/slf4j-api-2.0.6.pom (1.6 kB at 41 kB/s)
[INFO] Downloading from central: https://repo.maven.apache.org/maven2/org/slf4j/slf4j-parent/2.0.6/slf4j-parent-2.0.6.pom
[INFO] Downloaded from central: https://repo.maven.apache.org/maven2/org/slf4j/slf4j-parent/2.0.6/slf4j-parent-2.0.6.pom (17 kB at 534 kB/s)
[INFO] Downloading from central: https://repo.maven.apache.org/maven2/org/apache/maven/maven-embedder/3.9.8/maven-embedder-3.9.8.pom
[INFO] Downloaded from central: https://repo.maven.apache.org/maven2/org/apache/maven/maven-embedder/3.9.8/maven-embedder-3.9.8.pom (6.5 kB at 202 kB/s)
[INFO] Downloading from central: https://repo.maven.apache.org/maven2/org/apache/maven/maven-core/3.9.8/maven-core-3.9.8.pom
[INFO] Downloaded from central: https://repo.maven.apache.org/maven2/org/apache/maven/maven-core/3.9.8/maven-core-3.9.8.pom (7.4 kB at 61 kB/s)
[INFO] Downloading from central: https://repo.maven.apache.org/maven2/org/apache/maven/maven-plugin-api/3.9.8/maven-plugin-api-3.9.8.pom
[INFO] Downloaded from central: https://repo.maven.apache.org/maven2/org/apache/maven/maven-plugin-api/3.9.8/maven-plugin-api-3.9.8.pom (2.9 kB at 74 kB/s)
[INFO] Downloading from central: https://repo.maven.apache.org/maven2/org/codehaus/plexus/plexus-classworlds/2.6.0/plexus-classworlds-2.6.0.pom
[INFO] Downloaded from central: https://repo.maven.apache.org/maven2/org/codehaus/plexus/plexus-classworlds/2.6.0/plexus-classworlds-2.6.0.pom (7.9 kB at 233 kB/s)
[INFO] Downloading from central: https://repo.maven.apache.org/maven2/org/apache/maven/shared/maven-shared-utils/3.4.2/maven-shared-utils-3.4.2.pom
[INFO] Downloaded from central: https://repo.maven.apache.org/maven2/org/apache/maven/shared/maven-shared-utils/3.4.2/maven-shared-utils-3.4.2.pom (5.9 kB at 159 kB/s)
[INFO] Downloading from central: https://repo.maven.apache.org/maven2/org/apache/maven/shared/maven-shared-components/39/maven-shared-components-39.pom
[INFO] Downloaded from central: https://repo.maven.apache.org/maven2/org/apache/maven/shared/maven-shared-components/39/maven-shared-components-39.pom (3.2 kB at 104 kB/s)
[INFO] Downloading from central: https://repo.maven.apache.org/maven2/com/google/inject/guice/5.1.0/guice-5.1.0.pom
[INFO] Downloaded from central: https://repo.maven.apache.org/maven2/com/google/inject/guice/5.1.0/guice-5.1.0.pom (8.9 kB at 286 kB/s)
[INFO] Downloading from central: https://repo.maven.apache.org/maven2/com/google/inject/guice-parent/5.1.0/guice-parent-5.1.0.pom
[INFO] Downloaded from central: https://repo.maven.apache.org/maven2/com/google/inject/guice-parent/5.1.0/guice-parent-5.1.0.pom (18 kB at 555 kB/s)
[INFO] Downloading from central: https://repo.maven.apache.org/maven2/com/google/google/5/google-5.pom
[INFO] Downloaded from central: https://repo.maven.apache.org/maven2/com/google/google/5/google-5.pom (2.5 kB at 79 kB/s)
[INFO] Downloading from central: https://repo.maven.apache.org/maven2/aopalliance/aopalliance/1.0/aopalliance-1.0.pom
[INFO] Downloaded from central: https://repo.maven.apache.org/maven2/aopalliance/aopalliance/1.0/aopalliance-1.0.pom (363 B at 3.6 kB/s)
[INFO] Downloading from central: https://repo.maven.apache.org/maven2/com/google/guava/guava/33.2.1-jre/guava-33.2.1-jre.pom
[INFO] Downloaded from central: https://repo.maven.apache.org/maven2/com/google/guava/guava/33.2.1-jre/guava-33.2.1-jre.pom (9.1 kB at 293 kB/s)
[INFO] Downloading from central: https://repo.maven.apache.org/maven2/com/google/guava/guava-parent/33.2.1-jre/guava-parent-33.2.1-jre.pom
[INFO] Downloaded from central: https://repo.maven.apache.org/maven2/com/google/guava/guava-parent/33.2.1-jre/guava-parent-33.2.1-jre.pom (19 kB at 162 kB/s)
[INFO] Downloading from central: https://repo.maven.apache.org/maven2/com/google/guava/failureaccess/1.0.1/failureaccess-1.0.1.pom
[INFO] Downloaded from central: https://repo.maven.apache.org/maven2/com/google/guava/failureaccess/1.0.1/failureaccess-1.0.1.pom (2.4 kB at 75 kB/s)
[INFO] Downloading from central: https://repo.maven.apache.org/maven2/com/google/guava/guava-parent/26.0-android/guava-parent-26.0-android.pom
[INFO] Downloaded from central: https://repo.maven.apache.org/maven2/com/google/guava/guava-parent/26.0-android/guava-parent-26.0-android.pom (10 kB at 318 kB/s)
[INFO] Downloading from central: https://repo.maven.apache.org/maven2/org/sonatype/oss/oss-parent/9/oss-parent-9.pom
[INFO] Downloaded from central: https://repo.maven.apache.org/maven2/org/sonatype/oss/oss-parent/9/oss-parent-9.pom (6.6 kB at 178 kB/s)
[INFO] Downloading from central: https://repo.maven.apache.org/maven2/org/codehaus/plexus/plexus-component-annotations/2.1.0/plexus-component-annotations-2.1.0.pom
[INFO] Downloaded from central: https://repo.maven.apache.org/maven2/org/codehaus/plexus/plexus-component-annotations/2.1.0/plexus-component-annotations-2.1.0.pom (750 B at 29 kB/s)
[INFO] Downloading from central: https://repo.maven.apache.org/maven2/org/codehaus/plexus/plexus-containers/2.1.0/plexus-containers-2.1.0.pom
[INFO] Downloaded from central: https://repo.maven.apache.org/maven2/org/codehaus/plexus/plexus-containers/2.1.0/plexus-containers-2.1.0.pom (4.8 kB at 166 kB/s)
[INFO] Downloading from central: https://repo.maven.apache.org/maven2/javax/annotation/javax.annotation-api/1.3.2/javax.annotation-api-1.3.2.pom
[INFO] Downloaded from central: https://repo.maven.apache.org/maven2/javax/annotation/javax.annotation-api/1.3.2/javax.annotation-api-1.3.2.pom (14 kB at 439 kB/s)
[INFO] Downloading from central: https://repo.maven.apache.org/maven2/net/java/jvnet-parent/3/jvnet-parent-3.pom
[INFO] Downloaded from central: https://repo.maven.apache.org/maven2/net/java/jvnet-parent/3/jvnet-parent-3.pom (4.8 kB at 84 kB/s)
[INFO] Downloading from central: https://repo.maven.apache.org/maven2/commons-cli/commons-cli/1.8.0/commons-cli-1.8.0.pom
[INFO] Downloaded from central: https://repo.maven.apache.org/maven2/commons-cli/commons-cli/1.8.0/commons-cli-1.8.0.pom (14 kB at 323 kB/s)
[INFO] Downloading from central: https://repo.maven.apache.org/maven2/org/apache/commons/commons-parent/70/commons-parent-70.pom
[INFO] Downloaded from central: https://repo.maven.apache.org/maven2/org/apache/commons/commons-parent/70/commons-parent-70.pom (77 kB at 1.6 MB/s)
[INFO] Downloading from central: https://repo.maven.apache.org/maven2/org/junit/junit-bom/5.11.0-M1/junit-bom-5.11.0-M1.pom
[INFO] Downloaded from central: https://repo.maven.apache.org/maven2/org/junit/junit-bom/5.11.0-M1/junit-bom-5.11.0-M1.pom (5.7 kB at 50 kB/s)
[INFO] Downloading from central: https://repo.maven.apache.org/maven2/io/quarkus/quarkus-core-deployment/3.15.1/quarkus-core-deployment-3.15.1.pom
[INFO] Downloaded from central: https://repo.maven.apache.org/maven2/io/quarkus/quarkus-core-deployment/3.15.1/quarkus-core-deployment-3.15.1.pom (11 kB at 308 kB/s)
[INFO] Downloading from central: https://repo.maven.apache.org/maven2/io/quarkus/quarkus-core-parent/3.15.1/quarkus-core-parent-3.15.1.pom
[INFO] Downloaded from central: https://repo.maven.apache.org/maven2/io/quarkus/quarkus-core-parent/3.15.1/quarkus-core-parent-3.15.1.pom (958 B at 25 kB/s)
[INFO] Downloading from central: https://repo.maven.apache.org/maven2/io/quarkus/quarkus-build-parent/3.15.1/quarkus-build-parent-3.15.1.pom
[INFO] Downloaded from central: https://repo.maven.apache.org/maven2/io/quarkus/quarkus-build-parent/3.15.1/quarkus-build-parent-3.15.1.pom (57 kB at 1.6 MB/s)
[INFO] Downloading from central: https://repo.maven.apache.org/maven2/io/quarkus/quarkus-project/3.15.1/quarkus-project-3.15.1.pom
[INFO] Downloaded from central: https://repo.maven.apache.org/maven2/io/quarkus/quarkus-project/3.15.1/quarkus-project-3.15.1.pom (15 kB at 515 kB/s)
[INFO] Downloading from central: https://repo.maven.apache.org/maven2/io/quarkus/quarkus-bom/3.15.1/quarkus-bom-3.15.1.pom
[INFO] Downloaded from central: https://repo.maven.apache.org/maven2/io/quarkus/quarkus-bom/3.15.1/quarkus-bom-3.15.1.pom (468 kB at 11 MB/s)
[INFO] Downloading from central: https://repo.maven.apache.org/maven2/org/aesh/readline/2.6/readline-2.6.pom
[INFO] Downloaded from central: https://repo.maven.apache.org/maven2/org/aesh/readline/2.6/readline-2.6.pom (4.6 kB at 141 kB/s)
[INFO] Downloading from central: https://repo.maven.apache.org/maven2/org/aesh/readline-all/2.6/readline-all-2.6.pom
[INFO] Downloaded from central: https://repo.maven.apache.org/maven2/org/aesh/readline-all/2.6/readline-all-2.6.pom (4.5 kB at 141 kB/s)
[INFO] Downloading from central: https://repo.maven.apache.org/maven2/org/jboss/jboss-parent/19/jboss-parent-19.pom
[INFO] Downloaded from central: https://repo.maven.apache.org/maven2/org/jboss/jboss-parent/19/jboss-parent-19.pom (32 kB at 270 kB/s)
[INFO] Downloading from central: https://repo.maven.apache.org/maven2/org/fusesource/jansi/jansi/2.4.0/jansi-2.4.0.pom
[INFO] Downloaded from central: https://repo.maven.apache.org/maven2/org/fusesource/jansi/jansi/2.4.0/jansi-2.4.0.pom (14 kB at 115 kB/s)
[INFO] Downloading from central: https://repo.maven.apache.org/maven2/org/fusesource/fusesource-pom/1.12/fusesource-pom-1.12.pom
[INFO] Downloaded from central: https://repo.maven.apache.org/maven2/org/fusesource/fusesource-pom/1.12/fusesource-pom-1.12.pom (15 kB at 471 kB/s)
[INFO] Downloading from central: https://repo.maven.apache.org/maven2/org/aesh/aesh/2.8.2/aesh-2.8.2.pom
[INFO] Downloaded from central: https://repo.maven.apache.org/maven2/org/aesh/aesh/2.8.2/aesh-2.8.2.pom (5.0 kB at 165 kB/s)
[INFO] Downloading from central: https://repo.maven.apache.org/maven2/org/aesh/aesh-all/2.8.2/aesh-all-2.8.2.pom
[INFO] Downloaded from central: https://repo.maven.apache.org/maven2/org/aesh/aesh-all/2.8.2/aesh-all-2.8.2.pom (4.0 kB at 133 kB/s)
[INFO] Downloading from central: https://repo.maven.apache.org/maven2/org/wildfly/common/wildfly-common/1.7.0.Final/wildfly-common-1.7.0.Final.pom
[INFO] Downloaded from central: https://repo.maven.apache.org/maven2/org/wildfly/common/wildfly-common/1.7.0.Final/wildfly-common-1.7.0.Final.pom (6.1 kB at 174 kB/s)
[INFO] Downloading from central: https://repo.maven.apache.org/maven2/org/jboss/jboss-parent/40/jboss-parent-40.pom
[INFO] Downloaded from central: https://repo.maven.apache.org/maven2/org/jboss/jboss-parent/40/jboss-parent-40.pom (76 kB at 2.1 MB/s)
[INFO] Downloading from central: https://repo.maven.apache.org/maven2/io/quarkus/gizmo/gizmo/1.8.0/gizmo-1.8.0.pom
[INFO] Downloaded from central: https://repo.maven.apache.org/maven2/io/quarkus/gizmo/gizmo/1.8.0/gizmo-1.8.0.pom (11 kB at 226 kB/s)
[INFO] Downloading from central: https://repo.maven.apache.org/maven2/org/jboss/jboss-parent/41/jboss-parent-41.pom
[INFO] Downloaded from central: https://repo.maven.apache.org/maven2/org/jboss/jboss-parent/41/jboss-parent-41.pom (75 kB at 1.9 MB/s)
[INFO] Downloading from central: https://repo.maven.apache.org/maven2/org/ow2/asm/asm/9.7/asm-9.7.pom
[INFO] Downloaded from central: https://repo.maven.apache.org/maven2/org/ow2/asm/asm/9.7/asm-9.7.pom (2.4 kB at 70 kB/s)
[INFO] Downloading from central: https://repo.maven.apache.org/maven2/org/ow2/ow2/1.5.1/ow2-1.5.1.pom
[INFO] Downloaded from central: https://repo.maven.apache.org/maven2/org/ow2/ow2/1.5.1/ow2-1.5.1.pom (11 kB at 332 kB/s)
[INFO] Downloading from central: https://repo.maven.apache.org/maven2/org/ow2/asm/asm-util/9.7/asm-util-9.7.pom
[INFO] Downloaded from central: https://repo.maven.apache.org/maven2/org/ow2/asm/asm-util/9.7/asm-util-9.7.pom (2.9 kB at 25 kB/s)
[INFO] Downloading from central: https://repo.maven.apache.org/maven2/org/ow2/asm/asm-tree/9.7/asm-tree-9.7.pom
[INFO] Downloaded from central: https://repo.maven.apache.org/maven2/org/ow2/asm/asm-tree/9.7/asm-tree-9.7.pom (2.6 kB at 79 kB/s)
[INFO] Downloading from central: https://repo.maven.apache.org/maven2/org/ow2/asm/asm-analysis/9.7/asm-analysis-9.7.pom
[INFO] Downloaded from central: https://repo.maven.apache.org/maven2/org/ow2/asm/asm-analysis/9.7/asm-analysis-9.7.pom (2.6 kB at 77 kB/s)
[INFO] Downloading from central: https://repo.maven.apache.org/maven2/io/smallrye/jandex/3.2.2/jandex-3.2.2.pom
[INFO] Downloaded from central: https://repo.maven.apache.org/maven2/io/smallrye/jandex/3.2.2/jandex-3.2.2.pom (7.0 kB at 218 kB/s)
[INFO] Downloading from central: https://repo.maven.apache.org/maven2/io/smallrye/jandex-parent/3.2.2/jandex-parent-3.2.2.pom
[INFO] Downloaded from central: https://repo.maven.apache.org/maven2/io/smallrye/jandex-parent/3.2.2/jandex-parent-3.2.2.pom (7.3 kB at 242 kB/s)
[INFO] Downloading from central: https://repo.maven.apache.org/maven2/org/ow2/asm/asm-commons/9.7/asm-commons-9.7.pom
[INFO] Downloaded from central: https://repo.maven.apache.org/maven2/org/ow2/asm/asm-commons/9.7/asm-commons-9.7.pom (2.8 kB at 73 kB/s)
[INFO] Downloading from central: https://repo.maven.apache.org/maven2/io/quarkus/quarkus-development-mode-spi/3.15.1/quarkus-development-mode-spi-3.15.1.pom
[INFO] Downloaded from central: https://repo.maven.apache.org/maven2/io/quarkus/quarkus-development-mode-spi/3.15.1/quarkus-development-mode-spi-3.15.1.pom (753 B at 26 kB/s)
[INFO] Downloading from central: https://repo.maven.apache.org/maven2/io/quarkus/quarkus-hibernate-validator-spi/3.15.1/quarkus-hibernate-validator-spi-3.15.1.pom
[INFO] Downloaded from central: https://repo.maven.apache.org/maven2/io/quarkus/quarkus-hibernate-validator-spi/3.15.1/quarkus-hibernate-validator-spi-3.15.1.pom (1.0 kB at 31 kB/s)
[INFO] Downloading from central: https://repo.maven.apache.org/maven2/io/quarkus/quarkus-hibernate-validator-parent/3.15.1/quarkus-hibernate-validator-parent-3.15.1.pom
[INFO] Downloaded from central: https://repo.maven.apache.org/maven2/io/quarkus/quarkus-hibernate-validator-parent/3.15.1/quarkus-hibernate-validator-parent-3.15.1.pom (789 B at 7.3 kB/s)
[INFO] Downloading from central: https://repo.maven.apache.org/maven2/io/quarkus/quarkus-extensions-parent/3.15.1/quarkus-extensions-parent-3.15.1.pom
[INFO] Downloaded from central: https://repo.maven.apache.org/maven2/io/quarkus/quarkus-extensions-parent/3.15.1/quarkus-extensions-parent-3.15.1.pom (9.1 kB at 75 kB/s)
[INFO] Downloading from central: https://repo.maven.apache.org/maven2/io/quarkus/quarkus-builder/3.15.1/quarkus-builder-3.15.1.pom
[INFO] Downloaded from central: https://repo.maven.apache.org/maven2/io/quarkus/quarkus-builder/3.15.1/quarkus-builder-3.15.1.pom (2.4 kB at 70 kB/s)
[INFO] Downloading from central: https://repo.maven.apache.org/maven2/org/jboss/threads/jboss-threads/3.6.1.Final/jboss-threads-3.6.1.Final.pom
[INFO] Downloaded from central: https://repo.maven.apache.org/maven2/org/jboss/threads/jboss-threads/3.6.1.Final/jboss-threads-3.6.1.Final.pom (6.7 kB at 208 kB/s)
[INFO] Downloading from central: https://repo.maven.apache.org/maven2/org/jboss/jboss-parent/43/jboss-parent-43.pom
[INFO] Downloaded from central: https://repo.maven.apache.org/maven2/org/jboss/jboss-parent/43/jboss-parent-43.pom (75 kB at 2.2 MB/s)
[INFO] Downloading from central: https://repo.maven.apache.org/maven2/io/quarkus/quarkus-class-change-agent/3.15.1/quarkus-class-change-agent-3.15.1.pom
[INFO] Downloaded from central: https://repo.maven.apache.org/maven2/io/quarkus/quarkus-class-change-agent/3.15.1/quarkus-class-change-agent-3.15.1.pom (1.8 kB at 57 kB/s)
[INFO] Downloading from central: https://repo.maven.apache.org/maven2/io/quarkus/quarkus-devtools-utilities/3.15.1/quarkus-devtools-utilities-3.15.1.pom
[INFO] Downloaded from central: https://repo.maven.apache.org/maven2/io/quarkus/quarkus-devtools-utilities/3.15.1/quarkus-devtools-utilities-3.15.1.pom (578 B at 21 kB/s)
[INFO] Downloading from central: https://repo.maven.apache.org/maven2/io/quarkus/quarkus-tools-parent/3.15.1/quarkus-tools-parent-3.15.1.pom
[INFO] Downloaded from central: https://repo.maven.apache.org/maven2/io/quarkus/quarkus-tools-parent/3.15.1/quarkus-tools-parent-3.15.1.pom (16 kB at 524 kB/s)
[INFO] Downloading from central: https://repo.maven.apache.org/maven2/com/fasterxml/jackson/jackson-bom/2.17.2/jackson-bom-2.17.2.pom
[INFO] Downloaded from central: https://repo.maven.apache.org/maven2/com/fasterxml/jackson/jackson-bom/2.17.2/jackson-bom-2.17.2.pom (19 kB at 505 kB/s)
[INFO] Downloading from central: https://repo.maven.apache.org/maven2/com/fasterxml/jackson/jackson-parent/2.17/jackson-parent-2.17.pom
[INFO] Downloaded from central: https://repo.maven.apache.org/maven2/com/fasterxml/jackson/jackson-parent/2.17/jackson-parent-2.17.pom (6.5 kB at 192 kB/s)
[INFO] Downloading from central: https://repo.maven.apache.org/maven2/com/fasterxml/oss-parent/58/oss-parent-58.pom
[INFO] Downloaded from central: https://repo.maven.apache.org/maven2/com/fasterxml/oss-parent/58/oss-parent-58.pom (24 kB at 358 kB/s)
[INFO] Downloading from central: https://repo.maven.apache.org/maven2/org/mockito/mockito-bom/5.12.0/mockito-bom-5.12.0.pom
[INFO] Downloaded from central: https://repo.maven.apache.org/maven2/org/mockito/mockito-bom/5.12.0/mockito-bom-5.12.0.pom (3.0 kB at 72 kB/s)
[INFO] Downloading from central: https://repo.maven.apache.org/maven2/io/quarkus/quarkus-core/3.15.1/quarkus-core-3.15.1.pom
[INFO] Downloaded from central: https://repo.maven.apache.org/maven2/io/quarkus/quarkus-core/3.15.1/quarkus-core-3.15.1.pom (19 kB at 155 kB/s)
[INFO] Downloading from central: https://repo.maven.apache.org/maven2/jakarta/annotation/jakarta.annotation-api/3.0.0/jakarta.annotation-api-3.0.0.pom
[INFO] Downloaded from central: https://repo.maven.apache.org/maven2/jakarta/annotation/jakarta.annotation-api/3.0.0/jakarta.annotation-api-3.0.0.pom (15 kB at 444 kB/s)
[INFO] Downloading from central: https://repo.maven.apache.org/maven2/jakarta/enterprise/jakarta.enterprise.cdi-api/4.1.0/jakarta.enterprise.cdi-api-4.1.0.pom
[INFO] Downloaded from central: https://repo.maven.apache.org/maven2/jakarta/enterprise/jakarta.enterprise.cdi-api/4.1.0/jakarta.enterprise.cdi-api-4.1.0.pom (12 kB at 343 kB/s)
[INFO] Downloading from central: https://repo.maven.apache.org/maven2/jakarta/enterprise/jakarta.enterprise.cdi-parent/4.1.0/jakarta.enterprise.cdi-parent-4.1.0.pom
[INFO] Downloaded from central: https://repo.maven.apache.org/maven2/jakarta/enterprise/jakarta.enterprise.cdi-parent/4.1.0/jakarta.enterprise.cdi-parent-4.1.0.pom (8.2 kB at 194 kB/s)
[INFO] Downloading from central: https://repo.maven.apache.org/maven2/jakarta/enterprise/jakarta.enterprise.lang-model/4.1.0/jakarta.enterprise.lang-model-4.1.0.pom
[INFO] Downloaded from central: https://repo.maven.apache.org/maven2/jakarta/enterprise/jakarta.enterprise.lang-model/4.1.0/jakarta.enterprise.lang-model-4.1.0.pom (3.8 kB at 111 kB/s)
[INFO] Downloading from central: https://repo.maven.apache.org/maven2/jakarta/el/jakarta.el-api/5.0.1/jakarta.el-api-5.0.1.pom
[INFO] Downloaded from central: https://repo.maven.apache.org/maven2/jakarta/el/jakarta.el-api/5.0.1/jakarta.el-api-5.0.1.pom (12 kB at 340 kB/s)
[INFO] Downloading from central: https://repo.maven.apache.org/maven2/org/eclipse/ee4j/project/1.0.6/project-1.0.6.pom
[INFO] Downloaded from central: https://repo.maven.apache.org/maven2/org/eclipse/ee4j/project/1.0.6/project-1.0.6.pom (13 kB at 430 kB/s)
[INFO] Downloading from central: https://repo.maven.apache.org/maven2/jakarta/interceptor/jakarta.interceptor-api/2.2.0/jakarta.interceptor-api-2.2.0.pom
[INFO] Downloaded from central: https://repo.maven.apache.org/maven2/jakarta/interceptor/jakarta.interceptor-api/2.2.0/jakarta.interceptor-api-2.2.0.pom (2.6 kB at 25 kB/s)
[INFO] Downloading from central: https://repo.maven.apache.org/maven2/jakarta/inject/jakarta.inject-api/2.0.1/jakarta.inject-api-2.0.1.pom
[INFO] Downloaded from central: https://repo.maven.apache.org/maven2/jakarta/inject/jakarta.inject-api/2.0.1/jakarta.inject-api-2.0.1.pom (5.9 kB at 47 kB/s)
[INFO] Downloading from central: https://repo.maven.apache.org/maven2/io/smallrye/config/smallrye-config/3.9.1/smallrye-config-3.9.1.pom
[INFO] Downloaded from central: https://repo.maven.apache.org/maven2/io/smallrye/config/smallrye-config/3.9.1/smallrye-config-3.9.1.pom (4.2 kB at 135 kB/s)
[INFO] Downloading from central: https://repo.maven.apache.org/maven2/io/smallrye/config/smallrye-config-parent/3.9.1/smallrye-config-parent-3.9.1.pom
[INFO] Downloaded from central: https://repo.maven.apache.org/maven2/io/smallrye/config/smallrye-config-parent/3.9.1/smallrye-config-parent-3.9.1.pom (5.7 kB at 162 kB/s)
[INFO] Downloading from central: https://repo.maven.apache.org/maven2/io/smallrye/testing/smallrye-testing-bom/2.3.0/smallrye-testing-bom-2.3.0.pom
[INFO] Downloaded from central: https://repo.maven.apache.org/maven2/io/smallrye/testing/smallrye-testing-bom/2.3.0/smallrye-testing-bom-2.3.0.pom (4.5 kB at 154 kB/s)
[INFO] Downloading from central: https://repo.maven.apache.org/maven2/io/smallrye/testing/smallrye-testing-parent/2.3.0/smallrye-testing-parent-2.3.0.pom
[INFO] Downloaded from central: https://repo.maven.apache.org/maven2/io/smallrye/testing/smallrye-testing-parent/2.3.0/smallrye-testing-parent-2.3.0.pom (3.3 kB at 78 kB/s)
[INFO] Downloading from central: https://repo.maven.apache.org/maven2/io/smallrye/smallrye-parent/39/smallrye-parent-39.pom
[INFO] Downloaded from central: https://repo.maven.apache.org/maven2/io/smallrye/smallrye-parent/39/smallrye-parent-39.pom (6.0 kB at 208 kB/s)
[INFO] Downloading from central: https://repo.maven.apache.org/maven2/io/smallrye/smallrye-build-parent/39/smallrye-build-parent-39.pom
[INFO] Downloaded from central: https://repo.maven.apache.org/maven2/io/smallrye/smallrye-build-parent/39/smallrye-build-parent-39.pom (28 kB at 322 kB/s)
[INFO] Downloading from central: https://repo.maven.apache.org/maven2/io/smallrye/config/smallrye-config-core/3.9.1/smallrye-config-core-3.9.1.pom
[INFO] Downloaded from central: https://repo.maven.apache.org/maven2/io/smallrye/config/smallrye-config-core/3.9.1/smallrye-config-core-3.9.1.pom (4.1 kB at 142 kB/s)
[INFO] Downloading from central: https://repo.maven.apache.org/maven2/org/eclipse/microprofile/config/microprofile-config-api/3.1/microprofile-config-api-3.1.pom
[INFO] Downloaded from central: https://repo.maven.apache.org/maven2/org/eclipse/microprofile/config/microprofile-config-api/3.1/microprofile-config-api-3.1.pom (1.7 kB at 43 kB/s)
[INFO] Downloading from central: https://repo.maven.apache.org/maven2/org/eclipse/microprofile/config/microprofile-config-parent/3.1/microprofile-config-parent-3.1.pom
[INFO] Downloaded from central: https://repo.maven.apache.org/maven2/org/eclipse/microprofile/config/microprofile-config-parent/3.1/microprofile-config-parent-3.1.pom (4.2 kB at 146 kB/s)
[INFO] Downloading from central: https://repo.maven.apache.org/maven2/org/eclipse/microprofile/microprofile-parent/2.8/microprofile-parent-2.8.pom
[INFO] Downloaded from central: https://repo.maven.apache.org/maven2/org/eclipse/microprofile/microprofile-parent/2.8/microprofile-parent-2.8.pom (50 kB at 1.5 MB/s)
[INFO] Downloading from central: https://repo.maven.apache.org/maven2/io/smallrye/common/smallrye-common-annotation/2.6.0/smallrye-common-annotation-2.6.0.pom
[INFO] Downloaded from central: https://repo.maven.apache.org/maven2/io/smallrye/common/smallrye-common-annotation/2.6.0/smallrye-common-annotation-2.6.0.pom (2.1 kB at 19 kB/s)
[INFO] Downloading from central: https://repo.maven.apache.org/maven2/io/smallrye/common/smallrye-common-classloader/2.6.0/smallrye-common-classloader-2.6.0.pom
[INFO] Downloaded from central: https://repo.maven.apache.org/maven2/io/smallrye/common/smallrye-common-classloader/2.6.0/smallrye-common-classloader-2.6.0.pom (2.4 kB at 82 kB/s)
[INFO] Downloading from central: https://repo.maven.apache.org/maven2/io/smallrye/config/smallrye-config-common/3.9.1/smallrye-config-common-3.9.1.pom
[INFO] Downloaded from central: https://repo.maven.apache.org/maven2/io/smallrye/config/smallrye-config-common/3.9.1/smallrye-config-common-3.9.1.pom (1.1 kB at 35 kB/s)
[INFO] Downloading from central: https://repo.maven.apache.org/maven2/org/jboss/logging/jboss-logging-annotations/3.0.1.Final/jboss-logging-annotations-3.0.1.Final.pom
[INFO] Downloaded from central: https://repo.maven.apache.org/maven2/org/jboss/logging/jboss-logging-annotations/3.0.1.Final/jboss-logging-annotations-3.0.1.Final.pom (1.8 kB at 62 kB/s)
[INFO] Downloading from central: https://repo.maven.apache.org/maven2/org/jboss/logging/jboss-logging-tools-parent/3.0.1.Final/jboss-logging-tools-parent-3.0.1.Final.pom
[INFO] Downloaded from central: https://repo.maven.apache.org/maven2/org/jboss/logging/jboss-logging-tools-parent/3.0.1.Final/jboss-logging-tools-parent-3.0.1.Final.pom (7.0 kB at 234 kB/s)
[INFO] Downloading from central: https://repo.maven.apache.org/maven2/io/quarkus/quarkus-bootstrap-runner/3.15.1/quarkus-bootstrap-runner-3.15.1.pom
[INFO] Downloaded from central: https://repo.maven.apache.org/maven2/io/quarkus/quarkus-bootstrap-runner/3.15.1/quarkus-bootstrap-runner-3.15.1.pom (3.6 kB at 103 kB/s)
[INFO] Downloading from central: https://repo.maven.apache.org/maven2/io/github/crac/org-crac/0.1.3/org-crac-0.1.3.pom
[INFO] Downloaded from central: https://repo.maven.apache.org/maven2/io/github/crac/org-crac/0.1.3/org-crac-0.1.3.pom (3.2 kB at 93 kB/s)
[INFO] Downloading from central: https://repo.maven.apache.org/maven2/org/graalvm/sdk/nativeimage/23.1.2/nativeimage-23.1.2.pom
[INFO] Downloaded from central: https://repo.maven.apache.org/maven2/org/graalvm/sdk/nativeimage/23.1.2/nativeimage-23.1.2.pom (1.4 kB at 47 kB/s)
[INFO] Downloading from central: https://repo.maven.apache.org/maven2/org/graalvm/sdk/word/23.1.2/word-23.1.2.pom
[INFO] Downloaded from central: https://repo.maven.apache.org/maven2/org/graalvm/sdk/word/23.1.2/word-23.1.2.pom (1.2 kB at 11 kB/s)
[INFO] Downloading from central: https://repo.maven.apache.org/maven2/org/junit/platform/junit-platform-launcher/1.10.3/junit-platform-launcher-1.10.3.pom
[INFO] Downloaded from central: https://repo.maven.apache.org/maven2/org/junit/platform/junit-platform-launcher/1.10.3/junit-platform-launcher-1.10.3.pom (3.0 kB at 89 kB/s)
[INFO] Downloading from central: https://repo.maven.apache.org/maven2/org/junit/platform/junit-platform-engine/1.10.3/junit-platform-engine-1.10.3.pom
[INFO] Downloaded from central: https://repo.maven.apache.org/maven2/org/junit/platform/junit-platform-engine/1.10.3/junit-platform-engine-1.10.3.pom (3.2 kB at 26 kB/s)
[INFO] Downloading from central: https://repo.maven.apache.org/maven2/org/opentest4j/opentest4j/1.3.0/opentest4j-1.3.0.pom
[INFO] Downloaded from central: https://repo.maven.apache.org/maven2/org/opentest4j/opentest4j/1.3.0/opentest4j-1.3.0.pom (2.0 kB at 68 kB/s)
[INFO] Downloading from central: https://repo.maven.apache.org/maven2/org/junit/platform/junit-platform-commons/1.10.3/junit-platform-commons-1.10.3.pom
[INFO] Downloaded from central: https://repo.maven.apache.org/maven2/org/junit/platform/junit-platform-commons/1.10.3/junit-platform-commons-1.10.3.pom (2.8 kB at 94 kB/s)
[INFO] Downloading from central: https://repo.maven.apache.org/maven2/org/apiguardian/apiguardian-api/1.1.2/apiguardian-api-1.1.2.pom
[INFO] Downloaded from central: https://repo.maven.apache.org/maven2/org/apiguardian/apiguardian-api/1.1.2/apiguardian-api-1.1.2.pom (1.5 kB at 39 kB/s)
[INFO] Downloading from central: https://repo.maven.apache.org/maven2/org/junit/jupiter/junit-jupiter/5.10.3/junit-jupiter-5.10.3.pom
[INFO] Downloaded from central: https://repo.maven.apache.org/maven2/org/junit/jupiter/junit-jupiter/5.10.3/junit-jupiter-5.10.3.pom (3.2 kB at 92 kB/s)
[INFO] Downloading from central: https://repo.maven.apache.org/maven2/org/junit/jupiter/junit-jupiter-api/5.10.3/junit-jupiter-api-5.10.3.pom
[INFO] Downloaded from central: https://repo.maven.apache.org/maven2/org/junit/jupiter/junit-jupiter-api/5.10.3/junit-jupiter-api-5.10.3.pom (3.2 kB at 106 kB/s)
[INFO] Downloading from central: https://repo.maven.apache.org/maven2/org/junit/jupiter/junit-jupiter-params/5.10.3/junit-jupiter-params-5.10.3.pom
[INFO] Downloaded from central: https://repo.maven.apache.org/maven2/org/junit/jupiter/junit-jupiter-params/5.10.3/junit-jupiter-params-5.10.3.pom (3.0 kB at 86 kB/s)
[INFO] Downloading from central: https://repo.maven.apache.org/maven2/org/junit/jupiter/junit-jupiter-engine/5.10.3/junit-jupiter-engine-5.10.3.pom
[INFO] Downloaded from central: https://repo.maven.apache.org/maven2/org/junit/jupiter/junit-jupiter-engine/5.10.3/junit-jupiter-engine-5.10.3.pom (3.2 kB at 94 kB/s)
[INFO] Downloading from central: https://repo.maven.apache.org/maven2/io/quarkus/quarkus-project-core-extension-codestarts/3.15.1/quarkus-project-core-extension-codestarts-3.15.1.pom
[INFO] Downloaded from central: https://repo.maven.apache.org/maven2/io/quarkus/quarkus-project-core-extension-codestarts/3.15.1/quarkus-project-core-extension-codestarts-3.15.1.pom (3.6 kB at 110 kB/s)
[INFO] Downloading from central: https://repo.maven.apache.org/maven2/io/quarkus/quarkus-devtools-all/3.15.1/quarkus-devtools-all-3.15.1.pom
[INFO] Downloaded from central: https://repo.maven.apache.org/maven2/io/quarkus/quarkus-devtools-all/3.15.1/quarkus-devtools-all-3.15.1.pom (1.0 kB at 34 kB/s)
[INFO] Downloading from central: https://repo.maven.apache.org/maven2/io/quarkus/quarkus-devtools-common/3.15.1/quarkus-devtools-common-3.15.1.pom
[INFO] Downloaded from central: https://repo.maven.apache.org/maven2/io/quarkus/quarkus-devtools-common/3.15.1/quarkus-devtools-common-3.15.1.pom (5.0 kB at 155 kB/s)
[INFO] Downloading from central: https://repo.maven.apache.org/maven2/io/quarkus/quarkus-devtools-registry-client/3.15.1/quarkus-devtools-registry-client-3.15.1.pom
[INFO] Downloaded from central: https://repo.maven.apache.org/maven2/io/quarkus/quarkus-devtools-registry-client/3.15.1/quarkus-devtools-registry-client-3.15.1.pom (2.2 kB at 22 kB/s)
[INFO] Downloading from central: https://repo.maven.apache.org/maven2/io/quarkus/quarkus-devtools-message-writer/3.15.1/quarkus-devtools-message-writer-3.15.1.pom
[INFO] Downloaded from central: https://repo.maven.apache.org/maven2/io/quarkus/quarkus-devtools-message-writer/3.15.1/quarkus-devtools-message-writer-3.15.1.pom (771 B at 26 kB/s)
[INFO] Downloading from central: https://repo.maven.apache.org/maven2/com/fasterxml/jackson/core/jackson-databind/2.17.2/jackson-databind-2.17.2.pom
[INFO] Downloaded from central: https://repo.maven.apache.org/maven2/com/fasterxml/jackson/core/jackson-databind/2.17.2/jackson-databind-2.17.2.pom (21 kB at 519 kB/s)
[INFO] Downloading from central: https://repo.maven.apache.org/maven2/com/fasterxml/jackson/jackson-base/2.17.2/jackson-base-2.17.2.pom
[INFO] Downloaded from central: https://repo.maven.apache.org/maven2/com/fasterxml/jackson/jackson-base/2.17.2/jackson-base-2.17.2.pom (12 kB at 368 kB/s)
[INFO] Downloading from central: https://repo.maven.apache.org/maven2/com/fasterxml/jackson/core/jackson-annotations/2.17.2/jackson-annotations-2.17.2.pom
[INFO] Downloaded from central: https://repo.maven.apache.org/maven2/com/fasterxml/jackson/core/jackson-annotations/2.17.2/jackson-annotations-2.17.2.pom (7.1 kB at 261 kB/s)
[INFO] Downloading from central: https://repo.maven.apache.org/maven2/com/fasterxml/jackson/core/jackson-core/2.17.2/jackson-core-2.17.2.pom
[INFO] Downloaded from central: https://repo.maven.apache.org/maven2/com/fasterxml/jackson/core/jackson-core/2.17.2/jackson-core-2.17.2.pom (9.6 kB at 321 kB/s)
[INFO] Downloading from central: https://repo.maven.apache.org/maven2/com/fasterxml/jackson/dataformat/jackson-dataformat-yaml/2.17.2/jackson-dataformat-yaml-2.17.2.pom
[INFO] Downloaded from central: https://repo.maven.apache.org/maven2/com/fasterxml/jackson/dataformat/jackson-dataformat-yaml/2.17.2/jackson-dataformat-yaml-2.17.2.pom (2.6 kB at 97 kB/s)
[INFO] Downloading from central: https://repo.maven.apache.org/maven2/com/fasterxml/jackson/dataformat/jackson-dataformats-text/2.17.2/jackson-dataformats-text-2.17.2.pom
[INFO] Downloaded from central: https://repo.maven.apache.org/maven2/com/fasterxml/jackson/dataformat/jackson-dataformats-text/2.17.2/jackson-dataformats-text-2.17.2.pom (3.5 kB at 145 kB/s)
[INFO] Downloading from central: https://repo.maven.apache.org/maven2/org/yaml/snakeyaml/2.2/snakeyaml-2.2.pom
[INFO] Downloaded from central: https://repo.maven.apache.org/maven2/org/yaml/snakeyaml/2.2/snakeyaml-2.2.pom (21 kB at 545 kB/s)
[INFO] Downloading from central: https://repo.maven.apache.org/maven2/org/apache/maven/resolver/maven-resolver-api/1.9.22/maven-resolver-api-1.9.22.pom
[INFO] Downloaded from central: https://repo.maven.apache.org/maven2/org/apache/maven/resolver/maven-resolver-api/1.9.22/maven-resolver-api-1.9.22.pom (2.2 kB at 20 kB/s)
[INFO] Downloading from central: https://repo.maven.apache.org/maven2/org/apache/maven/resolver/maven-resolver/1.9.22/maven-resolver-1.9.22.pom
[INFO] Downloaded from central: https://repo.maven.apache.org/maven2/org/apache/maven/resolver/maven-resolver/1.9.22/maven-resolver-1.9.22.pom (23 kB at 220 kB/s)
[INFO] Downloading from central: https://repo.maven.apache.org/maven2/org/apache/maven/resolver/maven-resolver-spi/1.9.22/maven-resolver-spi-1.9.22.pom
[INFO] Downloaded from central: https://repo.maven.apache.org/maven2/org/apache/maven/resolver/maven-resolver-spi/1.9.22/maven-resolver-spi-1.9.22.pom (2.1 kB at 74 kB/s)
[INFO] Downloading from central: https://repo.maven.apache.org/maven2/org/apache/maven/resolver/maven-resolver-util/1.9.22/maven-resolver-util-1.9.22.pom
[INFO] Downloaded from central: https://repo.maven.apache.org/maven2/org/apache/maven/resolver/maven-resolver-util/1.9.22/maven-resolver-util-1.9.22.pom (2.2 kB at 83 kB/s)
[INFO] Downloading from central: https://repo.maven.apache.org/maven2/org/apache/maven/resolver/maven-resolver-impl/1.9.22/maven-resolver-impl-1.9.22.pom
[INFO] Downloaded from central: https://repo.maven.apache.org/maven2/org/apache/maven/resolver/maven-resolver-impl/1.9.22/maven-resolver-impl-1.9.22.pom (4.2 kB at 149 kB/s)
[INFO] Downloading from central: https://repo.maven.apache.org/maven2/org/apache/maven/resolver/maven-resolver-named-locks/1.9.22/maven-resolver-named-locks-1.9.22.pom
[INFO] Downloaded from central: https://repo.maven.apache.org/maven2/org/apache/maven/resolver/maven-resolver-named-locks/1.9.22/maven-resolver-named-locks-1.9.22.pom (2.6 kB at 89 kB/s)
[INFO] Downloading from central: https://repo.maven.apache.org/maven2/org/apache/maven/resolver/maven-resolver-transport-http/1.9.20/maven-resolver-transport-http-1.9.20.pom
[INFO] Downloaded from central: https://repo.maven.apache.org/maven2/org/apache/maven/resolver/maven-resolver-transport-http/1.9.20/maven-resolver-transport-http-1.9.20.pom (5.6 kB at 176 kB/s)
[INFO] Downloading from central: https://repo.maven.apache.org/maven2/org/apache/maven/resolver/maven-resolver/1.9.20/maven-resolver-1.9.20.pom
[INFO] Downloaded from central: https://repo.maven.apache.org/maven2/org/apache/maven/resolver/maven-resolver/1.9.20/maven-resolver-1.9.20.pom (22 kB at 395 kB/s)
[INFO] Downloading from central: https://repo.maven.apache.org/maven2/org/apache/maven/resolver/maven-resolver-transport-wagon/1.9.22/maven-resolver-transport-wagon-1.9.22.pom
[INFO] Downloaded from central: https://repo.maven.apache.org/maven2/org/apache/maven/resolver/maven-resolver-transport-wagon/1.9.22/maven-resolver-transport-wagon-1.9.22.pom (3.9 kB at 150 kB/s)
[INFO] Downloading from central: https://repo.maven.apache.org/maven2/org/apache/maven/wagon/wagon-provider-api/3.5.3/wagon-provider-api-3.5.3.pom
[INFO] Downloaded from central: https://repo.maven.apache.org/maven2/org/apache/maven/wagon/wagon-provider-api/3.5.3/wagon-provider-api-3.5.3.pom (1.9 kB at 68 kB/s)
[INFO] Downloading from central: https://repo.maven.apache.org/maven2/org/apache/maven/wagon/wagon/3.5.3/wagon-3.5.3.pom
[INFO] Downloaded from central: https://repo.maven.apache.org/maven2/org/apache/maven/wagon/wagon/3.5.3/wagon-3.5.3.pom (21 kB at 785 kB/s)
[INFO] Downloading from central: https://repo.maven.apache.org/maven2/org/apache/maven/maven-parent/34/maven-parent-34.pom
[INFO] Downloaded from central: https://repo.maven.apache.org/maven2/org/apache/maven/maven-parent/34/maven-parent-34.pom (43 kB at 1.2 MB/s)
[INFO] Downloading from central: https://repo.maven.apache.org/maven2/org/apache/apache/23/apache-23.pom
[INFO] Downloaded from central: https://repo.maven.apache.org/maven2/org/apache/apache/23/apache-23.pom (18 kB at 709 kB/s)
[INFO] Downloading from central: https://repo.maven.apache.org/maven2/org/apache/maven/wagon/wagon-file/3.5.3/wagon-file-3.5.3.pom
[INFO] Downloaded from central: https://repo.maven.apache.org/maven2/org/apache/maven/wagon/wagon-file/3.5.3/wagon-file-3.5.3.pom (1.8 kB at 18 kB/s)
[INFO] Downloading from central: https://repo.maven.apache.org/maven2/org/apache/maven/wagon/wagon-providers/3.5.3/wagon-providers-3.5.3.pom
[INFO] Downloaded from central: https://repo.maven.apache.org/maven2/org/apache/maven/wagon/wagon-providers/3.5.3/wagon-providers-3.5.3.pom (3.1 kB at 73 kB/s)
[INFO] Downloading from central: https://repo.maven.apache.org/maven2/org/apache/maven/wagon/wagon-http/3.5.3/wagon-http-3.5.3.pom
[INFO] Downloaded from central: https://repo.maven.apache.org/maven2/org/apache/maven/wagon/wagon-http/3.5.3/wagon-http-3.5.3.pom (6.1 kB at 180 kB/s)
[INFO] Downloading from central: https://repo.maven.apache.org/maven2/org/apache/maven/wagon/wagon-http-shared/3.5.3/wagon-http-shared-3.5.3.pom
[INFO] Downloaded from central: https://repo.maven.apache.org/maven2/org/apache/maven/wagon/wagon-http-shared/3.5.3/wagon-http-shared-3.5.3.pom (2.5 kB at 82 kB/s)
[INFO] Downloading from central: https://repo.maven.apache.org/maven2/io/quarkus/quarkus-devtools-base-codestarts/3.15.1/quarkus-devtools-base-codestarts-3.15.1.pom
[INFO] Downloaded from central: https://repo.maven.apache.org/maven2/io/quarkus/quarkus-devtools-base-codestarts/3.15.1/quarkus-devtools-base-codestarts-3.15.1.pom (905 B at 21 kB/s)
[INFO] Downloading from central: https://repo.maven.apache.org/maven2/io/quarkus/quarkus-devtools-codestarts/3.15.1/quarkus-devtools-codestarts-3.15.1.pom
[INFO] Downloaded from central: https://repo.maven.apache.org/maven2/io/quarkus/quarkus-devtools-codestarts/3.15.1/quarkus-devtools-codestarts-3.15.1.pom (2.3 kB at 92 kB/s)
[INFO] Downloading from central: https://repo.maven.apache.org/maven2/io/quarkus/qute/qute-core/3.15.1/qute-core-3.15.1.pom
[INFO] Downloaded from central: https://repo.maven.apache.org/maven2/io/quarkus/qute/qute-core/3.15.1/qute-core-3.15.1.pom (1.2 kB at 40 kB/s)
[INFO] Downloading from central: https://repo.maven.apache.org/maven2/io/quarkus/qute/qute-parent/3.15.1/qute-parent-3.15.1.pom
[INFO] Downloaded from central: https://repo.maven.apache.org/maven2/io/quarkus/qute/qute-parent/3.15.1/qute-parent-3.15.1.pom (12 kB at 418 kB/s)
[INFO] Downloading from central: https://repo.maven.apache.org/maven2/io/smallrye/reactive/mutiny/2.6.2/mutiny-2.6.2.pom
[INFO] Downloaded from central: https://repo.maven.apache.org/maven2/io/smallrye/reactive/mutiny/2.6.2/mutiny-2.6.2.pom (8.3 kB at 69 kB/s)
[INFO] Downloading from central: https://repo.maven.apache.org/maven2/io/smallrye/reactive/mutiny-project/2.6.2/mutiny-project-2.6.2.pom
[INFO] Downloaded from central: https://repo.maven.apache.org/maven2/io/smallrye/reactive/mutiny-project/2.6.2/mutiny-project-2.6.2.pom (26 kB at 800 kB/s)
[INFO] Downloading from central: https://repo.maven.apache.org/maven2/org/jctools/jctools-core/4.0.5/jctools-core-4.0.5.pom
[INFO] Downloaded from central: https://repo.maven.apache.org/maven2/org/jctools/jctools-core/4.0.5/jctools-core-4.0.5.pom (9.5 kB at 82 kB/s)
[INFO] Downloading from central: https://repo.maven.apache.org/maven2/io/fabric8/maven-model-helper/37/maven-model-helper-37.pom
[INFO] Downloaded from central: https://repo.maven.apache.org/maven2/io/fabric8/maven-model-helper/37/maven-model-helper-37.pom (11 kB at 358 kB/s)
[INFO] Downloading from central: https://repo.maven.apache.org/maven2/org/jboss/jboss-parent/46/jboss-parent-46.pom
[INFO] Downloaded from central: https://repo.maven.apache.org/maven2/org/jboss/jboss-parent/46/jboss-parent-46.pom (82 kB at 2.6 MB/s)
[INFO] Downloading from central: https://repo.maven.apache.org/maven2/org/jdom/jdom2/2.0.6.1/jdom2-2.0.6.1.pom
[INFO] Downloaded from central: https://repo.maven.apache.org/maven2/org/jdom/jdom2/2.0.6.1/jdom2-2.0.6.1.pom (4.6 kB at 159 kB/s)
[INFO] Downloading from central: https://repo.maven.apache.org/maven2/commons-io/commons-io/2.16.1/commons-io-2.16.1.pom
[INFO] Downloaded from central: https://repo.maven.apache.org/maven2/commons-io/commons-io/2.16.1/commons-io-2.16.1.pom (20 kB at 677 kB/s)
[INFO] Downloading from central: https://repo.maven.apache.org/maven2/org/apache/commons/commons-parent/69/commons-parent-69.pom
[INFO] Downloaded from central: https://repo.maven.apache.org/maven2/org/apache/commons/commons-parent/69/commons-parent-69.pom (77 kB at 2.4 MB/s)
[INFO] Downloading from central: https://repo.maven.apache.org/maven2/org/apache/apache/31/apache-31.pom
[INFO] Downloaded from central: https://repo.maven.apache.org/maven2/org/apache/apache/31/apache-31.pom (24 kB at 784 kB/s)
[INFO] Downloading from central: https://repo.maven.apache.org/maven2/org/apache/commons/commons-compress/1.27.0/commons-compress-1.27.0.pom
[INFO] Downloaded from central: https://repo.maven.apache.org/maven2/org/apache/commons/commons-compress/1.27.0/commons-compress-1.27.0.pom (23 kB at 726 kB/s)
[INFO] Downloading from central: https://repo.maven.apache.org/maven2/org/apache/commons/commons-parent/72/commons-parent-72.pom
[INFO] Downloaded from central: https://repo.maven.apache.org/maven2/org/apache/commons/commons-parent/72/commons-parent-72.pom (78 kB at 1.6 MB/s)
[INFO] Downloading from central: https://repo.maven.apache.org/maven2/org/apache/apache/33/apache-33.pom
[INFO] Downloaded from central: https://repo.maven.apache.org/maven2/org/apache/apache/33/apache-33.pom (24 kB at 864 kB/s)
[INFO] Downloading from central: https://repo.maven.apache.org/maven2/io/smallrye/common/smallrye-common-version/2.6.0/smallrye-common-version-2.6.0.pom
[INFO] Downloaded from central: https://repo.maven.apache.org/maven2/io/smallrye/common/smallrye-common-version/2.6.0/smallrye-common-version-2.6.0.pom (3.1 kB at 110 kB/s)
[INFO] Downloading from central: https://repo.maven.apache.org/maven2/com/fasterxml/jackson/datatype/jackson-datatype-jdk8/2.17.2/jackson-datatype-jdk8-2.17.2.pom
[INFO] Downloaded from central: https://repo.maven.apache.org/maven2/com/fasterxml/jackson/datatype/jackson-datatype-jdk8/2.17.2/jackson-datatype-jdk8-2.17.2.pom (2.6 kB at 92 kB/s)
[INFO] Downloading from central: https://repo.maven.apache.org/maven2/com/fasterxml/jackson/module/jackson-modules-java8/2.17.2/jackson-modules-java8-2.17.2.pom
[INFO] Downloaded from central: https://repo.maven.apache.org/maven2/com/fasterxml/jackson/module/jackson-modules-java8/2.17.2/jackson-modules-java8-2.17.2.pom (3.1 kB at 31 kB/s)
[INFO] Downloading from central: https://repo.maven.apache.org/maven2/org/codejive/java-properties/0.0.7/java-properties-0.0.7.pom
[INFO] Downloaded from central: https://repo.maven.apache.org/maven2/org/codejive/java-properties/0.0.7/java-properties-0.0.7.pom (7.6 kB at 223 kB/s)
[INFO] Downloading from central: https://repo.maven.apache.org/maven2/io/quarkus/quarkus-analytics-common/3.15.1/quarkus-analytics-common-3.15.1.pom
[INFO] Downloaded from central: https://repo.maven.apache.org/maven2/io/quarkus/quarkus-analytics-common/3.15.1/quarkus-analytics-common-3.15.1.pom (3.3 kB at 103 kB/s)
[INFO] Downloading from central: https://repo.maven.apache.org/maven2/com/fasterxml/jackson/datatype/jackson-datatype-jsr310/2.17.2/jackson-datatype-jsr310-2.17.2.pom
[INFO] Downloaded from central: https://repo.maven.apache.org/maven2/com/fasterxml/jackson/datatype/jackson-datatype-jsr310/2.17.2/jackson-datatype-jsr310-2.17.2.pom (4.9 kB at 164 kB/s)
[INFO] Downloading from central: https://repo.maven.apache.org/maven2/io/quarkus/quarkus-cyclonedx-generator/3.15.1/quarkus-cyclonedx-generator-3.15.1.pom
[INFO] Downloaded from central: https://repo.maven.apache.org/maven2/io/quarkus/quarkus-cyclonedx-generator/3.15.1/quarkus-cyclonedx-generator-3.15.1.pom (1.3 kB at 42 kB/s)
[INFO] Downloading from central: https://repo.maven.apache.org/maven2/io/quarkus/quarkus-cyclonedx-parent/3.15.1/quarkus-cyclonedx-parent-3.15.1.pom
[INFO] Downloaded from central: https://repo.maven.apache.org/maven2/io/quarkus/quarkus-cyclonedx-parent/3.15.1/quarkus-cyclonedx-parent-3.15.1.pom (775 B at 24 kB/s)
[INFO] Downloading from central: https://repo.maven.apache.org/maven2/org/cyclonedx/cyclonedx-core-java/9.0.5/cyclonedx-core-java-9.0.5.pom
[INFO] Downloaded from central: https://repo.maven.apache.org/maven2/org/cyclonedx/cyclonedx-core-java/9.0.5/cyclonedx-core-java-9.0.5.pom (14 kB at 270 kB/s)
[INFO] Downloading from central: https://repo.maven.apache.org/maven2/org/apache/commons/commons-collections4/4.4/commons-collections4-4.4.pom
[INFO] Downloaded from central: https://repo.maven.apache.org/maven2/org/apache/commons/commons-collections4/4.4/commons-collections4-4.4.pom (24 kB at 721 kB/s)
[INFO] Downloading from central: https://repo.maven.apache.org/maven2/org/apache/commons/commons-parent/48/commons-parent-48.pom
[INFO] Downloaded from central: https://repo.maven.apache.org/maven2/org/apache/commons/commons-parent/48/commons-parent-48.pom (72 kB at 655 kB/s)
[INFO] Downloading from central: https://repo.maven.apache.org/maven2/com/github/package-url/packageurl-java/1.5.0/packageurl-java-1.5.0.pom
[INFO] Downloaded from central: https://repo.maven.apache.org/maven2/com/github/package-url/packageurl-java/1.5.0/packageurl-java-1.5.0.pom (12 kB at 92 kB/s)
[INFO] Downloading from central: https://repo.maven.apache.org/maven2/com/fasterxml/jackson/dataformat/jackson-dataformat-xml/2.17.2/jackson-dataformat-xml-2.17.2.pom
[INFO] Downloaded from central: https://repo.maven.apache.org/maven2/com/fasterxml/jackson/dataformat/jackson-dataformat-xml/2.17.2/jackson-dataformat-xml-2.17.2.pom (7.4 kB at 168 kB/s)
[INFO] Downloading from central: https://repo.maven.apache.org/maven2/org/codehaus/woodstox/stax2-api/4.2.2/stax2-api-4.2.2.pom
[INFO] Downloaded from central: https://repo.maven.apache.org/maven2/org/codehaus/woodstox/stax2-api/4.2.2/stax2-api-4.2.2.pom (6.3 kB at 217 kB/s)
[INFO] Downloading from central: https://repo.maven.apache.org/maven2/com/fasterxml/oss-parent/55/oss-parent-55.pom
[INFO] Downloaded from central: https://repo.maven.apache.org/maven2/com/fasterxml/oss-parent/55/oss-parent-55.pom (24 kB at 604 kB/s)
[INFO] Downloading from central: https://repo.maven.apache.org/maven2/com/fasterxml/woodstox/woodstox-core/6.7.0/woodstox-core-6.7.0.pom
[INFO] Downloaded from central: https://repo.maven.apache.org/maven2/com/fasterxml/woodstox/woodstox-core/6.7.0/woodstox-core-6.7.0.pom (9.6 kB at 320 kB/s)
[INFO] Downloading from central: https://repo.maven.apache.org/maven2/com/networknt/json-schema-validator/1.5.1/json-schema-validator-1.5.1.pom
[INFO] Downloaded from central: https://repo.maven.apache.org/maven2/com/networknt/json-schema-validator/1.5.1/json-schema-validator-1.5.1.pom (15 kB at 438 kB/s)
[INFO] Downloading from central: https://repo.maven.apache.org/maven2/com/ethlo/time/itu/1.10.2/itu-1.10.2.pom
[INFO] Downloaded from central: https://repo.maven.apache.org/maven2/com/ethlo/time/itu/1.10.2/itu-1.10.2.pom (18 kB at 542 kB/s)
[INFO] Downloading from central: https://repo.maven.apache.org/maven2/org/apache/maven/resolver/maven-resolver-connector-basic/1.9.22/maven-resolver-connector-basic-1.9.22.pom
[INFO] Downloaded from central: https://repo.maven.apache.org/maven2/org/apache/maven/resolver/maven-resolver-connector-basic/1.9.22/maven-resolver-connector-basic-1.9.22.pom (3.1 kB at 110 kB/s)
[INFO] Downloading from central: https://repo.maven.apache.org/maven2/org/freemarker/freemarker/2.3.33/freemarker-2.3.33.pom
[INFO] Downloaded from central: https://repo.maven.apache.org/maven2/org/freemarker/freemarker/2.3.33/freemarker-2.3.33.pom (3.5 kB at 125 kB/s)
[INFO] Downloading from central: https://repo.maven.apache.org/maven2/org/twdata/maven/mojo-executor/2.4.0/mojo-executor-2.4.0.pom
[INFO] Downloaded from central: https://repo.maven.apache.org/maven2/org/twdata/maven/mojo-executor/2.4.0/mojo-executor-2.4.0.pom (3.1 kB at 112 kB/s)
[INFO] Downloading from central: https://repo.maven.apache.org/maven2/org/twdata/maven/mojo-executor-parent/2.4.0/mojo-executor-parent-2.4.0.pom
[INFO] Downloaded from central: https://repo.maven.apache.org/maven2/org/twdata/maven/mojo-executor-parent/2.4.0/mojo-executor-parent-2.4.0.pom (11 kB at 353 kB/s)
[INFO] Downloading from central: https://repo.maven.apache.org/maven2/org/apache/maven/maven/3.3.1/maven-3.3.1.pom
[INFO] Downloaded from central: https://repo.maven.apache.org/maven2/org/apache/maven/maven/3.3.1/maven-3.3.1.pom (23 kB at 731 kB/s)
[INFO] Downloading from central: https://repo.maven.apache.org/maven2/org/apache/maven/maven-parent/26/maven-parent-26.pom
[INFO] Downloaded from central: https://repo.maven.apache.org/maven2/org/apache/maven/maven-parent/26/maven-parent-26.pom (40 kB at 386 kB/s)
[INFO] Downloading from central: https://repo.maven.apache.org/maven2/org/apache/apache/16/apache-16.pom
[INFO] Downloaded from central: https://repo.maven.apache.org/maven2/org/apache/apache/16/apache-16.pom (15 kB at 531 kB/s)
[INFO] Downloading from central: https://repo.maven.apache.org/maven2/io/quarkus/platform/quarkus-maven-plugin/3.15.1/quarkus-maven-plugin-3.15.1.jar
[INFO] Downloaded from central: https://repo.maven.apache.org/maven2/io/quarkus/platform/quarkus-maven-plugin/3.15.1/quarkus-maven-plugin-3.15.1.jar (448 kB at 8.4 MB/s)
[INFO] Downloading from central: https://repo.maven.apache.org/maven2/io/quarkus/quarkus-bootstrap-core/3.15.1/quarkus-bootstrap-core-3.15.1.jar
[INFO] Downloading from central: https://repo.maven.apache.org/maven2/io/quarkus/quarkus-classloader-commons/3.15.1/quarkus-classloader-commons-3.15.1.jar
[INFO] Downloading from central: https://repo.maven.apache.org/maven2/io/quarkus/quarkus-bootstrap-app-model/3.15.1/quarkus-bootstrap-app-model-3.15.1.jar
[INFO] Downloading from central: https://repo.maven.apache.org/maven2/org/jboss/logging/commons-logging-jboss-logging/1.0.0.Final/commons-logging-jboss-logging-1.0.0.Final.jar
[INFO] Downloading from central: https://repo.maven.apache.org/maven2/io/smallrye/common/smallrye-common-io/2.6.0/smallrye-common-io-2.6.0.jar
[INFO] Downloaded from central: https://repo.maven.apache.org/maven2/io/quarkus/quarkus-bootstrap-core/3.15.1/quarkus-bootstrap-core-3.15.1.jar (115 kB at 2.8 MB/s)
[INFO] Downloading from central: https://repo.maven.apache.org/maven2/io/quarkus/quarkus-bootstrap-maven-resolver/3.15.1/quarkus-bootstrap-maven-resolver-3.15.1.jar
[INFO] Downloaded from central: https://repo.maven.apache.org/maven2/io/quarkus/quarkus-bootstrap-maven-resolver/3.15.1/quarkus-bootstrap-maven-resolver-3.15.1.jar (196 kB at 2.5 MB/s)
[INFO] Downloading from central: https://repo.maven.apache.org/maven2/io/smallrye/beanbag/smallrye-beanbag-maven/1.5.2/smallrye-beanbag-maven-1.5.2.jar
[INFO] Downloaded from central: https://repo.maven.apache.org/maven2/io/quarkus/quarkus-classloader-commons/3.15.1/quarkus-classloader-commons-3.15.1.jar (7.4 kB at 88 kB/s)
[INFO] Downloading from central: https://repo.maven.apache.org/maven2/io/smallrye/beanbag/smallrye-beanbag-sisu/1.5.2/smallrye-beanbag-sisu-1.5.2.jar
[INFO] Downloaded from central: https://repo.maven.apache.org/maven2/org/jboss/logging/commons-logging-jboss-logging/1.0.0.Final/commons-logging-jboss-logging-1.0.0.Final.jar (17 kB at 193 kB/s)
[INFO] Downloading from central: https://repo.maven.apache.org/maven2/io/smallrye/beanbag/smallrye-beanbag/1.5.2/smallrye-beanbag-1.5.2.jar
[INFO] Downloaded from central: https://repo.maven.apache.org/maven2/io/smallrye/common/smallrye-common-io/2.6.0/smallrye-common-io-2.6.0.jar (4.4 kB at 47 kB/s)
[INFO] Downloading from central: https://repo.maven.apache.org/maven2/io/smallrye/common/smallrye-common-constraint/2.6.0/smallrye-common-constraint-2.6.0.jar
[INFO] Downloaded from central: https://repo.maven.apache.org/maven2/io/quarkus/quarkus-bootstrap-app-model/3.15.1/quarkus-bootstrap-app-model-3.15.1.jar (204 kB at 1.8 MB/s)
[INFO] Downloaded from central: https://repo.maven.apache.org/maven2/io/smallrye/beanbag/smallrye-beanbag-maven/1.5.2/smallrye-beanbag-maven-1.5.2.jar (16 kB at 150 kB/s)
[INFO] Downloaded from central: https://repo.maven.apache.org/maven2/io/smallrye/beanbag/smallrye-beanbag-sisu/1.5.2/smallrye-beanbag-sisu-1.5.2.jar (29 kB at 265 kB/s)
[INFO] Downloading from central: https://repo.maven.apache.org/maven2/org/apache/httpcomponents/httpclient/4.5.14/httpclient-4.5.14.jar
[INFO] Downloading from central: https://repo.maven.apache.org/maven2/org/apache/httpcomponents/httpcore/4.4.16/httpcore-4.4.16.jar
[INFO] Downloading from central: https://repo.maven.apache.org/maven2/commons-codec/commons-codec/1.17.1/commons-codec-1.17.1.jar
[INFO] Downloaded from central: https://repo.maven.apache.org/maven2/io/smallrye/beanbag/smallrye-beanbag/1.5.2/smallrye-beanbag-1.5.2.jar (37 kB at 325 kB/s)
[INFO] Downloading from central: https://repo.maven.apache.org/maven2/org/apache/maven/maven-artifact/3.9.8/maven-artifact-3.9.8.jar
[INFO] Downloaded from central: https://repo.maven.apache.org/maven2/io/smallrye/common/smallrye-common-constraint/2.6.0/smallrye-common-constraint-2.6.0.jar (14 kB at 108 kB/s)
[INFO] Downloading from central: https://repo.maven.apache.org/maven2/org/apache/maven/maven-builder-support/3.9.8/maven-builder-support-3.9.8.jar
[INFO] Downloaded from central: https://repo.maven.apache.org/maven2/org/apache/maven/maven-artifact/3.9.8/maven-artifact-3.9.8.jar (59 kB at 234 kB/s)
[INFO] Downloading from central: https://repo.maven.apache.org/maven2/org/apache/maven/maven-model/3.9.8/maven-model-3.9.8.jar
[INFO] Downloaded from central: https://repo.maven.apache.org/maven2/org/apache/maven/maven-builder-support/3.9.8/maven-builder-support-3.9.8.jar (14 kB at 54 kB/s)
[INFO] Downloading from central: https://repo.maven.apache.org/maven2/org/apache/maven/maven-model-builder/3.9.8/maven-model-builder-3.9.8.jar
[INFO] Downloaded from central: https://repo.maven.apache.org/maven2/org/apache/httpcomponents/httpclient/4.5.14/httpclient-4.5.14.jar (786 kB at 2.9 MB/s)
[INFO] Downloaded from central: https://repo.maven.apache.org/maven2/commons-codec/commons-codec/1.17.1/commons-codec-1.17.1.jar (373 kB at 1.4 MB/s)
[INFO] Downloading from central: https://repo.maven.apache.org/maven2/org/apache/maven/maven-settings/3.9.8/maven-settings-3.9.8.jar
[INFO] Downloading from central: https://repo.maven.apache.org/maven2/org/apache/maven/maven-repository-metadata/3.9.8/maven-repository-metadata-3.9.8.jar
[INFO] Downloaded from central: https://repo.maven.apache.org/maven2/org/apache/httpcomponents/httpcore/4.4.16/httpcore-4.4.16.jar (328 kB at 1.2 MB/s)
[INFO] Downloading from central: https://repo.maven.apache.org/maven2/org/codehaus/plexus/plexus-interpolation/1.26/plexus-interpolation-1.26.jar
[INFO] Downloaded from central: https://repo.maven.apache.org/maven2/org/apache/maven/maven-settings/3.9.8/maven-settings-3.9.8.jar (45 kB at 116 kB/s)
[INFO] Downloaded from central: https://repo.maven.apache.org/maven2/org/apache/maven/maven-repository-metadata/3.9.8/maven-repository-metadata-3.9.8.jar (29 kB at 74 kB/s)
[INFO] Downloading from central: https://repo.maven.apache.org/maven2/org/apache/maven/maven-xml-impl/4.0.0-alpha-5/maven-xml-impl-4.0.0-alpha-5.jar
[INFO] Downloading from central: https://repo.maven.apache.org/maven2/org/codehaus/plexus/plexus-xml/4.0.1/plexus-xml-4.0.1.jar
[INFO] Downloaded from central: https://repo.maven.apache.org/maven2/org/apache/maven/maven-model/3.9.8/maven-model-3.9.8.jar (218 kB at 557 kB/s)
[INFO] Downloading from central: https://repo.maven.apache.org/maven2/org/apache/maven/maven-api-xml/4.0.0-alpha-5/maven-api-xml-4.0.0-alpha-5.jar
[INFO] Downloaded from central: https://repo.maven.apache.org/maven2/org/apache/maven/maven-model-builder/3.9.8/maven-model-builder-3.9.8.jar (208 kB at 525 kB/s)
[INFO] Downloading from central: https://repo.maven.apache.org/maven2/org/apache/maven/maven-api-meta/4.0.0-alpha-5/maven-api-meta-4.0.0-alpha-5.jar
[INFO] Downloaded from central: https://repo.maven.apache.org/maven2/org/codehaus/plexus/plexus-interpolation/1.26/plexus-interpolation-1.26.jar (85 kB at 207 kB/s)
[INFO] Downloading from central: https://repo.maven.apache.org/maven2/org/codehaus/plexus/plexus-cipher/2.0/plexus-cipher-2.0.jar
[INFO] Downloaded from central: https://repo.maven.apache.org/maven2/org/codehaus/plexus/plexus-xml/4.0.1/plexus-xml-4.0.1.jar (89 kB at 215 kB/s)
[INFO] Downloading from central: https://repo.maven.apache.org/maven2/org/codehaus/plexus/plexus-sec-dispatcher/2.0/plexus-sec-dispatcher-2.0.jar
[INFO] Downloaded from central: https://repo.maven.apache.org/maven2/org/apache/maven/maven-xml-impl/4.0.0-alpha-5/maven-xml-impl-4.0.0-alpha-5.jar (27 kB at 65 kB/s)
[INFO] Downloading from central: https://repo.maven.apache.org/maven2/io/quarkus/quarkus-fs-util/0.0.10/quarkus-fs-util-0.0.10.jar
[INFO] Downloaded from central: https://repo.maven.apache.org/maven2/org/apache/maven/maven-api-xml/4.0.0-alpha-5/maven-api-xml-4.0.0-alpha-5.jar (8.4 kB at 20 kB/s)
[INFO] Downloading from central: https://repo.maven.apache.org/maven2/org/jboss/logmanager/jboss-logmanager/3.0.6.Final/jboss-logmanager-3.0.6.Final.jar
[INFO] Downloaded from central: https://repo.maven.apache.org/maven2/org/apache/maven/maven-api-meta/4.0.0-alpha-5/maven-api-meta-4.0.0-alpha-5.jar (12 kB at 27 kB/s)
[INFO] Downloading from central: https://repo.maven.apache.org/maven2/io/smallrye/common/smallrye-common-cpu/2.6.0/smallrye-common-cpu-2.6.0.jar
[INFO] Downloaded from central: https://repo.maven.apache.org/maven2/org/codehaus/plexus/plexus-sec-dispatcher/2.0/plexus-sec-dispatcher-2.0.jar (24 kB at 54 kB/s)
[INFO] Downloading from central: https://repo.maven.apache.org/maven2/io/smallrye/common/smallrye-common-expression/2.6.0/smallrye-common-expression-2.6.0.jar
[INFO] Downloaded from central: https://repo.maven.apache.org/maven2/org/codehaus/plexus/plexus-cipher/2.0/plexus-cipher-2.0.jar (13 kB at 30 kB/s)
[INFO] Downloading from central: https://repo.maven.apache.org/maven2/io/smallrye/common/smallrye-common-function/2.6.0/smallrye-common-function-2.6.0.jar
[INFO] Downloaded from central: https://repo.maven.apache.org/maven2/io/quarkus/quarkus-fs-util/0.0.10/quarkus-fs-util-0.0.10.jar (22 kB at 50 kB/s)
[INFO] Downloading from central: https://repo.maven.apache.org/maven2/io/smallrye/common/smallrye-common-net/2.6.0/smallrye-common-net-2.6.0.jar
[INFO] Downloaded from central: https://repo.maven.apache.org/maven2/io/smallrye/common/smallrye-common-cpu/2.6.0/smallrye-common-cpu-2.6.0.jar (15 kB at 33 kB/s)
[INFO] Downloading from central: https://repo.maven.apache.org/maven2/io/smallrye/common/smallrye-common-ref/2.6.0/smallrye-common-ref-2.6.0.jar
[INFO] Downloaded from central: https://repo.maven.apache.org/maven2/io/smallrye/common/smallrye-common-expression/2.6.0/smallrye-common-expression-2.6.0.jar (22 kB at 46 kB/s)
[INFO] Downloading from central: https://repo.maven.apache.org/maven2/org/jboss/logging/jboss-logging/3.6.0.Final/jboss-logging-3.6.0.Final.jar
[INFO] Downloaded from central: https://repo.maven.apache.org/maven2/io/smallrye/common/smallrye-common-function/2.6.0/smallrye-common-function-2.6.0.jar (55 kB at 117 kB/s)
[INFO] Downloading from central: https://repo.maven.apache.org/maven2/org/slf4j/slf4j-api/2.0.6/slf4j-api-2.0.6.jar
[INFO] Downloaded from central: https://repo.maven.apache.org/maven2/org/jboss/logmanager/jboss-logmanager/3.0.6.Final/jboss-logmanager-3.0.6.Final.jar (811 kB at 1.7 MB/s)
[INFO] Downloading from central: https://repo.maven.apache.org/maven2/org/apache/maven/maven-embedder/3.9.8/maven-embedder-3.9.8.jar
[INFO] Downloaded from central: https://repo.maven.apache.org/maven2/io/smallrye/common/smallrye-common-net/2.6.0/smallrye-common-net-2.6.0.jar (35 kB at 72 kB/s)
[INFO] Downloading from central: https://repo.maven.apache.org/maven2/org/apache/maven/shared/maven-shared-utils/3.4.2/maven-shared-utils-3.4.2.jar
[INFO] Downloaded from central: https://repo.maven.apache.org/maven2/org/jboss/logging/jboss-logging/3.6.0.Final/jboss-logging-3.6.0.Final.jar (61 kB at 123 kB/s)
[INFO] Downloaded from central: https://repo.maven.apache.org/maven2/io/smallrye/common/smallrye-common-ref/2.6.0/smallrye-common-ref-2.6.0.jar (16 kB at 33 kB/s)
[INFO] Downloading from central: https://repo.maven.apache.org/maven2/com/google/inject/guice/5.1.0/guice-5.1.0.jar
[INFO] Downloading from central: https://repo.maven.apache.org/maven2/aopalliance/aopalliance/1.0/aopalliance-1.0.jar
[INFO] Downloaded from central: https://repo.maven.apache.org/maven2/org/slf4j/slf4j-api/2.0.6/slf4j-api-2.0.6.jar (63 kB at 125 kB/s)
[INFO] Downloading from central: https://repo.maven.apache.org/maven2/com/google/guava/guava/33.2.1-jre/guava-33.2.1-jre.jar
[INFO] Downloaded from central: https://repo.maven.apache.org/maven2/org/apache/maven/maven-embedder/3.9.8/maven-embedder-3.9.8.jar (117 kB at 231 kB/s)
[INFO] Downloading from central: https://repo.maven.apache.org/maven2/com/google/guava/failureaccess/1.0.1/failureaccess-1.0.1.jar
[INFO] Downloaded from central: https://repo.maven.apache.org/maven2/org/apache/maven/shared/maven-shared-utils/3.4.2/maven-shared-utils-3.4.2.jar (151 kB at 293 kB/s)
[INFO] Downloading from central: https://repo.maven.apache.org/maven2/javax/annotation/javax.annotation-api/1.3.2/javax.annotation-api-1.3.2.jar
[INFO] Downloaded from central: https://repo.maven.apache.org/maven2/aopalliance/aopalliance/1.0/aopalliance-1.0.jar (4.5 kB at 8.5 kB/s)
[INFO] Downloading from central: https://repo.maven.apache.org/maven2/org/codehaus/plexus/plexus-classworlds/2.6.0/plexus-classworlds-2.6.0.jar
[INFO] Downloaded from central: https://repo.maven.apache.org/maven2/com/google/inject/guice/5.1.0/guice-5.1.0.jar (778 kB at 1.4 MB/s)
[INFO] Downloading from central: https://repo.maven.apache.org/maven2/commons-cli/commons-cli/1.8.0/commons-cli-1.8.0.jar
[INFO] Downloaded from central: https://repo.maven.apache.org/maven2/com/google/guava/failureaccess/1.0.1/failureaccess-1.0.1.jar (4.6 kB at 8.5 kB/s)
[INFO] Downloading from central: https://repo.maven.apache.org/maven2/org/eclipse/sisu/org.eclipse.sisu.plexus/0.9.0.M3/org.eclipse.sisu.plexus-0.9.0.M3.jar
[INFO] Downloaded from central: https://repo.maven.apache.org/maven2/javax/annotation/javax.annotation-api/1.3.2/javax.annotation-api-1.3.2.jar (27 kB at 49 kB/s)
[INFO] Downloading from central: https://repo.maven.apache.org/maven2/org/apache/maven/maven-settings-builder/3.9.8/maven-settings-builder-3.9.8.jar
[INFO] Downloaded from central: https://repo.maven.apache.org/maven2/org/codehaus/plexus/plexus-classworlds/2.6.0/plexus-classworlds-2.6.0.jar (53 kB at 93 kB/s)
[INFO] Downloading from central: https://repo.maven.apache.org/maven2/org/apache/maven/maven-resolver-provider/3.9.8/maven-resolver-provider-3.9.8.jar
[INFO] Downloaded from central: https://repo.maven.apache.org/maven2/org/eclipse/sisu/org.eclipse.sisu.plexus/0.9.0.M3/org.eclipse.sisu.plexus-0.9.0.M3.jar (216 kB at 377 kB/s)
[INFO] Downloading from central: https://repo.maven.apache.org/maven2/io/quarkus/quarkus-core-deployment/3.15.1/quarkus-core-deployment-3.15.1.jar
[INFO] Downloaded from central: https://repo.maven.apache.org/maven2/org/apache/maven/maven-settings-builder/3.9.8/maven-settings-builder-3.9.8.jar (42 kB at 73 kB/s)
[INFO] Downloading from central: https://repo.maven.apache.org/maven2/org/aesh/readline/2.6/readline-2.6.jar
[INFO] Downloaded from central: https://repo.maven.apache.org/maven2/commons-cli/commons-cli/1.8.0/commons-cli-1.8.0.jar (74 kB at 127 kB/s)
[INFO] Downloading from central: https://repo.maven.apache.org/maven2/org/fusesource/jansi/jansi/2.4.0/jansi-2.4.0.jar
[INFO] Downloaded from central: https://repo.maven.apache.org/maven2/org/apache/maven/maven-resolver-provider/3.9.8/maven-resolver-provider-3.9.8.jar (76 kB at 125 kB/s)
[INFO] Downloading from central: https://repo.maven.apache.org/maven2/org/aesh/aesh/2.8.2/aesh-2.8.2.jar
[INFO] Downloaded from central: https://repo.maven.apache.org/maven2/com/google/guava/guava/33.2.1-jre/guava-33.2.1-jre.jar (3.1 MB at 5.0 MB/s)
[INFO] Downloading from central: https://repo.maven.apache.org/maven2/org/apache/commons/commons-lang3/3.14.0/commons-lang3-3.14.0.jar
[INFO] Downloaded from central: https://repo.maven.apache.org/maven2/org/fusesource/jansi/jansi/2.4.0/jansi-2.4.0.jar (221 kB at 347 kB/s)
[INFO] Downloading from central: https://repo.maven.apache.org/maven2/org/wildfly/common/wildfly-common/1.7.0.Final/wildfly-common-1.7.0.Final.jar
[INFO] Downloaded from central: https://repo.maven.apache.org/maven2/org/aesh/readline/2.6/readline-2.6.jar (333 kB at 519 kB/s)
[INFO] Downloading from central: https://repo.maven.apache.org/maven2/io/quarkus/gizmo/gizmo/1.8.0/gizmo-1.8.0.jar
[INFO] Downloaded from central: https://repo.maven.apache.org/maven2/org/aesh/aesh/2.8.2/aesh-2.8.2.jar (362 kB at 559 kB/s)
[INFO] Downloading from central: https://repo.maven.apache.org/maven2/org/ow2/asm/asm-util/9.7/asm-util-9.7.jar
[INFO] Downloaded from central: https://repo.maven.apache.org/maven2/io/quarkus/quarkus-core-deployment/3.15.1/quarkus-core-deployment-3.15.1.jar (1.5 MB at 2.3 MB/s)
[INFO] Downloading from central: https://repo.maven.apache.org/maven2/org/ow2/asm/asm-analysis/9.7/asm-analysis-9.7.jar
[INFO] Downloaded from central: https://repo.maven.apache.org/maven2/org/apache/commons/commons-lang3/3.14.0/commons-lang3-3.14.0.jar (658 kB at 997 kB/s)
[INFO] Downloading from central: https://repo.maven.apache.org/maven2/io/smallrye/jandex/3.2.2/jandex-3.2.2.jar
[INFO] Downloaded from central: https://repo.maven.apache.org/maven2/org/ow2/asm/asm-analysis/9.7/asm-analysis-9.7.jar (35 kB at 51 kB/s)
[INFO] Downloading from central: https://repo.maven.apache.org/maven2/org/ow2/asm/asm/9.7/asm-9.7.jar
[INFO] Downloaded from central: https://repo.maven.apache.org/maven2/org/wildfly/common/wildfly-common/1.7.0.Final/wildfly-common-1.7.0.Final.jar (299 kB at 438 kB/s)
[INFO] Downloaded from central: https://repo.maven.apache.org/maven2/io/quarkus/gizmo/gizmo/1.8.0/gizmo-1.8.0.jar (181 kB at 266 kB/s)
[INFO] Downloading from central: https://repo.maven.apache.org/maven2/org/ow2/asm/asm-commons/9.7/asm-commons-9.7.jar
[INFO] Downloading from central: https://repo.maven.apache.org/maven2/org/ow2/asm/asm-tree/9.7/asm-tree-9.7.jar
[INFO] Downloaded from central: https://repo.maven.apache.org/maven2/org/ow2/asm/asm-util/9.7/asm-util-9.7.jar (94 kB at 138 kB/s)
[INFO] Downloading from central: https://repo.maven.apache.org/maven2/io/quarkus/quarkus-development-mode-spi/3.15.1/quarkus-development-mode-spi-3.15.1.jar
[INFO] Downloaded from central: https://repo.maven.apache.org/maven2/io/smallrye/jandex/3.2.2/jandex-3.2.2.jar (376 kB at 541 kB/s)
[INFO] Downloading from central: https://repo.maven.apache.org/maven2/io/quarkus/quarkus-hibernate-validator-spi/3.15.1/quarkus-hibernate-validator-spi-3.15.1.jar
[INFO] Downloaded from central: https://repo.maven.apache.org/maven2/io/quarkus/quarkus-hibernate-validator-spi/3.15.1/quarkus-hibernate-validator-spi-3.15.1.jar (8.6 kB at 12 kB/s)
[INFO] Downloading from central: https://repo.maven.apache.org/maven2/io/quarkus/quarkus-class-change-agent/3.15.1/quarkus-class-change-agent-3.15.1.jar
[INFO] Downloaded from central: https://repo.maven.apache.org/maven2/org/ow2/asm/asm/9.7/asm-9.7.jar (125 kB at 171 kB/s)
[INFO] Downloading from central: https://repo.maven.apache.org/maven2/io/quarkus/quarkus-devtools-utilities/3.15.1/quarkus-devtools-utilities-3.15.1.jar
[INFO] Downloaded from central: https://repo.maven.apache.org/maven2/org/ow2/asm/asm-tree/9.7/asm-tree-9.7.jar (52 kB at 71 kB/s)
[INFO] Downloading from central: https://repo.maven.apache.org/maven2/org/eclipse/sisu/org.eclipse.sisu.inject/0.9.0.M3/org.eclipse.sisu.inject-0.9.0.M3.jar
[INFO] Downloaded from central: https://repo.maven.apache.org/maven2/io/quarkus/quarkus-development-mode-spi/3.15.1/quarkus-development-mode-spi-3.15.1.jar (51 kB at 69 kB/s)
[INFO] Downloading from central: https://repo.maven.apache.org/maven2/io/quarkus/quarkus-core/3.15.1/quarkus-core-3.15.1.jar
[INFO] Downloaded from central: https://repo.maven.apache.org/maven2/org/ow2/asm/asm-commons/9.7/asm-commons-9.7.jar (73 kB at 100 kB/s)
[INFO] Downloading from central: https://repo.maven.apache.org/maven2/jakarta/annotation/jakarta.annotation-api/3.0.0/jakarta.annotation-api-3.0.0.jar
[INFO] Downloaded from central: https://repo.maven.apache.org/maven2/io/quarkus/quarkus-class-change-agent/3.15.1/quarkus-class-change-agent-3.15.1.jar (7.3 kB at 9.7 kB/s)
[INFO] Downloading from central: https://repo.maven.apache.org/maven2/jakarta/inject/jakarta.inject-api/2.0.1/jakarta.inject-api-2.0.1.jar
[INFO] Downloaded from central: https://repo.maven.apache.org/maven2/jakarta/annotation/jakarta.annotation-api/3.0.0/jakarta.annotation-api-3.0.0.jar (26 kB at 35 kB/s)
[INFO] Downloading from central: https://repo.maven.apache.org/maven2/io/smallrye/config/smallrye-config/3.9.1/smallrye-config-3.9.1.jar
[INFO] Downloaded from central: https://repo.maven.apache.org/maven2/org/eclipse/sisu/org.eclipse.sisu.inject/0.9.0.M3/org.eclipse.sisu.inject-0.9.0.M3.jar (434 kB at 562 kB/s)
[INFO] Downloading from central: https://repo.maven.apache.org/maven2/io/smallrye/config/smallrye-config-core/3.9.1/smallrye-config-core-3.9.1.jar
[INFO] Downloaded from central: https://repo.maven.apache.org/maven2/io/quarkus/quarkus-devtools-utilities/3.15.1/quarkus-devtools-utilities-3.15.1.jar (9.4 kB at 12 kB/s)
[INFO] Downloading from central: https://repo.maven.apache.org/maven2/org/eclipse/microprofile/config/microprofile-config-api/3.1/microprofile-config-api-3.1.jar
[INFO] Downloaded from central: https://repo.maven.apache.org/maven2/io/quarkus/quarkus-core/3.15.1/quarkus-core-3.15.1.jar (489 kB at 632 kB/s)
[INFO] Downloading from central: https://repo.maven.apache.org/maven2/io/smallrye/common/smallrye-common-annotation/2.6.0/smallrye-common-annotation-2.6.0.jar
[INFO] Downloaded from central: https://repo.maven.apache.org/maven2/io/smallrye/config/smallrye-config/3.9.1/smallrye-config-3.9.1.jar (35 kB at 44 kB/s)
[INFO] Downloaded from central: https://repo.maven.apache.org/maven2/jakarta/inject/jakarta.inject-api/2.0.1/jakarta.inject-api-2.0.1.jar (11 kB at 14 kB/s)
[INFO] Downloading from central: https://repo.maven.apache.org/maven2/io/smallrye/common/smallrye-common-classloader/2.6.0/smallrye-common-classloader-2.6.0.jar
[INFO] Downloading from central: https://repo.maven.apache.org/maven2/io/smallrye/config/smallrye-config-common/3.9.1/smallrye-config-common-3.9.1.jar
[INFO] Downloaded from central: https://repo.maven.apache.org/maven2/io/smallrye/common/smallrye-common-annotation/2.6.0/smallrye-common-annotation-2.6.0.jar (7.5 kB at 9.4 kB/s)
[INFO] Downloading from central: https://repo.maven.apache.org/maven2/org/jboss/logging/jboss-logging-annotations/3.0.1.Final/jboss-logging-annotations-3.0.1.Final.jar
[INFO] Downloaded from central: https://repo.maven.apache.org/maven2/org/eclipse/microprofile/config/microprofile-config-api/3.1/microprofile-config-api-3.1.jar (18 kB at 22 kB/s)
[INFO] Downloading from central: https://repo.maven.apache.org/maven2/org/jboss/threads/jboss-threads/3.6.1.Final/jboss-threads-3.6.1.Final.jar
[INFO] Downloaded from central: https://repo.maven.apache.org/maven2/io/smallrye/common/smallrye-common-classloader/2.6.0/smallrye-common-classloader-2.6.0.jar (10 kB at 12 kB/s)
[INFO] Downloading from central: https://repo.maven.apache.org/maven2/io/quarkus/quarkus-bootstrap-runner/3.15.1/quarkus-bootstrap-runner-3.15.1.jar
[INFO] Downloaded from central: https://repo.maven.apache.org/maven2/io/smallrye/config/smallrye-config-common/3.9.1/smallrye-config-common-3.9.1.jar (13 kB at 14 kB/s)
[INFO] Downloading from central: https://repo.maven.apache.org/maven2/io/github/crac/org-crac/0.1.3/org-crac-0.1.3.jar
[INFO] Downloaded from central: https://repo.maven.apache.org/maven2/io/smallrye/config/smallrye-config-core/3.9.1/smallrye-config-core-3.9.1.jar (309 kB at 345 kB/s)
[INFO] Downloading from central: https://repo.maven.apache.org/maven2/io/quarkus/quarkus-builder/3.15.1/quarkus-builder-3.15.1.jar
[INFO] Downloaded from central: https://repo.maven.apache.org/maven2/org/jboss/logging/jboss-logging-annotations/3.0.1.Final/jboss-logging-annotations-3.0.1.Final.jar (17 kB at 19 kB/s)
[INFO] Downloading from central: https://repo.maven.apache.org/maven2/org/graalvm/sdk/nativeimage/23.1.2/nativeimage-23.1.2.jar
[INFO] Downloaded from central: https://repo.maven.apache.org/maven2/org/jboss/threads/jboss-threads/3.6.1.Final/jboss-threads-3.6.1.Final.jar (121 kB at 132 kB/s)
[INFO] Downloading from central: https://repo.maven.apache.org/maven2/org/graalvm/sdk/word/23.1.2/word-23.1.2.jar
[INFO] Downloaded from central: https://repo.maven.apache.org/maven2/io/github/crac/org-crac/0.1.3/org-crac-0.1.3.jar (9.3 kB at 10 kB/s)
[INFO] Downloading from central: https://repo.maven.apache.org/maven2/org/junit/platform/junit-platform-launcher/1.10.3/junit-platform-launcher-1.10.3.jar
[INFO] Downloaded from central: https://repo.maven.apache.org/maven2/io/quarkus/quarkus-builder/3.15.1/quarkus-builder-3.15.1.jar (85 kB at 92 kB/s)
[INFO] Downloading from central: https://repo.maven.apache.org/maven2/org/junit/platform/junit-platform-engine/1.10.3/junit-platform-engine-1.10.3.jar
[INFO] Downloaded from central: https://repo.maven.apache.org/maven2/io/quarkus/quarkus-bootstrap-runner/3.15.1/quarkus-bootstrap-runner-3.15.1.jar (61 kB at 66 kB/s)
[INFO] Downloading from central: https://repo.maven.apache.org/maven2/org/opentest4j/opentest4j/1.3.0/opentest4j-1.3.0.jar
[INFO] Downloaded from central: https://repo.maven.apache.org/maven2/org/graalvm/sdk/word/23.1.2/word-23.1.2.jar (22 kB at 24 kB/s)
[INFO] Downloading from central: https://repo.maven.apache.org/maven2/org/junit/platform/junit-platform-commons/1.10.3/junit-platform-commons-1.10.3.jar
[INFO] Downloaded from central: https://repo.maven.apache.org/maven2/org/graalvm/sdk/nativeimage/23.1.2/nativeimage-23.1.2.jar (217 kB at 230 kB/s)
[INFO] Downloading from central: https://repo.maven.apache.org/maven2/org/apiguardian/apiguardian-api/1.1.2/apiguardian-api-1.1.2.jar
[INFO] Downloaded from central: https://repo.maven.apache.org/maven2/org/junit/platform/junit-platform-engine/1.10.3/junit-platform-engine-1.10.3.jar (205 kB at 215 kB/s)
[INFO] Downloaded from central: https://repo.maven.apache.org/maven2/org/junit/platform/junit-platform-launcher/1.10.3/junit-platform-launcher-1.10.3.jar (184 kB at 193 kB/s)
[INFO] Downloading from central: https://repo.maven.apache.org/maven2/org/junit/jupiter/junit-jupiter/5.10.3/junit-jupiter-5.10.3.jar
[INFO] Downloading from central: https://repo.maven.apache.org/maven2/org/junit/jupiter/junit-jupiter-api/5.10.3/junit-jupiter-api-5.10.3.jar
[INFO] Downloaded from central: https://repo.maven.apache.org/maven2/org/opentest4j/opentest4j/1.3.0/opentest4j-1.3.0.jar (14 kB at 15 kB/s)
[INFO] Downloading from central: https://repo.maven.apache.org/maven2/org/junit/jupiter/junit-jupiter-params/5.10.3/junit-jupiter-params-5.10.3.jar
[INFO] Downloaded from central: https://repo.maven.apache.org/maven2/org/junit/platform/junit-platform-commons/1.10.3/junit-platform-commons-1.10.3.jar (106 kB at 110 kB/s)
[INFO] Downloading from central: https://repo.maven.apache.org/maven2/org/junit/jupiter/junit-jupiter-engine/5.10.3/junit-jupiter-engine-5.10.3.jar
[INFO] Downloaded from central: https://repo.maven.apache.org/maven2/org/apiguardian/apiguardian-api/1.1.2/apiguardian-api-1.1.2.jar (6.8 kB at 7.0 kB/s)
[INFO] Downloading from central: https://repo.maven.apache.org/maven2/io/quarkus/quarkus-project-core-extension-codestarts/3.15.1/quarkus-project-core-extension-codestarts-3.15.1.jar
[INFO] Downloaded from central: https://repo.maven.apache.org/maven2/org/junit/jupiter/junit-jupiter-api/5.10.3/junit-jupiter-api-5.10.3.jar (211 kB at 216 kB/s)
[INFO] Downloaded from central: https://repo.maven.apache.org/maven2/org/junit/jupiter/junit-jupiter/5.10.3/junit-jupiter-5.10.3.jar (6.4 kB at 6.5 kB/s)
[INFO] Downloading from central: https://repo.maven.apache.org/maven2/io/quarkus/quarkus-devtools-common/3.15.1/quarkus-devtools-common-3.15.1.jar
[INFO] Downloading from central: https://repo.maven.apache.org/maven2/io/quarkus/quarkus-devtools-registry-client/3.15.1/quarkus-devtools-registry-client-3.15.1.jar
[INFO] Downloaded from central: https://repo.maven.apache.org/maven2/org/junit/jupiter/junit-jupiter-engine/5.10.3/junit-jupiter-engine-5.10.3.jar (245 kB at 244 kB/s)
[INFO] Downloading from central: https://repo.maven.apache.org/maven2/io/quarkus/quarkus-devtools-base-codestarts/3.15.1/quarkus-devtools-base-codestarts-3.15.1.jar
[INFO] Downloaded from central: https://repo.maven.apache.org/maven2/org/junit/jupiter/junit-jupiter-params/5.10.3/junit-jupiter-params-5.10.3.jar (586 kB at 580 kB/s)
[INFO] Downloading from central: https://repo.maven.apache.org/maven2/io/quarkus/quarkus-devtools-codestarts/3.15.1/quarkus-devtools-codestarts-3.15.1.jar
[INFO] Downloaded from central: https://repo.maven.apache.org/maven2/io/quarkus/quarkus-project-core-extension-codestarts/3.15.1/quarkus-project-core-extension-codestarts-3.15.1.jar (289 kB at 285 kB/s)
[INFO] Downloading from central: https://repo.maven.apache.org/maven2/io/quarkus/qute/qute-core/3.15.1/qute-core-3.15.1.jar
[INFO] Downloaded from central: https://repo.maven.apache.org/maven2/io/quarkus/quarkus-devtools-registry-client/3.15.1/quarkus-devtools-registry-client-3.15.1.jar (226 kB at 223 kB/s)
[INFO] Downloading from central: https://repo.maven.apache.org/maven2/io/smallrye/reactive/mutiny/2.6.2/mutiny-2.6.2.jar
[INFO] Downloaded from central: https://repo.maven.apache.org/maven2/io/quarkus/quarkus-devtools-common/3.15.1/quarkus-devtools-common-3.15.1.jar (409 kB at 401 kB/s)
[INFO] Downloading from central: https://repo.maven.apache.org/maven2/org/jctools/jctools-core/4.0.5/jctools-core-4.0.5.jar
[INFO] Downloaded from central: https://repo.maven.apache.org/maven2/io/quarkus/quarkus-devtools-base-codestarts/3.15.1/quarkus-devtools-base-codestarts-3.15.1.jar (405 kB at 384 kB/s)
[INFO] Downloading from central: https://repo.maven.apache.org/maven2/commons-io/commons-io/2.16.1/commons-io-2.16.1.jar
[INFO] Downloaded from central: https://repo.maven.apache.org/maven2/io/quarkus/quarkus-devtools-codestarts/3.15.1/quarkus-devtools-codestarts-3.15.1.jar (91 kB at 86 kB/s)
[INFO] Downloading from central: https://repo.maven.apache.org/maven2/org/apache/commons/commons-compress/1.27.0/commons-compress-1.27.0.jar
[INFO] Downloaded from central: https://repo.maven.apache.org/maven2/io/quarkus/qute/qute-core/3.15.1/qute-core-3.15.1.jar (351 kB at 331 kB/s)
[INFO] Downloading from central: https://repo.maven.apache.org/maven2/io/smallrye/common/smallrye-common-version/2.6.0/smallrye-common-version-2.6.0.jar
[INFO] Downloaded from central: https://repo.maven.apache.org/maven2/io/smallrye/reactive/mutiny/2.6.2/mutiny-2.6.2.jar (874 kB at 812 kB/s)
[INFO] Downloading from central: https://repo.maven.apache.org/maven2/io/smallrye/common/smallrye-common-os/2.6.0/smallrye-common-os-2.6.0.jar
[INFO] Downloaded from central: https://repo.maven.apache.org/maven2/io/smallrye/common/smallrye-common-version/2.6.0/smallrye-common-version-2.6.0.jar (34 kB at 32 kB/s)
[INFO] Downloading from central: https://repo.maven.apache.org/maven2/io/fabric8/maven-model-helper/37/maven-model-helper-37.jar
[INFO] Downloaded from central: https://repo.maven.apache.org/maven2/org/jctools/jctools-core/4.0.5/jctools-core-4.0.5.jar (494 kB at 451 kB/s)
[INFO] Downloading from central: https://repo.maven.apache.org/maven2/org/jdom/jdom2/2.0.6.1/jdom2-2.0.6.1.jar
[INFO] Downloaded from central: https://repo.maven.apache.org/maven2/io/smallrye/common/smallrye-common-os/2.6.0/smallrye-common-os-2.6.0.jar (9.7 kB at 8.8 kB/s)
[INFO] Downloading from central: https://repo.maven.apache.org/maven2/com/fasterxml/jackson/dataformat/jackson-dataformat-yaml/2.17.2/jackson-dataformat-yaml-2.17.2.jar
[INFO] Downloaded from central: https://repo.maven.apache.org/maven2/commons-io/commons-io/2.16.1/commons-io-2.16.1.jar (509 kB at 459 kB/s)
[INFO] Downloading from central: https://repo.maven.apache.org/maven2/org/yaml/snakeyaml/2.2/snakeyaml-2.2.jar
[INFO] Downloaded from central: https://repo.maven.apache.org/maven2/org/apache/commons/commons-compress/1.27.0/commons-compress-1.27.0.jar (1.1 MB at 979 kB/s)
[INFO] Downloading from central: https://repo.maven.apache.org/maven2/com/fasterxml/jackson/datatype/jackson-datatype-jdk8/2.17.2/jackson-datatype-jdk8-2.17.2.jar
[INFO] Downloaded from central: https://repo.maven.apache.org/maven2/io/fabric8/maven-model-helper/37/maven-model-helper-37.jar (36 kB at 32 kB/s)
[INFO] Downloading from central: https://repo.maven.apache.org/maven2/org/apache/maven/maven-plugin-api/3.9.8/maven-plugin-api-3.9.8.jar
[INFO] Downloaded from central: https://repo.maven.apache.org/maven2/org/jdom/jdom2/2.0.6.1/jdom2-2.0.6.1.jar (328 kB at 289 kB/s)
[INFO] Downloading from central: https://repo.maven.apache.org/maven2/org/apache/maven/maven-core/3.9.8/maven-core-3.9.8.jar
[INFO] Downloaded from central: https://repo.maven.apache.org/maven2/org/yaml/snakeyaml/2.2/snakeyaml-2.2.jar (334 kB at 293 kB/s)
[INFO] Downloading from central: https://repo.maven.apache.org/maven2/org/apache/maven/resolver/maven-resolver-impl/1.9.22/maven-resolver-impl-1.9.22.jar
[INFO] Downloaded from central: https://repo.maven.apache.org/maven2/com/fasterxml/jackson/datatype/jackson-datatype-jdk8/2.17.2/jackson-datatype-jdk8-2.17.2.jar (36 kB at 32 kB/s)
[INFO] Downloading from central: https://repo.maven.apache.org/maven2/org/apache/maven/resolver/maven-resolver-named-locks/1.9.22/maven-resolver-named-locks-1.9.22.jar
[INFO] Downloaded from central: https://repo.maven.apache.org/maven2/com/fasterxml/jackson/dataformat/jackson-dataformat-yaml/2.17.2/jackson-dataformat-yaml-2.17.2.jar (55 kB at 48 kB/s)
[INFO] Downloading from central: https://repo.maven.apache.org/maven2/org/apache/maven/resolver/maven-resolver-api/1.9.22/maven-resolver-api-1.9.22.jar
[INFO] Downloaded from central: https://repo.maven.apache.org/maven2/org/apache/maven/maven-plugin-api/3.9.8/maven-plugin-api-3.9.8.jar (47 kB at 41 kB/s)
[INFO] Downloading from central: https://repo.maven.apache.org/maven2/org/apache/maven/resolver/maven-resolver-spi/1.9.22/maven-resolver-spi-1.9.22.jar
[INFO] Downloaded from central: https://repo.maven.apache.org/maven2/org/apache/maven/resolver/maven-resolver-named-locks/1.9.22/maven-resolver-named-locks-1.9.22.jar (38 kB at 32 kB/s)
[INFO] Downloading from central: https://repo.maven.apache.org/maven2/org/apache/maven/resolver/maven-resolver-util/1.9.22/maven-resolver-util-1.9.22.jar
[INFO] Downloaded from central: https://repo.maven.apache.org/maven2/org/apache/maven/resolver/maven-resolver-impl/1.9.22/maven-resolver-impl-1.9.22.jar (320 kB at 271 kB/s)
[INFO] Downloading from central: https://repo.maven.apache.org/maven2/org/codehaus/plexus/plexus-component-annotations/2.1.0/plexus-component-annotations-2.1.0.jar
[INFO] Downloaded from central: https://repo.maven.apache.org/maven2/org/apache/maven/maven-core/3.9.8/maven-core-3.9.8.jar (704 kB at 596 kB/s)
[INFO] Downloading from central: https://repo.maven.apache.org/maven2/jakarta/enterprise/jakarta.enterprise.cdi-api/4.1.0/jakarta.enterprise.cdi-api-4.1.0.jar
[INFO] Downloaded from central: https://repo.maven.apache.org/maven2/org/apache/maven/resolver/maven-resolver-api/1.9.22/maven-resolver-api-1.9.22.jar (157 kB at 133 kB/s)
[INFO] Downloading from central: https://repo.maven.apache.org/maven2/jakarta/enterprise/jakarta.enterprise.lang-model/4.1.0/jakarta.enterprise.lang-model-4.1.0.jar
[INFO] Downloaded from central: https://repo.maven.apache.org/maven2/org/apache/maven/resolver/maven-resolver-spi/1.9.22/maven-resolver-spi-1.9.22.jar (52 kB at 43 kB/s)
[INFO] Downloading from central: https://repo.maven.apache.org/maven2/jakarta/el/jakarta.el-api/5.0.1/jakarta.el-api-5.0.1.jar
[INFO] Downloaded from central: https://repo.maven.apache.org/maven2/org/codehaus/plexus/plexus-component-annotations/2.1.0/plexus-component-annotations-2.1.0.jar (4.2 kB at 3.3 kB/s)
[INFO] Downloaded from central: https://repo.maven.apache.org/maven2/jakarta/enterprise/jakarta.enterprise.lang-model/4.1.0/jakarta.enterprise.lang-model-4.1.0.jar (28 kB at 21 kB/s)
[INFO] Downloading from central: https://repo.maven.apache.org/maven2/org/codejive/java-properties/0.0.7/java-properties-0.0.7.jar
[INFO] Downloading from central: https://repo.maven.apache.org/maven2/jakarta/interceptor/jakarta.interceptor-api/2.2.0/jakarta.interceptor-api-2.2.0.jar
[INFO] Downloaded from central: https://repo.maven.apache.org/maven2/jakarta/enterprise/jakarta.enterprise.cdi-api/4.1.0/jakarta.enterprise.cdi-api-4.1.0.jar (160 kB at 123 kB/s)
[INFO] Downloading from central: https://repo.maven.apache.org/maven2/io/quarkus/quarkus-analytics-common/3.15.1/quarkus-analytics-common-3.15.1.jar
[INFO] Downloaded from central: https://repo.maven.apache.org/maven2/org/apache/maven/resolver/maven-resolver-util/1.9.22/maven-resolver-util-1.9.22.jar (196 kB at 151 kB/s)
[INFO] Downloading from central: https://repo.maven.apache.org/maven2/com/fasterxml/jackson/datatype/jackson-datatype-jsr310/2.17.2/jackson-datatype-jsr310-2.17.2.jar
[INFO] Downloaded from central: https://repo.maven.apache.org/maven2/jakarta/el/jakarta.el-api/5.0.1/jakarta.el-api-5.0.1.jar (88 kB at 67 kB/s)
[INFO] Downloading from central: https://repo.maven.apache.org/maven2/io/quarkus/quarkus-devtools-message-writer/3.15.1/quarkus-devtools-message-writer-3.15.1.jar
[INFO] Downloaded from central: https://repo.maven.apache.org/maven2/org/codejive/java-properties/0.0.7/java-properties-0.0.7.jar (27 kB at 21 kB/s)
[INFO] Downloading from central: https://repo.maven.apache.org/maven2/io/quarkus/quarkus-cyclonedx-generator/3.15.1/quarkus-cyclonedx-generator-3.15.1.jar
[INFO] Downloaded from central: https://repo.maven.apache.org/maven2/jakarta/interceptor/jakarta.interceptor-api/2.2.0/jakarta.interceptor-api-2.2.0.jar (24 kB at 17 kB/s)
[INFO] Downloaded from central: https://repo.maven.apache.org/maven2/com/fasterxml/jackson/datatype/jackson-datatype-jsr310/2.17.2/jackson-datatype-jsr310-2.17.2.jar (132 kB at 93 kB/s)
[INFO] Downloading from central: https://repo.maven.apache.org/maven2/org/cyclonedx/cyclonedx-core-java/9.0.5/cyclonedx-core-java-9.0.5.jar
[INFO] Downloading from central: https://repo.maven.apache.org/maven2/org/apache/commons/commons-collections4/4.4/commons-collections4-4.4.jar
[INFO] Downloaded from central: https://repo.maven.apache.org/maven2/io/quarkus/quarkus-analytics-common/3.15.1/quarkus-analytics-common-3.15.1.jar (56 kB at 40 kB/s)
[INFO] Downloading from central: https://repo.maven.apache.org/maven2/com/github/package-url/packageurl-java/1.5.0/packageurl-java-1.5.0.jar
[INFO] Downloaded from central: https://repo.maven.apache.org/maven2/io/quarkus/quarkus-devtools-message-writer/3.15.1/quarkus-devtools-message-writer-3.15.1.jar (11 kB at 7.4 kB/s)
[INFO] Downloading from central: https://repo.maven.apache.org/maven2/com/fasterxml/jackson/dataformat/jackson-dataformat-xml/2.17.2/jackson-dataformat-xml-2.17.2.jar
[INFO] Downloaded from central: https://repo.maven.apache.org/maven2/io/quarkus/quarkus-cyclonedx-generator/3.15.1/quarkus-cyclonedx-generator-3.15.1.jar (20 kB at 14 kB/s)
[INFO] Downloading from central: https://repo.maven.apache.org/maven2/org/codehaus/woodstox/stax2-api/4.2.2/stax2-api-4.2.2.jar
[INFO] Downloaded from central: https://repo.maven.apache.org/maven2/com/github/package-url/packageurl-java/1.5.0/packageurl-java-1.5.0.jar (17 kB at 12 kB/s)
[INFO] Downloading from central: https://repo.maven.apache.org/maven2/com/fasterxml/woodstox/woodstox-core/6.7.0/woodstox-core-6.7.0.jar
[INFO] Downloaded from central: https://repo.maven.apache.org/maven2/org/apache/commons/commons-collections4/4.4/commons-collections4-4.4.jar (752 kB at 513 kB/s)
[INFO] Downloading from central: https://repo.maven.apache.org/maven2/com/networknt/json-schema-validator/1.5.1/json-schema-validator-1.5.1.jar
[INFO] Downloaded from central: https://repo.maven.apache.org/maven2/org/codehaus/woodstox/stax2-api/4.2.2/stax2-api-4.2.2.jar (196 kB at 133 kB/s)
[INFO] Downloading from central: https://repo.maven.apache.org/maven2/com/ethlo/time/itu/1.10.2/itu-1.10.2.jar
[INFO] Downloaded from central: https://repo.maven.apache.org/maven2/com/fasterxml/jackson/dataformat/jackson-dataformat-xml/2.17.2/jackson-dataformat-xml-2.17.2.jar (129 kB at 87 kB/s)
[INFO] Downloading from central: https://repo.maven.apache.org/maven2/javax/inject/javax.inject/1/javax.inject-1.jar
[INFO] Downloaded from central: https://repo.maven.apache.org/maven2/com/networknt/json-schema-validator/1.5.1/json-schema-validator-1.5.1.jar (576 kB at 377 kB/s)
[INFO] Downloading from central: https://repo.maven.apache.org/maven2/org/freemarker/freemarker/2.3.33/freemarker-2.3.33.jar
[INFO] Downloaded from central: https://repo.maven.apache.org/maven2/org/cyclonedx/cyclonedx-core-java/9.0.5/cyclonedx-core-java-9.0.5.jar (2.4 MB at 1.6 MB/s)
[INFO] Downloading from central: https://repo.maven.apache.org/maven2/org/eclipse/parsson/parsson/1.1.7/parsson-1.1.7.jar
[INFO] Downloaded from central: https://repo.maven.apache.org/maven2/javax/inject/javax.inject/1/javax.inject-1.jar (2.5 kB at 1.6 kB/s)
[INFO] Downloading from central: https://repo.maven.apache.org/maven2/jakarta/json/jakarta.json-api/2.1.3/jakarta.json-api-2.1.3.jar
[INFO] Downloaded from central: https://repo.maven.apache.org/maven2/com/ethlo/time/itu/1.10.2/itu-1.10.2.jar (54 kB at 35 kB/s)
[INFO] Downloading from central: https://repo.maven.apache.org/maven2/com/fasterxml/jackson/core/jackson-databind/2.17.2/jackson-databind-2.17.2.jar
[INFO] Downloaded from central: https://repo.maven.apache.org/maven2/com/fasterxml/woodstox/woodstox-core/6.7.0/woodstox-core-6.7.0.jar (1.6 MB at 1.1 MB/s)
[INFO] Downloading from central: https://repo.maven.apache.org/maven2/com/fasterxml/jackson/core/jackson-annotations/2.17.2/jackson-annotations-2.17.2.jar
[INFO] Downloaded from central: https://repo.maven.apache.org/maven2/jakarta/json/jakarta.json-api/2.1.3/jakarta.json-api-2.1.3.jar (49 kB at 31 kB/s)
[INFO] Downloading from central: https://repo.maven.apache.org/maven2/com/fasterxml/jackson/core/jackson-core/2.17.2/jackson-core-2.17.2.jar
[INFO] Downloaded from central: https://repo.maven.apache.org/maven2/org/eclipse/parsson/parsson/1.1.7/parsson-1.1.7.jar (126 kB at 80 kB/s)
[INFO] Downloading from central: https://repo.maven.apache.org/maven2/org/twdata/maven/mojo-executor/2.4.0/mojo-executor-2.4.0.jar
[INFO] Downloaded from central: https://repo.maven.apache.org/maven2/com/fasterxml/jackson/core/jackson-annotations/2.17.2/jackson-annotations-2.17.2.jar (78 kB at 49 kB/s)
[INFO] Downloading from central: https://repo.maven.apache.org/maven2/org/codehaus/plexus/plexus-utils/3.5.1/plexus-utils-3.5.1.jar
[INFO] Downloaded from central: https://repo.maven.apache.org/maven2/org/freemarker/freemarker/2.3.33/freemarker-2.3.33.jar (1.9 MB at 1.2 MB/s)
[INFO] Downloading from central: https://repo.maven.apache.org/maven2/org/jboss/slf4j/slf4j-jboss-logmanager/2.0.0.Final/slf4j-jboss-logmanager-2.0.0.Final.jar
[INFO] Downloaded from central: https://repo.maven.apache.org/maven2/com/fasterxml/jackson/core/jackson-databind/2.17.2/jackson-databind-2.17.2.jar (1.6 MB at 1.0 MB/s)
[INFO] Downloaded from central: https://repo.maven.apache.org/maven2/org/twdata/maven/mojo-executor/2.4.0/mojo-executor-2.4.0.jar (13 kB at 8.1 kB/s)
[INFO] Downloaded from central: https://repo.maven.apache.org/maven2/com/fasterxml/jackson/core/jackson-core/2.17.2/jackson-core-2.17.2.jar (582 kB at 360 kB/s)
[INFO] Downloaded from central: https://repo.maven.apache.org/maven2/org/jboss/slf4j/slf4j-jboss-logmanager/2.0.0.Final/slf4j-jboss-logmanager-2.0.0.Final.jar (14 kB at 8.6 kB/s)
[INFO] Downloaded from central: https://repo.maven.apache.org/maven2/org/codehaus/plexus/plexus-utils/3.5.1/plexus-utils-3.5.1.jar (269 kB at 166 kB/s)
[INFO] 
[INFO] ---------------------< com.hongdux:ruoyi-quarkus >----------------------
[INFO] Building ruoyi-quarkus 1.0.0-SNAPSHOT
[INFO]   from pom.xml
[INFO] --------------------------------[ jar ]---------------------------------
[INFO] Downloading from central: https://repo.maven.apache.org/maven2/org/apache/maven/plugins/maven-resources-plugin/3.4.0/maven-resources-plugin-3.4.0.pom
[INFO] Downloaded from central: https://repo.maven.apache.org/maven2/org/apache/maven/plugins/maven-resources-plugin/3.4.0/maven-resources-plugin-3.4.0.pom (7.9 kB at 179 kB/s)
[INFO] Downloading from central: https://repo.maven.apache.org/maven2/org/apache/maven/plugins/maven-plugins/45/maven-plugins-45.pom
[INFO] Downloaded from central: https://repo.maven.apache.org/maven2/org/apache/maven/plugins/maven-plugins/45/maven-plugins-45.pom (8.4 kB at 310 kB/s)
[INFO] Downloading from central: https://repo.maven.apache.org/maven2/org/apache/maven/maven-parent/45/maven-parent-45.pom
[INFO] Downloaded from central: https://repo.maven.apache.org/maven2/org/apache/maven/maven-parent/45/maven-parent-45.pom (53 kB at 1.7 MB/s)
[INFO] Downloading from central: https://repo.maven.apache.org/maven2/org/apache/apache/35/apache-35.pom
[INFO] Downloaded from central: https://repo.maven.apache.org/maven2/org/apache/apache/35/apache-35.pom (24 kB at 250 kB/s)
[INFO] Downloading from central: https://repo.maven.apache.org/maven2/org/junit/junit-bom/5.13.1/junit-bom-5.13.1.pom
[INFO] Downloaded from central: https://repo.maven.apache.org/maven2/org/junit/junit-bom/5.13.1/junit-bom-5.13.1.pom (5.6 kB at 202 kB/s)
[INFO] Downloading from central: https://repo.maven.apache.org/maven2/org/apache/maven/plugins/maven-resources-plugin/3.4.0/maven-resources-plugin-3.4.0.jar
[INFO] Downloaded from central: https://repo.maven.apache.org/maven2/org/apache/maven/plugins/maven-resources-plugin/3.4.0/maven-resources-plugin-3.4.0.jar (31 kB at 208 kB/s)
[INFO] Downloading from central: https://repo.maven.apache.org/maven2/org/apache/maven/plugins/maven-compiler-plugin/3.11.0/maven-compiler-plugin-3.11.0.pom
[INFO] Downloaded from central: https://repo.maven.apache.org/maven2/org/apache/maven/plugins/maven-compiler-plugin/3.11.0/maven-compiler-plugin-3.11.0.pom (9.8 kB at 327 kB/s)
[INFO] Downloading from central: https://repo.maven.apache.org/maven2/org/apache/maven/plugins/maven-plugins/39/maven-plugins-39.pom
[INFO] Downloaded from central: https://repo.maven.apache.org/maven2/org/apache/maven/plugins/maven-plugins/39/maven-plugins-39.pom (8.1 kB at 300 kB/s)
[INFO] Downloading from central: https://repo.maven.apache.org/maven2/org/apache/maven/plugins/maven-compiler-plugin/3.11.0/maven-compiler-plugin-3.11.0.jar
[INFO] Downloaded from central: https://repo.maven.apache.org/maven2/org/apache/maven/plugins/maven-compiler-plugin/3.11.0/maven-compiler-plugin-3.11.0.jar (66 kB at 1.7 MB/s)
[INFO] Downloading from central: https://repo.maven.apache.org/maven2/org/apache/maven/plugins/maven-surefire-plugin/3.5.4/maven-surefire-plugin-3.5.4.pom
[INFO] Downloaded from central: https://repo.maven.apache.org/maven2/org/apache/maven/plugins/maven-surefire-plugin/3.5.4/maven-surefire-plugin-3.5.4.pom (4.9 kB at 157 kB/s)
[INFO] Downloading from central: https://repo.maven.apache.org/maven2/org/apache/maven/surefire/surefire/3.5.4/surefire-3.5.4.pom
[INFO] Downloaded from central: https://repo.maven.apache.org/maven2/org/apache/maven/surefire/surefire/3.5.4/surefire-3.5.4.pom (19 kB at 504 kB/s)
[INFO] Downloading from central: https://repo.maven.apache.org/maven2/org/apache/maven/maven-parent/44/maven-parent-44.pom
[INFO] Downloaded from central: https://repo.maven.apache.org/maven2/org/apache/maven/maven-parent/44/maven-parent-44.pom (52 kB at 1.6 MB/s)
[INFO] Downloading from central: https://repo.maven.apache.org/maven2/org/apache/apache/34/apache-34.pom
[INFO] Downloaded from central: https://repo.maven.apache.org/maven2/org/apache/apache/34/apache-34.pom (24 kB at 836 kB/s)
[INFO] Downloading from central: https://repo.maven.apache.org/maven2/org/junit/junit-bom/5.12.1/junit-bom-5.12.1.pom
[INFO] Downloaded from central: https://repo.maven.apache.org/maven2/org/junit/junit-bom/5.12.1/junit-bom-5.12.1.pom (5.6 kB at 202 kB/s)
[INFO] Downloading from central: https://repo.maven.apache.org/maven2/org/apache/maven/plugins/maven-surefire-plugin/3.5.4/maven-surefire-plugin-3.5.4.jar
[INFO] Downloaded from central: https://repo.maven.apache.org/maven2/org/apache/maven/plugins/maven-surefire-plugin/3.5.4/maven-surefire-plugin-3.5.4.jar (46 kB at 1.5 MB/s)
[INFO] Downloading from central: https://repo.maven.apache.org/maven2/org/apache/maven/plugins/maven-jar-plugin/3.5.0/maven-jar-plugin-3.5.0.pom
[INFO] Downloaded from central: https://repo.maven.apache.org/maven2/org/apache/maven/plugins/maven-jar-plugin/3.5.0/maven-jar-plugin-3.5.0.pom (7.6 kB at 247 kB/s)
[INFO] Downloading from central: https://repo.maven.apache.org/maven2/org/apache/maven/plugins/maven-jar-plugin/3.5.0/maven-jar-plugin-3.5.0.jar
[INFO] Downloaded from central: https://repo.maven.apache.org/maven2/org/apache/maven/plugins/maven-jar-plugin/3.5.0/maven-jar-plugin-3.5.0.jar (35 kB at 305 kB/s)
[INFO] Downloading from central: https://repo.maven.apache.org/maven2/org/apache/maven/plugins/maven-install-plugin/3.1.4/maven-install-plugin-3.1.4.pom
[INFO] Downloaded from central: https://repo.maven.apache.org/maven2/org/apache/maven/plugins/maven-install-plugin/3.1.4/maven-install-plugin-3.1.4.pom (8.1 kB at 270 kB/s)
[INFO] Downloading from central: https://repo.maven.apache.org/maven2/org/apache/maven/plugins/maven-plugins/43/maven-plugins-43.pom
[INFO] Downloaded from central: https://repo.maven.apache.org/maven2/org/apache/maven/plugins/maven-plugins/43/maven-plugins-43.pom (7.5 kB at 241 kB/s)
[INFO] Downloading from central: https://repo.maven.apache.org/maven2/org/apache/maven/maven-parent/43/maven-parent-43.pom
[INFO] Downloaded from central: https://repo.maven.apache.org/maven2/org/apache/maven/maven-parent/43/maven-parent-43.pom (50 kB at 1.5 MB/s)
[INFO] Downloading from central: https://repo.maven.apache.org/maven2/org/apache/maven/plugins/maven-install-plugin/3.1.4/maven-install-plugin-3.1.4.jar
[INFO] Downloaded from central: https://repo.maven.apache.org/maven2/org/apache/maven/plugins/maven-install-plugin/3.1.4/maven-install-plugin-3.1.4.jar (33 kB at 1.3 MB/s)
[INFO] Downloading from central: https://repo.maven.apache.org/maven2/io/quarkus/quarkus-rest/3.15.1/quarkus-rest-3.15.1.pom
[INFO] Downloaded from central: https://repo.maven.apache.org/maven2/io/quarkus/quarkus-rest/3.15.1/quarkus-rest-3.15.1.pom (3.4 kB at 113 kB/s)
[INFO] Downloading from central: https://repo.maven.apache.org/maven2/io/quarkus/quarkus-rest-parent/3.15.1/quarkus-rest-parent-3.15.1.pom
[INFO] Downloaded from central: https://repo.maven.apache.org/maven2/io/quarkus/quarkus-rest-parent/3.15.1/quarkus-rest-parent-3.15.1.pom (776 B at 20 kB/s)
[INFO] Downloading from central: https://repo.maven.apache.org/maven2/io/quarkus/quarkus-rest-parent-aggregator/3.15.1/quarkus-rest-parent-aggregator-3.15.1.pom
[INFO] Downloaded from central: https://repo.maven.apache.org/maven2/io/quarkus/quarkus-rest-parent-aggregator/3.15.1/quarkus-rest-parent-aggregator-3.15.1.pom (1.5 kB at 56 kB/s)
[INFO] Downloading from central: https://repo.maven.apache.org/maven2/io/quarkus/quarkus-rest-common/3.15.1/quarkus-rest-common-3.15.1.pom
[INFO] Downloaded from central: https://repo.maven.apache.org/maven2/io/quarkus/quarkus-rest-common/3.15.1/quarkus-rest-common-3.15.1.pom (2.4 kB at 22 kB/s)
[INFO] Downloading from central: https://repo.maven.apache.org/maven2/io/quarkus/quarkus-rest-common-parent/3.15.1/quarkus-rest-common-parent-3.15.1.pom
[INFO] Downloaded from central: https://repo.maven.apache.org/maven2/io/quarkus/quarkus-rest-common-parent/3.15.1/quarkus-rest-common-parent-3.15.1.pom (792 B at 5.5 kB/s)
[INFO] Downloading from central: https://repo.maven.apache.org/maven2/io/quarkus/resteasy/reactive/resteasy-reactive-common/3.15.1/resteasy-reactive-common-3.15.1.pom
[INFO] Downloaded from central: https://repo.maven.apache.org/maven2/io/quarkus/resteasy/reactive/resteasy-reactive-common/3.15.1/resteasy-reactive-common-3.15.1.pom (2.3 kB at 75 kB/s)
[INFO] Downloading from central: https://repo.maven.apache.org/maven2/io/quarkus/resteasy/reactive/resteasy-reactive-common-parent/3.15.1/resteasy-reactive-common-parent-3.15.1.pom
[INFO] Downloaded from central: https://repo.maven.apache.org/maven2/io/quarkus/resteasy/reactive/resteasy-reactive-common-parent/3.15.1/resteasy-reactive-common-parent-3.15.1.pom (764 B at 25 kB/s)
[INFO] Downloading from central: https://repo.maven.apache.org/maven2/io/quarkus/resteasy/reactive/resteasy-reactive-parent/3.15.1/resteasy-reactive-parent-3.15.1.pom
[INFO] Downloaded from central: https://repo.maven.apache.org/maven2/io/quarkus/resteasy/reactive/resteasy-reactive-parent/3.15.1/resteasy-reactive-parent-3.15.1.pom (28 kB at 817 kB/s)
[INFO] Downloading from central: https://repo.maven.apache.org/maven2/io/smallrye/stork/stork-bom/2.6.1/stork-bom-2.6.1.pom
[INFO] Downloaded from central: https://repo.maven.apache.org/maven2/io/smallrye/stork/stork-bom/2.6.1/stork-bom-2.6.1.pom (6.3 kB at 216 kB/s)
[INFO] Downloading from central: https://repo.maven.apache.org/maven2/io/smallrye/smallrye-build-parent/42/smallrye-build-parent-42.pom
[INFO] Downloaded from central: https://repo.maven.apache.org/maven2/io/smallrye/smallrye-build-parent/42/smallrye-build-parent-42.pom (39 kB at 1.1 MB/s)
[INFO] Downloading from central: https://repo.maven.apache.org/maven2/io/smallrye/common/smallrye-common-annotation/2.5.0/smallrye-common-annotation-2.5.0.pom
[INFO] Downloaded from central: https://repo.maven.apache.org/maven2/io/smallrye/common/smallrye-common-annotation/2.5.0/smallrye-common-annotation-2.5.0.pom (2.1 kB at 44 kB/s)
[INFO] Downloading from central: https://repo.maven.apache.org/maven2/io/smallrye/common/smallrye-common-parent/2.5.0/smallrye-common-parent-2.5.0.pom
[INFO] Downloaded from central: https://repo.maven.apache.org/maven2/io/smallrye/common/smallrye-common-parent/2.5.0/smallrye-common-parent-2.5.0.pom (9.2 kB at 297 kB/s)
[INFO] Downloading from central: https://repo.maven.apache.org/maven2/org/reactivestreams/reactive-streams/1.0.4/reactive-streams-1.0.4.pom
[INFO] Downloaded from central: https://repo.maven.apache.org/maven2/org/reactivestreams/reactive-streams/1.0.4/reactive-streams-1.0.4.pom (1.1 kB at 41 kB/s)
[INFO] Downloading from central: https://repo.maven.apache.org/maven2/io/smallrye/reactive/mutiny-zero-flow-adapters/1.1.0/mutiny-zero-flow-adapters-1.1.0.pom
[INFO] Downloaded from central: https://repo.maven.apache.org/maven2/io/smallrye/reactive/mutiny-zero-flow-adapters/1.1.0/mutiny-zero-flow-adapters-1.1.0.pom (1.1 kB at 26 kB/s)
[INFO] Downloading from central: https://repo.maven.apache.org/maven2/io/smallrye/reactive/mutiny-zero-parent/1.1.0/mutiny-zero-parent-1.1.0.pom
[INFO] Downloaded from central: https://repo.maven.apache.org/maven2/io/smallrye/reactive/mutiny-zero-parent/1.1.0/mutiny-zero-parent-1.1.0.pom (10 kB at 335 kB/s)
[INFO] Downloading from central: https://repo.maven.apache.org/maven2/jakarta/el/jakarta.el-api/6.0.0/jakarta.el-api-6.0.0.pom
[INFO] Downloaded from central: https://repo.maven.apache.org/maven2/jakarta/el/jakarta.el-api/6.0.0/jakarta.el-api-6.0.0.pom (12 kB at 109 kB/s)
[INFO] Downloading from central: https://repo.maven.apache.org/maven2/jakarta/ws/rs/jakarta.ws.rs-api/3.1.0/jakarta.ws.rs-api-3.1.0.pom
[INFO] Downloaded from central: https://repo.maven.apache.org/maven2/jakarta/ws/rs/jakarta.ws.rs-api/3.1.0/jakarta.ws.rs-api-3.1.0.pom (18 kB at 504 kB/s)
[INFO] Downloading from central: https://repo.maven.apache.org/maven2/jakarta/ws/rs/all/3.1.0/all-3.1.0.pom
[INFO] Downloaded from central: https://repo.maven.apache.org/maven2/jakarta/ws/rs/all/3.1.0/all-3.1.0.pom (2.8 kB at 98 kB/s)
[INFO] Downloading from central: https://repo.maven.apache.org/maven2/org/eclipse/ee4j/project/1.0.7/project-1.0.7.pom
[INFO] Downloaded from central: https://repo.maven.apache.org/maven2/org/eclipse/ee4j/project/1.0.7/project-1.0.7.pom (14 kB at 489 kB/s)
[INFO] Downloading from central: https://repo.maven.apache.org/maven2/io/quarkus/quarkus-mutiny/3.15.1/quarkus-mutiny-3.15.1.pom
[INFO] Downloaded from central: https://repo.maven.apache.org/maven2/io/quarkus/quarkus-mutiny/3.15.1/quarkus-mutiny-3.15.1.pom (3.0 kB at 65 kB/s)
[INFO] Downloading from central: https://repo.maven.apache.org/maven2/io/quarkus/quarkus-mutiny-parent/3.15.1/quarkus-mutiny-parent-3.15.1.pom
[INFO] Downloaded from central: https://repo.maven.apache.org/maven2/io/quarkus/quarkus-mutiny-parent/3.15.1/quarkus-mutiny-parent-3.15.1.pom (734 B at 22 kB/s)
[INFO] Downloading from central: https://repo.maven.apache.org/maven2/io/quarkus/quarkus-ide-launcher/3.15.1/quarkus-ide-launcher-3.15.1.pom
[INFO] Downloaded from central: https://repo.maven.apache.org/maven2/io/quarkus/quarkus-ide-launcher/3.15.1/quarkus-ide-launcher-3.15.1.pom (4.4 kB at 176 kB/s)
[INFO] Downloading from central: https://repo.maven.apache.org/maven2/jakarta/annotation/jakarta.annotation-api/2.1.1/jakarta.annotation-api-2.1.1.pom
[INFO] Downloaded from central: https://repo.maven.apache.org/maven2/jakarta/annotation/jakarta.annotation-api/2.1.1/jakarta.annotation-api-2.1.1.pom (16 kB at 465 kB/s)
[INFO] Downloading from central: https://repo.maven.apache.org/maven2/io/smallrye/common/smallrye-common-annotation/2.4.0/smallrye-common-annotation-2.4.0.pom
[INFO] Downloaded from central: https://repo.maven.apache.org/maven2/io/smallrye/common/smallrye-common-annotation/2.4.0/smallrye-common-annotation-2.4.0.pom (2.1 kB at 18 kB/s)
[INFO] Downloading from central: https://repo.maven.apache.org/maven2/io/smallrye/common/smallrye-common-parent/2.4.0/smallrye-common-parent-2.4.0.pom
[INFO] Downloaded from central: https://repo.maven.apache.org/maven2/io/smallrye/common/smallrye-common-parent/2.4.0/smallrye-common-parent-2.4.0.pom (9.2 kB at 296 kB/s)
[INFO] Downloading from central: https://repo.maven.apache.org/maven2/io/smallrye/smallrye-parent/42/smallrye-parent-42.pom
[INFO] Downloaded from central: https://repo.maven.apache.org/maven2/io/smallrye/smallrye-parent/42/smallrye-parent-42.pom (6.0 kB at 49 kB/s)
[INFO] Downloading from central: https://repo.maven.apache.org/maven2/io/smallrye/common/smallrye-common-expression/2.4.0/smallrye-common-expression-2.4.0.pom
[INFO] Downloaded from central: https://repo.maven.apache.org/maven2/io/smallrye/common/smallrye-common-expression/2.4.0/smallrye-common-expression-2.4.0.pom (2.4 kB at 48 kB/s)
[INFO] Downloading from central: https://repo.maven.apache.org/maven2/io/smallrye/common/smallrye-common-function/2.4.0/smallrye-common-function-2.4.0.pom
[INFO] Downloaded from central: https://repo.maven.apache.org/maven2/io/smallrye/common/smallrye-common-function/2.4.0/smallrye-common-function-2.4.0.pom (2.3 kB at 79 kB/s)
[INFO] Downloading from central: https://repo.maven.apache.org/maven2/io/smallrye/common/smallrye-common-constraint/2.4.0/smallrye-common-constraint-2.4.0.pom
[INFO] Downloaded from central: https://repo.maven.apache.org/maven2/io/smallrye/common/smallrye-common-constraint/2.4.0/smallrye-common-constraint-2.4.0.pom (2.3 kB at 85 kB/s)
[INFO] Downloading from central: https://repo.maven.apache.org/maven2/org/jboss/logging/jboss-logging/3.5.0.Final/jboss-logging-3.5.0.Final.pom
[INFO] Downloaded from central: https://repo.maven.apache.org/maven2/org/jboss/logging/jboss-logging/3.5.0.Final/jboss-logging-3.5.0.Final.pom (18 kB at 207 kB/s)
[INFO] Downloading from central: https://repo.maven.apache.org/maven2/org/junit/junit-bom/5.8.2/junit-bom-5.8.2.pom
[INFO] Downloaded from central: https://repo.maven.apache.org/maven2/org/junit/junit-bom/5.8.2/junit-bom-5.8.2.pom (5.6 kB at 201 kB/s)
[INFO] Downloading from central: https://repo.maven.apache.org/maven2/io/smallrye/common/smallrye-common-classloader/2.4.0/smallrye-common-classloader-2.4.0.pom
[INFO] Downloaded from central: https://repo.maven.apache.org/maven2/io/smallrye/common/smallrye-common-classloader/2.4.0/smallrye-common-classloader-2.4.0.pom (2.4 kB at 91 kB/s)
[INFO] Downloading from central: https://repo.maven.apache.org/maven2/org/jboss/logging/jboss-logging/3.5.3.Final/jboss-logging-3.5.3.Final.pom
[INFO] Downloaded from central: https://repo.maven.apache.org/maven2/org/jboss/logging/jboss-logging/3.5.3.Final/jboss-logging-3.5.3.Final.pom (19 kB at 641 kB/s)
[INFO] Downloading from central: https://repo.maven.apache.org/maven2/org/jboss/logging/logging-parent/1.0.1.Final/logging-parent-1.0.1.Final.pom
[INFO] Downloaded from central: https://repo.maven.apache.org/maven2/org/jboss/logging/logging-parent/1.0.1.Final/logging-parent-1.0.1.Final.pom (6.0 kB at 213 kB/s)
[INFO] Downloading from central: https://repo.maven.apache.org/maven2/io/smallrye/common/smallrye-common-constraint/2.2.0/smallrye-common-constraint-2.2.0.pom
[INFO] Downloaded from central: https://repo.maven.apache.org/maven2/io/smallrye/common/smallrye-common-constraint/2.2.0/smallrye-common-constraint-2.2.0.pom (2.1 kB at 16 kB/s)
[INFO] Downloading from central: https://repo.maven.apache.org/maven2/io/smallrye/common/smallrye-common-parent/2.2.0/smallrye-common-parent-2.2.0.pom
[INFO] Downloaded from central: https://repo.maven.apache.org/maven2/io/smallrye/common/smallrye-common-parent/2.2.0/smallrye-common-parent-2.2.0.pom (8.5 kB at 315 kB/s)
[INFO] Downloading from central: https://repo.maven.apache.org/maven2/io/smallrye/smallrye-parent/41/smallrye-parent-41.pom
[INFO] Downloaded from central: https://repo.maven.apache.org/maven2/io/smallrye/smallrye-parent/41/smallrye-parent-41.pom (6.0 kB at 215 kB/s)
[INFO] Downloading from central: https://repo.maven.apache.org/maven2/io/smallrye/smallrye-build-parent/41/smallrye-build-parent-41.pom
[INFO] Downloaded from central: https://repo.maven.apache.org/maven2/io/smallrye/smallrye-build-parent/41/smallrye-build-parent-41.pom (39 kB at 1.4 MB/s)
[INFO] Downloading from central: https://repo.maven.apache.org/maven2/io/smallrye/common/smallrye-common-cpu/2.2.0/smallrye-common-cpu-2.2.0.pom
[INFO] Downloaded from central: https://repo.maven.apache.org/maven2/io/smallrye/common/smallrye-common-cpu/2.2.0/smallrye-common-cpu-2.2.0.pom (1.6 kB at 57 kB/s)
[INFO] Downloading from central: https://repo.maven.apache.org/maven2/io/smallrye/common/smallrye-common-expression/2.2.0/smallrye-common-expression-2.2.0.pom
[INFO] Downloaded from central: https://repo.maven.apache.org/maven2/io/smallrye/common/smallrye-common-expression/2.2.0/smallrye-common-expression-2.2.0.pom (2.4 kB at 98 kB/s)
[INFO] Downloading from central: https://repo.maven.apache.org/maven2/io/smallrye/common/smallrye-common-function/2.2.0/smallrye-common-function-2.2.0.pom
[INFO] Downloaded from central: https://repo.maven.apache.org/maven2/io/smallrye/common/smallrye-common-function/2.2.0/smallrye-common-function-2.2.0.pom (2.3 kB at 74 kB/s)
[INFO] Downloading from central: https://repo.maven.apache.org/maven2/io/smallrye/common/smallrye-common-net/2.2.0/smallrye-common-net-2.2.0.pom
[INFO] Downloaded from central: https://repo.maven.apache.org/maven2/io/smallrye/common/smallrye-common-net/2.2.0/smallrye-common-net-2.2.0.pom (2.7 kB at 60 kB/s)
[INFO] Downloading from central: https://repo.maven.apache.org/maven2/io/smallrye/common/smallrye-common-os/2.2.0/smallrye-common-os-2.2.0.pom
[INFO] Downloaded from central: https://repo.maven.apache.org/maven2/io/smallrye/common/smallrye-common-os/2.2.0/smallrye-common-os-2.2.0.pom (1.9 kB at 58 kB/s)
[INFO] Downloading from central: https://repo.maven.apache.org/maven2/io/smallrye/common/smallrye-common-ref/2.2.0/smallrye-common-ref-2.2.0.pom
[INFO] Downloaded from central: https://repo.maven.apache.org/maven2/io/smallrye/common/smallrye-common-ref/2.2.0/smallrye-common-ref-2.2.0.pom (2.0 kB at 19 kB/s)
[INFO] Downloading from central: https://repo.maven.apache.org/maven2/org/eclipse/parsson/parsson/1.1.6/parsson-1.1.6.pom
[INFO] Downloaded from central: https://repo.maven.apache.org/maven2/org/eclipse/parsson/parsson/1.1.6/parsson-1.1.6.pom (4.6 kB at 38 kB/s)
[INFO] Downloading from central: https://repo.maven.apache.org/maven2/org/eclipse/parsson/project/1.1.6/project-1.1.6.pom
[INFO] Downloaded from central: https://repo.maven.apache.org/maven2/org/eclipse/parsson/project/1.1.6/project-1.1.6.pom (22 kB at 573 kB/s)
[INFO] Downloading from central: https://repo.maven.apache.org/maven2/io/quarkus/quarkus-smallrye-context-propagation/3.15.1/quarkus-smallrye-context-propagation-3.15.1.pom
[INFO] Downloaded from central: https://repo.maven.apache.org/maven2/io/quarkus/quarkus-smallrye-context-propagation/3.15.1/quarkus-smallrye-context-propagation-3.15.1.pom (2.6 kB at 75 kB/s)
[INFO] Downloading from central: https://repo.maven.apache.org/maven2/io/quarkus/quarkus-smallrye-context-propagation-parent/3.15.1/quarkus-smallrye-context-propagation-parent-3.15.1.pom
[INFO] Downloaded from central: https://repo.maven.apache.org/maven2/io/quarkus/quarkus-smallrye-context-propagation-parent/3.15.1/quarkus-smallrye-context-propagation-parent-3.15.1.pom (808 B at 29 kB/s)
[INFO] Downloading from central: https://repo.maven.apache.org/maven2/io/smallrye/smallrye-context-propagation/2.1.2/smallrye-context-propagation-2.1.2.pom
[INFO] Downloaded from central: https://repo.maven.apache.org/maven2/io/smallrye/smallrye-context-propagation/2.1.2/smallrye-context-propagation-2.1.2.pom (1.6 kB at 39 kB/s)
[INFO] Downloading from central: https://repo.maven.apache.org/maven2/io/smallrye/smallrye-context-propagation-parent/2.1.2/smallrye-context-propagation-parent-2.1.2.pom
[INFO] Downloaded from central: https://repo.maven.apache.org/maven2/io/smallrye/smallrye-context-propagation-parent/2.1.2/smallrye-context-propagation-parent-2.1.2.pom (8.9 kB at 287 kB/s)
[INFO] Downloading from central: https://repo.maven.apache.org/maven2/org/eclipse/microprofile/context-propagation/microprofile-context-propagation-api/1.3/microprofile-context-propagation-api-1.3.pom
[INFO] Downloaded from central: https://repo.maven.apache.org/maven2/org/eclipse/microprofile/context-propagation/microprofile-context-propagation-api/1.3/microprofile-context-propagation-api-1.3.pom (6.4 kB at 174 kB/s)
[INFO] Downloading from central: https://repo.maven.apache.org/maven2/org/eclipse/microprofile/context-propagation/microprofile-context-propagation-parent/1.3/microprofile-context-propagation-parent-1.3.pom
[INFO] Downloaded from central: https://repo.maven.apache.org/maven2/org/eclipse/microprofile/context-propagation/microprofile-context-propagation-parent/1.3/microprofile-context-propagation-parent-1.3.pom (37 kB at 1.3 MB/s)
[INFO] Downloading from central: https://repo.maven.apache.org/maven2/org/eclipse/microprofile/config/microprofile-config-api/3.0.2/microprofile-config-api-3.0.2.pom
[INFO] Downloaded from central: https://repo.maven.apache.org/maven2/org/eclipse/microprofile/config/microprofile-config-api/3.0.2/microprofile-config-api-3.0.2.pom (1.7 kB at 58 kB/s)
[INFO] Downloading from central: https://repo.maven.apache.org/maven2/org/eclipse/microprofile/config/microprofile-config-parent/3.0.2/microprofile-config-parent-3.0.2.pom
[INFO] Downloaded from central: https://repo.maven.apache.org/maven2/org/eclipse/microprofile/config/microprofile-config-parent/3.0.2/microprofile-config-parent-3.0.2.pom (4.0 kB at 134 kB/s)
[INFO] Downloading from central: https://repo.maven.apache.org/maven2/org/eclipse/microprofile/microprofile-parent/2.6/microprofile-parent-2.6.pom
[INFO] Downloaded from central: https://repo.maven.apache.org/maven2/org/eclipse/microprofile/microprofile-parent/2.6/microprofile-parent-2.6.pom (50 kB at 1.4 MB/s)
[INFO] Downloading from central: https://repo.maven.apache.org/maven2/io/smallrye/smallrye-context-propagation-api/2.1.2/smallrye-context-propagation-api-2.1.2.pom
[INFO] Downloaded from central: https://repo.maven.apache.org/maven2/io/smallrye/smallrye-context-propagation-api/2.1.2/smallrye-context-propagation-api-2.1.2.pom (967 B at 32 kB/s)
[INFO] Downloading from central: https://repo.maven.apache.org/maven2/io/smallrye/smallrye-context-propagation-storage/2.1.2/smallrye-context-propagation-storage-2.1.2.pom
[INFO] Downloaded from central: https://repo.maven.apache.org/maven2/io/smallrye/smallrye-context-propagation-storage/2.1.2/smallrye-context-propagation-storage-2.1.2.pom (1.1 kB at 11 kB/s)
[INFO] Downloading from central: https://repo.maven.apache.org/maven2/org/jboss/threads/jboss-threads/3.5.0.Final/jboss-threads-3.5.0.Final.pom
[INFO] Downloaded from central: https://repo.maven.apache.org/maven2/org/jboss/threads/jboss-threads/3.5.0.Final/jboss-threads-3.5.0.Final.pom (7.3 kB at 222 kB/s)
[INFO] Downloading from central: https://repo.maven.apache.org/maven2/org/jboss/jboss-parent/36/jboss-parent-36.pom
[INFO] Downloaded from central: https://repo.maven.apache.org/maven2/org/jboss/jboss-parent/36/jboss-parent-36.pom (66 kB at 1.8 MB/s)
[INFO] Downloading from central: https://repo.maven.apache.org/maven2/org/jboss/logging/jboss-logging/3.4.1.Final/jboss-logging-3.4.1.Final.pom
[INFO] Downloaded from central: https://repo.maven.apache.org/maven2/org/jboss/logging/jboss-logging/3.4.1.Final/jboss-logging-3.4.1.Final.pom (5.0 kB at 156 kB/s)
[INFO] Downloading from central: https://repo.maven.apache.org/maven2/org/jboss/jboss-parent/34/jboss-parent-34.pom
[INFO] Downloaded from central: https://repo.maven.apache.org/maven2/org/jboss/jboss-parent/34/jboss-parent-34.pom (65 kB at 1.9 MB/s)
[INFO] Downloading from central: https://repo.maven.apache.org/maven2/org/wildfly/common/wildfly-common/1.5.0.Final/wildfly-common-1.5.0.Final.pom
[INFO] Downloaded from central: https://repo.maven.apache.org/maven2/org/wildfly/common/wildfly-common/1.5.0.Final/wildfly-common-1.5.0.Final.pom (7.3 kB at 228 kB/s)
[INFO] Downloading from central: https://repo.maven.apache.org/maven2/org/jboss/jboss-parent-mr-jar/32/jboss-parent-mr-jar-32.pom
[INFO] Downloaded from central: https://repo.maven.apache.org/maven2/org/jboss/jboss-parent-mr-jar/32/jboss-parent-mr-jar-32.pom (22 kB at 675 kB/s)
[INFO] Downloading from central: https://repo.maven.apache.org/maven2/org/jboss/jboss-parent/32/jboss-parent-32.pom
[INFO] Downloaded from central: https://repo.maven.apache.org/maven2/org/jboss/jboss-parent/32/jboss-parent-32.pom (35 kB at 811 kB/s)
[INFO] Downloading from central: https://repo.maven.apache.org/maven2/io/quarkus/quarkus-arc/3.15.1/quarkus-arc-3.15.1.pom
[INFO] Downloaded from central: https://repo.maven.apache.org/maven2/io/quarkus/quarkus-arc/3.15.1/quarkus-arc-3.15.1.pom (2.5 kB at 25 kB/s)
[INFO] Downloading from central: https://repo.maven.apache.org/maven2/io/quarkus/quarkus-arc-parent/3.15.1/quarkus-arc-parent-3.15.1.pom
[INFO] Downloaded from central: https://repo.maven.apache.org/maven2/io/quarkus/quarkus-arc-parent/3.15.1/quarkus-arc-parent-3.15.1.pom (770 B at 7.3 kB/s)
[INFO] Downloading from central: https://repo.maven.apache.org/maven2/io/quarkus/arc/arc/3.15.1/arc-3.15.1.pom
[INFO] Downloaded from central: https://repo.maven.apache.org/maven2/io/quarkus/arc/arc/3.15.1/arc-3.15.1.pom (2.1 kB at 70 kB/s)
[INFO] Downloading from central: https://repo.maven.apache.org/maven2/io/quarkus/arc/arc-parent/3.15.1/arc-parent-3.15.1.pom
[INFO] Downloaded from central: https://repo.maven.apache.org/maven2/io/quarkus/arc/arc-parent/3.15.1/arc-parent-3.15.1.pom (15 kB at 438 kB/s)
[INFO] Downloading from central: https://repo.maven.apache.org/maven2/jakarta/transaction/jakarta.transaction-api/2.0.1/jakarta.transaction-api-2.0.1.pom
[INFO] Downloaded from central: https://repo.maven.apache.org/maven2/jakarta/transaction/jakarta.transaction-api/2.0.1/jakarta.transaction-api-2.0.1.pom (14 kB at 440 kB/s)
[INFO] Downloading from central: https://repo.maven.apache.org/maven2/io/smallrye/reactive/mutiny-smallrye-context-propagation/2.6.2/mutiny-smallrye-context-propagation-2.6.2.pom
[INFO] Downloaded from central: https://repo.maven.apache.org/maven2/io/smallrye/reactive/mutiny-smallrye-context-propagation/2.6.2/mutiny-smallrye-context-propagation-2.6.2.pom (2.5 kB at 88 kB/s)
[INFO] Downloading from central: https://repo.maven.apache.org/maven2/io/quarkus/quarkus-vertx/3.15.1/quarkus-vertx-3.15.1.pom
[INFO] Downloaded from central: https://repo.maven.apache.org/maven2/io/quarkus/quarkus-vertx/3.15.1/quarkus-vertx-3.15.1.pom (4.7 kB at 153 kB/s)
[INFO] Downloading from central: https://repo.maven.apache.org/maven2/io/quarkus/quarkus-vertx-parent/3.15.1/quarkus-vertx-parent-3.15.1.pom
[INFO] Downloaded from central: https://repo.maven.apache.org/maven2/io/quarkus/quarkus-vertx-parent/3.15.1/quarkus-vertx-parent-3.15.1.pom (853 B at 25 kB/s)
[INFO] Downloading from central: https://repo.maven.apache.org/maven2/io/quarkus/quarkus-netty/3.15.1/quarkus-netty-3.15.1.pom
[INFO] Downloaded from central: https://repo.maven.apache.org/maven2/io/quarkus/quarkus-netty/3.15.1/quarkus-netty-3.15.1.pom (3.9 kB at 130 kB/s)
[INFO] Downloading from central: https://repo.maven.apache.org/maven2/io/quarkus/quarkus-netty-parent/3.15.1/quarkus-netty-parent-3.15.1.pom
[INFO] Downloaded from central: https://repo.maven.apache.org/maven2/io/quarkus/quarkus-netty-parent/3.15.1/quarkus-netty-parent-3.15.1.pom (734 B at 22 kB/s)
[INFO] Downloading from central: https://repo.maven.apache.org/maven2/io/netty/netty-codec/4.1.111.Final/netty-codec-4.1.111.Final.pom
[INFO] Downloaded from central: https://repo.maven.apache.org/maven2/io/netty/netty-codec/4.1.111.Final/netty-codec-4.1.111.Final.pom (5.5 kB at 133 kB/s)
[INFO] Downloading from central: https://repo.maven.apache.org/maven2/io/netty/netty-parent/4.1.111.Final/netty-parent-4.1.111.Final.pom
[INFO] Downloaded from central: https://repo.maven.apache.org/maven2/io/netty/netty-parent/4.1.111.Final/netty-parent-4.1.111.Final.pom (90 kB at 1.8 MB/s)
[INFO] Downloading from central: https://repo.maven.apache.org/maven2/io/netty/netty-common/4.1.111.Final/netty-common-4.1.111.Final.pom
[INFO] Downloaded from central: https://repo.maven.apache.org/maven2/io/netty/netty-common/4.1.111.Final/netty-common-4.1.111.Final.pom (12 kB at 110 kB/s)
[INFO] Downloading from central: https://repo.maven.apache.org/maven2/io/netty/netty-buffer/4.1.111.Final/netty-buffer-4.1.111.Final.pom
[INFO] Downloaded from central: https://repo.maven.apache.org/maven2/io/netty/netty-buffer/4.1.111.Final/netty-buffer-4.1.111.Final.pom (1.6 kB at 43 kB/s)
[INFO] Downloading from central: https://repo.maven.apache.org/maven2/io/netty/netty-transport/4.1.111.Final/netty-transport-4.1.111.Final.pom
[INFO] Downloaded from central: https://repo.maven.apache.org/maven2/io/netty/netty-transport/4.1.111.Final/netty-transport-4.1.111.Final.pom (2.2 kB at 60 kB/s)
[INFO] Downloading from central: https://repo.maven.apache.org/maven2/io/netty/netty-resolver/4.1.111.Final/netty-resolver-4.1.111.Final.pom
[INFO] Downloaded from central: https://repo.maven.apache.org/maven2/io/netty/netty-resolver/4.1.111.Final/netty-resolver-4.1.111.Final.pom (1.6 kB at 51 kB/s)
[INFO] Downloading from central: https://repo.maven.apache.org/maven2/io/netty/netty-codec-http/4.1.111.Final/netty-codec-http-4.1.111.Final.pom
[INFO] Downloaded from central: https://repo.maven.apache.org/maven2/io/netty/netty-codec-http/4.1.111.Final/netty-codec-http-4.1.111.Final.pom (4.4 kB at 141 kB/s)
[INFO] Downloading from central: https://repo.maven.apache.org/maven2/io/netty/netty-handler/4.1.111.Final/netty-handler-4.1.111.Final.pom
[INFO] Downloaded from central: https://repo.maven.apache.org/maven2/io/netty/netty-handler/4.1.111.Final/netty-handler-4.1.111.Final.pom (4.6 kB at 140 kB/s)
[INFO] Downloading from central: https://repo.maven.apache.org/maven2/io/netty/netty-transport-native-unix-common/4.1.111.Final/netty-transport-native-unix-common-4.1.111.Final.pom
[INFO] Downloaded from central: https://repo.maven.apache.org/maven2/io/netty/netty-transport-native-unix-common/4.1.111.Final/netty-transport-native-unix-common-4.1.111.Final.pom (33 kB at 1.2 MB/s)
[INFO] Downloading from central: https://repo.maven.apache.org/maven2/io/netty/netty-codec-http2/4.1.111.Final/netty-codec-http2-4.1.111.Final.pom
[INFO] Downloaded from central: https://repo.maven.apache.org/maven2/io/netty/netty-codec-http2/4.1.111.Final/netty-codec-http2-4.1.111.Final.pom (5.2 kB at 172 kB/s)
[INFO] Downloading from central: https://repo.maven.apache.org/maven2/com/aayushatharva/brotli4j/brotli4j/1.16.0/brotli4j-1.16.0.pom
[INFO] Downloaded from central: https://repo.maven.apache.org/maven2/com/aayushatharva/brotli4j/brotli4j/1.16.0/brotli4j-1.16.0.pom (9.1 kB at 294 kB/s)
[INFO] Downloading from central: https://repo.maven.apache.org/maven2/com/aayushatharva/brotli4j/brotli4j-parent/1.16.0/brotli4j-parent-1.16.0.pom
[INFO] Downloaded from central: https://repo.maven.apache.org/maven2/com/aayushatharva/brotli4j/brotli4j-parent/1.16.0/brotli4j-parent-1.16.0.pom (7.6 kB at 62 kB/s)
[INFO] Downloading from central: https://repo.maven.apache.org/maven2/com/aayushatharva/brotli4j/service/1.16.0/service-1.16.0.pom
[INFO] Downloaded from central: https://repo.maven.apache.org/maven2/com/aayushatharva/brotli4j/service/1.16.0/service-1.16.0.pom (2.0 kB at 15 kB/s)
[INFO] Downloading from central: https://repo.maven.apache.org/maven2/com/aayushatharva/brotli4j/native-linux-x86_64/1.16.0/native-linux-x86_64-1.16.0.pom
[INFO] Downloaded from central: https://repo.maven.apache.org/maven2/com/aayushatharva/brotli4j/native-linux-x86_64/1.16.0/native-linux-x86_64-1.16.0.pom (4.7 kB at 162 kB/s)
[INFO] Downloading from central: https://repo.maven.apache.org/maven2/com/aayushatharva/brotli4j/natives/1.16.0/natives-1.16.0.pom
[INFO] Downloaded from central: https://repo.maven.apache.org/maven2/com/aayushatharva/brotli4j/natives/1.16.0/natives-1.16.0.pom (6.1 kB at 211 kB/s)
[INFO] Downloading from central: https://repo.maven.apache.org/maven2/io/netty/netty-codec-haproxy/4.1.111.Final/netty-codec-haproxy-4.1.111.Final.pom
[INFO] Downloaded from central: https://repo.maven.apache.org/maven2/io/netty/netty-codec-haproxy/4.1.111.Final/netty-codec-haproxy-4.1.111.Final.pom (2.4 kB at 91 kB/s)
[INFO] Downloading from central: https://repo.maven.apache.org/maven2/io/smallrye/common/smallrye-common-vertx-context/2.6.0/smallrye-common-vertx-context-2.6.0.pom
[INFO] Downloaded from central: https://repo.maven.apache.org/maven2/io/smallrye/common/smallrye-common-vertx-context/2.6.0/smallrye-common-vertx-context-2.6.0.pom (2.9 kB at 85 kB/s)
[INFO] Downloading from central: https://repo.maven.apache.org/maven2/io/vertx/vertx-core/4.5.9/vertx-core-4.5.9.pom
[INFO] Downloaded from central: https://repo.maven.apache.org/maven2/io/vertx/vertx-core/4.5.9/vertx-core-4.5.9.pom (35 kB at 1.0 MB/s)
[INFO] Downloading from central: https://repo.maven.apache.org/maven2/io/vertx/vertx-parent/19/vertx-parent-19.pom
[INFO] Downloaded from central: https://repo.maven.apache.org/maven2/io/vertx/vertx-parent/19/vertx-parent-19.pom (15 kB at 531 kB/s)
[INFO] Downloading from central: https://repo.maven.apache.org/maven2/org/sonatype/oss/oss-parent/7/oss-parent-7.pom
[INFO] Downloaded from central: https://repo.maven.apache.org/maven2/org/sonatype/oss/oss-parent/7/oss-parent-7.pom (4.8 kB at 103 kB/s)
[INFO] Downloading from central: https://repo.maven.apache.org/maven2/io/vertx/vertx-dependencies/4.5.9/vertx-dependencies-4.5.9.pom
[INFO] Downloaded from central: https://repo.maven.apache.org/maven2/io/vertx/vertx-dependencies/4.5.9/vertx-dependencies-4.5.9.pom (35 kB at 1.0 MB/s)
[INFO] Downloading from central: https://repo.maven.apache.org/maven2/io/netty/netty-bom/4.1.111.Final/netty-bom-4.1.111.Final.pom
[INFO] Downloaded from central: https://repo.maven.apache.org/maven2/io/netty/netty-bom/4.1.111.Final/netty-bom-4.1.111.Final.pom (14 kB at 404 kB/s)
[INFO] Downloading from central: https://repo.maven.apache.org/maven2/com/fasterxml/jackson/jackson-bom/2.16.1/jackson-bom-2.16.1.pom
[INFO] Downloaded from central: https://repo.maven.apache.org/maven2/com/fasterxml/jackson/jackson-bom/2.16.1/jackson-bom-2.16.1.pom (18 kB at 629 kB/s)
[INFO] Downloading from central: https://repo.maven.apache.org/maven2/com/fasterxml/jackson/jackson-parent/2.16/jackson-parent-2.16.pom
[INFO] Downloaded from central: https://repo.maven.apache.org/maven2/com/fasterxml/jackson/jackson-parent/2.16/jackson-parent-2.16.pom (6.5 kB at 62 kB/s)
[INFO] Downloading from central: https://repo.maven.apache.org/maven2/com/fasterxml/oss-parent/56/oss-parent-56.pom
[INFO] Downloaded from central: https://repo.maven.apache.org/maven2/com/fasterxml/oss-parent/56/oss-parent-56.pom (24 kB at 736 kB/s)
[INFO] Downloading from central: https://repo.maven.apache.org/maven2/io/netty/netty-handler-proxy/4.1.111.Final/netty-handler-proxy-4.1.111.Final.pom
[INFO] Downloaded from central: https://repo.maven.apache.org/maven2/io/netty/netty-handler-proxy/4.1.111.Final/netty-handler-proxy-4.1.111.Final.pom (3.6 kB at 99 kB/s)
[INFO] Downloading from central: https://repo.maven.apache.org/maven2/io/netty/netty-codec-socks/4.1.111.Final/netty-codec-socks-4.1.111.Final.pom
[INFO] Downloaded from central: https://repo.maven.apache.org/maven2/io/netty/netty-codec-socks/4.1.111.Final/netty-codec-socks-4.1.111.Final.pom (2.5 kB at 79 kB/s)
[INFO] Downloading from central: https://repo.maven.apache.org/maven2/io/netty/netty-resolver-dns/4.1.111.Final/netty-resolver-dns-4.1.111.Final.pom
[INFO] Downloaded from central: https://repo.maven.apache.org/maven2/io/netty/netty-resolver-dns/4.1.111.Final/netty-resolver-dns-4.1.111.Final.pom (3.7 kB at 128 kB/s)
[INFO] Downloading from central: https://repo.maven.apache.org/maven2/io/netty/netty-codec-dns/4.1.111.Final/netty-codec-dns-4.1.111.Final.pom
[INFO] Downloaded from central: https://repo.maven.apache.org/maven2/io/netty/netty-codec-dns/4.1.111.Final/netty-codec-dns-4.1.111.Final.pom (2.7 kB at 104 kB/s)
[INFO] Downloading from central: https://repo.maven.apache.org/maven2/com/fasterxml/jackson/core/jackson-core/2.16.1/jackson-core-2.16.1.pom
[INFO] Downloaded from central: https://repo.maven.apache.org/maven2/com/fasterxml/jackson/core/jackson-core/2.16.1/jackson-core-2.16.1.pom (9.9 kB at 355 kB/s)
[INFO] Downloading from central: https://repo.maven.apache.org/maven2/com/fasterxml/jackson/jackson-base/2.16.1/jackson-base-2.16.1.pom
[INFO] Downloaded from central: https://repo.maven.apache.org/maven2/com/fasterxml/jackson/jackson-base/2.16.1/jackson-base-2.16.1.pom (11 kB at 379 kB/s)
[INFO] Downloading from central: https://repo.maven.apache.org/maven2/io/quarkus/quarkus-virtual-threads/3.15.1/quarkus-virtual-threads-3.15.1.pom
[INFO] Downloaded from central: https://repo.maven.apache.org/maven2/io/quarkus/quarkus-virtual-threads/3.15.1/quarkus-virtual-threads-3.15.1.pom (3.0 kB at 103 kB/s)
[INFO] Downloading from central: https://repo.maven.apache.org/maven2/io/quarkus/quarkus-virtual-threads-parent/3.15.1/quarkus-virtual-threads-parent-3.15.1.pom
[INFO] Downloaded from central: https://repo.maven.apache.org/maven2/io/quarkus/quarkus-virtual-threads-parent/3.15.1/quarkus-virtual-threads-parent-3.15.1.pom (753 B at 7.2 kB/s)
[INFO] Downloading from central: https://repo.maven.apache.org/maven2/io/vertx/vertx-core/4.5.10/vertx-core-4.5.10.pom
[INFO] Downloaded from central: https://repo.maven.apache.org/maven2/io/vertx/vertx-core/4.5.10/vertx-core-4.5.10.pom (76 kB at 575 kB/s)
[INFO] Downloading from central: https://repo.maven.apache.org/maven2/io/vertx/vertx-dependencies/4.5.10/vertx-dependencies-4.5.10.pom
[INFO] Downloaded from central: https://repo.maven.apache.org/maven2/io/vertx/vertx-dependencies/4.5.10/vertx-dependencies-4.5.10.pom (35 kB at 1.2 MB/s)
[INFO] Downloading from central: https://repo.maven.apache.org/maven2/io/quarkus/quarkus-vertx-latebound-mdc-provider/3.15.1/quarkus-vertx-latebound-mdc-provider-3.15.1.pom
[INFO] Downloaded from central: https://repo.maven.apache.org/maven2/io/quarkus/quarkus-vertx-latebound-mdc-provider/3.15.1/quarkus-vertx-latebound-mdc-provider-3.15.1.pom (850 B at 24 kB/s)
[INFO] Downloading from central: https://repo.maven.apache.org/maven2/io/smallrye/reactive/smallrye-mutiny-vertx-core/3.15.0/smallrye-mutiny-vertx-core-3.15.0.pom
[INFO] Downloaded from central: https://repo.maven.apache.org/maven2/io/smallrye/reactive/smallrye-mutiny-vertx-core/3.15.0/smallrye-mutiny-vertx-core-3.15.0.pom (8.1 kB at 189 kB/s)
[INFO] Downloading from central: https://repo.maven.apache.org/maven2/io/smallrye/reactive/vertx-mutiny-clients/3.15.0/vertx-mutiny-clients-3.15.0.pom
[INFO] Downloaded from central: https://repo.maven.apache.org/maven2/io/smallrye/reactive/vertx-mutiny-clients/3.15.0/vertx-mutiny-clients-3.15.0.pom (4.7 kB at 167 kB/s)
[INFO] Downloading from central: https://repo.maven.apache.org/maven2/io/smallrye/reactive/smallrye-mutiny-vertx-bindings-projects/3.15.0/smallrye-mutiny-vertx-bindings-projects-3.15.0.pom
[INFO] Downloaded from central: https://repo.maven.apache.org/maven2/io/smallrye/reactive/smallrye-mutiny-vertx-bindings-projects/3.15.0/smallrye-mutiny-vertx-bindings-projects-3.15.0.pom (16 kB at 498 kB/s)
[INFO] Downloading from central: https://repo.maven.apache.org/maven2/org/testcontainers/testcontainers-bom/1.20.1/testcontainers-bom-1.20.1.pom
[INFO] Downloaded from central: https://repo.maven.apache.org/maven2/org/testcontainers/testcontainers-bom/1.20.1/testcontainers-bom-1.20.1.pom (11 kB at 321 kB/s)
[INFO] Downloading from central: https://repo.maven.apache.org/maven2/io/smallrye/reactive/smallrye-mutiny-vertx-runtime/3.15.0/smallrye-mutiny-vertx-runtime-3.15.0.pom
[INFO] Downloaded from central: https://repo.maven.apache.org/maven2/io/smallrye/reactive/smallrye-mutiny-vertx-runtime/3.15.0/smallrye-mutiny-vertx-runtime-3.15.0.pom (1.4 kB at 47 kB/s)
[INFO] Downloading from central: https://repo.maven.apache.org/maven2/io/smallrye/reactive/vertx-mutiny-generator/3.15.0/vertx-mutiny-generator-3.15.0.pom
[INFO] Downloaded from central: https://repo.maven.apache.org/maven2/io/smallrye/reactive/vertx-mutiny-generator/3.15.0/vertx-mutiny-generator-3.15.0.pom (6.6 kB at 221 kB/s)
[INFO] Downloading from central: https://repo.maven.apache.org/maven2/io/vertx/vertx-codegen/4.5.10/vertx-codegen-4.5.10.pom
[INFO] Downloaded from central: https://repo.maven.apache.org/maven2/io/vertx/vertx-codegen/4.5.10/vertx-codegen-4.5.10.pom (31 kB at 822 kB/s)
[INFO] Downloading from central: https://repo.maven.apache.org/maven2/io/smallrye/smallrye-fault-tolerance-vertx/6.4.0/smallrye-fault-tolerance-vertx-6.4.0.pom
[INFO] Downloaded from central: https://repo.maven.apache.org/maven2/io/smallrye/smallrye-fault-tolerance-vertx/6.4.0/smallrye-fault-tolerance-vertx-6.4.0.pom (2.0 kB at 60 kB/s)
[INFO] Downloading from central: https://repo.maven.apache.org/maven2/io/smallrye/smallrye-fault-tolerance-implementation-parent/6.4.0/smallrye-fault-tolerance-implementation-parent-6.4.0.pom
[INFO] Downloaded from central: https://repo.maven.apache.org/maven2/io/smallrye/smallrye-fault-tolerance-implementation-parent/6.4.0/smallrye-fault-tolerance-implementation-parent-6.4.0.pom (1.6 kB at 15 kB/s)
[INFO] Downloading from central: https://repo.maven.apache.org/maven2/io/smallrye/smallrye-fault-tolerance-parent/6.4.0/smallrye-fault-tolerance-parent-6.4.0.pom
[INFO] Downloaded from central: https://repo.maven.apache.org/maven2/io/smallrye/smallrye-fault-tolerance-parent/6.4.0/smallrye-fault-tolerance-parent-6.4.0.pom (18 kB at 508 kB/s)
[INFO] Downloading from central: https://repo.maven.apache.org/maven2/io/quarkus/quarkus-jsonp/3.15.1/quarkus-jsonp-3.15.1.pom
[INFO] Downloaded from central: https://repo.maven.apache.org/maven2/io/quarkus/quarkus-jsonp/3.15.1/quarkus-jsonp-3.15.1.pom (2.7 kB at 68 kB/s)
[INFO] Downloading from central: https://repo.maven.apache.org/maven2/io/quarkus/quarkus-jsonp-parent/3.15.1/quarkus-jsonp-parent-3.15.1.pom
[INFO] Downloaded from central: https://repo.maven.apache.org/maven2/io/quarkus/quarkus-jsonp-parent/3.15.1/quarkus-jsonp-parent-3.15.1.pom (733 B at 23 kB/s)
[INFO] Downloading from central: https://repo.maven.apache.org/maven2/io/quarkus/resteasy/reactive/resteasy-reactive-vertx/3.15.1/resteasy-reactive-vertx-3.15.1.pom
[INFO] Downloaded from central: https://repo.maven.apache.org/maven2/io/quarkus/resteasy/reactive/resteasy-reactive-vertx/3.15.1/resteasy-reactive-vertx-3.15.1.pom (4.2 kB at 150 kB/s)
[INFO] Downloading from central: https://repo.maven.apache.org/maven2/io/quarkus/resteasy/reactive/resteasy-reactive-server-parent/3.15.1/resteasy-reactive-server-parent-3.15.1.pom
[INFO] Downloaded from central: https://repo.maven.apache.org/maven2/io/quarkus/resteasy/reactive/resteasy-reactive-server-parent/3.15.1/resteasy-reactive-server-parent-3.15.1.pom (828 B at 30 kB/s)
[INFO] Downloading from central: https://repo.maven.apache.org/maven2/io/vertx/vertx-web/4.5.9/vertx-web-4.5.9.pom
[INFO] Downloaded from central: https://repo.maven.apache.org/maven2/io/vertx/vertx-web/4.5.9/vertx-web-4.5.9.pom (5.1 kB at 150 kB/s)
[INFO] Downloading from central: https://repo.maven.apache.org/maven2/io/vertx/vertx-web-parent/4.5.9/vertx-web-parent-4.5.9.pom
[INFO] Downloaded from central: https://repo.maven.apache.org/maven2/io/vertx/vertx-web-parent/4.5.9/vertx-web-parent-4.5.9.pom (2.9 kB at 89 kB/s)
[INFO] Downloading from central: https://repo.maven.apache.org/maven2/io/vertx/vertx-ext-parent/38/vertx-ext-parent-38.pom
[INFO] Downloaded from central: https://repo.maven.apache.org/maven2/io/vertx/vertx-ext-parent/38/vertx-ext-parent-38.pom (8.5 kB at 73 kB/s)
[INFO] Downloading from central: https://repo.maven.apache.org/maven2/io/vertx/vertx-ext/38/vertx-ext-38.pom
[INFO] Downloaded from central: https://repo.maven.apache.org/maven2/io/vertx/vertx-ext/38/vertx-ext-38.pom (1.5 kB at 12 kB/s)
[INFO] Downloading from central: https://repo.maven.apache.org/maven2/io/vertx/vertx-web-common/4.5.9/vertx-web-common-4.5.9.pom
[INFO] Downloaded from central: https://repo.maven.apache.org/maven2/io/vertx/vertx-web-common/4.5.9/vertx-web-common-4.5.9.pom (488 B at 15 kB/s)
[INFO] Downloading from central: https://repo.maven.apache.org/maven2/io/vertx/vertx-auth-common/4.5.9/vertx-auth-common-4.5.9.pom
[INFO] Downloaded from central: https://repo.maven.apache.org/maven2/io/vertx/vertx-auth-common/4.5.9/vertx-auth-common-4.5.9.pom (1.9 kB at 60 kB/s)
[INFO] Downloading from central: https://repo.maven.apache.org/maven2/io/vertx/vertx-auth-parent/4.5.9/vertx-auth-parent-4.5.9.pom
[INFO] Downloaded from central: https://repo.maven.apache.org/maven2/io/vertx/vertx-auth-parent/4.5.9/vertx-auth-parent-4.5.9.pom (2.7 kB at 79 kB/s)
[INFO] Downloading from central: https://repo.maven.apache.org/maven2/io/vertx/vertx-bridge-common/4.5.9/vertx-bridge-common-4.5.9.pom
[INFO] Downloaded from central: https://repo.maven.apache.org/maven2/io/vertx/vertx-bridge-common/4.5.9/vertx-bridge-common-4.5.9.pom (3.6 kB at 109 kB/s)
[INFO] Downloading from central: https://repo.maven.apache.org/maven2/io/smallrye/reactive/smallrye-mutiny-vertx-core/3.13.2/smallrye-mutiny-vertx-core-3.13.2.pom
[INFO] Downloaded from central: https://repo.maven.apache.org/maven2/io/smallrye/reactive/smallrye-mutiny-vertx-core/3.13.2/smallrye-mutiny-vertx-core-3.13.2.pom (8.1 kB at 239 kB/s)
[INFO] Downloading from central: https://repo.maven.apache.org/maven2/io/smallrye/reactive/vertx-mutiny-clients/3.13.2/vertx-mutiny-clients-3.13.2.pom
[INFO] Downloaded from central: https://repo.maven.apache.org/maven2/io/smallrye/reactive/vertx-mutiny-clients/3.13.2/vertx-mutiny-clients-3.13.2.pom (4.7 kB at 167 kB/s)
[INFO] Downloading from central: https://repo.maven.apache.org/maven2/io/smallrye/reactive/smallrye-mutiny-vertx-bindings-projects/3.13.2/smallrye-mutiny-vertx-bindings-projects-3.13.2.pom
[INFO] Downloaded from central: https://repo.maven.apache.org/maven2/io/smallrye/reactive/smallrye-mutiny-vertx-bindings-projects/3.13.2/smallrye-mutiny-vertx-bindings-projects-3.13.2.pom (16 kB at 339 kB/s)
[INFO] Downloading from central: https://repo.maven.apache.org/maven2/io/vertx/vertx-dependencies/4.5.8/vertx-dependencies-4.5.8.pom
[INFO] Downloaded from central: https://repo.maven.apache.org/maven2/io/vertx/vertx-dependencies/4.5.8/vertx-dependencies-4.5.8.pom (35 kB at 874 kB/s)
[INFO] Downloading from sonatype-snapshots: https://s01.oss.sonatype.org/content/repositories/snapshots/io/netty/netty-bom/4.1.110.Final/netty-bom-4.1.110.Final.pom
[INFO] Downloading from central: https://repo.maven.apache.org/maven2/io/netty/netty-bom/4.1.110.Final/netty-bom-4.1.110.Final.pom
[INFO] Downloaded from central: https://repo.maven.apache.org/maven2/io/netty/netty-bom/4.1.110.Final/netty-bom-4.1.110.Final.pom (14 kB at 509 kB/s)
[INFO] Downloading from central: https://repo.maven.apache.org/maven2/org/testcontainers/testcontainers-bom/1.19.8/testcontainers-bom-1.19.8.pom
[INFO] Downloaded from central: https://repo.maven.apache.org/maven2/org/testcontainers/testcontainers-bom/1.19.8/testcontainers-bom-1.19.8.pom (10 kB at 298 kB/s)
[INFO] Downloading from central: https://repo.maven.apache.org/maven2/io/smallrye/reactive/smallrye-mutiny-vertx-runtime/3.13.2/smallrye-mutiny-vertx-runtime-3.13.2.pom
[INFO] Downloaded from central: https://repo.maven.apache.org/maven2/io/smallrye/reactive/smallrye-mutiny-vertx-runtime/3.13.2/smallrye-mutiny-vertx-runtime-3.13.2.pom (1.4 kB at 47 kB/s)
[INFO] Downloading from central: https://repo.maven.apache.org/maven2/io/vertx/vertx-core/4.5.8/vertx-core-4.5.8.pom
[INFO] Downloaded from central: https://repo.maven.apache.org/maven2/io/vertx/vertx-core/4.5.8/vertx-core-4.5.8.pom (35 kB at 301 kB/s)
[INFO] Downloading from central: https://repo.maven.apache.org/maven2/io/netty/netty-common/4.1.110.Final/netty-common-4.1.110.Final.pom
[INFO] Downloaded from central: https://repo.maven.apache.org/maven2/io/netty/netty-common/4.1.110.Final/netty-common-4.1.110.Final.pom (12 kB at 98 kB/s)
[INFO] Downloading from central: https://repo.maven.apache.org/maven2/io/netty/netty-parent/4.1.110.Final/netty-parent-4.1.110.Final.pom
[INFO] Downloaded from central: https://repo.maven.apache.org/maven2/io/netty/netty-parent/4.1.110.Final/netty-parent-4.1.110.Final.pom (88 kB at 2.4 MB/s)
[INFO] Downloading from central: https://repo.maven.apache.org/maven2/io/netty/netty-buffer/4.1.110.Final/netty-buffer-4.1.110.Final.pom
[INFO] Downloaded from central: https://repo.maven.apache.org/maven2/io/netty/netty-buffer/4.1.110.Final/netty-buffer-4.1.110.Final.pom (1.6 kB at 55 kB/s)
[INFO] Downloading from central: https://repo.maven.apache.org/maven2/io/netty/netty-transport/4.1.110.Final/netty-transport-4.1.110.Final.pom
[INFO] Downloaded from central: https://repo.maven.apache.org/maven2/io/netty/netty-transport/4.1.110.Final/netty-transport-4.1.110.Final.pom (2.2 kB at 77 kB/s)
[INFO] Downloading from central: https://repo.maven.apache.org/maven2/io/netty/netty-resolver/4.1.110.Final/netty-resolver-4.1.110.Final.pom
[INFO] Downloaded from central: https://repo.maven.apache.org/maven2/io/netty/netty-resolver/4.1.110.Final/netty-resolver-4.1.110.Final.pom (1.6 kB at 50 kB/s)
[INFO] Downloading from central: https://repo.maven.apache.org/maven2/io/netty/netty-handler/4.1.110.Final/netty-handler-4.1.110.Final.pom
[INFO] Downloaded from central: https://repo.maven.apache.org/maven2/io/netty/netty-handler/4.1.110.Final/netty-handler-4.1.110.Final.pom (4.6 kB at 159 kB/s)
[INFO] Downloading from central: https://repo.maven.apache.org/maven2/io/netty/netty-transport-native-unix-common/4.1.110.Final/netty-transport-native-unix-common-4.1.110.Final.pom
[INFO] Downloaded from central: https://repo.maven.apache.org/maven2/io/netty/netty-transport-native-unix-common/4.1.110.Final/netty-transport-native-unix-common-4.1.110.Final.pom (33 kB at 1.0 MB/s)
[INFO] Downloading from central: https://repo.maven.apache.org/maven2/io/netty/netty-codec/4.1.110.Final/netty-codec-4.1.110.Final.pom
[INFO] Downloaded from central: https://repo.maven.apache.org/maven2/io/netty/netty-codec/4.1.110.Final/netty-codec-4.1.110.Final.pom (5.5 kB at 189 kB/s)
[INFO] Downloading from central: https://repo.maven.apache.org/maven2/io/netty/netty-handler-proxy/4.1.110.Final/netty-handler-proxy-4.1.110.Final.pom
[INFO] Downloaded from central: https://repo.maven.apache.org/maven2/io/netty/netty-handler-proxy/4.1.110.Final/netty-handler-proxy-4.1.110.Final.pom (3.6 kB at 77 kB/s)
[INFO] Downloading from central: https://repo.maven.apache.org/maven2/io/netty/netty-codec-socks/4.1.110.Final/netty-codec-socks-4.1.110.Final.pom
[INFO] Downloaded from central: https://repo.maven.apache.org/maven2/io/netty/netty-codec-socks/4.1.110.Final/netty-codec-socks-4.1.110.Final.pom (2.5 kB at 82 kB/s)
[INFO] Downloading from central: https://repo.maven.apache.org/maven2/io/netty/netty-codec-http/4.1.110.Final/netty-codec-http-4.1.110.Final.pom
[INFO] Downloaded from central: https://repo.maven.apache.org/maven2/io/netty/netty-codec-http/4.1.110.Final/netty-codec-http-4.1.110.Final.pom (4.4 kB at 109 kB/s)
[INFO] Downloading from central: https://repo.maven.apache.org/maven2/io/netty/netty-codec-http2/4.1.110.Final/netty-codec-http2-4.1.110.Final.pom
[INFO] Downloaded from central: https://repo.maven.apache.org/maven2/io/netty/netty-codec-http2/4.1.110.Final/netty-codec-http2-4.1.110.Final.pom (5.2 kB at 198 kB/s)
[INFO] Downloading from central: https://repo.maven.apache.org/maven2/io/netty/netty-resolver-dns/4.1.110.Final/netty-resolver-dns-4.1.110.Final.pom
[INFO] Downloaded from central: https://repo.maven.apache.org/maven2/io/netty/netty-resolver-dns/4.1.110.Final/netty-resolver-dns-4.1.110.Final.pom (3.7 kB at 29 kB/s)
[INFO] Downloading from central: https://repo.maven.apache.org/maven2/io/netty/netty-codec-dns/4.1.110.Final/netty-codec-dns-4.1.110.Final.pom
[INFO] Downloaded from central: https://repo.maven.apache.org/maven2/io/netty/netty-codec-dns/4.1.110.Final/netty-codec-dns-4.1.110.Final.pom (2.7 kB at 104 kB/s)
[INFO] Downloading from central: https://repo.maven.apache.org/maven2/io/smallrye/reactive/vertx-mutiny-generator/3.13.2/vertx-mutiny-generator-3.13.2.pom
[INFO] Downloaded from central: https://repo.maven.apache.org/maven2/io/smallrye/reactive/vertx-mutiny-generator/3.13.2/vertx-mutiny-generator-3.13.2.pom (6.6 kB at 135 kB/s)
[INFO] Downloading from central: https://repo.maven.apache.org/maven2/io/vertx/vertx-codegen/4.5.8/vertx-codegen-4.5.8.pom
[INFO] Downloaded from central: https://repo.maven.apache.org/maven2/io/vertx/vertx-codegen/4.5.8/vertx-codegen-4.5.8.pom (14 kB at 460 kB/s)
[INFO] Downloading from central: https://repo.maven.apache.org/maven2/io/quarkus/resteasy/reactive/resteasy-reactive/3.15.1/resteasy-reactive-3.15.1.pom
[INFO] Downloaded from central: https://repo.maven.apache.org/maven2/io/quarkus/resteasy/reactive/resteasy-reactive/3.15.1/resteasy-reactive-3.15.1.pom (2.0 kB at 69 kB/s)
[INFO] Downloading from central: https://repo.maven.apache.org/maven2/io/quarkus/vertx/utils/quarkus-vertx-utils/3.15.1/quarkus-vertx-utils-3.15.1.pom
[INFO] Downloaded from central: https://repo.maven.apache.org/maven2/io/quarkus/vertx/utils/quarkus-vertx-utils/3.15.1/quarkus-vertx-utils-3.15.1.pom (1.3 kB at 44 kB/s)
[INFO] Downloading from central: https://repo.maven.apache.org/maven2/io/vertx/vertx-web/4.5.7/vertx-web-4.5.7.pom
[INFO] Downloaded from central: https://repo.maven.apache.org/maven2/io/vertx/vertx-web/4.5.7/vertx-web-4.5.7.pom (5.1 kB at 213 kB/s)
[INFO] Downloading from central: https://repo.maven.apache.org/maven2/io/vertx/vertx-web-parent/4.5.7/vertx-web-parent-4.5.7.pom
[INFO] Downloaded from central: https://repo.maven.apache.org/maven2/io/vertx/vertx-web-parent/4.5.7/vertx-web-parent-4.5.7.pom (2.9 kB at 102 kB/s)
[INFO] Downloading from central: https://repo.maven.apache.org/maven2/io/vertx/vertx-dependencies/4.5.7/vertx-dependencies-4.5.7.pom
[INFO] Downloaded from central: https://repo.maven.apache.org/maven2/io/vertx/vertx-dependencies/4.5.7/vertx-dependencies-4.5.7.pom (35 kB at 318 kB/s)
[INFO] Downloading from central: https://repo.maven.apache.org/maven2/io/netty/netty-bom/4.1.108.Final/netty-bom-4.1.108.Final.pom
[INFO] Downloaded from central: https://repo.maven.apache.org/maven2/io/netty/netty-bom/4.1.108.Final/netty-bom-4.1.108.Final.pom (14 kB at 404 kB/s)
[INFO] Downloading from central: https://repo.maven.apache.org/maven2/io/vertx/vertx-web-common/4.5.7/vertx-web-common-4.5.7.pom
[INFO] Downloaded from central: https://repo.maven.apache.org/maven2/io/vertx/vertx-web-common/4.5.7/vertx-web-common-4.5.7.pom (488 B at 3.6 kB/s)
[INFO] Downloading from central: https://repo.maven.apache.org/maven2/io/vertx/vertx-core/4.5.7/vertx-core-4.5.7.pom
[INFO] Downloaded from central: https://repo.maven.apache.org/maven2/io/vertx/vertx-core/4.5.7/vertx-core-4.5.7.pom (35 kB at 1.1 MB/s)
[INFO] Downloading from central: https://repo.maven.apache.org/maven2/io/netty/netty-common/4.1.108.Final/netty-common-4.1.108.Final.pom
[INFO] Downloaded from central: https://repo.maven.apache.org/maven2/io/netty/netty-common/4.1.108.Final/netty-common-4.1.108.Final.pom (12 kB at 421 kB/s)
[INFO] Downloading from central: https://repo.maven.apache.org/maven2/io/netty/netty-parent/4.1.108.Final/netty-parent-4.1.108.Final.pom
[INFO] Downloaded from central: https://repo.maven.apache.org/maven2/io/netty/netty-parent/4.1.108.Final/netty-parent-4.1.108.Final.pom (87 kB at 1.7 MB/s)
[INFO] Downloading from central: https://repo.maven.apache.org/maven2/io/netty/netty-buffer/4.1.108.Final/netty-buffer-4.1.108.Final.pom
[INFO] Downloaded from central: https://repo.maven.apache.org/maven2/io/netty/netty-buffer/4.1.108.Final/netty-buffer-4.1.108.Final.pom (1.6 kB at 61 kB/s)
[INFO] Downloading from central: https://repo.maven.apache.org/maven2/io/netty/netty-transport/4.1.108.Final/netty-transport-4.1.108.Final.pom
[INFO] Downloaded from central: https://repo.maven.apache.org/maven2/io/netty/netty-transport/4.1.108.Final/netty-transport-4.1.108.Final.pom (2.2 kB at 87 kB/s)
[INFO] Downloading from central: https://repo.maven.apache.org/maven2/io/netty/netty-resolver/4.1.108.Final/netty-resolver-4.1.108.Final.pom
[INFO] Downloaded from central: https://repo.maven.apache.org/maven2/io/netty/netty-resolver/4.1.108.Final/netty-resolver-4.1.108.Final.pom (1.6 kB at 45 kB/s)
[INFO] Downloading from central: https://repo.maven.apache.org/maven2/io/netty/netty-handler/4.1.108.Final/netty-handler-4.1.108.Final.pom
[INFO] Downloaded from central: https://repo.maven.apache.org/maven2/io/netty/netty-handler/4.1.108.Final/netty-handler-4.1.108.Final.pom (4.6 kB at 149 kB/s)
[INFO] Downloading from central: https://repo.maven.apache.org/maven2/io/netty/netty-transport-native-unix-common/4.1.108.Final/netty-transport-native-unix-common-4.1.108.Final.pom
[INFO] Downloaded from central: https://repo.maven.apache.org/maven2/io/netty/netty-transport-native-unix-common/4.1.108.Final/netty-transport-native-unix-common-4.1.108.Final.pom (33 kB at 1.1 MB/s)
[INFO] Downloading from central: https://repo.maven.apache.org/maven2/io/netty/netty-codec/4.1.108.Final/netty-codec-4.1.108.Final.pom
[INFO] Downloaded from central: https://repo.maven.apache.org/maven2/io/netty/netty-codec/4.1.108.Final/netty-codec-4.1.108.Final.pom (5.5 kB at 161 kB/s)
[INFO] Downloading from central: https://repo.maven.apache.org/maven2/io/netty/netty-handler-proxy/4.1.108.Final/netty-handler-proxy-4.1.108.Final.pom
[INFO] Downloaded from central: https://repo.maven.apache.org/maven2/io/netty/netty-handler-proxy/4.1.108.Final/netty-handler-proxy-4.1.108.Final.pom (3.6 kB at 137 kB/s)
[INFO] Downloading from central: https://repo.maven.apache.org/maven2/io/netty/netty-codec-socks/4.1.108.Final/netty-codec-socks-4.1.108.Final.pom
[INFO] Downloaded from central: https://repo.maven.apache.org/maven2/io/netty/netty-codec-socks/4.1.108.Final/netty-codec-socks-4.1.108.Final.pom (2.5 kB at 21 kB/s)
[INFO] Downloading from central: https://repo.maven.apache.org/maven2/io/netty/netty-codec-http/4.1.108.Final/netty-codec-http-4.1.108.Final.pom
[INFO] Downloaded from central: https://repo.maven.apache.org/maven2/io/netty/netty-codec-http/4.1.108.Final/netty-codec-http-4.1.108.Final.pom (4.4 kB at 115 kB/s)
[INFO] Downloading from central: https://repo.maven.apache.org/maven2/io/netty/netty-codec-http2/4.1.108.Final/netty-codec-http2-4.1.108.Final.pom
[INFO] Downloaded from central: https://repo.maven.apache.org/maven2/io/netty/netty-codec-http2/4.1.108.Final/netty-codec-http2-4.1.108.Final.pom (5.2 kB at 178 kB/s)
[INFO] Downloading from central: https://repo.maven.apache.org/maven2/io/netty/netty-resolver-dns/4.1.108.Final/netty-resolver-dns-4.1.108.Final.pom
[INFO] Downloaded from central: https://repo.maven.apache.org/maven2/io/netty/netty-resolver-dns/4.1.108.Final/netty-resolver-dns-4.1.108.Final.pom (3.7 kB at 149 kB/s)
[INFO] Downloading from central: https://repo.maven.apache.org/maven2/io/netty/netty-codec-dns/4.1.108.Final/netty-codec-dns-4.1.108.Final.pom
[INFO] Downloaded from central: https://repo.maven.apache.org/maven2/io/netty/netty-codec-dns/4.1.108.Final/netty-codec-dns-4.1.108.Final.pom (2.7 kB at 93 kB/s)
[INFO] Downloading from central: https://repo.maven.apache.org/maven2/io/vertx/vertx-auth-common/4.5.7/vertx-auth-common-4.5.7.pom
[INFO] Downloaded from central: https://repo.maven.apache.org/maven2/io/vertx/vertx-auth-common/4.5.7/vertx-auth-common-4.5.7.pom (1.9 kB at 66 kB/s)
[INFO] Downloading from central: https://repo.maven.apache.org/maven2/io/vertx/vertx-auth-parent/4.5.7/vertx-auth-parent-4.5.7.pom
[INFO] Downloaded from central: https://repo.maven.apache.org/maven2/io/vertx/vertx-auth-parent/4.5.7/vertx-auth-parent-4.5.7.pom (2.7 kB at 92 kB/s)
[INFO] Downloading from central: https://repo.maven.apache.org/maven2/io/vertx/vertx-bridge-common/4.5.7/vertx-bridge-common-4.5.7.pom
[INFO] Downloaded from central: https://repo.maven.apache.org/maven2/io/vertx/vertx-bridge-common/4.5.7/vertx-bridge-common-4.5.7.pom (3.6 kB at 134 kB/s)
[INFO] Downloading from central: https://repo.maven.apache.org/maven2/org/jboss/logging/jboss-logging/3.3.1.Final/jboss-logging-3.3.1.Final.pom
[INFO] Downloaded from central: https://repo.maven.apache.org/maven2/org/jboss/logging/jboss-logging/3.3.1.Final/jboss-logging-3.3.1.Final.pom (5.9 kB at 205 kB/s)
[INFO] Downloading from central: https://repo.maven.apache.org/maven2/org/jboss/jboss-parent/15/jboss-parent-15.pom
[INFO] Downloaded from central: https://repo.maven.apache.org/maven2/org/jboss/jboss-parent/15/jboss-parent-15.pom (32 kB at 295 kB/s)
[INFO] Downloading from central: https://repo.maven.apache.org/maven2/jakarta/xml/bind/jakarta.xml.bind-api/4.0.2/jakarta.xml.bind-api-4.0.2.pom
[INFO] Downloaded from central: https://repo.maven.apache.org/maven2/jakarta/xml/bind/jakarta.xml.bind-api/4.0.2/jakarta.xml.bind-api-4.0.2.pom (13 kB at 84 kB/s)
[INFO] Downloading from central: https://repo.maven.apache.org/maven2/jakarta/xml/bind/jakarta.xml.bind-api-parent/4.0.2/jakarta.xml.bind-api-parent-4.0.2.pom
[INFO] Downloaded from central: https://repo.maven.apache.org/maven2/jakarta/xml/bind/jakarta.xml.bind-api-parent/4.0.2/jakarta.xml.bind-api-parent-4.0.2.pom (9.1 kB at 315 kB/s)
[INFO] Downloading from central: https://repo.maven.apache.org/maven2/jakarta/activation/jakarta.activation-api/2.1.3/jakarta.activation-api-2.1.3.pom
[INFO] Downloaded from central: https://repo.maven.apache.org/maven2/jakarta/activation/jakarta.activation-api/2.1.3/jakarta.activation-api-2.1.3.pom (19 kB at 561 kB/s)
[INFO] Downloading from central: https://repo.maven.apache.org/maven2/io/quarkus/quarkus-vertx-http/3.15.1/quarkus-vertx-http-3.15.1.pom
[INFO] Downloaded from central: https://repo.maven.apache.org/maven2/io/quarkus/quarkus-vertx-http/3.15.1/quarkus-vertx-http-3.15.1.pom (5.0 kB at 190 kB/s)
[INFO] Downloading from central: https://repo.maven.apache.org/maven2/io/quarkus/quarkus-vertx-http-parent/3.15.1/quarkus-vertx-http-parent-3.15.1.pom
[INFO] Downloaded from central: https://repo.maven.apache.org/maven2/io/quarkus/quarkus-vertx-http-parent/3.15.1/quarkus-vertx-http-parent-3.15.1.pom (991 B at 38 kB/s)
[INFO] Downloading from central: https://repo.maven.apache.org/maven2/io/quarkus/quarkus-security-runtime-spi/3.15.1/quarkus-security-runtime-spi-3.15.1.pom
[INFO] Downloaded from central: https://repo.maven.apache.org/maven2/io/quarkus/quarkus-security-runtime-spi/3.15.1/quarkus-security-runtime-spi-3.15.1.pom (1.7 kB at 60 kB/s)
[INFO] Downloading from central: https://repo.maven.apache.org/maven2/io/quarkus/quarkus-security-parent/3.15.1/quarkus-security-parent-3.15.1.pom
[INFO] Downloaded from central: https://repo.maven.apache.org/maven2/io/quarkus/quarkus-security-parent/3.15.1/quarkus-security-parent-3.15.1.pom (840 B at 29 kB/s)
[INFO] Downloading from central: https://repo.maven.apache.org/maven2/io/quarkus/security/quarkus-security/2.1.0/quarkus-security-2.1.0.pom
[INFO] Downloaded from central: https://repo.maven.apache.org/maven2/io/quarkus/security/quarkus-security/2.1.0/quarkus-security-2.1.0.pom (6.6 kB at 228 kB/s)
[INFO] Downloading from central: https://repo.maven.apache.org/maven2/jakarta/enterprise/jakarta.enterprise.cdi-api/4.0.1/jakarta.enterprise.cdi-api-4.0.1.pom
[INFO] Downloaded from central: https://repo.maven.apache.org/maven2/jakarta/enterprise/jakarta.enterprise.cdi-api/4.0.1/jakarta.enterprise.cdi-api-4.0.1.pom (12 kB at 364 kB/s)
[INFO] Downloading from central: https://repo.maven.apache.org/maven2/jakarta/enterprise/jakarta.enterprise.cdi-parent/4.0.1/jakarta.enterprise.cdi-parent-4.0.1.pom
[INFO] Downloaded from central: https://repo.maven.apache.org/maven2/jakarta/enterprise/jakarta.enterprise.cdi-parent/4.0.1/jakarta.enterprise.cdi-parent-4.0.1.pom (2.3 kB at 84 kB/s)
[INFO] Downloading from central: https://repo.maven.apache.org/maven2/jakarta/enterprise/jakarta.enterprise.lang-model/4.0.1/jakarta.enterprise.lang-model-4.0.1.pom
[INFO] Downloaded from central: https://repo.maven.apache.org/maven2/jakarta/enterprise/jakarta.enterprise.lang-model/4.0.1/jakarta.enterprise.lang-model-4.0.1.pom (3.6 kB at 92 kB/s)
[INFO] Downloading from central: https://repo.maven.apache.org/maven2/jakarta/annotation/jakarta.annotation-api/2.1.0/jakarta.annotation-api-2.1.0.pom
[INFO] Downloaded from central: https://repo.maven.apache.org/maven2/jakarta/annotation/jakarta.annotation-api/2.1.0/jakarta.annotation-api-2.1.0.pom (16 kB at 564 kB/s)
[INFO] Downloading from central: https://repo.maven.apache.org/maven2/jakarta/el/jakarta.el-api/5.0.0/jakarta.el-api-5.0.0.pom
[INFO] Downloaded from central: https://repo.maven.apache.org/maven2/jakarta/el/jakarta.el-api/5.0.0/jakarta.el-api-5.0.0.pom (11 kB at 438 kB/s)
[INFO] Downloading from central: https://repo.maven.apache.org/maven2/jakarta/interceptor/jakarta.interceptor-api/2.1.0/jakarta.interceptor-api-2.1.0.pom
[INFO] Downloaded from central: https://repo.maven.apache.org/maven2/jakarta/interceptor/jakarta.interceptor-api/2.1.0/jakarta.interceptor-api-2.1.0.pom (12 kB at 110 kB/s)
[INFO] Downloading from central: https://repo.maven.apache.org/maven2/io/smallrye/reactive/mutiny/2.6.0/mutiny-2.6.0.pom
[INFO] Downloaded from central: https://repo.maven.apache.org/maven2/io/smallrye/reactive/mutiny/2.6.0/mutiny-2.6.0.pom (8.3 kB at 268 kB/s)
[INFO] Downloading from central: https://repo.maven.apache.org/maven2/io/smallrye/reactive/mutiny-project/2.6.0/mutiny-project-2.6.0.pom
[INFO] Downloaded from central: https://repo.maven.apache.org/maven2/io/smallrye/reactive/mutiny-project/2.6.0/mutiny-project-2.6.0.pom (26 kB at 656 kB/s)
[INFO] Downloading from central: https://repo.maven.apache.org/maven2/io/smallrye/common/smallrye-common-annotation/2.3.0/smallrye-common-annotation-2.3.0.pom
[INFO] Downloaded from central: https://repo.maven.apache.org/maven2/io/smallrye/common/smallrye-common-annotation/2.3.0/smallrye-common-annotation-2.3.0.pom (2.1 kB at 74 kB/s)
[INFO] Downloading from central: https://repo.maven.apache.org/maven2/io/smallrye/common/smallrye-common-parent/2.3.0/smallrye-common-parent-2.3.0.pom
[INFO] Downloaded from central: https://repo.maven.apache.org/maven2/io/smallrye/common/smallrye-common-parent/2.3.0/smallrye-common-parent-2.3.0.pom (9.2 kB at 340 kB/s)
[INFO] Downloading from central: https://repo.maven.apache.org/maven2/org/jctools/jctools-core/4.0.3/jctools-core-4.0.3.pom
[INFO] Downloaded from central: https://repo.maven.apache.org/maven2/org/jctools/jctools-core/4.0.3/jctools-core-4.0.3.pom (9.8 kB at 328 kB/s)
[INFO] Downloading from central: https://repo.maven.apache.org/maven2/io/quarkus/quarkus-tls-registry/3.15.1/quarkus-tls-registry-3.15.1.pom
[INFO] Downloaded from central: https://repo.maven.apache.org/maven2/io/quarkus/quarkus-tls-registry/3.15.1/quarkus-tls-registry-3.15.1.pom (2.3 kB at 75 kB/s)
[INFO] Downloading from central: https://repo.maven.apache.org/maven2/io/quarkus/quarkus-tls-registry-parent/3.15.1/quarkus-tls-registry-parent-3.15.1.pom
[INFO] Downloaded from central: https://repo.maven.apache.org/maven2/io/quarkus/quarkus-tls-registry-parent/3.15.1/quarkus-tls-registry-parent-3.15.1.pom (777 B at 18 kB/s)
[INFO] Downloading from central: https://repo.maven.apache.org/maven2/io/quarkus/quarkus-credentials/3.15.1/quarkus-credentials-3.15.1.pom
[INFO] Downloaded from central: https://repo.maven.apache.org/maven2/io/quarkus/quarkus-credentials/3.15.1/quarkus-credentials-3.15.1.pom (742 B at 6.6 kB/s)
[INFO] Downloading from central: https://repo.maven.apache.org/maven2/io/quarkus/quarkus-credentials-parent/3.15.1/quarkus-credentials-parent-3.15.1.pom
[INFO] Downloaded from central: https://repo.maven.apache.org/maven2/io/quarkus/quarkus-credentials-parent/3.15.1/quarkus-credentials-parent-3.15.1.pom (745 B at 24 kB/s)
[INFO] Downloading from central: https://repo.maven.apache.org/maven2/io/smallrye/reactive/smallrye-mutiny-vertx-web/3.15.0/smallrye-mutiny-vertx-web-3.15.0.pom
[INFO] Downloaded from central: https://repo.maven.apache.org/maven2/io/smallrye/reactive/smallrye-mutiny-vertx-web/3.15.0/smallrye-mutiny-vertx-web-3.15.0.pom (7.3 kB at 65 kB/s)
[INFO] Downloading from central: https://repo.maven.apache.org/maven2/io/vertx/vertx-web/4.5.10/vertx-web-4.5.10.pom
[INFO] Downloaded from central: https://repo.maven.apache.org/maven2/io/vertx/vertx-web/4.5.10/vertx-web-4.5.10.pom (5.1 kB at 213 kB/s)
[INFO] Downloading from central: https://repo.maven.apache.org/maven2/io/vertx/vertx-web-parent/4.5.10/vertx-web-parent-4.5.10.pom
[INFO] Downloaded from central: https://repo.maven.apache.org/maven2/io/vertx/vertx-web-parent/4.5.10/vertx-web-parent-4.5.10.pom (4.9 kB at 119 kB/s)
[INFO] Downloading from central: https://repo.maven.apache.org/maven2/io/vertx/vertx-web-common/4.5.10/vertx-web-common-4.5.10.pom
[INFO] Downloaded from central: https://repo.maven.apache.org/maven2/io/vertx/vertx-web-common/4.5.10/vertx-web-common-4.5.10.pom (489 B at 15 kB/s)
[INFO] Downloading from central: https://repo.maven.apache.org/maven2/io/vertx/vertx-auth-common/4.5.10/vertx-auth-common-4.5.10.pom
[INFO] Downloaded from central: https://repo.maven.apache.org/maven2/io/vertx/vertx-auth-common/4.5.10/vertx-auth-common-4.5.10.pom (1.9 kB at 74 kB/s)
[INFO] Downloading from central: https://repo.maven.apache.org/maven2/io/vertx/vertx-auth-parent/4.5.10/vertx-auth-parent-4.5.10.pom
[INFO] Downloaded from central: https://repo.maven.apache.org/maven2/io/vertx/vertx-auth-parent/4.5.10/vertx-auth-parent-4.5.10.pom (3.8 kB at 124 kB/s)
[INFO] Downloading from central: https://repo.maven.apache.org/maven2/io/vertx/vertx-bridge-common/4.5.10/vertx-bridge-common-4.5.10.pom
[INFO] Downloaded from central: https://repo.maven.apache.org/maven2/io/vertx/vertx-bridge-common/4.5.10/vertx-bridge-common-4.5.10.pom (6.9 kB at 264 kB/s)
[INFO] Downloading from central: https://repo.maven.apache.org/maven2/io/smallrye/reactive/smallrye-mutiny-vertx-web-common/3.15.0/smallrye-mutiny-vertx-web-common-3.15.0.pom
[INFO] Downloaded from central: https://repo.maven.apache.org/maven2/io/smallrye/reactive/smallrye-mutiny-vertx-web-common/3.15.0/smallrye-mutiny-vertx-web-common-3.15.0.pom (5.0 kB at 191 kB/s)
[INFO] Downloading from central: https://repo.maven.apache.org/maven2/io/smallrye/reactive/smallrye-mutiny-vertx-auth-common/3.15.0/smallrye-mutiny-vertx-auth-common-3.15.0.pom
[INFO] Downloaded from central: https://repo.maven.apache.org/maven2/io/smallrye/reactive/smallrye-mutiny-vertx-auth-common/3.15.0/smallrye-mutiny-vertx-auth-common-3.15.0.pom (5.0 kB at 166 kB/s)
[INFO] Downloading from central: https://repo.maven.apache.org/maven2/io/quarkus/quarkus-rest-jackson/3.15.1/quarkus-rest-jackson-3.15.1.pom
[INFO] Downloaded from central: https://repo.maven.apache.org/maven2/io/quarkus/quarkus-rest-jackson/3.15.1/quarkus-rest-jackson-3.15.1.pom (2.4 kB at 77 kB/s)
[INFO] Downloading from central: https://repo.maven.apache.org/maven2/io/quarkus/quarkus-rest-jackson-parent/3.15.1/quarkus-rest-jackson-parent-3.15.1.pom
[INFO] Downloaded from central: https://repo.maven.apache.org/maven2/io/quarkus/quarkus-rest-jackson-parent/3.15.1/quarkus-rest-jackson-parent-3.15.1.pom (752 B at 24 kB/s)
[INFO] Downloading from central: https://repo.maven.apache.org/maven2/io/quarkus/resteasy/reactive/resteasy-reactive-common-types/3.15.1/resteasy-reactive-common-types-3.15.1.pom
[INFO] Downloaded from central: https://repo.maven.apache.org/maven2/io/quarkus/resteasy/reactive/resteasy-reactive-common-types/3.15.1/resteasy-reactive-common-types-3.15.1.pom (790 B at 29 kB/s)
[INFO] Downloading from central: https://repo.maven.apache.org/maven2/io/smallrye/reactive/smallrye-mutiny-vertx-bridge-common/3.15.0/smallrye-mutiny-vertx-bridge-common-3.15.0.pom
[INFO] Downloaded from central: https://repo.maven.apache.org/maven2/io/smallrye/reactive/smallrye-mutiny-vertx-bridge-common/3.15.0/smallrye-mutiny-vertx-bridge-common-3.15.0.pom (5.0 kB at 178 kB/s)
[INFO] Downloading from central: https://repo.maven.apache.org/maven2/io/smallrye/reactive/smallrye-mutiny-vertx-uri-template/3.15.0/smallrye-mutiny-vertx-uri-template-3.15.0.pom
[INFO] Downloaded from central: https://repo.maven.apache.org/maven2/io/smallrye/reactive/smallrye-mutiny-vertx-uri-template/3.15.0/smallrye-mutiny-vertx-uri-template-3.15.0.pom (5.2 kB at 46 kB/s)
[INFO] Downloading from central: https://repo.maven.apache.org/maven2/io/vertx/vertx-uri-template/4.5.10/vertx-uri-template-4.5.10.pom
[INFO] Downloaded from central: https://repo.maven.apache.org/maven2/io/vertx/vertx-uri-template/4.5.10/vertx-uri-template-4.5.10.pom (5.2 kB at 186 kB/s)
[INFO] Downloading from central: https://repo.maven.apache.org/maven2/io/quarkus/quarkus-rest-jackson-common/3.15.1/quarkus-rest-jackson-common-3.15.1.pom
[INFO] Downloaded from central: https://repo.maven.apache.org/maven2/io/quarkus/quarkus-rest-jackson-common/3.15.1/quarkus-rest-jackson-common-3.15.1.pom (2.3 kB at 83 kB/s)
[INFO] Downloading from central: https://repo.maven.apache.org/maven2/io/quarkus/quarkus-rest-jackson-common-parent/3.15.1/quarkus-rest-jackson-common-parent-3.15.1.pom
[INFO] Downloaded from central: https://repo.maven.apache.org/maven2/io/quarkus/quarkus-rest-jackson-common-parent/3.15.1/quarkus-rest-jackson-common-parent-3.15.1.pom (771 B at 28 kB/s)
[INFO] Downloading from central: https://repo.maven.apache.org/maven2/io/quarkus/resteasy/reactive/resteasy-reactive-jackson/3.15.1/resteasy-reactive-jackson-3.15.1.pom
[INFO] Downloaded from central: https://repo.maven.apache.org/maven2/io/quarkus/resteasy/reactive/resteasy-reactive-jackson/3.15.1/resteasy-reactive-jackson-3.15.1.pom (2.6 kB at 83 kB/s)
[INFO] Downloading from central: https://repo.maven.apache.org/maven2/io/quarkus/quarkus-jackson/3.15.1/quarkus-jackson-3.15.1.pom
[INFO] Downloaded from central: https://repo.maven.apache.org/maven2/io/quarkus/quarkus-jackson/3.15.1/quarkus-jackson-3.15.1.pom (3.0 kB at 114 kB/s)
[INFO] Downloading from central: https://repo.maven.apache.org/maven2/io/quarkus/quarkus-jackson-parent/3.15.1/quarkus-jackson-parent-3.15.1.pom
[INFO] Downloaded from central: https://repo.maven.apache.org/maven2/io/quarkus/quarkus-jackson-parent/3.15.1/quarkus-jackson-parent-3.15.1.pom (766 B at 26 kB/s)
[INFO] Downloading from central: https://repo.maven.apache.org/maven2/com/fasterxml/jackson/module/jackson-module-parameter-names/2.17.2/jackson-module-parameter-names-2.17.2.pom
[INFO] Downloaded from central: https://repo.maven.apache.org/maven2/com/fasterxml/jackson/module/jackson-module-parameter-names/2.17.2/jackson-module-parameter-names-2.17.2.pom (4.2 kB at 132 kB/s)
[INFO] Downloading from central: https://repo.maven.apache.org/maven2/io/quarkus/quarkus-security/3.15.1/quarkus-security-3.15.1.pom
[INFO] Downloaded from central: https://repo.maven.apache.org/maven2/io/quarkus/quarkus-security/3.15.1/quarkus-security-3.15.1.pom (3.2 kB at 122 kB/s)
[INFO] Downloading from central: https://repo.maven.apache.org/maven2/io/quarkus/quarkus-elytron-security-common/3.15.1/quarkus-elytron-security-common-3.15.1.pom
[INFO] Downloaded from central: https://repo.maven.apache.org/maven2/io/quarkus/quarkus-elytron-security-common/3.15.1/quarkus-elytron-security-common-3.15.1.pom (3.6 kB at 35 kB/s)
[INFO] Downloading from central: https://repo.maven.apache.org/maven2/io/quarkus/quarkus-elytron-security-common-parent/3.15.1/quarkus-elytron-security-common-parent-3.15.1.pom
[INFO] Downloaded from central: https://repo.maven.apache.org/maven2/io/quarkus/quarkus-elytron-security-common-parent/3.15.1/quarkus-elytron-security-common-parent-3.15.1.pom (770 B at 23 kB/s)
[INFO] Downloading from central: https://repo.maven.apache.org/maven2/org/wildfly/security/wildfly-elytron-credential/2.5.2.Final/wildfly-elytron-credential-2.5.2.Final.pom
[INFO] Downloaded from central: https://repo.maven.apache.org/maven2/org/wildfly/security/wildfly-elytron-credential/2.5.2.Final/wildfly-elytron-credential-2.5.2.Final.pom (4.1 kB at 33 kB/s)
[INFO] Downloading from central: https://repo.maven.apache.org/maven2/org/wildfly/security/wildfly-elytron-parent/2.5.2.Final/wildfly-elytron-parent-2.5.2.Final.pom
[INFO] Downloaded from central: https://repo.maven.apache.org/maven2/org/wildfly/security/wildfly-elytron-parent/2.5.2.Final/wildfly-elytron-parent-2.5.2.Final.pom (68 kB at 2.1 MB/s)
[INFO] Downloading from central: https://repo.maven.apache.org/maven2/org/jboss/jboss-parent/35/jboss-parent-35.pom
[INFO] Downloaded from central: https://repo.maven.apache.org/maven2/org/jboss/jboss-parent/35/jboss-parent-35.pom (66 kB at 1.6 MB/s)
[INFO] Downloading from central: https://repo.maven.apache.org/maven2/org/wildfly/security/wildfly-elytron-asn1/2.5.2.Final/wildfly-elytron-asn1-2.5.2.Final.pom
[INFO] Downloaded from central: https://repo.maven.apache.org/maven2/org/wildfly/security/wildfly-elytron-asn1/2.5.2.Final/wildfly-elytron-asn1-2.5.2.Final.pom (2.5 kB at 56 kB/s)
[INFO] Downloading from central: https://repo.maven.apache.org/maven2/org/wildfly/common/wildfly-common/1.6.0.Final/wildfly-common-1.6.0.Final.pom
[INFO] Downloaded from central: https://repo.maven.apache.org/maven2/org/wildfly/common/wildfly-common/1.6.0.Final/wildfly-common-1.6.0.Final.pom (7.1 kB at 265 kB/s)
[INFO] Downloading from central: https://repo.maven.apache.org/maven2/org/wildfly/security/wildfly-elytron-keystore/2.5.2.Final/wildfly-elytron-keystore-2.5.2.Final.pom
[INFO] Downloaded from central: https://repo.maven.apache.org/maven2/org/wildfly/security/wildfly-elytron-keystore/2.5.2.Final/wildfly-elytron-keystore-2.5.2.Final.pom (3.7 kB at 123 kB/s)
[INFO] Downloading from central: https://repo.maven.apache.org/maven2/org/wildfly/security/wildfly-elytron-util/2.5.2.Final/wildfly-elytron-util-2.5.2.Final.pom
[INFO] Downloaded from central: https://repo.maven.apache.org/maven2/org/wildfly/security/wildfly-elytron-util/2.5.2.Final/wildfly-elytron-util-2.5.2.Final.pom (2.8 kB at 80 kB/s)
[INFO] Downloading from central: https://repo.maven.apache.org/maven2/org/wildfly/security/wildfly-elytron-base/2.5.2.Final/wildfly-elytron-base-2.5.2.Final.pom
[INFO] Downloaded from central: https://repo.maven.apache.org/maven2/org/wildfly/security/wildfly-elytron-base/2.5.2.Final/wildfly-elytron-base-2.5.2.Final.pom (2.4 kB at 70 kB/s)
[INFO] Downloading from central: https://repo.maven.apache.org/maven2/org/wildfly/security/wildfly-elytron-provider-util/2.5.2.Final/wildfly-elytron-provider-util-2.5.2.Final.pom
[INFO] Downloaded from central: https://repo.maven.apache.org/maven2/org/wildfly/security/wildfly-elytron-provider-util/2.5.2.Final/wildfly-elytron-provider-util-2.5.2.Final.pom (2.2 kB at 74 kB/s)
[INFO] Downloading from central: https://repo.maven.apache.org/maven2/org/wildfly/security/wildfly-elytron-x500-cert/2.5.2.Final/wildfly-elytron-x500-cert-2.5.2.Final.pom
[INFO] Downloaded from central: https://repo.maven.apache.org/maven2/org/wildfly/security/wildfly-elytron-x500-cert/2.5.2.Final/wildfly-elytron-x500-cert-2.5.2.Final.pom (3.1 kB at 111 kB/s)
[INFO] Downloading from central: https://repo.maven.apache.org/maven2/org/wildfly/security/wildfly-elytron-x500/2.5.2.Final/wildfly-elytron-x500-2.5.2.Final.pom
[INFO] Downloaded from central: https://repo.maven.apache.org/maven2/org/wildfly/security/wildfly-elytron-x500/2.5.2.Final/wildfly-elytron-x500-2.5.2.Final.pom (2.7 kB at 23 kB/s)
[INFO] Downloading from central: https://repo.maven.apache.org/maven2/org/wildfly/security/wildfly-elytron-x500-cert-util/2.5.2.Final/wildfly-elytron-x500-cert-util-2.5.2.Final.pom
[INFO] Downloaded from central: https://repo.maven.apache.org/maven2/org/wildfly/security/wildfly-elytron-x500-cert-util/2.5.2.Final/wildfly-elytron-x500-cert-util-2.5.2.Final.pom (2.3 kB at 68 kB/s)
[INFO] Downloading from central: https://repo.maven.apache.org/maven2/org/wildfly/security/wildfly-elytron-password-impl/2.5.2.Final/wildfly-elytron-password-impl-2.5.2.Final.pom
[INFO] Downloaded from central: https://repo.maven.apache.org/maven2/org/wildfly/security/wildfly-elytron-password-impl/2.5.2.Final/wildfly-elytron-password-impl-2.5.2.Final.pom (2.9 kB at 101 kB/s)
[INFO] Downloading from central: https://repo.maven.apache.org/maven2/io/quarkus/quarkus-junit5/3.15.1/quarkus-junit5-3.15.1.pom
[INFO] Downloaded from central: https://repo.maven.apache.org/maven2/io/quarkus/quarkus-junit5/3.15.1/quarkus-junit5-3.15.1.pom (2.4 kB at 79 kB/s)
[INFO] Downloading from central: https://repo.maven.apache.org/maven2/io/quarkus/quarkus-test-framework/3.15.1/quarkus-test-framework-3.15.1.pom
[INFO] Downloaded from central: https://repo.maven.apache.org/maven2/io/quarkus/quarkus-test-framework/3.15.1/quarkus-test-framework-3.15.1.pom (3.2 kB at 109 kB/s)
[INFO] Downloading from central: https://repo.maven.apache.org/maven2/io/quarkus/quarkus-test-common/3.15.1/quarkus-test-common-3.15.1.pom
[INFO] Downloaded from central: https://repo.maven.apache.org/maven2/io/quarkus/quarkus-test-common/3.15.1/quarkus-test-common-3.15.1.pom (2.1 kB at 71 kB/s)
[INFO] Downloading from central: https://repo.maven.apache.org/maven2/org/ow2/asm/asm/9.6/asm-9.6.pom
[INFO] Downloaded from central: https://repo.maven.apache.org/maven2/org/ow2/asm/asm/9.6/asm-9.6.pom (2.4 kB at 74 kB/s)
[INFO] Downloading from central: https://repo.maven.apache.org/maven2/org/ow2/asm/asm-util/9.6/asm-util-9.6.pom
[INFO] Downloaded from central: https://repo.maven.apache.org/maven2/org/ow2/asm/asm-util/9.6/asm-util-9.6.pom (2.9 kB at 84 kB/s)
[INFO] Downloading from central: https://repo.maven.apache.org/maven2/org/ow2/asm/asm-tree/9.6/asm-tree-9.6.pom
[INFO] Downloaded from central: https://repo.maven.apache.org/maven2/org/ow2/asm/asm-tree/9.6/asm-tree-9.6.pom (2.6 kB at 72 kB/s)
[INFO] Downloading from central: https://repo.maven.apache.org/maven2/org/ow2/asm/asm-analysis/9.6/asm-analysis-9.6.pom
[INFO] Downloaded from central: https://repo.maven.apache.org/maven2/org/ow2/asm/asm-analysis/9.6/asm-analysis-9.6.pom (2.6 kB at 22 kB/s)
[INFO] Downloading from central: https://repo.maven.apache.org/maven2/io/smallrye/jandex/3.1.6/jandex-3.1.6.pom
[INFO] Downloaded from central: https://repo.maven.apache.org/maven2/io/smallrye/jandex/3.1.6/jandex-3.1.6.pom (7.0 kB at 65 kB/s)
[INFO] Downloading from central: https://repo.maven.apache.org/maven2/io/smallrye/jandex-parent/3.1.6/jandex-parent-3.1.6.pom
[INFO] Downloaded from central: https://repo.maven.apache.org/maven2/io/smallrye/jandex-parent/3.1.6/jandex-parent-3.1.6.pom (7.2 kB at 231 kB/s)
[INFO] Downloading from central: https://repo.maven.apache.org/maven2/commons-codec/commons-codec/1.17.0/commons-codec-1.17.0.pom
[INFO] Downloaded from central: https://repo.maven.apache.org/maven2/commons-codec/commons-codec/1.17.0/commons-codec-1.17.0.pom (18 kB at 576 kB/s)
[INFO] Downloading from central: https://repo.maven.apache.org/maven2/commons-codec/commons-codec/1.11/commons-codec-1.11.pom
[INFO] Downloaded from central: https://repo.maven.apache.org/maven2/commons-codec/commons-codec/1.11/commons-codec-1.11.pom (14 kB at 537 kB/s)
[INFO] Downloading from central: https://repo.maven.apache.org/maven2/org/apache/commons/commons-parent/42/commons-parent-42.pom
[INFO] Downloaded from central: https://repo.maven.apache.org/maven2/org/apache/commons/commons-parent/42/commons-parent-42.pom (68 kB at 1.7 MB/s)
[INFO] Downloading from central: https://repo.maven.apache.org/maven2/org/apache/apache/18/apache-18.pom
[INFO] Downloaded from central: https://repo.maven.apache.org/maven2/org/apache/apache/18/apache-18.pom (16 kB at 475 kB/s)
[INFO] Downloading from central: https://repo.maven.apache.org/maven2/org/codehaus/plexus/plexus-interpolation/1.27/plexus-interpolation-1.27.pom
[INFO] Downloaded from central: https://repo.maven.apache.org/maven2/org/codehaus/plexus/plexus-interpolation/1.27/plexus-interpolation-1.27.pom (3.0 kB at 46 kB/s)
[INFO] Downloading from central: https://repo.maven.apache.org/maven2/org/codehaus/plexus/plexus/16/plexus-16.pom
[INFO] Downloaded from central: https://repo.maven.apache.org/maven2/org/codehaus/plexus/plexus/16/plexus-16.pom (28 kB at 864 kB/s)
[INFO] Downloading from central: https://repo.maven.apache.org/maven2/org/junit/junit-bom/5.10.1/junit-bom-5.10.1.pom
[INFO] Downloaded from central: https://repo.maven.apache.org/maven2/org/junit/junit-bom/5.10.1/junit-bom-5.10.1.pom (5.6 kB at 195 kB/s)
[INFO] Downloading from central: https://repo.maven.apache.org/maven2/org/apache/maven/resolver/maven-resolver-api/1.9.20/maven-resolver-api-1.9.20.pom
[INFO] Downloaded from central: https://repo.maven.apache.org/maven2/org/apache/maven/resolver/maven-resolver-api/1.9.20/maven-resolver-api-1.9.20.pom (2.7 kB at 92 kB/s)
[INFO] Downloading from central: https://repo.maven.apache.org/maven2/org/apache/maven/resolver/maven-resolver-spi/1.9.20/maven-resolver-spi-1.9.20.pom
[INFO] Downloaded from central: https://repo.maven.apache.org/maven2/org/apache/maven/resolver/maven-resolver-spi/1.9.20/maven-resolver-spi-1.9.20.pom (2.7 kB at 90 kB/s)
[INFO] Downloading from central: https://repo.maven.apache.org/maven2/org/apache/maven/resolver/maven-resolver-util/1.9.20/maven-resolver-util-1.9.20.pom
[INFO] Downloaded from central: https://repo.maven.apache.org/maven2/org/apache/maven/resolver/maven-resolver-util/1.9.20/maven-resolver-util-1.9.20.pom (2.9 kB at 102 kB/s)
[INFO] Downloading from central: https://repo.maven.apache.org/maven2/org/apache/maven/resolver/maven-resolver-impl/1.9.20/maven-resolver-impl-1.9.20.pom
[INFO] Downloaded from central: https://repo.maven.apache.org/maven2/org/apache/maven/resolver/maven-resolver-impl/1.9.20/maven-resolver-impl-1.9.20.pom (4.3 kB at 36 kB/s)
[INFO] Downloading from central: https://repo.maven.apache.org/maven2/org/apache/maven/resolver/maven-resolver-named-locks/1.9.20/maven-resolver-named-locks-1.9.20.pom
[INFO] Downloaded from central: https://repo.maven.apache.org/maven2/org/apache/maven/resolver/maven-resolver-named-locks/1.9.20/maven-resolver-named-locks-1.9.20.pom (3.2 kB at 73 kB/s)
[INFO] Downloading from central: https://repo.maven.apache.org/maven2/org/slf4j/slf4j-api/1.7.36/slf4j-api-1.7.36.pom
[INFO] Downloaded from central: https://repo.maven.apache.org/maven2/org/slf4j/slf4j-api/1.7.36/slf4j-api-1.7.36.pom (2.7 kB at 102 kB/s)
[INFO] Downloading from central: https://repo.maven.apache.org/maven2/org/slf4j/slf4j-parent/1.7.36/slf4j-parent-1.7.36.pom
[INFO] Downloaded from central: https://repo.maven.apache.org/maven2/org/slf4j/slf4j-parent/1.7.36/slf4j-parent-1.7.36.pom (14 kB at 470 kB/s)
[INFO] Downloading from central: https://repo.maven.apache.org/maven2/org/codehaus/plexus/plexus-utils/3.4.1/plexus-utils-3.4.1.pom
[INFO] Downloaded from central: https://repo.maven.apache.org/maven2/org/codehaus/plexus/plexus-utils/3.4.1/plexus-utils-3.4.1.pom (8.0 kB at 210 kB/s)
[INFO] Downloading from central: https://repo.maven.apache.org/maven2/org/apache/maven/resolver/maven-resolver-connector-basic/1.9.20/maven-resolver-connector-basic-1.9.20.pom
[INFO] Downloaded from central: https://repo.maven.apache.org/maven2/org/apache/maven/resolver/maven-resolver-connector-basic/1.9.20/maven-resolver-connector-basic-1.9.20.pom (3.7 kB at 143 kB/s)
[INFO] Downloading from central: https://repo.maven.apache.org/maven2/commons-codec/commons-codec/1.16.1/commons-codec-1.16.1.pom
[INFO] Downloaded from central: https://repo.maven.apache.org/maven2/commons-codec/commons-codec/1.16.1/commons-codec-1.16.1.pom (16 kB at 603 kB/s)
[INFO] Downloading from central: https://repo.maven.apache.org/maven2/org/apache/commons/commons-parent/66/commons-parent-66.pom
[INFO] Downloaded from central: https://repo.maven.apache.org/maven2/org/apache/commons/commons-parent/66/commons-parent-66.pom (77 kB at 2.0 MB/s)
[INFO] Downloading from central: https://repo.maven.apache.org/maven2/org/slf4j/jcl-over-slf4j/1.7.36/jcl-over-slf4j-1.7.36.pom
[INFO] Downloaded from central: https://repo.maven.apache.org/maven2/org/slf4j/jcl-over-slf4j/1.7.36/jcl-over-slf4j-1.7.36.pom (1.2 kB at 39 kB/s)
[INFO] Downloading from central: https://repo.maven.apache.org/maven2/org/apache/maven/resolver/maven-resolver-transport-wagon/1.9.20/maven-resolver-transport-wagon-1.9.20.pom
[INFO] Downloaded from central: https://repo.maven.apache.org/maven2/org/apache/maven/resolver/maven-resolver-transport-wagon/1.9.20/maven-resolver-transport-wagon-1.9.20.pom (4.5 kB at 39 kB/s)
[INFO] Downloading from central: https://repo.maven.apache.org/maven2/org/codehaus/plexus/plexus-utils/3.3.1/plexus-utils-3.3.1.pom
[INFO] Downloaded from central: https://repo.maven.apache.org/maven2/org/codehaus/plexus/plexus-utils/3.3.1/plexus-utils-3.3.1.pom (5.3 kB at 51 kB/s)
[INFO] Downloading from central: https://repo.maven.apache.org/maven2/org/codehaus/plexus/plexus-utils/4.0.1/plexus-utils-4.0.1.pom
[INFO] Downloaded from central: https://repo.maven.apache.org/maven2/org/codehaus/plexus/plexus-utils/4.0.1/plexus-utils-4.0.1.pom (7.8 kB at 217 kB/s)
[INFO] Downloading from central: https://repo.maven.apache.org/maven2/org/codehaus/plexus/plexus/17/plexus-17.pom
[INFO] Downloaded from central: https://repo.maven.apache.org/maven2/org/codehaus/plexus/plexus/17/plexus-17.pom (28 kB at 553 kB/s)
[INFO] Downloading from central: https://repo.maven.apache.org/maven2/org/eclipse/sisu/org.eclipse.sisu.plexus/0.3.5/org.eclipse.sisu.plexus-0.3.5.pom
[INFO] Downloaded from central: https://repo.maven.apache.org/maven2/org/eclipse/sisu/org.eclipse.sisu.plexus/0.3.5/org.eclipse.sisu.plexus-0.3.5.pom (4.3 kB at 122 kB/s)
[INFO] Downloading from central: https://repo.maven.apache.org/maven2/org/eclipse/sisu/sisu-plexus/0.3.5/sisu-plexus-0.3.5.pom
[INFO] Downloaded from central: https://repo.maven.apache.org/maven2/org/eclipse/sisu/sisu-plexus/0.3.5/sisu-plexus-0.3.5.pom (14 kB at 335 kB/s)
[INFO] Downloading from central: https://repo.maven.apache.org/maven2/javax/annotation/javax.annotation-api/1.2/javax.annotation-api-1.2.pom
[INFO] Downloaded from central: https://repo.maven.apache.org/maven2/javax/annotation/javax.annotation-api/1.2/javax.annotation-api-1.2.pom (13 kB at 373 kB/s)
[INFO] Downloading from central: https://repo.maven.apache.org/maven2/org/eclipse/sisu/org.eclipse.sisu.inject/0.3.5/org.eclipse.sisu.inject-0.3.5.pom
[INFO] Downloaded from central: https://repo.maven.apache.org/maven2/org/eclipse/sisu/org.eclipse.sisu.inject/0.3.5/org.eclipse.sisu.inject-0.3.5.pom (2.6 kB at 82 kB/s)
[INFO] Downloading from central: https://repo.maven.apache.org/maven2/org/eclipse/sisu/sisu-inject/0.3.5/sisu-inject-0.3.5.pom
[INFO] Downloaded from central: https://repo.maven.apache.org/maven2/org/eclipse/sisu/sisu-inject/0.3.5/sisu-inject-0.3.5.pom (14 kB at 412 kB/s)
[INFO] Downloading from central: https://repo.maven.apache.org/maven2/org/codehaus/plexus/plexus-component-annotations/1.5.5/plexus-component-annotations-1.5.5.pom
[INFO] Downloaded from central: https://repo.maven.apache.org/maven2/org/codehaus/plexus/plexus-component-annotations/1.5.5/plexus-component-annotations-1.5.5.pom (815 B at 25 kB/s)
[INFO] Downloading from central: https://repo.maven.apache.org/maven2/org/codehaus/plexus/plexus-containers/1.5.5/plexus-containers-1.5.5.pom
[INFO] Downloaded from central: https://repo.maven.apache.org/maven2/org/codehaus/plexus/plexus-containers/1.5.5/plexus-containers-1.5.5.pom (4.2 kB at 125 kB/s)
[INFO] Downloading from central: https://repo.maven.apache.org/maven2/org/codehaus/plexus/plexus/2.0.7/plexus-2.0.7.pom
[INFO] Downloaded from central: https://repo.maven.apache.org/maven2/org/codehaus/plexus/plexus/2.0.7/plexus-2.0.7.pom (17 kB at 402 kB/s)
[INFO] Downloading from central: https://repo.maven.apache.org/maven2/org/codehaus/plexus/plexus-classworlds/2.5.2/plexus-classworlds-2.5.2.pom
[INFO] Downloaded from central: https://repo.maven.apache.org/maven2/org/codehaus/plexus/plexus-classworlds/2.5.2/plexus-classworlds-2.5.2.pom (7.3 kB at 62 kB/s)
[INFO] Downloading from central: https://repo.maven.apache.org/maven2/org/codehaus/plexus/plexus/3.3.1/plexus-3.3.1.pom
[INFO] Downloaded from central: https://repo.maven.apache.org/maven2/org/codehaus/plexus/plexus/3.3.1/plexus-3.3.1.pom (20 kB at 620 kB/s)
[INFO] Downloading from central: https://repo.maven.apache.org/maven2/org/sonatype/spice/spice-parent/17/spice-parent-17.pom
[INFO] Downloaded from central: https://repo.maven.apache.org/maven2/org/sonatype/spice/spice-parent/17/spice-parent-17.pom (6.8 kB at 183 kB/s)
[INFO] Downloading from central: https://repo.maven.apache.org/maven2/org/sonatype/forge/forge-parent/10/forge-parent-10.pom
[INFO] Downloaded from central: https://repo.maven.apache.org/maven2/org/sonatype/forge/forge-parent/10/forge-parent-10.pom (14 kB at 452 kB/s)
[INFO] Downloading from central: https://repo.maven.apache.org/maven2/org/codehaus/plexus/plexus-utils/3.0.24/plexus-utils-3.0.24.pom
[INFO] Downloaded from central: https://repo.maven.apache.org/maven2/org/codehaus/plexus/plexus-utils/3.0.24/plexus-utils-3.0.24.pom (4.1 kB at 159 kB/s)
[INFO] Downloading from central: https://repo.maven.apache.org/maven2/org/codehaus/plexus/plexus/4.0/plexus-4.0.pom
[INFO] Downloaded from central: https://repo.maven.apache.org/maven2/org/codehaus/plexus/plexus/4.0/plexus-4.0.pom (22 kB at 796 kB/s)
[INFO] Downloading from central: https://repo.maven.apache.org/maven2/org/codehaus/plexus/plexus-cipher/2.1.0/plexus-cipher-2.1.0.pom
[INFO] Downloaded from central: https://repo.maven.apache.org/maven2/org/codehaus/plexus/plexus-cipher/2.1.0/plexus-cipher-2.1.0.pom (2.8 kB at 75 kB/s)
[INFO] Downloading from central: https://repo.maven.apache.org/maven2/org/codehaus/plexus/plexus/15/plexus-15.pom
[INFO] Downloaded from central: https://repo.maven.apache.org/maven2/org/codehaus/plexus/plexus/15/plexus-15.pom (28 kB at 958 kB/s)
[INFO] Downloading from central: https://repo.maven.apache.org/maven2/javax/enterprise/cdi-api/1.2/cdi-api-1.2.pom
[INFO] Downloaded from central: https://repo.maven.apache.org/maven2/javax/enterprise/cdi-api/1.2/cdi-api-1.2.pom (6.3 kB at 52 kB/s)
[INFO] Downloading from central: https://repo.maven.apache.org/maven2/org/jboss/weld/weld-parent/26/weld-parent-26.pom
[INFO] Downloaded from central: https://repo.maven.apache.org/maven2/org/jboss/weld/weld-parent/26/weld-parent-26.pom (32 kB at 257 kB/s)
[INFO] Downloading from central: https://repo.maven.apache.org/maven2/org/jboss/slf4j/slf4j-jboss-logmanager/1.1.0.Final/slf4j-jboss-logmanager-1.1.0.Final.pom
[INFO] Downloaded from central: https://repo.maven.apache.org/maven2/org/jboss/slf4j/slf4j-jboss-logmanager/1.1.0.Final/slf4j-jboss-logmanager-1.1.0.Final.pom (2.5 kB at 90 kB/s)
[INFO] Downloading from central: https://repo.maven.apache.org/maven2/org/jboss/jboss-parent/37/jboss-parent-37.pom
[INFO] Downloaded from central: https://repo.maven.apache.org/maven2/org/jboss/jboss-parent/37/jboss-parent-37.pom (66 kB at 2.0 MB/s)
[INFO] Downloading from central: https://repo.maven.apache.org/maven2/org/codehaus/plexus/plexus-xml/3.0.0/plexus-xml-3.0.0.pom
[INFO] Downloaded from central: https://repo.maven.apache.org/maven2/org/codehaus/plexus/plexus-xml/3.0.0/plexus-xml-3.0.0.pom (3.7 kB at 107 kB/s)
[INFO] Downloading from central: https://repo.maven.apache.org/maven2/org/codehaus/plexus/plexus-classworlds/2.8.0/plexus-classworlds-2.8.0.pom
[INFO] Downloaded from central: https://repo.maven.apache.org/maven2/org/codehaus/plexus/plexus-classworlds/2.8.0/plexus-classworlds-2.8.0.pom (7.1 kB at 230 kB/s)
[INFO] Downloading from central: https://repo.maven.apache.org/maven2/com/google/guava/failureaccess/1.0.2/failureaccess-1.0.2.pom
[INFO] Downloaded from central: https://repo.maven.apache.org/maven2/com/google/guava/failureaccess/1.0.2/failureaccess-1.0.2.pom (3.3 kB at 128 kB/s)
[INFO] Downloading from central: https://repo.maven.apache.org/maven2/io/quarkus/quarkus-bootstrap-gradle-resolver/3.15.1/quarkus-bootstrap-gradle-resolver-3.15.1.pom
[INFO] Downloaded from central: https://repo.maven.apache.org/maven2/io/quarkus/quarkus-bootstrap-gradle-resolver/3.15.1/quarkus-bootstrap-gradle-resolver-3.15.1.pom (4.5 kB at 155 kB/s)
[INFO] Downloading from central: https://repo.maven.apache.org/maven2/io/quarkus/quarkus-junit5-properties/3.15.1/quarkus-junit5-properties-3.15.1.pom
[INFO] Downloaded from central: https://repo.maven.apache.org/maven2/io/quarkus/quarkus-junit5-properties/3.15.1/quarkus-junit5-properties-3.15.1.pom (941 B at 29 kB/s)
[INFO] Downloading from central: https://repo.maven.apache.org/maven2/org/jboss/marshalling/jboss-marshalling/2.2.1.Final/jboss-marshalling-2.2.1.Final.pom
[INFO] Downloaded from central: https://repo.maven.apache.org/maven2/org/jboss/marshalling/jboss-marshalling/2.2.1.Final/jboss-marshalling-2.2.1.Final.pom (3.6 kB at 124 kB/s)
[INFO] Downloading from central: https://repo.maven.apache.org/maven2/org/jboss/marshalling/jboss-marshalling-parent/2.2.1.Final/jboss-marshalling-parent-2.2.1.Final.pom
[INFO] Downloaded from central: https://repo.maven.apache.org/maven2/org/jboss/marshalling/jboss-marshalling-parent/2.2.1.Final/jboss-marshalling-parent-2.2.1.Final.pom (5.1 kB at 159 kB/s)
[INFO] Downloading from central: https://repo.maven.apache.org/maven2/io/rest-assured/rest-assured/5.5.0/rest-assured-5.5.0.pom
[INFO] Downloaded from central: https://repo.maven.apache.org/maven2/io/rest-assured/rest-assured/5.5.0/rest-assured-5.5.0.pom (7.6 kB at 270 kB/s)
[INFO] Downloading from central: https://repo.maven.apache.org/maven2/io/rest-assured/rest-assured-parent/5.5.0/rest-assured-parent-5.5.0.pom
[INFO] Downloaded from central: https://repo.maven.apache.org/maven2/io/rest-assured/rest-assured-parent/5.5.0/rest-assured-parent-5.5.0.pom (22 kB at 704 kB/s)
[INFO] Downloading from central: https://repo.maven.apache.org/maven2/org/sonatype/oss/oss-parent/5/oss-parent-5.pom
[INFO] Downloaded from central: https://repo.maven.apache.org/maven2/org/sonatype/oss/oss-parent/5/oss-parent-5.pom (4.1 kB at 151 kB/s)
[INFO] Downloading from central: https://repo.maven.apache.org/maven2/org/apache/groovy/groovy/4.0.22/groovy-4.0.22.pom
[INFO] Downloaded from central: https://repo.maven.apache.org/maven2/org/apache/groovy/groovy/4.0.22/groovy-4.0.22.pom (24 kB at 230 kB/s)
[INFO] Downloading from central: https://repo.maven.apache.org/maven2/org/apache/groovy/groovy-bom/4.0.22/groovy-bom-4.0.22.pom
[INFO] Downloaded from central: https://repo.maven.apache.org/maven2/org/apache/groovy/groovy-bom/4.0.22/groovy-bom-4.0.22.pom (27 kB at 827 kB/s)
[INFO] Downloading from central: https://repo.maven.apache.org/maven2/org/apache/groovy/groovy-xml/4.0.22/groovy-xml-4.0.22.pom
[INFO] Downloaded from central: https://repo.maven.apache.org/maven2/org/apache/groovy/groovy-xml/4.0.22/groovy-xml-4.0.22.pom (23 kB at 645 kB/s)
[INFO] Downloading from central: https://repo.maven.apache.org/maven2/org/apache/httpcomponents/httpclient/4.5.13/httpclient-4.5.13.pom
[INFO] Downloaded from central: https://repo.maven.apache.org/maven2/org/apache/httpcomponents/httpclient/4.5.13/httpclient-4.5.13.pom (6.6 kB at 207 kB/s)
[INFO] Downloading from central: https://repo.maven.apache.org/maven2/org/apache/httpcomponents/httpcomponents-client/4.5.13/httpcomponents-client-4.5.13.pom
[INFO] Downloaded from central: https://repo.maven.apache.org/maven2/org/apache/httpcomponents/httpcomponents-client/4.5.13/httpcomponents-client-4.5.13.pom (16 kB at 496 kB/s)
[INFO] Downloading from central: https://repo.maven.apache.org/maven2/org/apache/httpcomponents/httpcore/4.4.13/httpcore-4.4.13.pom
[INFO] Downloaded from central: https://repo.maven.apache.org/maven2/org/apache/httpcomponents/httpcore/4.4.13/httpcore-4.4.13.pom (5.0 kB at 199 kB/s)
[INFO] Downloading from central: https://repo.maven.apache.org/maven2/org/apache/httpcomponents/httpcomponents-core/4.4.13/httpcomponents-core-4.4.13.pom
[INFO] Downloaded from central: https://repo.maven.apache.org/maven2/org/apache/httpcomponents/httpcomponents-core/4.4.13/httpcomponents-core-4.4.13.pom (13 kB at 425 kB/s)
[INFO] Downloading from central: https://repo.maven.apache.org/maven2/org/apache/httpcomponents/httpmime/4.5.13/httpmime-4.5.13.pom
[INFO] Downloaded from central: https://repo.maven.apache.org/maven2/org/apache/httpcomponents/httpmime/4.5.13/httpmime-4.5.13.pom (5.2 kB at 186 kB/s)
[INFO] Downloading from central: https://repo.maven.apache.org/maven2/org/hamcrest/hamcrest/2.2/hamcrest-2.2.pom
[INFO] Downloaded from central: https://repo.maven.apache.org/maven2/org/hamcrest/hamcrest/2.2/hamcrest-2.2.pom (1.1 kB at 30 kB/s)
[INFO] Downloading from central: https://repo.maven.apache.org/maven2/org/ccil/cowan/tagsoup/tagsoup/1.2.1/tagsoup-1.2.1.pom
[INFO] Downloaded from central: https://repo.maven.apache.org/maven2/org/ccil/cowan/tagsoup/tagsoup/1.2.1/tagsoup-1.2.1.pom (1.2 kB at 10 kB/s)
[INFO] Downloading from central: https://repo.maven.apache.org/maven2/io/rest-assured/json-path/5.5.0/json-path-5.5.0.pom
[INFO] Downloaded from central: https://repo.maven.apache.org/maven2/io/rest-assured/json-path/5.5.0/json-path-5.5.0.pom (4.9 kB at 50 kB/s)
[INFO] Downloading from central: https://repo.maven.apache.org/maven2/org/apache/groovy/groovy-json/4.0.22/groovy-json-4.0.22.pom
[INFO] Downloaded from central: https://repo.maven.apache.org/maven2/org/apache/groovy/groovy-json/4.0.22/groovy-json-4.0.22.pom (23 kB at 728 kB/s)
[INFO] Downloading from central: https://repo.maven.apache.org/maven2/io/rest-assured/rest-assured-common/5.5.0/rest-assured-common-5.5.0.pom
[INFO] Downloaded from central: https://repo.maven.apache.org/maven2/io/rest-assured/rest-assured-common/5.5.0/rest-assured-common-5.5.0.pom (3.2 kB at 110 kB/s)
[INFO] Downloading from central: https://repo.maven.apache.org/maven2/org/apache/commons/commons-lang3/3.11/commons-lang3-3.11.pom
[INFO] Downloaded from central: https://repo.maven.apache.org/maven2/org/apache/commons/commons-lang3/3.11/commons-lang3-3.11.pom (30 kB at 938 kB/s)
[INFO] Downloading from central: https://repo.maven.apache.org/maven2/org/apache/commons/commons-parent/51/commons-parent-51.pom
[INFO] Downloaded from central: https://repo.maven.apache.org/maven2/org/apache/commons/commons-parent/51/commons-parent-51.pom (78 kB at 2.2 MB/s)
[INFO] Downloading from central: https://repo.maven.apache.org/maven2/io/rest-assured/xml-path/5.5.0/xml-path-5.5.0.pom
[INFO] Downloaded from central: https://repo.maven.apache.org/maven2/io/rest-assured/xml-path/5.5.0/xml-path-5.5.0.pom (4.3 kB at 135 kB/s)
[INFO] Downloading from central: https://repo.maven.apache.org/maven2/eu/bitwalker/UserAgentUtils/1.21/UserAgentUtils-1.21.pom
[INFO] Downloaded from central: https://repo.maven.apache.org/maven2/eu/bitwalker/UserAgentUtils/1.21/UserAgentUtils-1.21.pom (5.1 kB at 135 kB/s)
[INFO] Downloading from central: https://repo.maven.apache.org/maven2/io/smallrye/smallrye-jwt/4.5.3/smallrye-jwt-4.5.3.pom
[INFO] Downloaded from central: https://repo.maven.apache.org/maven2/io/smallrye/smallrye-jwt/4.5.3/smallrye-jwt-4.5.3.pom (4.8 kB at 160 kB/s)
[INFO] Downloading from central: https://repo.maven.apache.org/maven2/io/smallrye/smallrye-jwt-implementation-parent/4.5.3/smallrye-jwt-implementation-parent-4.5.3.pom
[INFO] Downloaded from central: https://repo.maven.apache.org/maven2/io/smallrye/smallrye-jwt-implementation-parent/4.5.3/smallrye-jwt-implementation-parent-4.5.3.pom (1.4 kB at 43 kB/s)
[INFO] Downloading from central: https://repo.maven.apache.org/maven2/io/smallrye/smallrye-jwt-parent/4.5.3/smallrye-jwt-parent-4.5.3.pom
[INFO] Downloaded from central: https://repo.maven.apache.org/maven2/io/smallrye/smallrye-jwt-parent/4.5.3/smallrye-jwt-parent-4.5.3.pom (7.3 kB at 77 kB/s)
[INFO] Downloading from central: https://repo.maven.apache.org/maven2/org/eclipse/microprofile/config/microprofile-config-api/3.0/microprofile-config-api-3.0.pom
[INFO] Downloaded from central: https://repo.maven.apache.org/maven2/org/eclipse/microprofile/config/microprofile-config-api/3.0/microprofile-config-api-3.0.pom (1.7 kB at 15 kB/s)
[INFO] Downloading from central: https://repo.maven.apache.org/maven2/org/eclipse/microprofile/config/microprofile-config-parent/3.0/microprofile-config-parent-3.0.pom
[INFO] Downloaded from central: https://repo.maven.apache.org/maven2/org/eclipse/microprofile/config/microprofile-config-parent/3.0/microprofile-config-parent-3.0.pom (3.9 kB at 85 kB/s)
[INFO] Downloading from central: https://repo.maven.apache.org/maven2/org/eclipse/microprofile/microprofile-parent/2.1/microprofile-parent-2.1.pom
[INFO] Downloaded from central: https://repo.maven.apache.org/maven2/org/eclipse/microprofile/microprofile-parent/2.1/microprofile-parent-2.1.pom (43 kB at 1.3 MB/s)
[INFO] Downloading from central: https://repo.maven.apache.org/maven2/org/jboss/arquillian/arquillian-bom/1.7.0.Alpha9/arquillian-bom-1.7.0.Alpha9.pom
[INFO] Downloaded from central: https://repo.maven.apache.org/maven2/org/jboss/arquillian/arquillian-bom/1.7.0.Alpha9/arquillian-bom-1.7.0.Alpha9.pom (10 kB at 347 kB/s)
[INFO] Downloading from central: https://repo.maven.apache.org/maven2/org/jboss/shrinkwrap/resolver/shrinkwrap-resolver-bom/3.1.4/shrinkwrap-resolver-bom-3.1.4.pom
[INFO] Downloaded from central: https://repo.maven.apache.org/maven2/org/jboss/shrinkwrap/resolver/shrinkwrap-resolver-bom/3.1.4/shrinkwrap-resolver-bom-3.1.4.pom (7.0 kB at 218 kB/s)
[INFO] Downloading from central: https://repo.maven.apache.org/maven2/org/apache/maven/maven/3.6.3/maven-3.6.3.pom
[INFO] Downloaded from central: https://repo.maven.apache.org/maven2/org/apache/maven/maven/3.6.3/maven-3.6.3.pom (26 kB at 853 kB/s)
[INFO] Downloading from central: https://repo.maven.apache.org/maven2/org/apache/maven/maven-parent/33/maven-parent-33.pom
[INFO] Downloaded from central: https://repo.maven.apache.org/maven2/org/apache/maven/maven-parent/33/maven-parent-33.pom (44 kB at 1.4 MB/s)
[INFO] Downloading from central: https://repo.maven.apache.org/maven2/org/jboss/shrinkwrap/descriptors/shrinkwrap-descriptors-bom/2.0.0/shrinkwrap-descriptors-bom-2.0.0.pom
[INFO] Downloaded from central: https://repo.maven.apache.org/maven2/org/jboss/shrinkwrap/descriptors/shrinkwrap-descriptors-bom/2.0.0/shrinkwrap-descriptors-bom-2.0.0.pom (5.2 kB at 194 kB/s)
[INFO] Downloading from central: https://repo.maven.apache.org/maven2/org/eclipse/microprofile/jwt/microprofile-jwt-auth-api/2.1/microprofile-jwt-auth-api-2.1.pom
[INFO] Downloaded from central: https://repo.maven.apache.org/maven2/org/eclipse/microprofile/jwt/microprofile-jwt-auth-api/2.1/microprofile-jwt-auth-api-2.1.pom (2.2 kB at 72 kB/s)
[INFO] Downloading from central: https://repo.maven.apache.org/maven2/org/eclipse/microprofile/jwt/microprofile-jwt-auth-parent/2.1/microprofile-jwt-auth-parent-2.1.pom
[INFO] Downloaded from central: https://repo.maven.apache.org/maven2/org/eclipse/microprofile/jwt/microprofile-jwt-auth-parent/2.1/microprofile-jwt-auth-parent-2.1.pom (6.7 kB at 63 kB/s)
[INFO] Downloading from central: https://repo.maven.apache.org/maven2/org/bitbucket/b_c/jose4j/0.9.6/jose4j-0.9.6.pom
[INFO] Downloaded from central: https://repo.maven.apache.org/maven2/org/bitbucket/b_c/jose4j/0.9.6/jose4j-0.9.6.pom (8.9 kB at 73 kB/s)
[INFO] Downloading from central: https://repo.maven.apache.org/maven2/io/smallrye/smallrye-jwt-common/4.5.3/smallrye-jwt-common-4.5.3.pom
[INFO] Downloaded from central: https://repo.maven.apache.org/maven2/io/smallrye/smallrye-jwt-common/4.5.3/smallrye-jwt-common-4.5.3.pom (2.0 kB at 67 kB/s)
[INFO] Downloading from central: https://repo.maven.apache.org/maven2/io/smallrye/smallrye-jwt-build/4.5.3/smallrye-jwt-build-4.5.3.pom
[INFO] Downloaded from central: https://repo.maven.apache.org/maven2/io/smallrye/smallrye-jwt-build/4.5.3/smallrye-jwt-build-4.5.3.pom (3.6 kB at 130 kB/s)
[INFO] Downloading from central: https://repo.maven.apache.org/maven2/org/mindrot/jbcrypt/0.4/jbcrypt-0.4.pom
[INFO] Downloaded from central: https://repo.maven.apache.org/maven2/org/mindrot/jbcrypt/0.4/jbcrypt-0.4.pom (4.1 kB at 141 kB/s)
[INFO] Downloading from central: https://repo.maven.apache.org/maven2/org/projectlombok/lombok/1.18.38/lombok-1.18.38.pom
[INFO] Downloaded from central: https://repo.maven.apache.org/maven2/org/projectlombok/lombok/1.18.38/lombok-1.18.38.pom (1.5 kB at 51 kB/s)
[INFO] Downloading from central: https://repo.maven.apache.org/maven2/io/quarkus/quarkus-rest/3.15.1/quarkus-rest-3.15.1.jar
[INFO] Downloaded from central: https://repo.maven.apache.org/maven2/io/quarkus/quarkus-rest/3.15.1/quarkus-rest-3.15.1.jar (126 kB at 2.6 MB/s)
[INFO] Downloading from central: https://repo.maven.apache.org/maven2/io/quarkus/quarkus-rest-common/3.15.1/quarkus-rest-common-3.15.1.jar
[INFO] Downloading from central: https://repo.maven.apache.org/maven2/io/quarkus/resteasy/reactive/resteasy-reactive-common/3.15.1/resteasy-reactive-common-3.15.1.jar
[INFO] Downloading from central: https://repo.maven.apache.org/maven2/org/reactivestreams/reactive-streams/1.0.4/reactive-streams-1.0.4.jar
[INFO] Downloading from central: https://repo.maven.apache.org/maven2/io/smallrye/reactive/mutiny-zero-flow-adapters/1.1.0/mutiny-zero-flow-adapters-1.1.0.jar
[INFO] Downloading from central: https://repo.maven.apache.org/maven2/io/quarkus/quarkus-mutiny/3.15.1/quarkus-mutiny-3.15.1.jar
[INFO] Downloaded from central: https://repo.maven.apache.org/maven2/io/quarkus/quarkus-rest-common/3.15.1/quarkus-rest-common-3.15.1.jar (21 kB at 737 kB/s)
[INFO] Downloading from central: https://repo.maven.apache.org/maven2/io/quarkus/quarkus-smallrye-context-propagation/3.15.1/quarkus-smallrye-context-propagation-3.15.1.jar
[INFO] Downloaded from central: https://repo.maven.apache.org/maven2/org/reactivestreams/reactive-streams/1.0.4/reactive-streams-1.0.4.jar (12 kB at 342 kB/s)
[INFO] Downloading from central: https://repo.maven.apache.org/maven2/io/smallrye/smallrye-context-propagation/2.1.2/smallrye-context-propagation-2.1.2.jar
[INFO] Downloaded from central: https://repo.maven.apache.org/maven2/io/quarkus/quarkus-mutiny/3.15.1/quarkus-mutiny-3.15.1.jar (13 kB at 395 kB/s)
[INFO] Downloading from central: https://repo.maven.apache.org/maven2/io/smallrye/smallrye-context-propagation-api/2.1.2/smallrye-context-propagation-api-2.1.2.jar
[INFO] Downloaded from central: https://repo.maven.apache.org/maven2/io/smallrye/reactive/mutiny-zero-flow-adapters/1.1.0/mutiny-zero-flow-adapters-1.1.0.jar (14 kB at 334 kB/s)
[INFO] Downloading from central: https://repo.maven.apache.org/maven2/io/smallrye/smallrye-context-propagation-storage/2.1.2/smallrye-context-propagation-storage-2.1.2.jar
[INFO] Downloaded from central: https://repo.maven.apache.org/maven2/io/quarkus/quarkus-smallrye-context-propagation/3.15.1/quarkus-smallrye-context-propagation-3.15.1.jar (18 kB at 347 kB/s)
[INFO] Downloading from central: https://repo.maven.apache.org/maven2/io/smallrye/reactive/mutiny-smallrye-context-propagation/2.6.2/mutiny-smallrye-context-propagation-2.6.2.jar
[INFO] Downloaded from central: https://repo.maven.apache.org/maven2/io/quarkus/resteasy/reactive/resteasy-reactive-common/3.15.1/resteasy-reactive-common-3.15.1.jar (319 kB at 5.3 MB/s)
[INFO] Downloading from central: https://repo.maven.apache.org/maven2/io/quarkus/quarkus-vertx/3.15.1/quarkus-vertx-3.15.1.jar
[INFO] Downloaded from central: https://repo.maven.apache.org/maven2/io/smallrye/smallrye-context-propagation/2.1.2/smallrye-context-propagation-2.1.2.jar (92 kB at 1.5 MB/s)
[INFO] Downloading from central: https://repo.maven.apache.org/maven2/io/quarkus/quarkus-netty/3.15.1/quarkus-netty-3.15.1.jar
[INFO] Downloaded from central: https://repo.maven.apache.org/maven2/io/smallrye/smallrye-context-propagation-api/2.1.2/smallrye-context-propagation-api-2.1.2.jar (8.7 kB at 146 kB/s)
[INFO] Downloading from central: https://repo.maven.apache.org/maven2/io/netty/netty-codec/4.1.111.Final/netty-codec-4.1.111.Final.jar
[INFO] Downloaded from central: https://repo.maven.apache.org/maven2/io/smallrye/smallrye-context-propagation-storage/2.1.2/smallrye-context-propagation-storage-2.1.2.jar (8.5 kB at 112 kB/s)
[INFO] Downloading from central: https://repo.maven.apache.org/maven2/com/aayushatharva/brotli4j/brotli4j/1.16.0/brotli4j-1.16.0.jar
[INFO] Downloaded from central: https://repo.maven.apache.org/maven2/io/smallrye/reactive/mutiny-smallrye-context-propagation/2.6.2/mutiny-smallrye-context-propagation-2.6.2.jar (21 kB at 261 kB/s)
[INFO] Downloading from central: https://repo.maven.apache.org/maven2/com/aayushatharva/brotli4j/service/1.16.0/service-1.16.0.jar
[INFO] Downloaded from central: https://repo.maven.apache.org/maven2/io/quarkus/quarkus-vertx/3.15.1/quarkus-vertx-3.15.1.jar (129 kB at 1.5 MB/s)
[INFO] Downloading from central: https://repo.maven.apache.org/maven2/com/aayushatharva/brotli4j/native-linux-x86_64/1.16.0/native-linux-x86_64-1.16.0.jar
[INFO] Downloaded from central: https://repo.maven.apache.org/maven2/io/quarkus/quarkus-netty/3.15.1/quarkus-netty-3.15.1.jar (68 kB at 759 kB/s)
[INFO] Downloading from central: https://repo.maven.apache.org/maven2/io/netty/netty-codec-haproxy/4.1.111.Final/netty-codec-haproxy-4.1.111.Final.jar
[INFO] Downloaded from central: https://repo.maven.apache.org/maven2/io/netty/netty-codec/4.1.111.Final/netty-codec-4.1.111.Final.jar (352 kB at 3.8 MB/s)
[INFO] Downloading from central: https://repo.maven.apache.org/maven2/io/quarkus/quarkus-vertx-latebound-mdc-provider/3.15.1/quarkus-vertx-latebound-mdc-provider-3.15.1.jar
[INFO] Downloaded from central: https://repo.maven.apache.org/maven2/com/aayushatharva/brotli4j/service/1.16.0/service-1.16.0.jar (3.4 kB at 30 kB/s)
[INFO] Downloading from central: https://repo.maven.apache.org/maven2/io/smallrye/smallrye-fault-tolerance-vertx/6.4.0/smallrye-fault-tolerance-vertx-6.4.0.jar
[INFO] Downloaded from central: https://repo.maven.apache.org/maven2/com/aayushatharva/brotli4j/brotli4j/1.16.0/brotli4j-1.16.0.jar (46 kB at 400 kB/s)
[INFO] Downloading from central: https://repo.maven.apache.org/maven2/io/quarkus/resteasy/reactive/resteasy-reactive-vertx/3.15.1/resteasy-reactive-vertx-3.15.1.jar
[INFO] Downloaded from central: https://repo.maven.apache.org/maven2/io/netty/netty-codec-haproxy/4.1.111.Final/netty-codec-haproxy-4.1.111.Final.jar (38 kB at 312 kB/s)
[INFO] Downloading from central: https://repo.maven.apache.org/maven2/io/vertx/vertx-web/4.5.9/vertx-web-4.5.9.jar
[INFO] Downloaded from central: https://repo.maven.apache.org/maven2/io/quarkus/quarkus-vertx-latebound-mdc-provider/3.15.1/quarkus-vertx-latebound-mdc-provider-3.15.1.jar (10 kB at 83 kB/s)
[INFO] Downloading from central: https://repo.maven.apache.org/maven2/io/vertx/vertx-web-common/4.5.9/vertx-web-common-4.5.9.jar
[INFO] Downloaded from central: https://repo.maven.apache.org/maven2/io/smallrye/smallrye-fault-tolerance-vertx/6.4.0/smallrye-fault-tolerance-vertx-6.4.0.jar (6.7 kB at 30 kB/s)
[INFO] Downloaded from central: https://repo.maven.apache.org/maven2/io/quarkus/resteasy/reactive/resteasy-reactive-vertx/3.15.1/resteasy-reactive-vertx-3.15.1.jar (49 kB at 222 kB/s)
[INFO] Downloading from central: https://repo.maven.apache.org/maven2/io/vertx/vertx-auth-common/4.5.9/vertx-auth-common-4.5.9.jar
[INFO] Downloading from central: https://repo.maven.apache.org/maven2/io/vertx/vertx-bridge-common/4.5.9/vertx-bridge-common-4.5.9.jar
[INFO] Downloaded from central: https://repo.maven.apache.org/maven2/com/aayushatharva/brotli4j/native-linux-x86_64/1.16.0/native-linux-x86_64-1.16.0.jar (427 kB at 1.9 MB/s)
[INFO] Downloading from central: https://repo.maven.apache.org/maven2/io/smallrye/reactive/smallrye-mutiny-vertx-core/3.13.2/smallrye-mutiny-vertx-core-3.13.2.jar
[INFO] Downloaded from central: https://repo.maven.apache.org/maven2/io/vertx/vertx-web-common/4.5.9/vertx-web-common-4.5.9.jar (24 kB at 95 kB/s)
[INFO] Downloading from central: https://repo.maven.apache.org/maven2/io/smallrye/reactive/smallrye-mutiny-vertx-runtime/3.13.2/smallrye-mutiny-vertx-runtime-3.13.2.jar
[INFO] Downloaded from central: https://repo.maven.apache.org/maven2/io/vertx/vertx-web/4.5.9/vertx-web-4.5.9.jar (360 kB at 1.4 MB/s)
[INFO] Downloading from central: https://repo.maven.apache.org/maven2/io/smallrye/reactive/vertx-mutiny-generator/3.13.2/vertx-mutiny-generator-3.13.2.jar
[INFO] Downloaded from central: https://repo.maven.apache.org/maven2/io/vertx/vertx-bridge-common/4.5.9/vertx-bridge-common-4.5.9.jar (11 kB at 43 kB/s)
[INFO] Downloading from central: https://repo.maven.apache.org/maven2/io/vertx/vertx-codegen/4.5.8/vertx-codegen-4.5.8.jar
[INFO] Downloaded from central: https://repo.maven.apache.org/maven2/io/vertx/vertx-auth-common/4.5.9/vertx-auth-common-4.5.9.jar (135 kB at 516 kB/s)
[INFO] Downloading from central: https://repo.maven.apache.org/maven2/io/quarkus/resteasy/reactive/resteasy-reactive/3.15.1/resteasy-reactive-3.15.1.jar
[INFO] Downloaded from central: https://repo.maven.apache.org/maven2/io/smallrye/reactive/smallrye-mutiny-vertx-core/3.13.2/smallrye-mutiny-vertx-core-3.13.2.jar (330 kB at 1.2 MB/s)
[INFO] Downloading from central: https://repo.maven.apache.org/maven2/io/quarkus/vertx/utils/quarkus-vertx-utils/3.15.1/quarkus-vertx-utils-3.15.1.jar
[INFO] Downloaded from central: https://repo.maven.apache.org/maven2/io/vertx/vertx-codegen/4.5.8/vertx-codegen-4.5.8.jar (206 kB at 671 kB/s)
[INFO] Downloading from central: https://repo.maven.apache.org/maven2/jakarta/ws/rs/jakarta.ws.rs-api/3.1.0/jakarta.ws.rs-api-3.1.0.jar
[INFO] Downloaded from central: https://repo.maven.apache.org/maven2/io/quarkus/vertx/utils/quarkus-vertx-utils/3.15.1/quarkus-vertx-utils-3.15.1.jar (23 kB at 76 kB/s)
[INFO] Downloading from central: https://repo.maven.apache.org/maven2/jakarta/xml/bind/jakarta.xml.bind-api/4.0.2/jakarta.xml.bind-api-4.0.2.jar
[INFO] Downloaded from central: https://repo.maven.apache.org/maven2/io/quarkus/resteasy/reactive/resteasy-reactive/3.15.1/resteasy-reactive-3.15.1.jar (532 kB at 1.7 MB/s)
[INFO] Downloading from central: https://repo.maven.apache.org/maven2/jakarta/activation/jakarta.activation-api/2.1.3/jakarta.activation-api-2.1.3.jar
[INFO] Downloaded from central: https://repo.maven.apache.org/maven2/jakarta/ws/rs/jakarta.ws.rs-api/3.1.0/jakarta.ws.rs-api-3.1.0.jar (155 kB at 462 kB/s)
[INFO] Downloading from central: https://repo.maven.apache.org/maven2/io/quarkus/quarkus-vertx-http/3.15.1/quarkus-vertx-http-3.15.1.jar
[INFO] Downloaded from central: https://repo.maven.apache.org/maven2/jakarta/activation/jakarta.activation-api/2.1.3/jakarta.activation-api-2.1.3.jar (67 kB at 192 kB/s)
[INFO] Downloading from central: https://repo.maven.apache.org/maven2/io/quarkus/quarkus-tls-registry/3.15.1/quarkus-tls-registry-3.15.1.jar
[INFO] Downloaded from central: https://repo.maven.apache.org/maven2/jakarta/xml/bind/jakarta.xml.bind-api/4.0.2/jakarta.xml.bind-api-4.0.2.jar (131 kB at 369 kB/s)
[INFO] Downloading from central: https://repo.maven.apache.org/maven2/io/quarkus/quarkus-credentials/3.15.1/quarkus-credentials-3.15.1.jar
[INFO] Downloaded from central: https://repo.maven.apache.org/maven2/io/quarkus/quarkus-vertx-http/3.15.1/quarkus-vertx-http-3.15.1.jar (698 kB at 1.9 MB/s)
[INFO] Downloading from central: https://repo.maven.apache.org/maven2/io/smallrye/common/smallrye-common-vertx-context/2.6.0/smallrye-common-vertx-context-2.6.0.jar
[INFO] Downloaded from central: https://repo.maven.apache.org/maven2/io/quarkus/quarkus-tls-registry/3.15.1/quarkus-tls-registry-3.15.1.jar (66 kB at 172 kB/s)
[INFO] Downloading from central: https://repo.maven.apache.org/maven2/io/smallrye/reactive/smallrye-mutiny-vertx-web/3.15.0/smallrye-mutiny-vertx-web-3.15.0.jar
[INFO] Downloaded from central: https://repo.maven.apache.org/maven2/io/quarkus/quarkus-credentials/3.15.1/quarkus-credentials-3.15.1.jar (8.0 kB at 21 kB/s)
[INFO] Downloading from central: https://repo.maven.apache.org/maven2/io/smallrye/reactive/smallrye-mutiny-vertx-web-common/3.15.0/smallrye-mutiny-vertx-web-common-3.15.0.jar
[INFO] Downloaded from central: https://repo.maven.apache.org/maven2/io/smallrye/common/smallrye-common-vertx-context/2.6.0/smallrye-common-vertx-context-2.6.0.jar (6.4 kB at 16 kB/s)
[INFO] Downloading from central: https://repo.maven.apache.org/maven2/io/smallrye/reactive/smallrye-mutiny-vertx-auth-common/3.15.0/smallrye-mutiny-vertx-auth-common-3.15.0.jar
[INFO] Downloaded from central: https://repo.maven.apache.org/maven2/io/smallrye/reactive/smallrye-mutiny-vertx-web/3.15.0/smallrye-mutiny-vertx-web-3.15.0.jar (142 kB at 341 kB/s)
[INFO] Downloading from central: https://repo.maven.apache.org/maven2/io/quarkus/quarkus-jsonp/3.15.1/quarkus-jsonp-3.15.1.jar
[INFO] Downloaded from central: https://repo.maven.apache.org/maven2/io/smallrye/reactive/smallrye-mutiny-vertx-web-common/3.15.0/smallrye-mutiny-vertx-web-common-3.15.0.jar (18 kB at 42 kB/s)
[INFO] Downloaded from central: https://repo.maven.apache.org/maven2/io/smallrye/reactive/smallrye-mutiny-vertx-auth-common/3.15.0/smallrye-mutiny-vertx-auth-common-3.15.0.jar (41 kB at 94 kB/s)
[INFO] Downloading from central: https://repo.maven.apache.org/maven2/io/quarkus/quarkus-virtual-threads/3.15.1/quarkus-virtual-threads-3.15.1.jar
[INFO] Downloading from central: https://repo.maven.apache.org/maven2/io/vertx/vertx-core/4.5.10/vertx-core-4.5.10.jar
[INFO] Downloaded from central: https://repo.maven.apache.org/maven2/io/smallrye/reactive/smallrye-mutiny-vertx-runtime/3.13.2/smallrye-mutiny-vertx-runtime-3.13.2.jar (28 kB at 63 kB/s)
[INFO] Downloading from central: https://repo.maven.apache.org/maven2/io/netty/netty-common/4.1.111.Final/netty-common-4.1.111.Final.jar
[INFO] Downloaded from central: https://repo.maven.apache.org/maven2/io/smallrye/reactive/vertx-mutiny-generator/3.13.2/vertx-mutiny-generator-3.13.2.jar (94 kB at 209 kB/s)
[INFO] Downloading from central: https://repo.maven.apache.org/maven2/io/netty/netty-buffer/4.1.111.Final/netty-buffer-4.1.111.Final.jar
[INFO] Downloaded from central: https://repo.maven.apache.org/maven2/io/quarkus/quarkus-virtual-threads/3.15.1/quarkus-virtual-threads-3.15.1.jar (24 kB at 50 kB/s)
[INFO] Downloading from central: https://repo.maven.apache.org/maven2/io/netty/netty-transport/4.1.111.Final/netty-transport-4.1.111.Final.jar
[INFO] Downloaded from central: https://repo.maven.apache.org/maven2/io/quarkus/quarkus-jsonp/3.15.1/quarkus-jsonp-3.15.1.jar (7.7 kB at 16 kB/s)
[INFO] Downloading from central: https://repo.maven.apache.org/maven2/io/netty/netty-handler/4.1.111.Final/netty-handler-4.1.111.Final.jar
[INFO] Downloaded from central: https://repo.maven.apache.org/maven2/io/netty/netty-buffer/4.1.111.Final/netty-buffer-4.1.111.Final.jar (336 kB at 698 kB/s)
[INFO] Downloading from central: https://repo.maven.apache.org/maven2/io/netty/netty-transport-native-unix-common/4.1.111.Final/netty-transport-native-unix-common-4.1.111.Final.jar
[INFO] Downloaded from central: https://repo.maven.apache.org/maven2/io/netty/netty-common/4.1.111.Final/netty-common-4.1.111.Final.jar (694 kB at 1.4 MB/s)
[INFO] Downloading from central: https://repo.maven.apache.org/maven2/io/netty/netty-handler-proxy/4.1.111.Final/netty-handler-proxy-4.1.111.Final.jar
[INFO] Downloaded from central: https://repo.maven.apache.org/maven2/io/vertx/vertx-core/4.5.10/vertx-core-4.5.10.jar (1.6 MB at 3.3 MB/s)
[INFO] Downloading from central: https://repo.maven.apache.org/maven2/io/netty/netty-codec-socks/4.1.111.Final/netty-codec-socks-4.1.111.Final.jar
[INFO] Downloaded from central: https://repo.maven.apache.org/maven2/io/netty/netty-handler/4.1.111.Final/netty-handler-4.1.111.Final.jar (570 kB at 1.1 MB/s)
[INFO] Downloading from central: https://repo.maven.apache.org/maven2/io/netty/netty-codec-http/4.1.111.Final/netty-codec-http-4.1.111.Final.jar
[INFO] Downloaded from central: https://repo.maven.apache.org/maven2/io/netty/netty-transport/4.1.111.Final/netty-transport-4.1.111.Final.jar (518 kB at 1.0 MB/s)
[INFO] Downloading from central: https://repo.maven.apache.org/maven2/io/netty/netty-codec-http2/4.1.111.Final/netty-codec-http2-4.1.111.Final.jar
[INFO] Downloaded from central: https://repo.maven.apache.org/maven2/io/netty/netty-handler-proxy/4.1.111.Final/netty-handler-proxy-4.1.111.Final.jar (26 kB at 42 kB/s)
[INFO] Downloading from central: https://repo.maven.apache.org/maven2/io/netty/netty-resolver/4.1.111.Final/netty-resolver-4.1.111.Final.jar
[INFO] Downloaded from central: https://repo.maven.apache.org/maven2/io/netty/netty-transport-native-unix-common/4.1.111.Final/netty-transport-native-unix-common-4.1.111.Final.jar (44 kB at 72 kB/s)
[INFO] Downloading from central: https://repo.maven.apache.org/maven2/io/netty/netty-resolver-dns/4.1.111.Final/netty-resolver-dns-4.1.111.Final.jar
[INFO] Downloaded from central: https://repo.maven.apache.org/maven2/io/netty/netty-codec-socks/4.1.111.Final/netty-codec-socks-4.1.111.Final.jar (121 kB at 197 kB/s)
[INFO] Downloading from central: https://repo.maven.apache.org/maven2/io/netty/netty-codec-dns/4.1.111.Final/netty-codec-dns-4.1.111.Final.jar
[INFO] Downloaded from central: https://repo.maven.apache.org/maven2/io/netty/netty-codec-http/4.1.111.Final/netty-codec-http-4.1.111.Final.jar (668 kB at 1.0 MB/s)
[INFO] Downloaded from central: https://repo.maven.apache.org/maven2/io/netty/netty-resolver/4.1.111.Final/netty-resolver-4.1.111.Final.jar (38 kB at 58 kB/s)
[INFO] Downloading from central: https://repo.maven.apache.org/maven2/com/fasterxml/jackson/core/jackson-core/2.16.1/jackson-core-2.16.1.jar
[INFO] Downloading from central: https://repo.maven.apache.org/maven2/io/quarkus/quarkus-rest-jackson/3.15.1/quarkus-rest-jackson-3.15.1.jar
[INFO] Downloaded from central: https://repo.maven.apache.org/maven2/io/netty/netty-codec-http2/4.1.111.Final/netty-codec-http2-4.1.111.Final.jar (490 kB at 757 kB/s)
[INFO] Downloading from central: https://repo.maven.apache.org/maven2/io/quarkus/quarkus-rest-jackson-common/3.15.1/quarkus-rest-jackson-common-3.15.1.jar
[INFO] Downloaded from central: https://repo.maven.apache.org/maven2/io/netty/netty-resolver-dns/4.1.111.Final/netty-resolver-dns-4.1.111.Final.jar (181 kB at 279 kB/s)
[INFO] Downloading from central: https://repo.maven.apache.org/maven2/io/quarkus/resteasy/reactive/resteasy-reactive-jackson/3.15.1/resteasy-reactive-jackson-3.15.1.jar
[INFO] Downloaded from central: https://repo.maven.apache.org/maven2/io/netty/netty-codec-dns/4.1.111.Final/netty-codec-dns-4.1.111.Final.jar (67 kB at 103 kB/s)
[INFO] Downloading from central: https://repo.maven.apache.org/maven2/io/quarkus/quarkus-jackson/3.15.1/quarkus-jackson-3.15.1.jar
[INFO] Downloaded from central: https://repo.maven.apache.org/maven2/io/quarkus/resteasy/reactive/resteasy-reactive-jackson/3.15.1/resteasy-reactive-jackson-3.15.1.jar (11 kB at 14 kB/s)
[INFO] Downloading from central: https://repo.maven.apache.org/maven2/com/fasterxml/jackson/module/jackson-module-parameter-names/2.17.2/jackson-module-parameter-names-2.17.2.jar
[INFO] Downloaded from central: https://repo.maven.apache.org/maven2/io/quarkus/quarkus-rest-jackson/3.15.1/quarkus-rest-jackson-3.15.1.jar (55 kB at 71 kB/s)
[INFO] Downloaded from central: https://repo.maven.apache.org/maven2/io/quarkus/quarkus-rest-jackson-common/3.15.1/quarkus-rest-jackson-common-3.15.1.jar (14 kB at 18 kB/s)
[INFO] Downloading from central: https://repo.maven.apache.org/maven2/io/quarkus/quarkus-security/3.15.1/quarkus-security-3.15.1.jar
[INFO] Downloading from central: https://repo.maven.apache.org/maven2/io/quarkus/quarkus-security-runtime-spi/3.15.1/quarkus-security-runtime-spi-3.15.1.jar
[INFO] Downloaded from central: https://repo.maven.apache.org/maven2/io/quarkus/quarkus-jackson/3.15.1/quarkus-jackson-3.15.1.jar (20 kB at 26 kB/s)
[INFO] Downloading from central: https://repo.maven.apache.org/maven2/io/quarkus/security/quarkus-security/2.1.0/quarkus-security-2.1.0.jar
[INFO] Downloaded from central: https://repo.maven.apache.org/maven2/com/fasterxml/jackson/core/jackson-core/2.16.1/jackson-core-2.16.1.jar (578 kB at 735 kB/s)
[INFO] Downloading from central: https://repo.maven.apache.org/maven2/io/smallrye/reactive/mutiny/2.6.0/mutiny-2.6.0.jar
[INFO] Downloaded from central: https://repo.maven.apache.org/maven2/com/fasterxml/jackson/module/jackson-module-parameter-names/2.17.2/jackson-module-parameter-names-2.17.2.jar (10 kB at 13 kB/s)
[INFO] Downloading from central: https://repo.maven.apache.org/maven2/org/jctools/jctools-core/4.0.3/jctools-core-4.0.3.jar
[INFO] Downloaded from central: https://repo.maven.apache.org/maven2/io/quarkus/security/quarkus-security/2.1.0/quarkus-security-2.1.0.jar (21 kB at 26 kB/s)
[INFO] Downloading from central: https://repo.maven.apache.org/maven2/jakarta/el/jakarta.el-api/6.0.0/jakarta.el-api-6.0.0.jar
[INFO] Downloaded from central: https://repo.maven.apache.org/maven2/io/quarkus/quarkus-security-runtime-spi/3.15.1/quarkus-security-runtime-spi-3.15.1.jar (27 kB at 34 kB/s)
[INFO] Downloading from central: https://repo.maven.apache.org/maven2/io/quarkus/quarkus-elytron-security-common/3.15.1/quarkus-elytron-security-common-3.15.1.jar
[INFO] Downloaded from central: https://repo.maven.apache.org/maven2/io/quarkus/quarkus-security/3.15.1/quarkus-security-3.15.1.jar (106 kB at 130 kB/s)
[INFO] Downloading from central: https://repo.maven.apache.org/maven2/io/quarkus/quarkus-ide-launcher/3.15.1/quarkus-ide-launcher-3.15.1.jar
[INFO] Downloaded from central: https://repo.maven.apache.org/maven2/io/smallrye/reactive/mutiny/2.6.0/mutiny-2.6.0.jar (873 kB at 1.1 MB/s)
[INFO] Downloading from central: https://repo.maven.apache.org/maven2/io/smallrye/common/smallrye-common-classloader/2.4.0/smallrye-common-classloader-2.4.0.jar
[INFO] Downloaded from central: https://repo.maven.apache.org/maven2/jakarta/el/jakarta.el-api/6.0.0/jakarta.el-api-6.0.0.jar (93 kB at 111 kB/s)
[INFO] Downloading from central: https://repo.maven.apache.org/maven2/io/smallrye/common/smallrye-common-cpu/2.2.0/smallrye-common-cpu-2.2.0.jar
[INFO] Downloaded from central: https://repo.maven.apache.org/maven2/org/jctools/jctools-core/4.0.3/jctools-core-4.0.3.jar (416 kB at 492 kB/s)
[INFO] Downloading from central: https://repo.maven.apache.org/maven2/io/smallrye/common/smallrye-common-expression/2.2.0/smallrye-common-expression-2.2.0.jar
[INFO] Downloaded from central: https://repo.maven.apache.org/maven2/io/quarkus/quarkus-elytron-security-common/3.15.1/quarkus-elytron-security-common-3.15.1.jar (20 kB at 24 kB/s)
[INFO] Downloading from central: https://repo.maven.apache.org/maven2/io/smallrye/common/smallrye-common-function/2.2.0/smallrye-common-function-2.2.0.jar
[INFO] Downloaded from central: https://repo.maven.apache.org/maven2/io/smallrye/common/smallrye-common-classloader/2.4.0/smallrye-common-classloader-2.4.0.jar (10 kB at 12 kB/s)
[INFO] Downloading from central: https://repo.maven.apache.org/maven2/io/smallrye/common/smallrye-common-net/2.2.0/smallrye-common-net-2.2.0.jar
[INFO] Downloaded from central: https://repo.maven.apache.org/maven2/io/smallrye/common/smallrye-common-expression/2.2.0/smallrye-common-expression-2.2.0.jar (21 kB at 24 kB/s)
[INFO] Downloading from central: https://repo.maven.apache.org/maven2/io/smallrye/common/smallrye-common-ref/2.2.0/smallrye-common-ref-2.2.0.jar
[INFO] Downloaded from central: https://repo.maven.apache.org/maven2/io/smallrye/common/smallrye-common-cpu/2.2.0/smallrye-common-cpu-2.2.0.jar (11 kB at 13 kB/s)
[INFO] Downloading from central: https://repo.maven.apache.org/maven2/org/wildfly/security/wildfly-elytron-credential/2.5.2.Final/wildfly-elytron-credential-2.5.2.Final.jar
[INFO] Downloaded from central: https://repo.maven.apache.org/maven2/io/smallrye/common/smallrye-common-net/2.2.0/smallrye-common-net-2.2.0.jar (34 kB at 38 kB/s)
[INFO] Downloading from central: https://repo.maven.apache.org/maven2/org/wildfly/security/wildfly-elytron-asn1/2.5.2.Final/wildfly-elytron-asn1-2.5.2.Final.jar
[INFO] Downloaded from central: https://repo.maven.apache.org/maven2/io/smallrye/common/smallrye-common-function/2.2.0/smallrye-common-function-2.2.0.jar (55 kB at 61 kB/s)
[INFO] Downloading from central: https://repo.maven.apache.org/maven2/org/wildfly/security/wildfly-elytron-keystore/2.5.2.Final/wildfly-elytron-keystore-2.5.2.Final.jar
[INFO] Downloaded from central: https://repo.maven.apache.org/maven2/io/smallrye/common/smallrye-common-ref/2.2.0/smallrye-common-ref-2.2.0.jar (16 kB at 17 kB/s)
[INFO] Downloading from central: https://repo.maven.apache.org/maven2/org/wildfly/security/wildfly-elytron-util/2.5.2.Final/wildfly-elytron-util-2.5.2.Final.jar
[INFO] Downloaded from central: https://repo.maven.apache.org/maven2/org/wildfly/security/wildfly-elytron-asn1/2.5.2.Final/wildfly-elytron-asn1-2.5.2.Final.jar (38 kB at 41 kB/s)
[INFO] Downloading from central: https://repo.maven.apache.org/maven2/org/wildfly/security/wildfly-elytron-base/2.5.2.Final/wildfly-elytron-base-2.5.2.Final.jar
[INFO] Downloaded from central: https://repo.maven.apache.org/maven2/org/wildfly/security/wildfly-elytron-credential/2.5.2.Final/wildfly-elytron-credential-2.5.2.Final.jar (139 kB at 150 kB/s)
[INFO] Downloading from central: https://repo.maven.apache.org/maven2/org/wildfly/security/wildfly-elytron-x500-cert/2.5.2.Final/wildfly-elytron-x500-cert-2.5.2.Final.jar
[INFO] Downloaded from central: https://repo.maven.apache.org/maven2/org/wildfly/security/wildfly-elytron-keystore/2.5.2.Final/wildfly-elytron-keystore-2.5.2.Final.jar (49 kB at 52 kB/s)
[INFO] Downloading from central: https://repo.maven.apache.org/maven2/org/wildfly/security/wildfly-elytron-x500-cert-util/2.5.2.Final/wildfly-elytron-x500-cert-util-2.5.2.Final.jar
[INFO] Downloaded from central: https://repo.maven.apache.org/maven2/org/wildfly/security/wildfly-elytron-util/2.5.2.Final/wildfly-elytron-util-2.5.2.Final.jar (35 kB at 37 kB/s)
[INFO] Downloading from central: https://repo.maven.apache.org/maven2/org/wildfly/security/wildfly-elytron-provider-util/2.5.2.Final/wildfly-elytron-provider-util-2.5.2.Final.jar
[INFO] Downloaded from central: https://repo.maven.apache.org/maven2/org/wildfly/security/wildfly-elytron-base/2.5.2.Final/wildfly-elytron-base-2.5.2.Final.jar (32 kB at 33 kB/s)
[INFO] Downloading from central: https://repo.maven.apache.org/maven2/org/wildfly/security/wildfly-elytron-x500/2.5.2.Final/wildfly-elytron-x500-2.5.2.Final.jar
[INFO] Downloaded from central: https://repo.maven.apache.org/maven2/org/wildfly/security/wildfly-elytron-x500-cert/2.5.2.Final/wildfly-elytron-x500-cert-2.5.2.Final.jar (69 kB at 72 kB/s)
[INFO] Downloading from central: https://repo.maven.apache.org/maven2/org/wildfly/security/wildfly-elytron-password-impl/2.5.2.Final/wildfly-elytron-password-impl-2.5.2.Final.jar
[INFO] Downloaded from central: https://repo.maven.apache.org/maven2/org/wildfly/security/wildfly-elytron-x500-cert-util/2.5.2.Final/wildfly-elytron-x500-cert-util-2.5.2.Final.jar (8.1 kB at 8.2 kB/s)
[INFO] Downloading from central: https://repo.maven.apache.org/maven2/io/quarkus/quarkus-arc/3.15.1/quarkus-arc-3.15.1.jar
[INFO] Downloaded from central: https://repo.maven.apache.org/maven2/org/wildfly/security/wildfly-elytron-provider-util/2.5.2.Final/wildfly-elytron-provider-util-2.5.2.Final.jar (16 kB at 16 kB/s)
[INFO] Downloading from central: https://repo.maven.apache.org/maven2/io/quarkus/arc/arc/3.15.1/arc-3.15.1.jar
[INFO] Downloaded from central: https://repo.maven.apache.org/maven2/org/wildfly/security/wildfly-elytron-password-impl/2.5.2.Final/wildfly-elytron-password-impl-2.5.2.Final.jar (102 kB at 103 kB/s)
[INFO] Downloading from central: https://repo.maven.apache.org/maven2/jakarta/transaction/jakarta.transaction-api/2.0.1/jakarta.transaction-api-2.0.1.jar
[INFO] Downloaded from central: https://repo.maven.apache.org/maven2/org/wildfly/security/wildfly-elytron-x500/2.5.2.Final/wildfly-elytron-x500-2.5.2.Final.jar (37 kB at 37 kB/s)
[INFO] Downloading from central: https://repo.maven.apache.org/maven2/org/eclipse/microprofile/context-propagation/microprofile-context-propagation-api/1.3/microprofile-context-propagation-api-1.3.jar
[INFO] Downloaded from central: https://repo.maven.apache.org/maven2/io/quarkus/arc/arc/3.15.1/arc-3.15.1.jar (267 kB at 261 kB/s)
[INFO] Downloaded from central: https://repo.maven.apache.org/maven2/jakarta/transaction/jakarta.transaction-api/2.0.1/jakarta.transaction-api-2.0.1.jar (29 kB at 28 kB/s)
[INFO] Downloading from central: https://repo.maven.apache.org/maven2/io/quarkus/quarkus-junit5/3.15.1/quarkus-junit5-3.15.1.jar
[INFO] Downloading from central: https://repo.maven.apache.org/maven2/io/quarkus/quarkus-test-common/3.15.1/quarkus-test-common-3.15.1.jar
[INFO] Downloaded from central: https://repo.maven.apache.org/maven2/io/quarkus/quarkus-arc/3.15.1/quarkus-arc-3.15.1.jar (82 kB at 80 kB/s)
[INFO] Downloading from central: https://repo.maven.apache.org/maven2/org/ow2/asm/asm-util/9.6/asm-util-9.6.jar
[INFO] Downloaded from central: https://repo.maven.apache.org/maven2/org/eclipse/microprofile/context-propagation/microprofile-context-propagation-api/1.3/microprofile-context-propagation-api-1.3.jar (16 kB at 16 kB/s)
[INFO] Downloading from central: https://repo.maven.apache.org/maven2/org/ow2/asm/asm-analysis/9.6/asm-analysis-9.6.jar
[INFO] Downloaded from central: https://repo.maven.apache.org/maven2/io/quarkus/quarkus-test-common/3.15.1/quarkus-test-common-3.15.1.jar (121 kB at 115 kB/s)
[INFO] Downloading from central: https://repo.maven.apache.org/maven2/org/apache/maven/resolver/maven-resolver-api/1.9.20/maven-resolver-api-1.9.20.jar
[INFO] Downloaded from central: https://repo.maven.apache.org/maven2/org/ow2/asm/asm-util/9.6/asm-util-9.6.jar (91 kB at 86 kB/s)
[INFO] Downloading from central: https://repo.maven.apache.org/maven2/org/apache/maven/resolver/maven-resolver-impl/1.9.20/maven-resolver-impl-1.9.20.jar
[INFO] Downloaded from central: https://repo.maven.apache.org/maven2/org/ow2/asm/asm-analysis/9.6/asm-analysis-9.6.jar (34 kB at 32 kB/s)
[INFO] Downloading from central: https://repo.maven.apache.org/maven2/org/apache/maven/resolver/maven-resolver-named-locks/1.9.20/maven-resolver-named-locks-1.9.20.jar
[INFO] Downloaded from central: https://repo.maven.apache.org/maven2/io/quarkus/quarkus-junit5/3.15.1/quarkus-junit5-3.15.1.jar (178 kB at 167 kB/s)
[INFO] Downloading from central: https://repo.maven.apache.org/maven2/org/apache/maven/resolver/maven-resolver-spi/1.9.20/maven-resolver-spi-1.9.20.jar
[INFO] Downloaded from central: https://repo.maven.apache.org/maven2/org/apache/maven/resolver/maven-resolver-named-locks/1.9.20/maven-resolver-named-locks-1.9.20.jar (38 kB at 35 kB/s)
[INFO] Downloading from central: https://repo.maven.apache.org/maven2/org/apache/maven/resolver/maven-resolver-util/1.9.20/maven-resolver-util-1.9.20.jar
[INFO] Downloaded from central: https://repo.maven.apache.org/maven2/org/apache/maven/resolver/maven-resolver-api/1.9.20/maven-resolver-api-1.9.20.jar (157 kB at 143 kB/s)
[INFO] Downloading from central: https://repo.maven.apache.org/maven2/org/apache/maven/resolver/maven-resolver-transport-http/1.9.20/maven-resolver-transport-http-1.9.20.jar
[INFO] Downloaded from central: https://repo.maven.apache.org/maven2/org/apache/maven/resolver/maven-resolver-impl/1.9.20/maven-resolver-impl-1.9.20.jar (318 kB at 290 kB/s)
[INFO] Downloading from central: https://repo.maven.apache.org/maven2/org/slf4j/jcl-over-slf4j/1.7.36/jcl-over-slf4j-1.7.36.jar
[INFO] Downloaded from central: https://repo.maven.apache.org/maven2/org/apache/maven/resolver/maven-resolver-spi/1.9.20/maven-resolver-spi-1.9.20.jar (52 kB at 47 kB/s)
[INFO] Downloading from central: https://repo.maven.apache.org/maven2/org/apache/maven/wagon/wagon-provider-api/3.5.3/wagon-provider-api-3.5.3.jar
[INFO] Downloaded from central: https://repo.maven.apache.org/maven2/org/apache/maven/resolver/maven-resolver-util/1.9.20/maven-resolver-util-1.9.20.jar (196 kB at 175 kB/s)
[INFO] Downloading from central: https://repo.maven.apache.org/maven2/org/apache/maven/wagon/wagon-http-shared/3.5.3/wagon-http-shared-3.5.3.jar
[INFO] Downloaded from central: https://repo.maven.apache.org/maven2/io/quarkus/quarkus-ide-launcher/3.15.1/quarkus-ide-launcher-3.15.1.jar (15 MB at 13 MB/s)
[INFO] Downloading from central: https://repo.maven.apache.org/maven2/org/codehaus/plexus/plexus-interpolation/1.27/plexus-interpolation-1.27.jar
[INFO] Downloaded from central: https://repo.maven.apache.org/maven2/org/slf4j/jcl-over-slf4j/1.7.36/jcl-over-slf4j-1.7.36.jar (17 kB at 15 kB/s)
[INFO] Downloading from central: https://repo.maven.apache.org/maven2/org/codehaus/plexus/plexus-utils/4.0.1/plexus-utils-4.0.1.jar
[INFO] Downloaded from central: https://repo.maven.apache.org/maven2/org/apache/maven/resolver/maven-resolver-transport-http/1.9.20/maven-resolver-transport-http-1.9.20.jar (56 kB at 50 kB/s)
[INFO] Downloading from central: https://repo.maven.apache.org/maven2/org/codehaus/plexus/plexus-cipher/2.1.0/plexus-cipher-2.1.0.jar
[INFO] Downloaded from central: https://repo.maven.apache.org/maven2/org/apache/maven/wagon/wagon-provider-api/3.5.3/wagon-provider-api-3.5.3.jar (55 kB at 48 kB/s)
[INFO] Downloading from central: https://repo.maven.apache.org/maven2/com/google/guava/failureaccess/1.0.2/failureaccess-1.0.2.jar
[INFO] Downloaded from central: https://repo.maven.apache.org/maven2/org/apache/maven/wagon/wagon-http-shared/3.5.3/wagon-http-shared-3.5.3.jar (41 kB at 35 kB/s)
[INFO] Downloading from central: https://repo.maven.apache.org/maven2/org/codehaus/plexus/plexus-classworlds/2.8.0/plexus-classworlds-2.8.0.jar
[INFO] Downloaded from central: https://repo.maven.apache.org/maven2/org/codehaus/plexus/plexus-utils/4.0.1/plexus-utils-4.0.1.jar (193 kB at 166 kB/s)
[INFO] Downloading from central: https://repo.maven.apache.org/maven2/org/apache/maven/resolver/maven-resolver-connector-basic/1.9.22/maven-resolver-connector-basic-1.9.22.jar
[INFO] Downloaded from central: https://repo.maven.apache.org/maven2/org/codehaus/plexus/plexus-cipher/2.1.0/plexus-cipher-2.1.0.jar (9.2 kB at 7.9 kB/s)
[INFO] Downloading from central: https://repo.maven.apache.org/maven2/org/apache/maven/resolver/maven-resolver-transport-wagon/1.9.22/maven-resolver-transport-wagon-1.9.22.jar
[INFO] Downloaded from central: https://repo.maven.apache.org/maven2/org/codehaus/plexus/plexus-interpolation/1.27/plexus-interpolation-1.27.jar (86 kB at 74 kB/s)
[INFO] Downloading from central: https://repo.maven.apache.org/maven2/org/apache/maven/wagon/wagon-http/3.5.3/wagon-http-3.5.3.jar
[INFO] Downloaded from central: https://repo.maven.apache.org/maven2/com/google/guava/failureaccess/1.0.2/failureaccess-1.0.2.jar (4.7 kB at 4.1 kB/s)
[INFO] Downloading from central: https://repo.maven.apache.org/maven2/org/apache/maven/wagon/wagon-file/3.5.3/wagon-file-3.5.3.jar
[INFO] Downloaded from central: https://repo.maven.apache.org/maven2/org/apache/maven/wagon/wagon-http/3.5.3/wagon-http-3.5.3.jar (9.4 kB at 7.4 kB/s)
[INFO] Downloaded from central: https://repo.maven.apache.org/maven2/org/apache/maven/wagon/wagon-file/3.5.3/wagon-file-3.5.3.jar (11 kB at 8.9 kB/s)
[INFO] Downloaded from central: https://repo.maven.apache.org/maven2/org/apache/maven/resolver/maven-resolver-connector-basic/1.9.22/maven-resolver-connector-basic-1.9.22.jar (40 kB at 31 kB/s)
[INFO] Downloading from central: https://repo.maven.apache.org/maven2/io/quarkus/quarkus-bootstrap-gradle-resolver/3.15.1/quarkus-bootstrap-gradle-resolver-3.15.1.jar
[INFO] Downloading from central: https://repo.maven.apache.org/maven2/org/jboss/marshalling/jboss-marshalling/2.2.1.Final/jboss-marshalling-2.2.1.Final.jar
[INFO] Downloaded from central: https://repo.maven.apache.org/maven2/org/codehaus/plexus/plexus-classworlds/2.8.0/plexus-classworlds-2.8.0.jar (54 kB at 42 kB/s)
[INFO] Downloading from central: https://repo.maven.apache.org/maven2/io/rest-assured/rest-assured/5.5.0/rest-assured-5.5.0.jar
[INFO] Downloading from central: https://repo.maven.apache.org/maven2/io/quarkus/quarkus-junit5-properties/3.15.1/quarkus-junit5-properties-3.15.1.jar
[INFO] Downloaded from central: https://repo.maven.apache.org/maven2/org/apache/maven/resolver/maven-resolver-transport-wagon/1.9.22/maven-resolver-transport-wagon-1.9.22.jar (32 kB at 25 kB/s)
[INFO] Downloading from central: https://repo.maven.apache.org/maven2/org/apache/groovy/groovy/4.0.22/groovy-4.0.22.jar
[INFO] Downloaded from central: https://repo.maven.apache.org/maven2/io/quarkus/quarkus-junit5-properties/3.15.1/quarkus-junit5-properties-3.15.1.jar (6.4 kB at 4.9 kB/s)
[INFO] Downloading from central: https://repo.maven.apache.org/maven2/org/apache/groovy/groovy-xml/4.0.22/groovy-xml-4.0.22.jar
[INFO] Downloaded from central: https://repo.maven.apache.org/maven2/org/jboss/marshalling/jboss-marshalling/2.2.1.Final/jboss-marshalling-2.2.1.Final.jar (236 kB at 178 kB/s)
[INFO] Downloading from central: https://repo.maven.apache.org/maven2/org/apache/httpcomponents/httpclient/4.5.13/httpclient-4.5.13.jar
[INFO] Downloaded from central: https://repo.maven.apache.org/maven2/io/rest-assured/rest-assured/5.5.0/rest-assured-5.5.0.jar (747 kB at 563 kB/s)
[INFO] Downloading from central: https://repo.maven.apache.org/maven2/org/apache/httpcomponents/httpcore/4.4.13/httpcore-4.4.13.jar
[INFO] Downloaded from central: https://repo.maven.apache.org/maven2/org/apache/groovy/groovy-xml/4.0.22/groovy-xml-4.0.22.jar (213 kB at 157 kB/s)
[INFO] Downloading from central: https://repo.maven.apache.org/maven2/commons-codec/commons-codec/1.11/commons-codec-1.11.jar
[INFO] Downloaded from central: https://repo.maven.apache.org/maven2/org/apache/httpcomponents/httpcore/4.4.13/httpcore-4.4.13.jar (329 kB at 238 kB/s)
[INFO] Downloading from central: https://repo.maven.apache.org/maven2/org/apache/httpcomponents/httpmime/4.5.13/httpmime-4.5.13.jar
[INFO] Downloaded from central: https://repo.maven.apache.org/maven2/io/quarkus/quarkus-bootstrap-gradle-resolver/3.15.1/quarkus-bootstrap-gradle-resolver-3.15.1.jar (3.0 MB at 2.2 MB/s)
[INFO] Downloading from central: https://repo.maven.apache.org/maven2/org/hamcrest/hamcrest/2.2/hamcrest-2.2.jar
[INFO] Downloaded from central: https://repo.maven.apache.org/maven2/org/apache/httpcomponents/httpclient/4.5.13/httpclient-4.5.13.jar (780 kB at 560 kB/s)
[INFO] Downloading from central: https://repo.maven.apache.org/maven2/org/ccil/cowan/tagsoup/tagsoup/1.2.1/tagsoup-1.2.1.jar
[INFO] Downloaded from central: https://repo.maven.apache.org/maven2/commons-codec/commons-codec/1.11/commons-codec-1.11.jar (335 kB at 238 kB/s)
[INFO] Downloading from central: https://repo.maven.apache.org/maven2/io/rest-assured/json-path/5.5.0/json-path-5.5.0.jar
[INFO] Downloaded from central: https://repo.maven.apache.org/maven2/org/apache/httpcomponents/httpmime/4.5.13/httpmime-4.5.13.jar (42 kB at 29 kB/s)
[INFO] Downloading from central: https://repo.maven.apache.org/maven2/org/apache/groovy/groovy-json/4.0.22/groovy-json-4.0.22.jar
[INFO] Downloaded from central: https://repo.maven.apache.org/maven2/org/hamcrest/hamcrest/2.2/hamcrest-2.2.jar (123 kB at 86 kB/s)
[INFO] Downloading from central: https://repo.maven.apache.org/maven2/io/rest-assured/rest-assured-common/5.5.0/rest-assured-common-5.5.0.jar
[INFO] Downloaded from central: https://repo.maven.apache.org/maven2/org/ccil/cowan/tagsoup/tagsoup/1.2.1/tagsoup-1.2.1.jar (91 kB at 63 kB/s)
[INFO] Downloading from central: https://repo.maven.apache.org/maven2/io/rest-assured/xml-path/5.5.0/xml-path-5.5.0.jar
[INFO] Downloaded from central: https://repo.maven.apache.org/maven2/io/rest-assured/json-path/5.5.0/json-path-5.5.0.jar (60 kB at 42 kB/s)
[INFO] Downloading from central: https://repo.maven.apache.org/maven2/eu/bitwalker/UserAgentUtils/1.21/UserAgentUtils-1.21.jar
[INFO] Downloaded from central: https://repo.maven.apache.org/maven2/org/apache/groovy/groovy-json/4.0.22/groovy-json-4.0.22.jar (130 kB at 89 kB/s)
[INFO] Downloading from central: https://repo.maven.apache.org/maven2/io/smallrye/smallrye-jwt/4.5.3/smallrye-jwt-4.5.3.jar
[INFO] Downloaded from central: https://repo.maven.apache.org/maven2/eu/bitwalker/UserAgentUtils/1.21/UserAgentUtils-1.21.jar (47 kB at 32 kB/s)
[INFO] Downloading from central: https://repo.maven.apache.org/maven2/org/eclipse/microprofile/config/microprofile-config-api/3.0/microprofile-config-api-3.0.jar
[INFO] Downloaded from central: https://repo.maven.apache.org/maven2/io/rest-assured/rest-assured-common/5.5.0/rest-assured-common-5.5.0.jar (52 kB at 36 kB/s)
[INFO] Downloaded from central: https://repo.maven.apache.org/maven2/io/rest-assured/xml-path/5.5.0/xml-path-5.5.0.jar (81 kB at 55 kB/s)
[INFO] Downloading from central: https://repo.maven.apache.org/maven2/org/bitbucket/b_c/jose4j/0.9.6/jose4j-0.9.6.jar
[INFO] Downloading from central: https://repo.maven.apache.org/maven2/org/eclipse/microprofile/jwt/microprofile-jwt-auth-api/2.1/microprofile-jwt-auth-api-2.1.jar
[INFO] Downloaded from central: https://repo.maven.apache.org/maven2/io/smallrye/smallrye-jwt/4.5.3/smallrye-jwt-4.5.3.jar (123 kB at 83 kB/s)
[INFO] Downloading from central: https://repo.maven.apache.org/maven2/io/smallrye/smallrye-jwt-common/4.5.3/smallrye-jwt-common-4.5.3.jar
[INFO] Downloaded from central: https://repo.maven.apache.org/maven2/org/eclipse/microprofile/config/microprofile-config-api/3.0/microprofile-config-api-3.0.jar (18 kB at 12 kB/s)
[INFO] Downloading from central: https://repo.maven.apache.org/maven2/io/smallrye/smallrye-jwt-build/4.5.3/smallrye-jwt-build-4.5.3.jar
[INFO] Downloaded from central: https://repo.maven.apache.org/maven2/org/bitbucket/b_c/jose4j/0.9.6/jose4j-0.9.6.jar (300 kB at 200 kB/s)
[INFO] Downloading from central: https://repo.maven.apache.org/maven2/org/mindrot/jbcrypt/0.4/jbcrypt-0.4.jar
[INFO] Downloaded from central: https://repo.maven.apache.org/maven2/org/eclipse/microprofile/jwt/microprofile-jwt-auth-api/2.1/microprofile-jwt-auth-api-2.1.jar (16 kB at 11 kB/s)
[INFO] Downloading from central: https://repo.maven.apache.org/maven2/org/projectlombok/lombok/1.18.38/lombok-1.18.38.jar
[INFO] Downloaded from central: https://repo.maven.apache.org/maven2/io/smallrye/smallrye-jwt-common/4.5.3/smallrye-jwt-common-4.5.3.jar (23 kB at 15 kB/s)
[INFO] Downloaded from central: https://repo.maven.apache.org/maven2/io/smallrye/smallrye-jwt-build/4.5.3/smallrye-jwt-build-4.5.3.jar (46 kB at 30 kB/s)
[INFO] Downloaded from central: https://repo.maven.apache.org/maven2/org/apache/groovy/groovy/4.0.22/groovy-4.0.22.jar (7.6 MB at 5.0 MB/s)
[INFO] Downloaded from central: https://repo.maven.apache.org/maven2/org/mindrot/jbcrypt/0.4/jbcrypt-0.4.jar (17 kB at 11 kB/s)
[INFO] Downloaded from central: https://repo.maven.apache.org/maven2/org/projectlombok/lombok/1.18.38/lombok-1.18.38.jar (2.1 MB at 1.2 MB/s)
[INFO] 
[INFO] --- resources:3.4.0:resources (default-resources) @ ruoyi-quarkus ---
[INFO] Downloading from central: https://repo.maven.apache.org/maven2/org/apache/maven/shared/maven-filtering/3.4.0/maven-filtering-3.4.0.pom
[INFO] Downloaded from central: https://repo.maven.apache.org/maven2/org/apache/maven/shared/maven-filtering/3.4.0/maven-filtering-3.4.0.pom (6.5 kB at 158 kB/s)
[INFO] Downloading from central: https://repo.maven.apache.org/maven2/org/apache/maven/shared/maven-shared-components/43/maven-shared-components-43.pom
[INFO] Downloaded from central: https://repo.maven.apache.org/maven2/org/apache/maven/shared/maven-shared-components/43/maven-shared-components-43.pom (3.8 kB at 122 kB/s)
[INFO] Downloading from central: https://repo.maven.apache.org/maven2/org/sonatype/plexus/plexus-build-api/0.0.7/plexus-build-api-0.0.7.pom
[INFO] Downloaded from central: https://repo.maven.apache.org/maven2/org/sonatype/plexus/plexus-build-api/0.0.7/plexus-build-api-0.0.7.pom (3.2 kB at 103 kB/s)
[INFO] Downloading from central: https://repo.maven.apache.org/maven2/org/sonatype/spice/spice-parent/15/spice-parent-15.pom
[INFO] Downloaded from central: https://repo.maven.apache.org/maven2/org/sonatype/spice/spice-parent/15/spice-parent-15.pom (8.4 kB at 270 kB/s)
[INFO] Downloading from central: https://repo.maven.apache.org/maven2/org/sonatype/forge/forge-parent/5/forge-parent-5.pom
[INFO] Downloaded from central: https://repo.maven.apache.org/maven2/org/sonatype/forge/forge-parent/5/forge-parent-5.pom (8.4 kB at 288 kB/s)
[INFO] Downloading from central: https://repo.maven.apache.org/maven2/org/codehaus/plexus/plexus-utils/4.0.2/plexus-utils-4.0.2.pom
[INFO] Downloaded from central: https://repo.maven.apache.org/maven2/org/codehaus/plexus/plexus-utils/4.0.2/plexus-utils-4.0.2.pom (13 kB at 400 kB/s)
[INFO] Downloading from central: https://repo.maven.apache.org/maven2/org/codehaus/plexus/plexus-xml/3.0.1/plexus-xml-3.0.1.pom
[INFO] Downloaded from central: https://repo.maven.apache.org/maven2/org/codehaus/plexus/plexus-xml/3.0.1/plexus-xml-3.0.1.pom (3.7 kB at 86 kB/s)
[INFO] Downloading from central: https://repo.maven.apache.org/maven2/org/codehaus/plexus/plexus/18/plexus-18.pom
[INFO] Downloaded from central: https://repo.maven.apache.org/maven2/org/codehaus/plexus/plexus/18/plexus-18.pom (29 kB at 860 kB/s)
[INFO] Downloading from central: https://repo.maven.apache.org/maven2/org/apache/commons/commons-lang3/3.16.0/commons-lang3-3.16.0.pom
[INFO] Downloaded from central: https://repo.maven.apache.org/maven2/org/apache/commons/commons-lang3/3.16.0/commons-lang3-3.16.0.pom (31 kB at 1.0 MB/s)
[INFO] Downloading from central: https://repo.maven.apache.org/maven2/org/apache/commons/commons-lang3/3.20.0/commons-lang3-3.20.0.pom
[INFO] Downloaded from central: https://repo.maven.apache.org/maven2/org/apache/commons/commons-lang3/3.20.0/commons-lang3-3.20.0.pom (33 kB at 905 kB/s)
[INFO] Downloading from central: https://repo.maven.apache.org/maven2/org/apache/commons/commons-parent/92/commons-parent-92.pom
[INFO] Downloaded from central: https://repo.maven.apache.org/maven2/org/apache/commons/commons-parent/92/commons-parent-92.pom (80 kB at 2.2 MB/s)
[INFO] Downloading from central: https://repo.maven.apache.org/maven2/org/junit/junit-bom/5.13.4/junit-bom-5.13.4.pom
[INFO] Downloaded from central: https://repo.maven.apache.org/maven2/org/junit/junit-bom/5.13.4/junit-bom-5.13.4.pom (5.7 kB at 55 kB/s)
[INFO] Downloading from central: https://repo.maven.apache.org/maven2/org/apache/maven/shared/maven-filtering/3.4.0/maven-filtering-3.4.0.jar
[INFO] Downloaded from central: https://repo.maven.apache.org/maven2/org/apache/maven/shared/maven-filtering/3.4.0/maven-filtering-3.4.0.jar (56 kB at 1.6 MB/s)
[INFO] Downloading from central: https://repo.maven.apache.org/maven2/org/slf4j/slf4j-api/1.7.36/slf4j-api-1.7.36.jar
[INFO] Downloading from central: https://repo.maven.apache.org/maven2/org/sonatype/plexus/plexus-build-api/0.0.7/plexus-build-api-0.0.7.jar
[INFO] Downloading from central: https://repo.maven.apache.org/maven2/org/codehaus/plexus/plexus-utils/4.0.2/plexus-utils-4.0.2.jar
[INFO] Downloading from central: https://repo.maven.apache.org/maven2/org/codehaus/plexus/plexus-xml/3.0.1/plexus-xml-3.0.1.jar
[INFO] Downloading from central: https://repo.maven.apache.org/maven2/org/apache/commons/commons-lang3/3.20.0/commons-lang3-3.20.0.jar
[INFO] Downloaded from central: https://repo.maven.apache.org/maven2/org/slf4j/slf4j-api/1.7.36/slf4j-api-1.7.36.jar (41 kB at 1.2 MB/s)
[INFO] Downloaded from central: https://repo.maven.apache.org/maven2/org/codehaus/plexus/plexus-xml/3.0.1/plexus-xml-3.0.1.jar (94 kB at 3.0 MB/s)
[INFO] Downloaded from central: https://repo.maven.apache.org/maven2/org/codehaus/plexus/plexus-utils/4.0.2/plexus-utils-4.0.2.jar (193 kB at 5.3 MB/s)
[INFO] Downloaded from central: https://repo.maven.apache.org/maven2/org/apache/commons/commons-lang3/3.20.0/commons-lang3-3.20.0.jar (714 kB at 19 MB/s)
[INFO] Downloaded from central: https://repo.maven.apache.org/maven2/org/sonatype/plexus/plexus-build-api/0.0.7/plexus-build-api-0.0.7.jar (8.5 kB at 207 kB/s)
[INFO] Copying 1 resource from src/main/resources to target/classes
[INFO] 
[INFO] --- quarkus:3.15.1:generate-code (default) @ ruoyi-quarkus ---
[INFO] Downloading from central: https://repo.maven.apache.org/maven2/io/quarkus/quarkus-rest-kotlin/3.15.1/quarkus-rest-kotlin-3.15.1.jar
[INFO] Downloaded from central: https://repo.maven.apache.org/maven2/io/quarkus/quarkus-rest-kotlin/3.15.1/quarkus-rest-kotlin-3.15.1.jar (36 kB at 375 kB/s)
[INFO] Downloading from central: https://repo.maven.apache.org/maven2/io/quarkus/quarkus-rest-deployment/3.15.1/quarkus-rest-deployment-3.15.1.pom
[INFO] Downloaded from central: https://repo.maven.apache.org/maven2/io/quarkus/quarkus-rest-deployment/3.15.1/quarkus-rest-deployment-3.15.1.pom (5.5 kB at 122 kB/s)
[INFO] Downloading from central: https://repo.maven.apache.org/maven2/io/quarkus/resteasy/reactive/resteasy-reactive-processor/3.15.1/resteasy-reactive-processor-3.15.1.pom
[INFO] Downloaded from central: https://repo.maven.apache.org/maven2/io/quarkus/resteasy/reactive/resteasy-reactive-processor/3.15.1/resteasy-reactive-processor-3.15.1.pom (2.8 kB at 63 kB/s)
[INFO] Downloading from central: https://repo.maven.apache.org/maven2/io/quarkus/resteasy/reactive/resteasy-reactive-common-processor/3.15.1/resteasy-reactive-common-processor-3.15.1.pom
[INFO] Downloaded from central: https://repo.maven.apache.org/maven2/io/quarkus/resteasy/reactive/resteasy-reactive-common-processor/3.15.1/resteasy-reactive-common-processor-3.15.1.pom (2.1 kB at 71 kB/s)
[INFO] Downloading from central: https://repo.maven.apache.org/maven2/io/quarkus/quarkus-vertx-http-deployment/3.15.1/quarkus-vertx-http-deployment-3.15.1.pom
[INFO] Downloaded from central: https://repo.maven.apache.org/maven2/io/quarkus/quarkus-vertx-http-deployment/3.15.1/quarkus-vertx-http-deployment-3.15.1.pom (6.3 kB at 204 kB/s)
[INFO] Downloading from central: https://repo.maven.apache.org/maven2/io/quarkus/quarkus-vertx-deployment/3.15.1/quarkus-vertx-deployment-3.15.1.pom
[INFO] Downloaded from central: https://repo.maven.apache.org/maven2/io/quarkus/quarkus-vertx-deployment/3.15.1/quarkus-vertx-deployment-3.15.1.pom (3.5 kB at 109 kB/s)
[INFO] Downloading from central: https://repo.maven.apache.org/maven2/io/quarkus/quarkus-arc-deployment/3.15.1/quarkus-arc-deployment-3.15.1.pom
[INFO] Downloaded from central: https://repo.maven.apache.org/maven2/io/quarkus/quarkus-arc-deployment/3.15.1/quarkus-arc-deployment-3.15.1.pom (3.1 kB at 110 kB/s)
[INFO] Downloading from central: https://repo.maven.apache.org/maven2/io/quarkus/quarkus-smallrye-context-propagation-spi/3.15.1/quarkus-smallrye-context-propagation-spi-3.15.1.pom
[INFO] Downloaded from central: https://repo.maven.apache.org/maven2/io/quarkus/quarkus-smallrye-context-propagation-spi/3.15.1/quarkus-smallrye-context-propagation-spi-3.15.1.pom (1.0 kB at 39 kB/s)
[INFO] Downloading from central: https://repo.maven.apache.org/maven2/io/quarkus/quarkus-vertx-http-dev-ui-spi/3.15.1/quarkus-vertx-http-dev-ui-spi-3.15.1.pom
[INFO] Downloaded from central: https://repo.maven.apache.org/maven2/io/quarkus/quarkus-vertx-http-dev-ui-spi/3.15.1/quarkus-vertx-http-dev-ui-spi-3.15.1.pom (805 B at 23 kB/s)
[INFO] Downloading from central: https://repo.maven.apache.org/maven2/io/quarkus/arc/arc-processor/3.15.1/arc-processor-3.15.1.pom
[INFO] Downloaded from central: https://repo.maven.apache.org/maven2/io/quarkus/arc/arc-processor/3.15.1/arc-processor-3.15.1.pom (1.9 kB at 56 kB/s)
[INFO] Downloading from central: https://repo.maven.apache.org/maven2/io/quarkus/quarkus-arc-test-supplement/3.15.1/quarkus-arc-test-supplement-3.15.1.pom
[INFO] Downloaded from central: https://repo.maven.apache.org/maven2/io/quarkus/quarkus-arc-test-supplement/3.15.1/quarkus-arc-test-supplement-3.15.1.pom (636 B at 21 kB/s)
[INFO] Downloading from central: https://repo.maven.apache.org/maven2/io/quarkus/quarkus-netty-deployment/3.15.1/quarkus-netty-deployment-3.15.1.pom
[INFO] Downloaded from central: https://repo.maven.apache.org/maven2/io/quarkus/quarkus-netty-deployment/3.15.1/quarkus-netty-deployment-3.15.1.pom (2.0 kB at 63 kB/s)
[INFO] Downloading from central: https://repo.maven.apache.org/maven2/io/quarkus/quarkus-virtual-threads-deployment/3.15.1/quarkus-virtual-threads-deployment-3.15.1.pom
[INFO] Downloaded from central: https://repo.maven.apache.org/maven2/io/quarkus/quarkus-virtual-threads-deployment/3.15.1/quarkus-virtual-threads-deployment-3.15.1.pom (2.1 kB at 19 kB/s)
[INFO] Downloading from central: https://repo.maven.apache.org/maven2/io/quarkus/quarkus-mutiny-deployment/3.15.1/quarkus-mutiny-deployment-3.15.1.pom
[INFO] Downloaded from central: https://repo.maven.apache.org/maven2/io/quarkus/quarkus-mutiny-deployment/3.15.1/quarkus-mutiny-deployment-3.15.1.pom (2.2 kB at 64 kB/s)
[INFO] Downloading from central: https://repo.maven.apache.org/maven2/io/quarkus/quarkus-smallrye-context-propagation-deployment/3.15.1/quarkus-smallrye-context-propagation-deployment-3.15.1.pom
[INFO] Downloaded from central: https://repo.maven.apache.org/maven2/io/quarkus/quarkus-smallrye-context-propagation-deployment/3.15.1/quarkus-smallrye-context-propagation-deployment-3.15.1.pom (2.3 kB at 82 kB/s)
[INFO] Downloading from central: https://repo.maven.apache.org/maven2/io/quarkus/quarkus-jackson-spi/3.15.1/quarkus-jackson-spi-3.15.1.pom
[INFO] Downloaded from central: https://repo.maven.apache.org/maven2/io/quarkus/quarkus-jackson-spi/3.15.1/quarkus-jackson-spi-3.15.1.pom (830 B at 29 kB/s)
[INFO] Downloading from central: https://repo.maven.apache.org/maven2/io/quarkus/quarkus-vertx-deployment-spi/3.15.1/quarkus-vertx-deployment-spi-3.15.1.pom
[INFO] Downloaded from central: https://repo.maven.apache.org/maven2/io/quarkus/quarkus-vertx-deployment-spi/3.15.1/quarkus-vertx-deployment-spi-3.15.1.pom (904 B at 33 kB/s)
[INFO] Downloading from central: https://repo.maven.apache.org/maven2/io/quarkus/quarkus-vertx-http-deployment-spi/3.15.1/quarkus-vertx-http-deployment-spi-3.15.1.pom
[INFO] Downloaded from central: https://repo.maven.apache.org/maven2/io/quarkus/quarkus-vertx-http-deployment-spi/3.15.1/quarkus-vertx-http-deployment-spi-3.15.1.pom (957 B at 31 kB/s)
[INFO] Downloading from central: https://repo.maven.apache.org/maven2/io/quarkus/quarkus-tls-registry-deployment/3.15.1/quarkus-tls-registry-deployment-3.15.1.pom
[INFO] Downloaded from central: https://repo.maven.apache.org/maven2/io/quarkus/quarkus-tls-registry-deployment/3.15.1/quarkus-tls-registry-deployment-3.15.1.pom (3.5 kB at 95 kB/s)
[INFO] Downloading from central: https://repo.maven.apache.org/maven2/io/quarkus/quarkus-credentials-deployment/3.15.1/quarkus-credentials-deployment-3.15.1.pom
[INFO] Downloaded from central: https://repo.maven.apache.org/maven2/io/quarkus/quarkus-credentials-deployment/3.15.1/quarkus-credentials-deployment-3.15.1.pom (1.9 kB at 61 kB/s)
[INFO] Downloading from central: https://repo.maven.apache.org/maven2/io/quarkus/quarkus-kubernetes-spi/3.15.1/quarkus-kubernetes-spi-3.15.1.pom
[INFO] Downloaded from central: https://repo.maven.apache.org/maven2/io/quarkus/quarkus-kubernetes-spi/3.15.1/quarkus-kubernetes-spi-3.15.1.pom (1.2 kB at 39 kB/s)
[INFO] Downloading from central: https://repo.maven.apache.org/maven2/io/quarkus/quarkus-kubernetes-parent/3.15.1/quarkus-kubernetes-parent-3.15.1.pom
[INFO] Downloaded from central: https://repo.maven.apache.org/maven2/io/quarkus/quarkus-kubernetes-parent/3.15.1/quarkus-kubernetes-parent-3.15.1.pom (834 B at 7.0 kB/s)
[INFO] Downloading from central: https://repo.maven.apache.org/maven2/io/quarkus/quarkus-security-spi/3.15.1/quarkus-security-spi-3.15.1.pom
[INFO] Downloaded from central: https://repo.maven.apache.org/maven2/io/quarkus/quarkus-security-spi/3.15.1/quarkus-security-spi-3.15.1.pom (1.7 kB at 17 kB/s)
[INFO] Downloading from central: https://repo.maven.apache.org/maven2/io/quarkus/quarkus-vertx-http-dev-ui-resources/3.15.1/quarkus-vertx-http-dev-ui-resources-3.15.1.pom
[INFO] Downloaded from central: https://repo.maven.apache.org/maven2/io/quarkus/quarkus-vertx-http-dev-ui-resources/3.15.1/quarkus-vertx-http-dev-ui-resources-3.15.1.pom (5.4 kB at 160 kB/s)
[INFO] Downloading from central: https://repo.maven.apache.org/maven2/org/mvnpm/at/vaadin/router/1.7.5/router-1.7.5.pom
[INFO] Downloaded from central: https://repo.maven.apache.org/maven2/org/mvnpm/at/vaadin/router/1.7.5/router-1.7.5.pom (2.7 kB at 79 kB/s)
[INFO] Downloading from central: https://repo.maven.apache.org/maven2/org/mvnpm/at/vaadin/vaadin-usage-statistics/2.1.2/vaadin-usage-statistics-2.1.2.pom
[INFO] Downloaded from central: https://repo.maven.apache.org/maven2/org/mvnpm/at/vaadin/vaadin-usage-statistics/2.1.2/vaadin-usage-statistics-2.1.2.pom (3.2 kB at 108 kB/s)
[INFO] Downloading from central: https://repo.maven.apache.org/maven2/org/mvnpm/at/vaadin/vaadin-development-mode-detector/2.0.7/vaadin-development-mode-detector-2.0.7.pom
[INFO] Downloaded from central: https://repo.maven.apache.org/maven2/org/mvnpm/at/vaadin/vaadin-development-mode-detector/2.0.7/vaadin-development-mode-detector-2.0.7.pom (2.6 kB at 92 kB/s)
[INFO] Downloading from central: https://repo.maven.apache.org/maven2/org/mvnpm/path-to-regexp/2.4.0/path-to-regexp-2.4.0.pom
[INFO] Downloaded from central: https://repo.maven.apache.org/maven2/org/mvnpm/path-to-regexp/2.4.0/path-to-regexp-2.4.0.pom (1.7 kB at 59 kB/s)
[INFO] Downloading from central: https://repo.maven.apache.org/maven2/org/mvnpm/at/mvnpm/vaadin-webcomponents/24.4.5/vaadin-webcomponents-24.4.5.pom
[INFO] Downloaded from central: https://repo.maven.apache.org/maven2/org/mvnpm/at/mvnpm/vaadin-webcomponents/24.4.5/vaadin-webcomponents-24.4.5.pom (3.2 kB at 100 kB/s)
[INFO] Downloading from central: https://repo.maven.apache.org/maven2/org/mvnpm/at/open-wc/dedupe-mixin/1.4.0/dedupe-mixin-1.4.0.pom
[INFO] Downloaded from central: https://repo.maven.apache.org/maven2/org/mvnpm/at/open-wc/dedupe-mixin/1.4.0/dedupe-mixin-1.4.0.pom (1.5 kB at 52 kB/s)
[INFO] Downloading from central: https://repo.maven.apache.org/maven2/org/mvnpm/lit/3.2.0/lit-3.2.0.pom
[INFO] Downloaded from central: https://repo.maven.apache.org/maven2/org/mvnpm/lit/3.2.0/lit-3.2.0.pom (2.8 kB at 111 kB/s)
[INFO] Downloading from central: https://repo.maven.apache.org/maven2/org/mvnpm/at/lit/reactive-element/2.0.4/reactive-element-2.0.4.pom
[INFO] Downloaded from central: https://repo.maven.apache.org/maven2/org/mvnpm/at/lit/reactive-element/2.0.4/reactive-element-2.0.4.pom (2.4 kB at 84 kB/s)
[INFO] Downloading from central: https://repo.maven.apache.org/maven2/org/mvnpm/at/lit-labs/ssr-dom-shim/1.2.1/ssr-dom-shim-1.2.1.pom
[INFO] Downloaded from central: https://repo.maven.apache.org/maven2/org/mvnpm/at/lit-labs/ssr-dom-shim/1.2.1/ssr-dom-shim-1.2.1.pom (2.3 kB at 81 kB/s)
[INFO] Downloading from central: https://repo.maven.apache.org/maven2/org/mvnpm/lit-element/4.1.0/lit-element-4.1.0.pom
[INFO] Downloaded from central: https://repo.maven.apache.org/maven2/org/mvnpm/lit-element/4.1.0/lit-element-4.1.0.pom (3.4 kB at 106 kB/s)
[INFO] Downloading from central: https://repo.maven.apache.org/maven2/org/mvnpm/lit-html/3.2.0/lit-html-3.2.0.pom
[INFO] Downloaded from central: https://repo.maven.apache.org/maven2/org/mvnpm/lit-html/3.2.0/lit-html-3.2.0.pom (2.8 kB at 88 kB/s)
[INFO] Downloading from central: https://repo.maven.apache.org/maven2/org/mvnpm/at/types/trusted-types/2.0.7/trusted-types-2.0.7.pom
[INFO] Downloaded from central: https://repo.maven.apache.org/maven2/org/mvnpm/at/types/trusted-types/2.0.7/trusted-types-2.0.7.pom (1.3 kB at 9.0 kB/s)
[INFO] Downloading from central: https://repo.maven.apache.org/maven2/org/mvnpm/at/polymer/polymer/3.5.1/polymer-3.5.1.pom
[INFO] Downloaded from central: https://repo.maven.apache.org/maven2/org/mvnpm/at/polymer/polymer/3.5.1/polymer-3.5.1.pom (2.5 kB at 77 kB/s)
[INFO] Downloading from central: https://repo.maven.apache.org/maven2/org/mvnpm/at/webcomponents/shadycss/1.11.2/shadycss-1.11.2.pom
[INFO] Downloaded from central: https://repo.maven.apache.org/maven2/org/mvnpm/at/webcomponents/shadycss/1.11.2/shadycss-1.11.2.pom (1.7 kB at 56 kB/s)
[INFO] Downloading from central: https://repo.maven.apache.org/maven2/org/mvnpm/lit-element-state/1.7.0/lit-element-state-1.7.0.pom
[INFO] Downloaded from central: https://repo.maven.apache.org/maven2/org/mvnpm/lit-element-state/1.7.0/lit-element-state-1.7.0.pom (1.2 kB at 40 kB/s)
[INFO] Downloading from central: https://repo.maven.apache.org/maven2/org/mvnpm/echarts/5.5.1/echarts-5.5.1.pom
[INFO] Downloaded from central: https://repo.maven.apache.org/maven2/org/mvnpm/echarts/5.5.1/echarts-5.5.1.pom (1.7 kB at 60 kB/s)
[INFO] Downloading from central: https://repo.maven.apache.org/maven2/org/mvnpm/tslib/2.3.0/tslib-2.3.0.pom
[INFO] Downloaded from central: https://repo.maven.apache.org/maven2/org/mvnpm/tslib/2.3.0/tslib-2.3.0.pom (2.0 kB at 68 kB/s)
[INFO] Downloading from central: https://repo.maven.apache.org/maven2/org/mvnpm/zrender/5.6.0/zrender-5.6.0.pom
[INFO] Downloaded from central: https://repo.maven.apache.org/maven2/org/mvnpm/zrender/5.6.0/zrender-5.6.0.pom (3.2 kB at 95 kB/s)
[INFO] Downloading from central: https://repo.maven.apache.org/maven2/org/mvnpm/at/mvnpm/codeblock/1.0.16/codeblock-1.0.16.pom
[INFO] Downloaded from central: https://repo.maven.apache.org/maven2/org/mvnpm/at/mvnpm/codeblock/1.0.16/codeblock-1.0.16.pom (1.8 kB at 41 kB/s)
[INFO] Downloading from central: https://repo.maven.apache.org/maven2/org/mvnpm/at/mvnpm/qomponent/1.0.0/qomponent-1.0.0.pom
[INFO] Downloaded from central: https://repo.maven.apache.org/maven2/org/mvnpm/at/mvnpm/qomponent/1.0.0/qomponent-1.0.0.pom (2.2 kB at 22 kB/s)
[INFO] Downloading from central: https://repo.maven.apache.org/maven2/org/mvnpm/markdown-it/14.1.0/markdown-it-14.1.0.pom
[INFO] Downloaded from central: https://repo.maven.apache.org/maven2/org/mvnpm/markdown-it/14.1.0/markdown-it-14.1.0.pom (2.7 kB at 83 kB/s)
[INFO] Downloading from central: https://repo.maven.apache.org/maven2/org/mvnpm/argparse/2.0.1/argparse-2.0.1.pom
[INFO] Downloaded from central: https://repo.maven.apache.org/maven2/org/mvnpm/argparse/2.0.1/argparse-2.0.1.pom (1.2 kB at 9.6 kB/s)
[INFO] Downloading from central: https://repo.maven.apache.org/maven2/org/mvnpm/entities/4.5.0/entities-4.5.0.pom
[INFO] Downloaded from central: https://repo.maven.apache.org/maven2/org/mvnpm/entities/4.5.0/entities-4.5.0.pom (1.2 kB at 34 kB/s)
[INFO] Downloading from central: https://repo.maven.apache.org/maven2/org/mvnpm/linkify-it/5.0.0/linkify-it-5.0.0.pom
[INFO] Downloaded from central: https://repo.maven.apache.org/maven2/org/mvnpm/linkify-it/5.0.0/linkify-it-5.0.0.pom (1.5 kB at 53 kB/s)
[INFO] Downloading from central: https://repo.maven.apache.org/maven2/org/mvnpm/uc.micro/2.1.0/uc.micro-2.1.0.pom
[INFO] Downloaded from central: https://repo.maven.apache.org/maven2/org/mvnpm/uc.micro/2.1.0/uc.micro-2.1.0.pom (1.2 kB at 41 kB/s)
[INFO] Downloading from central: https://repo.maven.apache.org/maven2/org/mvnpm/mdurl/2.0.0/mdurl-2.0.0.pom
[INFO] Downloaded from central: https://repo.maven.apache.org/maven2/org/mvnpm/mdurl/2.0.0/mdurl-2.0.0.pom (1.2 kB at 41 kB/s)
[INFO] Downloading from central: https://repo.maven.apache.org/maven2/org/mvnpm/punycode.js/2.3.1/punycode.js-2.3.1.pom
[INFO] Downloaded from central: https://repo.maven.apache.org/maven2/org/mvnpm/punycode.js/2.3.1/punycode.js-2.3.1.pom (1.4 kB at 36 kB/s)
[INFO] Downloading from central: https://repo.maven.apache.org/maven2/org/mvnpm/es-module-shims/1.10.0/es-module-shims-1.10.0.pom
[INFO] Downloaded from central: https://repo.maven.apache.org/maven2/org/mvnpm/es-module-shims/1.10.0/es-module-shims-1.10.0.pom (1.3 kB at 47 kB/s)
[INFO] Downloading from central: https://repo.maven.apache.org/maven2/io/mvnpm/importmap/1.0.11/importmap-1.0.11.pom
[INFO] Downloaded from central: https://repo.maven.apache.org/maven2/io/mvnpm/importmap/1.0.11/importmap-1.0.11.pom (7.0 kB at 269 kB/s)
[INFO] Downloading from central: https://repo.maven.apache.org/maven2/io/quarkus/quarkus-rest-server-spi-deployment/3.15.1/quarkus-rest-server-spi-deployment-3.15.1.pom
[INFO] Downloaded from central: https://repo.maven.apache.org/maven2/io/quarkus/quarkus-rest-server-spi-deployment/3.15.1/quarkus-rest-server-spi-deployment-3.15.1.pom (954 B at 29 kB/s)
[INFO] Downloading from central: https://repo.maven.apache.org/maven2/io/quarkus/quarkus-rest-spi-deployment/3.15.1/quarkus-rest-spi-deployment-3.15.1.pom
[INFO] Downloaded from central: https://repo.maven.apache.org/maven2/io/quarkus/quarkus-rest-spi-deployment/3.15.1/quarkus-rest-spi-deployment-3.15.1.pom (896 B at 9.5 kB/s)
[INFO] Downloading from central: https://repo.maven.apache.org/maven2/io/quarkus/quarkus-jaxrs-spi-deployment/3.15.1/quarkus-jaxrs-spi-deployment-3.15.1.pom
[INFO] Downloaded from central: https://repo.maven.apache.org/maven2/io/quarkus/quarkus-jaxrs-spi-deployment/3.15.1/quarkus-jaxrs-spi-deployment-3.15.1.pom (774 B at 6.0 kB/s)
[INFO] Downloading from central: https://repo.maven.apache.org/maven2/io/quarkus/quarkus-jaxrs-spi-parent/3.15.1/quarkus-jaxrs-spi-parent-3.15.1.pom
[INFO] Downloaded from central: https://repo.maven.apache.org/maven2/io/quarkus/quarkus-jaxrs-spi-parent/3.15.1/quarkus-jaxrs-spi-parent-3.15.1.pom (718 B at 23 kB/s)
[INFO] Downloading from central: https://repo.maven.apache.org/maven2/io/quarkus/quarkus-jsonp-deployment/3.15.1/quarkus-jsonp-deployment-3.15.1.pom
[INFO] Downloaded from central: https://repo.maven.apache.org/maven2/io/quarkus/quarkus-jsonp-deployment/3.15.1/quarkus-jsonp-deployment-3.15.1.pom (1.7 kB at 62 kB/s)
[INFO] Downloading from central: https://repo.maven.apache.org/maven2/io/quarkus/quarkus-rest-common-deployment/3.15.1/quarkus-rest-common-deployment-3.15.1.pom
[INFO] Downloaded from central: https://repo.maven.apache.org/maven2/io/quarkus/quarkus-rest-common-deployment/3.15.1/quarkus-rest-common-deployment-3.15.1.pom (3.9 kB at 94 kB/s)
[INFO] Downloading from central: https://repo.maven.apache.org/maven2/io/quarkus/quarkus-rest-jackson-deployment/3.15.1/quarkus-rest-jackson-deployment-3.15.1.pom
[INFO] Downloaded from central: https://repo.maven.apache.org/maven2/io/quarkus/quarkus-rest-jackson-deployment/3.15.1/quarkus-rest-jackson-deployment-3.15.1.pom (3.0 kB at 97 kB/s)
[INFO] Downloading from central: https://repo.maven.apache.org/maven2/io/quarkus/quarkus-rest-jackson-common-deployment/3.15.1/quarkus-rest-jackson-common-deployment-3.15.1.pom
[INFO] Downloaded from central: https://repo.maven.apache.org/maven2/io/quarkus/quarkus-rest-jackson-common-deployment/3.15.1/quarkus-rest-jackson-common-deployment-3.15.1.pom (1.9 kB at 75 kB/s)
[INFO] Downloading from central: https://repo.maven.apache.org/maven2/io/quarkus/quarkus-jackson-deployment/3.15.1/quarkus-jackson-deployment-3.15.1.pom
[INFO] Downloaded from central: https://repo.maven.apache.org/maven2/io/quarkus/quarkus-jackson-deployment/3.15.1/quarkus-jackson-deployment-3.15.1.pom (2.5 kB at 94 kB/s)
[INFO] Downloading from central: https://repo.maven.apache.org/maven2/io/quarkus/quarkus-security-deployment/3.15.1/quarkus-security-deployment-3.15.1.pom
[INFO] Downloaded from central: https://repo.maven.apache.org/maven2/io/quarkus/quarkus-security-deployment/3.15.1/quarkus-security-deployment-3.15.1.pom (2.7 kB at 23 kB/s)
[INFO] Downloading from central: https://repo.maven.apache.org/maven2/io/quarkus/quarkus-elytron-security-common-deployment/3.15.1/quarkus-elytron-security-common-deployment-3.15.1.pom
[INFO] Downloaded from central: https://repo.maven.apache.org/maven2/io/quarkus/quarkus-elytron-security-common-deployment/3.15.1/quarkus-elytron-security-common-deployment-3.15.1.pom (1.8 kB at 15 kB/s)
[INFO] Downloading from central: https://repo.maven.apache.org/maven2/io/quarkus/resteasy/reactive/resteasy-reactive-common-processor/3.15.1/resteasy-reactive-common-processor-3.15.1.jar
[INFO] Downloaded from central: https://repo.maven.apache.org/maven2/io/quarkus/resteasy/reactive/resteasy-reactive-common-processor/3.15.1/resteasy-reactive-common-processor-3.15.1.jar (127 kB at 5.1 MB/s)
[INFO] Downloading from central: https://repo.maven.apache.org/maven2/io/quarkus/resteasy/reactive/resteasy-reactive-processor/3.15.1/resteasy-reactive-processor-3.15.1.jar
[INFO] Downloaded from central: https://repo.maven.apache.org/maven2/io/quarkus/resteasy/reactive/resteasy-reactive-processor/3.15.1/resteasy-reactive-processor-3.15.1.jar (152 kB at 5.2 MB/s)
[INFO] Downloading from central: https://repo.maven.apache.org/maven2/io/quarkus/quarkus-netty-deployment/3.15.1/quarkus-netty-deployment-3.15.1.jar
[INFO] Downloaded from central: https://repo.maven.apache.org/maven2/io/quarkus/quarkus-netty-deployment/3.15.1/quarkus-netty-deployment-3.15.1.jar (20 kB at 810 kB/s)
[INFO] Downloading from central: https://repo.maven.apache.org/maven2/io/quarkus/quarkus-jackson-spi/3.15.1/quarkus-jackson-spi-3.15.1.jar
[INFO] Downloaded from central: https://repo.maven.apache.org/maven2/io/quarkus/quarkus-jackson-spi/3.15.1/quarkus-jackson-spi-3.15.1.jar (10.0 kB at 415 kB/s)
[INFO] Downloading from central: https://repo.maven.apache.org/maven2/io/quarkus/quarkus-vertx-deployment-spi/3.15.1/quarkus-vertx-deployment-spi-3.15.1.jar
[INFO] Downloaded from central: https://repo.maven.apache.org/maven2/io/quarkus/quarkus-vertx-deployment-spi/3.15.1/quarkus-vertx-deployment-spi-3.15.1.jar (7.4 kB at 283 kB/s)
[INFO] Downloading from central: https://repo.maven.apache.org/maven2/io/quarkus/quarkus-vertx-deployment/3.15.1/quarkus-vertx-deployment-3.15.1.jar
[INFO] Downloaded from central: https://repo.maven.apache.org/maven2/io/quarkus/quarkus-vertx-deployment/3.15.1/quarkus-vertx-deployment-3.15.1.jar (47 kB at 1.6 MB/s)
[INFO] Downloading from central: https://repo.maven.apache.org/maven2/io/quarkus/quarkus-vertx-http-deployment-spi/3.15.1/quarkus-vertx-http-deployment-spi-3.15.1.jar
[INFO] Downloaded from central: https://repo.maven.apache.org/maven2/io/quarkus/quarkus-vertx-http-deployment-spi/3.15.1/quarkus-vertx-http-deployment-spi-3.15.1.jar (18 kB at 389 kB/s)
[INFO] Downloading from central: https://repo.maven.apache.org/maven2/io/quarkus/quarkus-smallrye-context-propagation-deployment/3.15.1/quarkus-smallrye-context-propagation-deployment-3.15.1.jar
[INFO] Downloaded from central: https://repo.maven.apache.org/maven2/io/quarkus/quarkus-smallrye-context-propagation-deployment/3.15.1/quarkus-smallrye-context-propagation-deployment-3.15.1.jar (21 kB at 560 kB/s)
[INFO] Downloading from central: https://repo.maven.apache.org/maven2/io/quarkus/quarkus-mutiny-deployment/3.15.1/quarkus-mutiny-deployment-3.15.1.jar
[INFO] Downloaded from central: https://repo.maven.apache.org/maven2/io/quarkus/quarkus-mutiny-deployment/3.15.1/quarkus-mutiny-deployment-3.15.1.jar (8.2 kB at 275 kB/s)
[INFO] Downloading from central: https://repo.maven.apache.org/maven2/io/quarkus/quarkus-tls-registry-deployment/3.15.1/quarkus-tls-registry-deployment-3.15.1.jar
[INFO] Downloaded from central: https://repo.maven.apache.org/maven2/io/quarkus/quarkus-tls-registry-deployment/3.15.1/quarkus-tls-registry-deployment-3.15.1.jar (12 kB at 463 kB/s)
[INFO] Downloading from central: https://repo.maven.apache.org/maven2/io/quarkus/quarkus-credentials-deployment/3.15.1/quarkus-credentials-deployment-3.15.1.jar
[INFO] Downloaded from central: https://repo.maven.apache.org/maven2/io/quarkus/quarkus-credentials-deployment/3.15.1/quarkus-credentials-deployment-3.15.1.jar (7.3 kB at 236 kB/s)
[INFO] Downloading from central: https://repo.maven.apache.org/maven2/io/quarkus/quarkus-kubernetes-spi/3.15.1/quarkus-kubernetes-spi-3.15.1.jar
[INFO] Downloaded from central: https://repo.maven.apache.org/maven2/io/quarkus/quarkus-kubernetes-spi/3.15.1/quarkus-kubernetes-spi-3.15.1.jar (40 kB at 390 kB/s)
[INFO] Downloading from central: https://repo.maven.apache.org/maven2/org/mvnpm/at/vaadin/router/1.7.5/router-1.7.5.jar
[INFO] Downloaded from central: https://repo.maven.apache.org/maven2/org/mvnpm/at/vaadin/router/1.7.5/router-1.7.5.jar (248 kB at 7.5 MB/s)
[INFO] Downloading from central: https://repo.maven.apache.org/maven2/org/mvnpm/path-to-regexp/2.4.0/path-to-regexp-2.4.0.jar
[INFO] Downloaded from central: https://repo.maven.apache.org/maven2/org/mvnpm/path-to-regexp/2.4.0/path-to-regexp-2.4.0.jar (5.2 kB at 178 kB/s)
[INFO] Downloading from central: https://repo.maven.apache.org/maven2/org/mvnpm/at/mvnpm/vaadin-webcomponents/24.4.5/vaadin-webcomponents-24.4.5.jar
[INFO] Downloaded from central: https://repo.maven.apache.org/maven2/org/mvnpm/at/mvnpm/vaadin-webcomponents/24.4.5/vaadin-webcomponents-24.4.5.jar (2.5 MB at 37 MB/s)
[INFO] Downloading from central: https://repo.maven.apache.org/maven2/org/mvnpm/at/vaadin/vaadin-usage-statistics/2.1.2/vaadin-usage-statistics-2.1.2.jar
[INFO] Downloaded from central: https://repo.maven.apache.org/maven2/org/mvnpm/at/vaadin/vaadin-usage-statistics/2.1.2/vaadin-usage-statistics-2.1.2.jar (11 kB at 422 kB/s)
[INFO] Downloading from central: https://repo.maven.apache.org/maven2/org/mvnpm/at/vaadin/vaadin-development-mode-detector/2.0.7/vaadin-development-mode-detector-2.0.7.jar
[INFO] Downloaded from central: https://repo.maven.apache.org/maven2/org/mvnpm/at/vaadin/vaadin-development-mode-detector/2.0.7/vaadin-development-mode-detector-2.0.7.jar (7.5 kB at 241 kB/s)
[INFO] Downloading from central: https://repo.maven.apache.org/maven2/org/mvnpm/at/polymer/polymer/3.5.1/polymer-3.5.1.jar
[INFO] Downloaded from central: https://repo.maven.apache.org/maven2/org/mvnpm/at/polymer/polymer/3.5.1/polymer-3.5.1.jar (198 kB at 3.9 MB/s)
[INFO] Downloading from central: https://repo.maven.apache.org/maven2/org/mvnpm/at/webcomponents/shadycss/1.11.2/shadycss-1.11.2.jar
[INFO] Downloaded from central: https://repo.maven.apache.org/maven2/org/mvnpm/at/webcomponents/shadycss/1.11.2/shadycss-1.11.2.jar (151 kB at 5.2 MB/s)
[INFO] Downloading from central: https://repo.maven.apache.org/maven2/org/mvnpm/at/open-wc/dedupe-mixin/1.4.0/dedupe-mixin-1.4.0.jar
[INFO] Downloaded from central: https://repo.maven.apache.org/maven2/org/mvnpm/at/open-wc/dedupe-mixin/1.4.0/dedupe-mixin-1.4.0.jar (3.6 kB at 34 kB/s)
[INFO] Downloading from central: https://repo.maven.apache.org/maven2/org/mvnpm/lit/3.2.0/lit-3.2.0.jar
[INFO] Downloaded from central: https://repo.maven.apache.org/maven2/org/mvnpm/lit/3.2.0/lit-3.2.0.jar (75 kB at 2.5 MB/s)
[INFO] Downloading from central: https://repo.maven.apache.org/maven2/org/mvnpm/at/lit/reactive-element/2.0.4/reactive-element-2.0.4.jar
[INFO] Downloaded from central: https://repo.maven.apache.org/maven2/org/mvnpm/at/lit/reactive-element/2.0.4/reactive-element-2.0.4.jar (285 kB at 2.8 MB/s)
[INFO] Downloading from central: https://repo.maven.apache.org/maven2/org/mvnpm/lit-element/4.1.0/lit-element-4.1.0.jar
[INFO] Downloaded from central: https://repo.maven.apache.org/maven2/org/mvnpm/lit-element/4.1.0/lit-element-4.1.0.jar (56 kB at 1.9 MB/s)
[INFO] Downloading from central: https://repo.maven.apache.org/maven2/org/mvnpm/lit-html/3.2.0/lit-html-3.2.0.jar
[INFO] Downloaded from central: https://repo.maven.apache.org/maven2/org/mvnpm/lit-html/3.2.0/lit-html-3.2.0.jar (589 kB at 16 MB/s)
[INFO] Downloading from central: https://repo.maven.apache.org/maven2/org/mvnpm/at/lit-labs/ssr-dom-shim/1.2.1/ssr-dom-shim-1.2.1.jar
[INFO] Downloaded from central: https://repo.maven.apache.org/maven2/org/mvnpm/at/lit-labs/ssr-dom-shim/1.2.1/ssr-dom-shim-1.2.1.jar (14 kB at 349 kB/s)
[INFO] Downloading from central: https://repo.maven.apache.org/maven2/org/mvnpm/at/types/trusted-types/2.0.7/trusted-types-2.0.7.jar
[INFO] Downloaded from central: https://repo.maven.apache.org/maven2/org/mvnpm/at/types/trusted-types/2.0.7/trusted-types-2.0.7.jar (3.2 kB at 90 kB/s)
[INFO] Downloading from central: https://repo.maven.apache.org/maven2/org/mvnpm/lit-element-state/1.7.0/lit-element-state-1.7.0.jar
[INFO] Downloaded from central: https://repo.maven.apache.org/maven2/org/mvnpm/lit-element-state/1.7.0/lit-element-state-1.7.0.jar (6.1 kB at 225 kB/s)
[INFO] Downloading from central: https://repo.maven.apache.org/maven2/org/mvnpm/tslib/2.3.0/tslib-2.3.0.jar
[INFO] Downloaded from central: https://repo.maven.apache.org/maven2/org/mvnpm/tslib/2.3.0/tslib-2.3.0.jar (12 kB at 385 kB/s)
[INFO] Downloading from central: https://repo.maven.apache.org/maven2/org/mvnpm/zrender/5.6.0/zrender-5.6.0.jar
[INFO] Downloaded from central: https://repo.maven.apache.org/maven2/org/mvnpm/zrender/5.6.0/zrender-5.6.0.jar (711 kB at 17 MB/s)
[INFO] Downloading from central: https://repo.maven.apache.org/maven2/org/mvnpm/echarts/5.5.1/echarts-5.5.1.jar
[INFO] Downloaded from central: https://repo.maven.apache.org/maven2/org/mvnpm/echarts/5.5.1/echarts-5.5.1.jar (11 MB at 40 MB/s)
[INFO] Downloading from central: https://repo.maven.apache.org/maven2/org/mvnpm/at/mvnpm/codeblock/1.0.16/codeblock-1.0.16.jar
[INFO] Downloaded from central: https://repo.maven.apache.org/maven2/org/mvnpm/at/mvnpm/codeblock/1.0.16/codeblock-1.0.16.jar (1.2 MB at 19 MB/s)
[INFO] Downloading from central: https://repo.maven.apache.org/maven2/org/mvnpm/at/mvnpm/qomponent/1.0.0/qomponent-1.0.0.jar
[INFO] Downloaded from central: https://repo.maven.apache.org/maven2/org/mvnpm/at/mvnpm/qomponent/1.0.0/qomponent-1.0.0.jar (3.6 MB at 44 MB/s)
[INFO] Downloading from central: https://repo.maven.apache.org/maven2/org/mvnpm/markdown-it/14.1.0/markdown-it-14.1.0.jar
[INFO] Downloaded from central: https://repo.maven.apache.org/maven2/org/mvnpm/markdown-it/14.1.0/markdown-it-14.1.0.jar (244 kB at 8.1 MB/s)
[INFO] Downloading from central: https://repo.maven.apache.org/maven2/org/mvnpm/argparse/2.0.1/argparse-2.0.1.jar
[INFO] Downloaded from central: https://repo.maven.apache.org/maven2/org/mvnpm/argparse/2.0.1/argparse-2.0.1.jar (39 kB at 1.4 MB/s)
[INFO] Downloading from central: https://repo.maven.apache.org/maven2/org/mvnpm/entities/4.5.0/entities-4.5.0.jar
[INFO] Downloaded from central: https://repo.maven.apache.org/maven2/org/mvnpm/entities/4.5.0/entities-4.5.0.jar (98 kB at 3.0 MB/s)
[INFO] Downloading from central: https://repo.maven.apache.org/maven2/org/mvnpm/linkify-it/5.0.0/linkify-it-5.0.0.jar
[INFO] Downloaded from central: https://repo.maven.apache.org/maven2/org/mvnpm/linkify-it/5.0.0/linkify-it-5.0.0.jar (18 kB at 151 kB/s)
[INFO] Downloading from central: https://repo.maven.apache.org/maven2/org/mvnpm/mdurl/2.0.0/mdurl-2.0.0.jar
[INFO] Downloaded from central: https://repo.maven.apache.org/maven2/org/mvnpm/mdurl/2.0.0/mdurl-2.0.0.jar (15 kB at 417 kB/s)
[INFO] Downloading from central: https://repo.maven.apache.org/maven2/org/mvnpm/punycode.js/2.3.1/punycode.js-2.3.1.jar
[INFO] Downloaded from central: https://repo.maven.apache.org/maven2/org/mvnpm/punycode.js/2.3.1/punycode.js-2.3.1.jar (12 kB at 105 kB/s)
[INFO] Downloading from central: https://repo.maven.apache.org/maven2/org/mvnpm/uc.micro/2.1.0/uc.micro-2.1.0.jar
[INFO] Downloaded from central: https://repo.maven.apache.org/maven2/org/mvnpm/uc.micro/2.1.0/uc.micro-2.1.0.jar (8.7 kB at 300 kB/s)
[INFO] Downloading from central: https://repo.maven.apache.org/maven2/org/mvnpm/es-module-shims/1.10.0/es-module-shims-1.10.0.jar
[INFO] Downloaded from central: https://repo.maven.apache.org/maven2/org/mvnpm/es-module-shims/1.10.0/es-module-shims-1.10.0.jar (60 kB at 2.0 MB/s)
[INFO] Downloading from central: https://repo.maven.apache.org/maven2/io/quarkus/quarkus-vertx-http-dev-ui-resources/3.15.1/quarkus-vertx-http-dev-ui-resources-3.15.1.jar
[INFO] Downloaded from central: https://repo.maven.apache.org/maven2/io/quarkus/quarkus-vertx-http-dev-ui-resources/3.15.1/quarkus-vertx-http-dev-ui-resources-3.15.1.jar (884 kB at 21 MB/s)
[INFO] Downloading from central: https://repo.maven.apache.org/maven2/io/mvnpm/importmap/1.0.11/importmap-1.0.11.jar
[INFO] Downloaded from central: https://repo.maven.apache.org/maven2/io/mvnpm/importmap/1.0.11/importmap-1.0.11.jar (9.0 kB at 292 kB/s)
[INFO] Downloading from central: https://repo.maven.apache.org/maven2/io/quarkus/quarkus-vertx-http-deployment/3.15.1/quarkus-vertx-http-deployment-3.15.1.jar
[INFO] Downloaded from central: https://repo.maven.apache.org/maven2/io/quarkus/quarkus-vertx-http-deployment/3.15.1/quarkus-vertx-http-deployment-3.15.1.jar (239 kB at 6.8 MB/s)
[INFO] Downloading from central: https://repo.maven.apache.org/maven2/io/quarkus/quarkus-rest-spi-deployment/3.15.1/quarkus-rest-spi-deployment-3.15.1.jar
[INFO] Downloaded from central: https://repo.maven.apache.org/maven2/io/quarkus/quarkus-rest-spi-deployment/3.15.1/quarkus-rest-spi-deployment-3.15.1.jar (32 kB at 719 kB/s)
[INFO] Downloading from central: https://repo.maven.apache.org/maven2/io/quarkus/quarkus-rest-server-spi-deployment/3.15.1/quarkus-rest-server-spi-deployment-3.15.1.jar
[INFO] Downloaded from central: https://repo.maven.apache.org/maven2/io/quarkus/quarkus-rest-server-spi-deployment/3.15.1/quarkus-rest-server-spi-deployment-3.15.1.jar (14 kB at 397 kB/s)
[INFO] Downloading from central: https://repo.maven.apache.org/maven2/io/quarkus/quarkus-jaxrs-spi-deployment/3.15.1/quarkus-jaxrs-spi-deployment-3.15.1.jar
[INFO] Downloaded from central: https://repo.maven.apache.org/maven2/io/quarkus/quarkus-jaxrs-spi-deployment/3.15.1/quarkus-jaxrs-spi-deployment-3.15.1.jar (7.3 kB at 183 kB/s)
[INFO] Downloading from central: https://repo.maven.apache.org/maven2/io/quarkus/quarkus-security-spi/3.15.1/quarkus-security-spi-3.15.1.jar
[INFO] Downloaded from central: https://repo.maven.apache.org/maven2/io/quarkus/quarkus-security-spi/3.15.1/quarkus-security-spi-3.15.1.jar (14 kB at 477 kB/s)
[INFO] Downloading from central: https://repo.maven.apache.org/maven2/io/quarkus/quarkus-jsonp-deployment/3.15.1/quarkus-jsonp-deployment-3.15.1.jar
[INFO] Downloaded from central: https://repo.maven.apache.org/maven2/io/quarkus/quarkus-jsonp-deployment/3.15.1/quarkus-jsonp-deployment-3.15.1.jar (7.7 kB at 249 kB/s)
[INFO] Downloading from central: https://repo.maven.apache.org/maven2/io/quarkus/quarkus-rest-common-deployment/3.15.1/quarkus-rest-common-deployment-3.15.1.jar
[INFO] Downloaded from central: https://repo.maven.apache.org/maven2/io/quarkus/quarkus-rest-common-deployment/3.15.1/quarkus-rest-common-deployment-3.15.1.jar (37 kB at 1.3 MB/s)
[INFO] Downloading from central: https://repo.maven.apache.org/maven2/io/quarkus/quarkus-virtual-threads-deployment/3.15.1/quarkus-virtual-threads-deployment-3.15.1.jar
[INFO] Downloaded from central: https://repo.maven.apache.org/maven2/io/quarkus/quarkus-virtual-threads-deployment/3.15.1/quarkus-virtual-threads-deployment-3.15.1.jar (8.5 kB at 91 kB/s)
[INFO] Downloading from central: https://repo.maven.apache.org/maven2/io/quarkus/quarkus-rest-deployment/3.15.1/quarkus-rest-deployment-3.15.1.jar
[INFO] Downloaded from central: https://repo.maven.apache.org/maven2/io/quarkus/quarkus-rest-deployment/3.15.1/quarkus-rest-deployment-3.15.1.jar (140 kB at 2.8 MB/s)
[INFO] Downloading from central: https://repo.maven.apache.org/maven2/io/quarkus/quarkus-jackson-deployment/3.15.1/quarkus-jackson-deployment-3.15.1.jar
[INFO] Downloaded from central: https://repo.maven.apache.org/maven2/io/quarkus/quarkus-jackson-deployment/3.15.1/quarkus-jackson-deployment-3.15.1.jar (19 kB at 556 kB/s)
[INFO] Downloading from central: https://repo.maven.apache.org/maven2/io/quarkus/quarkus-rest-jackson-common-deployment/3.15.1/quarkus-rest-jackson-common-deployment-3.15.1.jar
[INFO] Downloaded from central: https://repo.maven.apache.org/maven2/io/quarkus/quarkus-rest-jackson-common-deployment/3.15.1/quarkus-rest-jackson-common-deployment-3.15.1.jar (7.9 kB at 263 kB/s)
[INFO] Downloading from central: https://repo.maven.apache.org/maven2/io/quarkus/quarkus-rest-jackson-deployment/3.15.1/quarkus-rest-jackson-deployment-3.15.1.jar
[INFO] Downloaded from central: https://repo.maven.apache.org/maven2/io/quarkus/quarkus-rest-jackson-deployment/3.15.1/quarkus-rest-jackson-deployment-3.15.1.jar (41 kB at 993 kB/s)
[INFO] Downloading from central: https://repo.maven.apache.org/maven2/io/quarkus/quarkus-security-deployment/3.15.1/quarkus-security-deployment-3.15.1.jar
[INFO] Downloaded from central: https://repo.maven.apache.org/maven2/io/quarkus/quarkus-security-deployment/3.15.1/quarkus-security-deployment-3.15.1.jar (69 kB at 1.9 MB/s)
[INFO] Downloading from central: https://repo.maven.apache.org/maven2/io/quarkus/quarkus-elytron-security-common-deployment/3.15.1/quarkus-elytron-security-common-deployment-3.15.1.jar
[INFO] Downloaded from central: https://repo.maven.apache.org/maven2/io/quarkus/quarkus-elytron-security-common-deployment/3.15.1/quarkus-elytron-security-common-deployment-3.15.1.jar (9.1 kB at 293 kB/s)
[INFO] Downloading from central: https://repo.maven.apache.org/maven2/io/quarkus/quarkus-smallrye-context-propagation-spi/3.15.1/quarkus-smallrye-context-propagation-spi-3.15.1.jar
[INFO] Downloaded from central: https://repo.maven.apache.org/maven2/io/quarkus/quarkus-smallrye-context-propagation-spi/3.15.1/quarkus-smallrye-context-propagation-spi-3.15.1.jar (7.7 kB at 248 kB/s)
[INFO] Downloading from central: https://repo.maven.apache.org/maven2/io/quarkus/quarkus-vertx-http-dev-ui-spi/3.15.1/quarkus-vertx-http-dev-ui-spi-3.15.1.jar
[INFO] Downloaded from central: https://repo.maven.apache.org/maven2/io/quarkus/quarkus-vertx-http-dev-ui-spi/3.15.1/quarkus-vertx-http-dev-ui-spi-3.15.1.jar (32 kB at 270 kB/s)
[INFO] Downloading from central: https://repo.maven.apache.org/maven2/io/quarkus/arc/arc-processor/3.15.1/arc-processor-3.15.1.jar
[INFO] Downloaded from central: https://repo.maven.apache.org/maven2/io/quarkus/arc/arc-processor/3.15.1/arc-processor-3.15.1.jar (723 kB at 5.4 MB/s)
[INFO] Downloading from central: https://repo.maven.apache.org/maven2/io/quarkus/quarkus-arc-test-supplement/3.15.1/quarkus-arc-test-supplement-3.15.1.jar
[INFO] Downloaded from central: https://repo.maven.apache.org/maven2/io/quarkus/quarkus-arc-test-supplement/3.15.1/quarkus-arc-test-supplement-3.15.1.jar (7.0 kB at 234 kB/s)
[INFO] Downloading from central: https://repo.maven.apache.org/maven2/io/quarkus/quarkus-arc-deployment/3.15.1/quarkus-arc-deployment-3.15.1.jar
[INFO] Downloaded from central: https://repo.maven.apache.org/maven2/io/quarkus/quarkus-arc-deployment/3.15.1/quarkus-arc-deployment-3.15.1.jar (285 kB at 3.4 MB/s)
[INFO] 
[INFO] --- compiler:3.11.0:compile (default-compile) @ ruoyi-quarkus ---
[INFO] Downloading from central: https://repo.maven.apache.org/maven2/org/apache/maven/shared/maven-shared-utils/3.3.4/maven-shared-utils-3.3.4.pom
[INFO] Downloaded from central: https://repo.maven.apache.org/maven2/org/apache/maven/shared/maven-shared-utils/3.3.4/maven-shared-utils-3.3.4.pom (5.8 kB at 201 kB/s)
[INFO] Downloading from central: https://repo.maven.apache.org/maven2/org/apache/maven/shared/maven-shared-components/34/maven-shared-components-34.pom
[INFO] Downloaded from central: https://repo.maven.apache.org/maven2/org/apache/maven/shared/maven-shared-components/34/maven-shared-components-34.pom (5.1 kB at 176 kB/s)
[INFO] Downloading from central: https://repo.maven.apache.org/maven2/commons-io/commons-io/2.6/commons-io-2.6.pom
[INFO] Downloaded from central: https://repo.maven.apache.org/maven2/commons-io/commons-io/2.6/commons-io-2.6.pom (14 kB at 460 kB/s)
[INFO] Downloading from central: https://repo.maven.apache.org/maven2/org/apache/maven/shared/maven-shared-incremental/1.1/maven-shared-incremental-1.1.pom
[INFO] Downloaded from central: https://repo.maven.apache.org/maven2/org/apache/maven/shared/maven-shared-incremental/1.1/maven-shared-incremental-1.1.pom (4.7 kB at 176 kB/s)
[INFO] Downloading from central: https://repo.maven.apache.org/maven2/org/apache/maven/shared/maven-shared-components/19/maven-shared-components-19.pom
[INFO] Downloaded from central: https://repo.maven.apache.org/maven2/org/apache/maven/shared/maven-shared-components/19/maven-shared-components-19.pom (6.4 kB at 227 kB/s)
[INFO] Downloading from central: https://repo.maven.apache.org/maven2/org/apache/maven/maven-parent/23/maven-parent-23.pom
[INFO] Downloaded from central: https://repo.maven.apache.org/maven2/org/apache/maven/maven-parent/23/maven-parent-23.pom (33 kB at 665 kB/s)
[INFO] Downloading from central: https://repo.maven.apache.org/maven2/org/apache/apache/13/apache-13.pom
[INFO] Downloaded from central: https://repo.maven.apache.org/maven2/org/apache/apache/13/apache-13.pom (14 kB at 466 kB/s)
[INFO] Downloading from central: https://repo.maven.apache.org/maven2/org/codehaus/plexus/plexus-java/1.1.2/plexus-java-1.1.2.pom
[INFO] Downloaded from central: https://repo.maven.apache.org/maven2/org/codehaus/plexus/plexus-java/1.1.2/plexus-java-1.1.2.pom (5.0 kB at 191 kB/s)
[INFO] Downloading from central: https://repo.maven.apache.org/maven2/org/codehaus/plexus/plexus-languages/1.1.2/plexus-languages-1.1.2.pom
[INFO] Downloaded from central: https://repo.maven.apache.org/maven2/org/codehaus/plexus/plexus-languages/1.1.2/plexus-languages-1.1.2.pom (4.1 kB at 39 kB/s)
[INFO] Downloading from central: https://repo.maven.apache.org/maven2/org/ow2/asm/asm/9.4/asm-9.4.pom
[INFO] Downloaded from central: https://repo.maven.apache.org/maven2/org/ow2/asm/asm/9.4/asm-9.4.pom (2.4 kB at 74 kB/s)
[INFO] Downloading from central: https://repo.maven.apache.org/maven2/com/thoughtworks/qdox/qdox/2.0.3/qdox-2.0.3.pom
[INFO] Downloaded from central: https://repo.maven.apache.org/maven2/com/thoughtworks/qdox/qdox/2.0.3/qdox-2.0.3.pom (17 kB at 134 kB/s)
[INFO] Downloading from central: https://repo.maven.apache.org/maven2/org/codehaus/plexus/plexus-compiler-api/2.13.0/plexus-compiler-api-2.13.0.pom
[INFO] Downloaded from central: https://repo.maven.apache.org/maven2/org/codehaus/plexus/plexus-compiler-api/2.13.0/plexus-compiler-api-2.13.0.pom (1.1 kB at 31 kB/s)
[INFO] Downloading from central: https://repo.maven.apache.org/maven2/org/codehaus/plexus/plexus-compiler/2.13.0/plexus-compiler-2.13.0.pom
[INFO] Downloaded from central: https://repo.maven.apache.org/maven2/org/codehaus/plexus/plexus-compiler/2.13.0/plexus-compiler-2.13.0.pom (8.4 kB at 279 kB/s)
[INFO] Downloading from central: https://repo.maven.apache.org/maven2/org/codehaus/plexus/plexus-components/10.0/plexus-components-10.0.pom
[INFO] Downloaded from central: https://repo.maven.apache.org/maven2/org/codehaus/plexus/plexus-components/10.0/plexus-components-10.0.pom (2.7 kB at 43 kB/s)
[INFO] Downloading from central: https://repo.maven.apache.org/maven2/org/codehaus/plexus/plexus-utils/3.5.0/plexus-utils-3.5.0.pom
[INFO] Downloaded from central: https://repo.maven.apache.org/maven2/org/codehaus/plexus/plexus-utils/3.5.0/plexus-utils-3.5.0.pom (8.0 kB at 308 kB/s)
[INFO] Downloading from central: https://repo.maven.apache.org/maven2/org/codehaus/plexus/plexus-compiler-manager/2.13.0/plexus-compiler-manager-2.13.0.pom
[INFO] Downloaded from central: https://repo.maven.apache.org/maven2/org/codehaus/plexus/plexus-compiler-manager/2.13.0/plexus-compiler-manager-2.13.0.pom (1.1 kB at 46 kB/s)
[INFO] Downloading from central: https://repo.maven.apache.org/maven2/org/codehaus/plexus/plexus-component-annotations/2.1.1/plexus-component-annotations-2.1.1.pom
[INFO] Downloaded from central: https://repo.maven.apache.org/maven2/org/codehaus/plexus/plexus-component-annotations/2.1.1/plexus-component-annotations-2.1.1.pom (770 B at 28 kB/s)
[INFO] Downloading from central: https://repo.maven.apache.org/maven2/org/codehaus/plexus/plexus-containers/2.1.1/plexus-containers-2.1.1.pom
[INFO] Downloaded from central: https://repo.maven.apache.org/maven2/org/codehaus/plexus/plexus-containers/2.1.1/plexus-containers-2.1.1.pom (6.0 kB at 208 kB/s)
[INFO] Downloading from central: https://repo.maven.apache.org/maven2/org/codehaus/plexus/plexus/6.5/plexus-6.5.pom
[INFO] Downloaded from central: https://repo.maven.apache.org/maven2/org/codehaus/plexus/plexus/6.5/plexus-6.5.pom (26 kB at 918 kB/s)
[INFO] Downloading from central: https://repo.maven.apache.org/maven2/org/codehaus/plexus/plexus-compiler-javac/2.13.0/plexus-compiler-javac-2.13.0.pom
[INFO] Downloaded from central: https://repo.maven.apache.org/maven2/org/codehaus/plexus/plexus-compiler-javac/2.13.0/plexus-compiler-javac-2.13.0.pom (1.2 kB at 45 kB/s)
[INFO] Downloading from central: https://repo.maven.apache.org/maven2/org/codehaus/plexus/plexus-compilers/2.13.0/plexus-compilers-2.13.0.pom
[INFO] Downloaded from central: https://repo.maven.apache.org/maven2/org/codehaus/plexus/plexus-compilers/2.13.0/plexus-compilers-2.13.0.pom (1.3 kB at 49 kB/s)
[INFO] Downloading from central: https://repo.maven.apache.org/maven2/org/apache/maven/shared/maven-shared-utils/3.3.4/maven-shared-utils-3.3.4.jar
[INFO] Downloaded from central: https://repo.maven.apache.org/maven2/org/apache/maven/shared/maven-shared-utils/3.3.4/maven-shared-utils-3.3.4.jar (153 kB at 1.1 MB/s)
[INFO] Downloading from central: https://repo.maven.apache.org/maven2/commons-io/commons-io/2.6/commons-io-2.6.jar
[INFO] Downloading from central: https://repo.maven.apache.org/maven2/org/apache/maven/shared/maven-shared-incremental/1.1/maven-shared-incremental-1.1.jar
[INFO] Downloading from central: https://repo.maven.apache.org/maven2/org/codehaus/plexus/plexus-java/1.1.2/plexus-java-1.1.2.jar
[INFO] Downloading from central: https://repo.maven.apache.org/maven2/org/ow2/asm/asm/9.4/asm-9.4.jar
[INFO] Downloading from central: https://repo.maven.apache.org/maven2/org/codehaus/plexus/plexus-component-annotations/1.5.5/plexus-component-annotations-1.5.5.jar
[INFO] Downloaded from central: https://repo.maven.apache.org/maven2/org/apache/maven/shared/maven-shared-incremental/1.1/maven-shared-incremental-1.1.jar (14 kB at 330 kB/s)
[INFO] Downloading from central: https://repo.maven.apache.org/maven2/com/thoughtworks/qdox/qdox/2.0.3/qdox-2.0.3.jar
[INFO] Downloaded from central: https://repo.maven.apache.org/maven2/org/ow2/asm/asm/9.4/asm-9.4.jar (122 kB at 3.4 MB/s)
[INFO] Downloading from central: https://repo.maven.apache.org/maven2/org/codehaus/plexus/plexus-compiler-api/2.13.0/plexus-compiler-api-2.13.0.jar
[INFO] Downloaded from central: https://repo.maven.apache.org/maven2/org/codehaus/plexus/plexus-java/1.1.2/plexus-java-1.1.2.jar (55 kB at 1.4 MB/s)
[INFO] Downloading from central: https://repo.maven.apache.org/maven2/org/codehaus/plexus/plexus-utils/3.5.0/plexus-utils-3.5.0.jar
[INFO] Downloaded from central: https://repo.maven.apache.org/maven2/org/codehaus/plexus/plexus-component-annotations/1.5.5/plexus-component-annotations-1.5.5.jar (4.2 kB at 96 kB/s)
[INFO] Downloading from central: https://repo.maven.apache.org/maven2/org/codehaus/plexus/plexus-compiler-manager/2.13.0/plexus-compiler-manager-2.13.0.jar
[INFO] Downloaded from central: https://repo.maven.apache.org/maven2/org/codehaus/plexus/plexus-utils/3.5.0/plexus-utils-3.5.0.jar (267 kB at 4.5 MB/s)
[INFO] Downloading from central: https://repo.maven.apache.org/maven2/org/codehaus/plexus/plexus-compiler-javac/2.13.0/plexus-compiler-javac-2.13.0.jar
[INFO] Downloaded from central: https://repo.maven.apache.org/maven2/org/codehaus/plexus/plexus-compiler-api/2.13.0/plexus-compiler-api-2.13.0.jar (27 kB at 443 kB/s)
[INFO] Downloaded from central: https://repo.maven.apache.org/maven2/org/codehaus/plexus/plexus-compiler-manager/2.13.0/plexus-compiler-manager-2.13.0.jar (4.7 kB at 69 kB/s)
[INFO] Downloaded from central: https://repo.maven.apache.org/maven2/com/thoughtworks/qdox/qdox/2.0.3/qdox-2.0.3.jar (334 kB at 5.0 MB/s)
[INFO] Downloaded from central: https://repo.maven.apache.org/maven2/org/codehaus/plexus/plexus-compiler-javac/2.13.0/plexus-compiler-javac-2.13.0.jar (23 kB at 271 kB/s)
[INFO] Downloaded from central: https://repo.maven.apache.org/maven2/commons-io/commons-io/2.6/commons-io-2.6.jar (215 kB at 1.3 MB/s)
[INFO] Changes detected - recompiling the module! :source
[INFO] Compiling 26 source files with javac [debug release 17] to target/classes
[WARNING] unknown enum constant org.osgi.annotation.bundle.Requirement.Resolution.OPTIONAL
  reason: class file for org.osgi.annotation.bundle.Requirement$Resolution not found
[WARNING] unknown enum constant org.osgi.annotation.bundle.Requirement.Resolution.OPTIONAL
  reason: class file for org.osgi.annotation.bundle.Requirement$Resolution not found
[WARNING] unknown enum constant org.osgi.annotation.bundle.Requirement.Resolution.OPTIONAL
  reason: class file for org.osgi.annotation.bundle.Requirement$Resolution not found
[WARNING] unknown enum constant org.osgi.annotation.bundle.Requirement.Resolution.OPTIONAL
  reason: class file for org.osgi.annotation.bundle.Requirement$Resolution not found
[WARNING] unknown enum constant org.osgi.annotation.bundle.Requirement.Resolution.OPTIONAL
  reason: class file for org.osgi.annotation.bundle.Requirement$Resolution not found
[INFO] 
[INFO] --- quarkus:3.15.1:generate-code-tests (default) @ ruoyi-quarkus ---
[INFO] 
[INFO] --- resources:3.4.0:testResources (default-testResources) @ ruoyi-quarkus ---
[INFO] Not copying test resources
[INFO] 
[INFO] --- compiler:3.11.0:testCompile (default-testCompile) @ ruoyi-quarkus ---
[INFO] Not compiling test sources
[INFO] 
[INFO] --- surefire:3.5.4:test (default-test) @ ruoyi-quarkus ---
[INFO] Downloading from central: https://repo.maven.apache.org/maven2/org/apache/maven/surefire/surefire-api/3.5.4/surefire-api-3.5.4.pom
[INFO] Downloaded from central: https://repo.maven.apache.org/maven2/org/apache/maven/surefire/surefire-api/3.5.4/surefire-api-3.5.4.pom (3.7 kB at 109 kB/s)
[INFO] Downloading from central: https://repo.maven.apache.org/maven2/org/apache/maven/surefire/surefire-logger-api/3.5.4/surefire-logger-api-3.5.4.pom
[INFO] Downloaded from central: https://repo.maven.apache.org/maven2/org/apache/maven/surefire/surefire-logger-api/3.5.4/surefire-logger-api-3.5.4.pom (3.5 kB at 134 kB/s)
[INFO] Downloading from central: https://repo.maven.apache.org/maven2/org/apache/maven/surefire/surefire-shared-utils/3.5.4/surefire-shared-utils-3.5.4.pom
[INFO] Downloaded from central: https://repo.maven.apache.org/maven2/org/apache/maven/surefire/surefire-shared-utils/3.5.4/surefire-shared-utils-3.5.4.pom (4.0 kB at 136 kB/s)
[INFO] Downloading from central: https://repo.maven.apache.org/maven2/org/apache/maven/surefire/surefire-extensions-api/3.5.4/surefire-extensions-api-3.5.4.pom
[INFO] Downloaded from central: https://repo.maven.apache.org/maven2/org/apache/maven/surefire/surefire-extensions-api/3.5.4/surefire-extensions-api-3.5.4.pom (3.6 kB at 115 kB/s)
[INFO] Downloading from central: https://repo.maven.apache.org/maven2/org/apache/maven/surefire/maven-surefire-common/3.5.4/maven-surefire-common-3.5.4.pom
[INFO] Downloaded from central: https://repo.maven.apache.org/maven2/org/apache/maven/surefire/maven-surefire-common/3.5.4/maven-surefire-common-3.5.4.pom (7.3 kB at 281 kB/s)
[INFO] Downloading from central: https://repo.maven.apache.org/maven2/org/apache/maven/surefire/surefire-booter/3.5.4/surefire-booter-3.5.4.pom
[INFO] Downloaded from central: https://repo.maven.apache.org/maven2/org/apache/maven/surefire/surefire-booter/3.5.4/surefire-booter-3.5.4.pom (5.0 kB at 172 kB/s)
[INFO] Downloading from central: https://repo.maven.apache.org/maven2/org/apache/maven/surefire/surefire-extensions-spi/3.5.4/surefire-extensions-spi-3.5.4.pom
[INFO] Downloaded from central: https://repo.maven.apache.org/maven2/org/apache/maven/surefire/surefire-extensions-spi/3.5.4/surefire-extensions-spi-3.5.4.pom (1.7 kB at 59 kB/s)
[INFO] Downloading from central: https://repo.maven.apache.org/maven2/org/apache/maven/resolver/maven-resolver-util/1.4.1/maven-resolver-util-1.4.1.pom
[INFO] Downloaded from central: https://repo.maven.apache.org/maven2/org/apache/maven/resolver/maven-resolver-util/1.4.1/maven-resolver-util-1.4.1.pom (2.8 kB at 26 kB/s)
[INFO] Downloading from central: https://repo.maven.apache.org/maven2/org/apache/maven/resolver/maven-resolver/1.4.1/maven-resolver-1.4.1.pom
[INFO] Downloaded from central: https://repo.maven.apache.org/maven2/org/apache/maven/resolver/maven-resolver/1.4.1/maven-resolver-1.4.1.pom (18 kB at 649 kB/s)
[INFO] Downloading from central: https://repo.maven.apache.org/maven2/org/apache/maven/resolver/maven-resolver-api/1.4.1/maven-resolver-api-1.4.1.pom
[INFO] Downloaded from central: https://repo.maven.apache.org/maven2/org/apache/maven/resolver/maven-resolver-api/1.4.1/maven-resolver-api-1.4.1.pom (2.6 kB at 101 kB/s)
[INFO] Downloading from central: https://repo.maven.apache.org/maven2/org/apache/maven/shared/maven-common-artifact-filters/3.4.0/maven-common-artifact-filters-3.4.0.pom
[INFO] Downloaded from central: https://repo.maven.apache.org/maven2/org/apache/maven/shared/maven-common-artifact-filters/3.4.0/maven-common-artifact-filters-3.4.0.pom (5.4 kB at 179 kB/s)
[INFO] Downloading from central: https://repo.maven.apache.org/maven2/org/apache/maven/shared/maven-shared-components/42/maven-shared-components-42.pom
[INFO] Downloaded from central: https://repo.maven.apache.org/maven2/org/apache/maven/shared/maven-shared-components/42/maven-shared-components-42.pom (3.8 kB at 145 kB/s)
[INFO] Downloading from central: https://repo.maven.apache.org/maven2/org/codehaus/plexus/plexus-java/1.5.0/plexus-java-1.5.0.pom
[INFO] Downloaded from central: https://repo.maven.apache.org/maven2/org/codehaus/plexus/plexus-java/1.5.0/plexus-java-1.5.0.pom (4.1 kB at 136 kB/s)
[INFO] Downloading from central: https://repo.maven.apache.org/maven2/org/codehaus/plexus/plexus-languages/1.5.0/plexus-languages-1.5.0.pom
[INFO] Downloaded from central: https://repo.maven.apache.org/maven2/org/codehaus/plexus/plexus-languages/1.5.0/plexus-languages-1.5.0.pom (3.9 kB at 138 kB/s)
[INFO] Downloading from central: https://repo.maven.apache.org/maven2/org/codehaus/plexus/plexus/20/plexus-20.pom
[INFO] Downloaded from central: https://repo.maven.apache.org/maven2/org/codehaus/plexus/plexus/20/plexus-20.pom (29 kB at 858 kB/s)
[INFO] Downloading from central: https://repo.maven.apache.org/maven2/org/junit/junit-bom/5.11.4/junit-bom-5.11.4.pom
[INFO] Downloaded from central: https://repo.maven.apache.org/maven2/org/junit/junit-bom/5.11.4/junit-bom-5.11.4.pom (5.6 kB at 217 kB/s)
[INFO] Downloading from central: https://repo.maven.apache.org/maven2/org/ow2/asm/asm/9.8/asm-9.8.pom
[INFO] Downloaded from central: https://repo.maven.apache.org/maven2/org/ow2/asm/asm/9.8/asm-9.8.pom (2.4 kB at 88 kB/s)
[INFO] Downloading from central: https://repo.maven.apache.org/maven2/com/thoughtworks/qdox/qdox/2.2.0/qdox-2.2.0.pom
[INFO] Downloaded from central: https://repo.maven.apache.org/maven2/com/thoughtworks/qdox/qdox/2.2.0/qdox-2.2.0.pom (18 kB at 159 kB/s)
[INFO] Downloading from central: https://repo.maven.apache.org/maven2/org/apache/maven/surefire/surefire-api/3.5.4/surefire-api-3.5.4.jar
[INFO] Downloaded from central: https://repo.maven.apache.org/maven2/org/apache/maven/surefire/surefire-api/3.5.4/surefire-api-3.5.4.jar (174 kB at 564 kB/s)
[INFO] Downloading from central: https://repo.maven.apache.org/maven2/org/apache/maven/surefire/surefire-logger-api/3.5.4/surefire-logger-api-3.5.4.jar
[INFO] Downloading from central: https://repo.maven.apache.org/maven2/org/apache/maven/surefire/surefire-shared-utils/3.5.4/surefire-shared-utils-3.5.4.jar
[INFO] Downloading from central: https://repo.maven.apache.org/maven2/org/apache/maven/surefire/surefire-extensions-api/3.5.4/surefire-extensions-api-3.5.4.jar
[INFO] Downloading from central: https://repo.maven.apache.org/maven2/org/apache/maven/surefire/maven-surefire-common/3.5.4/maven-surefire-common-3.5.4.jar
[INFO] Downloading from central: https://repo.maven.apache.org/maven2/org/apache/maven/surefire/surefire-booter/3.5.4/surefire-booter-3.5.4.jar
[INFO] Downloaded from central: https://repo.maven.apache.org/maven2/org/apache/maven/surefire/surefire-booter/3.5.4/surefire-booter-3.5.4.jar (119 kB at 3.1 MB/s)
[INFO] Downloading from central: https://repo.maven.apache.org/maven2/org/apache/maven/surefire/surefire-extensions-spi/3.5.4/surefire-extensions-spi-3.5.4.jar
[INFO] Downloaded from central: https://repo.maven.apache.org/maven2/org/apache/maven/surefire/surefire-extensions-api/3.5.4/surefire-extensions-api-3.5.4.jar (26 kB at 598 kB/s)
[INFO] Downloading from central: https://repo.maven.apache.org/maven2/org/apache/maven/resolver/maven-resolver-util/1.4.1/maven-resolver-util-1.4.1.jar
[INFO] Downloaded from central: https://repo.maven.apache.org/maven2/org/apache/maven/surefire/surefire-logger-api/3.5.4/surefire-logger-api-3.5.4.jar (14 kB at 243 kB/s)
[INFO] Downloading from central: https://repo.maven.apache.org/maven2/org/apache/maven/resolver/maven-resolver-api/1.4.1/maven-resolver-api-1.4.1.jar
[INFO] Downloaded from central: https://repo.maven.apache.org/maven2/org/apache/maven/surefire/maven-surefire-common/3.5.4/maven-surefire-common-3.5.4.jar (314 kB at 4.4 MB/s)
[INFO] Downloading from central: https://repo.maven.apache.org/maven2/org/apache/maven/shared/maven-common-artifact-filters/3.4.0/maven-common-artifact-filters-3.4.0.jar
[INFO] Downloaded from central: https://repo.maven.apache.org/maven2/org/apache/maven/surefire/surefire-extensions-spi/3.5.4/surefire-extensions-spi-3.5.4.jar (8.2 kB at 108 kB/s)
[INFO] Downloading from central: https://repo.maven.apache.org/maven2/org/codehaus/plexus/plexus-java/1.5.0/plexus-java-1.5.0.jar
[INFO] Downloaded from central: https://repo.maven.apache.org/maven2/org/apache/maven/resolver/maven-resolver-util/1.4.1/maven-resolver-util-1.4.1.jar (168 kB at 2.2 MB/s)
[INFO] Downloading from central: https://repo.maven.apache.org/maven2/org/ow2/asm/asm/9.8/asm-9.8.jar
[INFO] Downloaded from central: https://repo.maven.apache.org/maven2/org/apache/maven/surefire/surefire-shared-utils/3.5.4/surefire-shared-utils-3.5.4.jar (2.9 MB at 34 MB/s)
[INFO] Downloading from central: https://repo.maven.apache.org/maven2/com/thoughtworks/qdox/qdox/2.2.0/qdox-2.2.0.jar
[INFO] Downloaded from central: https://repo.maven.apache.org/maven2/org/apache/maven/shared/maven-common-artifact-filters/3.4.0/maven-common-artifact-filters-3.4.0.jar (58 kB at 568 kB/s)
[INFO] Downloaded from central: https://repo.maven.apache.org/maven2/org/codehaus/plexus/plexus-java/1.5.0/plexus-java-1.5.0.jar (57 kB at 551 kB/s)
[INFO] Downloaded from central: https://repo.maven.apache.org/maven2/org/ow2/asm/asm/9.8/asm-9.8.jar (126 kB at 1.2 MB/s)
[INFO] Downloaded from central: https://repo.maven.apache.org/maven2/com/thoughtworks/qdox/qdox/2.2.0/qdox-2.2.0.jar (353 kB at 3.1 MB/s)
[INFO] Downloaded from central: https://repo.maven.apache.org/maven2/org/apache/maven/resolver/maven-resolver-api/1.4.1/maven-resolver-api-1.4.1.jar (149 kB at 772 kB/s)
[INFO] Tests are skipped.
[INFO] 
[INFO] --- jar:3.5.0:jar (default-jar) @ ruoyi-quarkus ---
[INFO] Downloading from central: https://repo.maven.apache.org/maven2/org/apache/maven/shared/file-management/3.2.0/file-management-3.2.0.pom
[INFO] Downloaded from central: https://repo.maven.apache.org/maven2/org/apache/maven/shared/file-management/3.2.0/file-management-3.2.0.pom (4.5 kB at 132 kB/s)
[INFO] Downloading from central: https://repo.maven.apache.org/maven2/org/apache/maven/shared/maven-shared-components/44/maven-shared-components-44.pom
[INFO] Downloaded from central: https://repo.maven.apache.org/maven2/org/apache/maven/shared/maven-shared-components/44/maven-shared-components-44.pom (3.8 kB at 140 kB/s)
[INFO] Downloading from central: https://repo.maven.apache.org/maven2/commons-io/commons-io/2.19.0/commons-io-2.19.0.pom
[INFO] Downloaded from central: https://repo.maven.apache.org/maven2/commons-io/commons-io/2.19.0/commons-io-2.19.0.pom (21 kB at 626 kB/s)
[INFO] Downloading from central: https://repo.maven.apache.org/maven2/org/apache/commons/commons-parent/81/commons-parent-81.pom
[INFO] Downloaded from central: https://repo.maven.apache.org/maven2/org/apache/commons/commons-parent/81/commons-parent-81.pom (78 kB at 2.4 MB/s)
[INFO] Downloading from central: https://repo.maven.apache.org/maven2/org/apache/maven/maven-archiver/3.6.5/maven-archiver-3.6.5.pom
[INFO] Downloaded from central: https://repo.maven.apache.org/maven2/org/apache/maven/maven-archiver/3.6.5/maven-archiver-3.6.5.pom (4.7 kB at 182 kB/s)
[INFO] Downloading from central: https://repo.maven.apache.org/maven2/org/apache/maven/shared/maven-shared-components/45/maven-shared-components-45.pom
[INFO] Downloaded from central: https://repo.maven.apache.org/maven2/org/apache/maven/shared/maven-shared-components/45/maven-shared-components-45.pom (3.8 kB at 152 kB/s)
[INFO] Downloading from central: https://repo.maven.apache.org/maven2/org/codehaus/plexus/plexus-archiver/4.10.2/plexus-archiver-4.10.2.pom
[INFO] Downloaded from central: https://repo.maven.apache.org/maven2/org/codehaus/plexus/plexus-archiver/4.10.2/plexus-archiver-4.10.2.pom (7.0 kB at 240 kB/s)
[INFO] Downloading from central: https://repo.maven.apache.org/maven2/org/codehaus/plexus/plexus/23/plexus-23.pom
[INFO] Downloaded from central: https://repo.maven.apache.org/maven2/org/codehaus/plexus/plexus/23/plexus-23.pom (31 kB at 1.1 MB/s)
[INFO] Downloading from central: https://repo.maven.apache.org/maven2/org/codehaus/plexus/plexus-io/3.5.1/plexus-io-3.5.1.pom
[INFO] Downloaded from central: https://repo.maven.apache.org/maven2/org/codehaus/plexus/plexus-io/3.5.1/plexus-io-3.5.1.pom (4.3 kB at 91 kB/s)
[INFO] Downloading from central: https://repo.maven.apache.org/maven2/commons-io/commons-io/2.20.0/commons-io-2.20.0.pom
[INFO] Downloaded from central: https://repo.maven.apache.org/maven2/commons-io/commons-io/2.20.0/commons-io-2.20.0.pom (20 kB at 92 kB/s)
[INFO] Downloading from central: https://repo.maven.apache.org/maven2/org/apache/commons/commons-parent/85/commons-parent-85.pom
[INFO] Downloaded from central: https://repo.maven.apache.org/maven2/org/apache/commons/commons-parent/85/commons-parent-85.pom (78 kB at 2.2 MB/s)
[INFO] Downloading from central: https://repo.maven.apache.org/maven2/org/apache/commons/commons-compress/1.28.0/commons-compress-1.28.0.pom
[INFO] Downloaded from central: https://repo.maven.apache.org/maven2/org/apache/commons/commons-compress/1.28.0/commons-compress-1.28.0.pom (25 kB at 873 kB/s)
[INFO] Downloading from central: https://repo.maven.apache.org/maven2/commons-codec/commons-codec/1.19.0/commons-codec-1.19.0.pom
[INFO] Downloaded from central: https://repo.maven.apache.org/maven2/commons-codec/commons-codec/1.19.0/commons-codec-1.19.0.pom (18 kB at 600 kB/s)
[INFO] Downloading from central: https://repo.maven.apache.org/maven2/org/apache/commons/commons-lang3/3.18.0/commons-lang3-3.18.0.pom
[INFO] Downloaded from central: https://repo.maven.apache.org/maven2/org/apache/commons/commons-lang3/3.18.0/commons-lang3-3.18.0.pom (32 kB at 1.0 MB/s)
[INFO] Downloading from central: https://repo.maven.apache.org/maven2/io/airlift/aircompressor/0.27/aircompressor-0.27.pom
[INFO] Downloaded from central: https://repo.maven.apache.org/maven2/io/airlift/aircompressor/0.27/aircompressor-0.27.pom (5.8 kB at 169 kB/s)
[INFO] Downloading from central: https://repo.maven.apache.org/maven2/io/airlift/airbase/112/airbase-112.pom
[INFO] Downloaded from central: https://repo.maven.apache.org/maven2/io/airlift/airbase/112/airbase-112.pom (69 kB at 1.3 MB/s)
[INFO] Downloading from central: https://repo.maven.apache.org/maven2/org/junit/junit-bom/5.8.0-M1/junit-bom-5.8.0-M1.pom
[INFO] Downloaded from central: https://repo.maven.apache.org/maven2/org/junit/junit-bom/5.8.0-M1/junit-bom-5.8.0-M1.pom (5.7 kB at 178 kB/s)
[INFO] Downloading from central: https://repo.maven.apache.org/maven2/org/tukaani/xz/1.10/xz-1.10.pom
[INFO] Downloaded from central: https://repo.maven.apache.org/maven2/org/tukaani/xz/1.10/xz-1.10.pom (1.9 kB at 71 kB/s)
[INFO] Downloading from central: https://repo.maven.apache.org/maven2/com/github/luben/zstd-jni/1.5.7-4/zstd-jni-1.5.7-4.pom
[INFO] Downloaded from central: https://repo.maven.apache.org/maven2/com/github/luben/zstd-jni/1.5.7-4/zstd-jni-1.5.7-4.pom (2.0 kB at 77 kB/s)
[INFO] Downloading from central: https://repo.maven.apache.org/maven2/org/codehaus/plexus/plexus-interpolation/1.28/plexus-interpolation-1.28.pom
[INFO] Downloaded from central: https://repo.maven.apache.org/maven2/org/codehaus/plexus/plexus-interpolation/1.28/plexus-interpolation-1.28.pom (3.4 kB at 91 kB/s)
[INFO] Downloading from central: https://repo.maven.apache.org/maven2/org/codehaus/plexus/plexus-archiver/4.10.4/plexus-archiver-4.10.4.pom
[INFO] Downloaded from central: https://repo.maven.apache.org/maven2/org/codehaus/plexus/plexus-archiver/4.10.4/plexus-archiver-4.10.4.pom (5.6 kB at 209 kB/s)
[INFO] Downloading from central: https://repo.maven.apache.org/maven2/org/codehaus/plexus/plexus/24/plexus-24.pom
[INFO] Downloaded from central: https://repo.maven.apache.org/maven2/org/codehaus/plexus/plexus/24/plexus-24.pom (31 kB at 238 kB/s)
[INFO] Downloading from central: https://repo.maven.apache.org/maven2/org/codehaus/plexus/plexus-io/3.6.0/plexus-io-3.6.0.pom
[INFO] Downloaded from central: https://repo.maven.apache.org/maven2/org/codehaus/plexus/plexus-io/3.6.0/plexus-io-3.6.0.pom (3.5 kB at 97 kB/s)
[INFO] Downloading from central: https://repo.maven.apache.org/maven2/com/github/luben/zstd-jni/1.5.7-6/zstd-jni-1.5.7-6.pom
[INFO] Downloaded from central: https://repo.maven.apache.org/maven2/com/github/luben/zstd-jni/1.5.7-6/zstd-jni-1.5.7-6.pom (2.0 kB at 84 kB/s)
[INFO] Downloading from central: https://repo.maven.apache.org/maven2/commons-io/commons-io/2.21.0/commons-io-2.21.0.pom
[INFO] Downloaded from central: https://repo.maven.apache.org/maven2/commons-io/commons-io/2.21.0/commons-io-2.21.0.pom (21 kB at 695 kB/s)
[INFO] Downloading from central: https://repo.maven.apache.org/maven2/org/apache/commons/commons-parent/91/commons-parent-91.pom
[INFO] Downloaded from central: https://repo.maven.apache.org/maven2/org/apache/commons/commons-parent/91/commons-parent-91.pom (79 kB at 2.1 MB/s)
[INFO] Downloading from central: https://repo.maven.apache.org/maven2/org/apache/maven/shared/file-management/3.2.0/file-management-3.2.0.jar
[INFO] Downloaded from central: https://repo.maven.apache.org/maven2/org/apache/maven/shared/file-management/3.2.0/file-management-3.2.0.jar (26 kB at 960 kB/s)
[INFO] Downloading from central: https://repo.maven.apache.org/maven2/org/apache/maven/maven-archiver/3.6.5/maven-archiver-3.6.5.jar
[INFO] Downloading from central: https://repo.maven.apache.org/maven2/org/codehaus/plexus/plexus-interpolation/1.28/plexus-interpolation-1.28.jar
[INFO] Downloading from central: https://repo.maven.apache.org/maven2/org/codehaus/plexus/plexus-archiver/4.10.4/plexus-archiver-4.10.4.jar
[INFO] Downloading from central: https://repo.maven.apache.org/maven2/org/codehaus/plexus/plexus-io/3.6.0/plexus-io-3.6.0.jar
[INFO] Downloading from central: https://repo.maven.apache.org/maven2/org/apache/commons/commons-compress/1.28.0/commons-compress-1.28.0.jar
[INFO] Downloaded from central: https://repo.maven.apache.org/maven2/org/apache/maven/maven-archiver/3.6.5/maven-archiver-3.6.5.jar (28 kB at 1.0 MB/s)
[INFO] Downloaded from central: https://repo.maven.apache.org/maven2/org/codehaus/plexus/plexus-interpolation/1.28/plexus-interpolation-1.28.jar (87 kB at 3.2 MB/s)
[INFO] Downloading from central: https://repo.maven.apache.org/maven2/org/apache/commons/commons-lang3/3.18.0/commons-lang3-3.18.0.jar
[INFO] Downloading from central: https://repo.maven.apache.org/maven2/commons-codec/commons-codec/1.19.0/commons-codec-1.19.0.jar
[INFO] Downloaded from central: https://repo.maven.apache.org/maven2/org/codehaus/plexus/plexus-archiver/4.10.4/plexus-archiver-4.10.4.jar (227 kB at 6.5 MB/s)
[INFO] Downloading from central: https://repo.maven.apache.org/maven2/io/airlift/aircompressor/0.27/aircompressor-0.27.jar
[INFO] Downloaded from central: https://repo.maven.apache.org/maven2/org/codehaus/plexus/plexus-io/3.6.0/plexus-io-3.6.0.jar (80 kB at 2.4 MB/s)
[INFO] Downloading from central: https://repo.maven.apache.org/maven2/org/tukaani/xz/1.10/xz-1.10.jar
[INFO] Downloaded from central: https://repo.maven.apache.org/maven2/org/apache/commons/commons-compress/1.28.0/commons-compress-1.28.0.jar (1.1 MB at 21 MB/s)
[INFO] Downloading from central: https://repo.maven.apache.org/maven2/com/github/luben/zstd-jni/1.5.7-6/zstd-jni-1.5.7-6.jar
[INFO] Downloaded from central: https://repo.maven.apache.org/maven2/commons-codec/commons-codec/1.19.0/commons-codec-1.19.0.jar (375 kB at 5.9 MB/s)
[INFO] Downloading from central: https://repo.maven.apache.org/maven2/commons-io/commons-io/2.21.0/commons-io-2.21.0.jar
[INFO] Downloaded from central: https://repo.maven.apache.org/maven2/org/tukaani/xz/1.10/xz-1.10.jar (169 kB at 2.5 MB/s)
[INFO] Downloaded from central: https://repo.maven.apache.org/maven2/io/airlift/aircompressor/0.27/aircompressor-0.27.jar (255 kB at 3.5 MB/s)
[INFO] Downloaded from central: https://repo.maven.apache.org/maven2/commons-io/commons-io/2.21.0/commons-io-2.21.0.jar (585 kB at 5.7 MB/s)
[INFO] Downloaded from central: https://repo.maven.apache.org/maven2/com/github/luben/zstd-jni/1.5.7-6/zstd-jni-1.5.7-6.jar (7.4 MB at 18 MB/s)
[INFO] Downloaded from central: https://repo.maven.apache.org/maven2/org/apache/commons/commons-lang3/3.18.0/commons-lang3-3.18.0.jar (703 kB at 1.7 MB/s)
[INFO] Building jar: /project/target/ruoyi-quarkus-1.0.0-SNAPSHOT.jar
[INFO] 
[INFO] --- quarkus:3.15.1:build (default) @ ruoyi-quarkus ---
[INFO] ------------------------------------------------------------------------
[INFO] BUILD FAILURE
[INFO] ------------------------------------------------------------------------
[INFO] Total time:  55.451 s
[INFO] Finished at: 2026-06-16T21:52:02Z
[INFO] ------------------------------------------------------------------------
[ERROR] Failed to execute goal io.quarkus.platform:quarkus-maven-plugin:3.15.1:build (default) on project ruoyi-quarkus: Failed to build quarkus application: Configuration validation failed:
[ERROR] 	java.util.NoSuchElementException: SRCFG00011: Could not expand value platform.quarkus.native.builder-image in property quarkus.native.builder-image
[ERROR] -> [Help 1]
[ERROR] 
[ERROR] To see the full stack trace of the errors, re-run Maven with the -e switch.
[ERROR] Re-run Maven using the -X switch to enable full debug logging.
[ERROR] 
[ERROR] For more information about the errors and possible solutions, please read the following articles:
[ERROR] [Help 1] http://cwiki.apache.org/confluence/display/MAVEN/MojoExecutionException
