[INFO] Scanning for projects...
[INFO] Downloading from central: https://repo.maven.apache.org/maven2/org/springframework/boot/spring-boot-starter-parent/1.5.9.RELEASE/spring-boot-starter-parent-1.5.9.RELEASE.pom
[INFO] Downloaded from central: https://repo.maven.apache.org/maven2/org/springframework/boot/spring-boot-starter-parent/1.5.9.RELEASE/spring-boot-starter-parent-1.5.9.RELEASE.pom (7.5 kB at 18 kB/s)
[INFO] Downloading from central: https://repo.maven.apache.org/maven2/org/springframework/boot/spring-boot-dependencies/1.5.9.RELEASE/spring-boot-dependencies-1.5.9.RELEASE.pom
[INFO] Downloaded from central: https://repo.maven.apache.org/maven2/org/springframework/boot/spring-boot-dependencies/1.5.9.RELEASE/spring-boot-dependencies-1.5.9.RELEASE.pom (102 kB at 2.0 MB/s)
[INFO] Downloading from central: https://repo.maven.apache.org/maven2/com/fasterxml/jackson/jackson-bom/2.8.10/jackson-bom-2.8.10.pom
[INFO] Downloaded from central: https://repo.maven.apache.org/maven2/com/fasterxml/jackson/jackson-bom/2.8.10/jackson-bom-2.8.10.pom (10 kB at 135 kB/s)
[INFO] Downloading from central: https://repo.maven.apache.org/maven2/com/fasterxml/jackson/jackson-parent/2.8/jackson-parent-2.8.pom
[INFO] Downloaded from central: https://repo.maven.apache.org/maven2/com/fasterxml/jackson/jackson-parent/2.8/jackson-parent-2.8.pom (8.0 kB at 295 kB/s)
[INFO] Downloading from central: https://repo.maven.apache.org/maven2/com/fasterxml/oss-parent/27/oss-parent-27.pom
[INFO] Downloaded from central: https://repo.maven.apache.org/maven2/com/fasterxml/oss-parent/27/oss-parent-27.pom (20 kB at 578 kB/s)
[INFO] Downloading from central: https://repo.maven.apache.org/maven2/org/apache/logging/log4j/log4j-bom/2.7/log4j-bom-2.7.pom
[INFO] Downloaded from central: https://repo.maven.apache.org/maven2/org/apache/logging/log4j/log4j-bom/2.7/log4j-bom-2.7.pom (5.4 kB at 178 kB/s)
[INFO] Downloading from central: https://repo.maven.apache.org/maven2/org/apache/apache/9/apache-9.pom
[INFO] Downloaded from central: https://repo.maven.apache.org/maven2/org/apache/apache/9/apache-9.pom (15 kB at 433 kB/s)
[INFO] Downloading from central: https://repo.maven.apache.org/maven2/org/springframework/spring-framework-bom/4.3.13.RELEASE/spring-framework-bom-4.3.13.RELEASE.pom
[INFO] Downloaded from central: https://repo.maven.apache.org/maven2/org/springframework/spring-framework-bom/4.3.13.RELEASE/spring-framework-bom-4.3.13.RELEASE.pom (5.1 kB at 190 kB/s)
[INFO] Downloading from central: https://repo.maven.apache.org/maven2/org/springframework/data/spring-data-releasetrain/Ingalls-SR9/spring-data-releasetrain-Ingalls-SR9.pom
[INFO] Downloaded from central: https://repo.maven.apache.org/maven2/org/springframework/data/spring-data-releasetrain/Ingalls-SR9/spring-data-releasetrain-Ingalls-SR9.pom (4.6 kB at 128 kB/s)
[INFO] Downloading from central: https://repo.maven.apache.org/maven2/org/springframework/data/build/spring-data-build/1.9.9.RELEASE/spring-data-build-1.9.9.RELEASE.pom
[INFO] Downloaded from central: https://repo.maven.apache.org/maven2/org/springframework/data/build/spring-data-build/1.9.9.RELEASE/spring-data-build-1.9.9.RELEASE.pom (6.4 kB at 208 kB/s)
[INFO] Downloading from central: https://repo.maven.apache.org/maven2/org/springframework/integration/spring-integration-bom/4.3.12.RELEASE/spring-integration-bom-4.3.12.RELEASE.pom
[INFO] Downloaded from central: https://repo.maven.apache.org/maven2/org/springframework/integration/spring-integration-bom/4.3.12.RELEASE/spring-integration-bom-4.3.12.RELEASE.pom (8.5 kB at 73 kB/s)
[INFO] Downloading from central: https://repo.maven.apache.org/maven2/org/springframework/security/spring-security-bom/4.2.3.RELEASE/spring-security-bom-4.2.3.RELEASE.pom
[INFO] Downloaded from central: https://repo.maven.apache.org/maven2/org/springframework/security/spring-security-bom/4.2.3.RELEASE/spring-security-bom-4.2.3.RELEASE.pom (4.3 kB at 37 kB/s)
[INFO] 
[INFO] ------------< com.programmingskillz:family-tree-xml-parser >------------
[INFO] Building family-tree-xml-parser 1.0.0-SNAPSHOT
[INFO]   from pom.xml
[INFO] --------------------------------[ jar ]---------------------------------
[INFO] Downloading from central: https://repo.maven.apache.org/maven2/org/springframework/boot/spring-boot-maven-plugin/1.5.9.RELEASE/spring-boot-maven-plugin-1.5.9.RELEASE.pom
[INFO] Downloaded from central: https://repo.maven.apache.org/maven2/org/springframework/boot/spring-boot-maven-plugin/1.5.9.RELEASE/spring-boot-maven-plugin-1.5.9.RELEASE.pom (6.7 kB at 210 kB/s)
[INFO] Downloading from central: https://repo.maven.apache.org/maven2/org/springframework/boot/spring-boot-tools/1.5.9.RELEASE/spring-boot-tools-1.5.9.RELEASE.pom
[INFO] Downloaded from central: https://repo.maven.apache.org/maven2/org/springframework/boot/spring-boot-tools/1.5.9.RELEASE/spring-boot-tools-1.5.9.RELEASE.pom (1.3 kB at 47 kB/s)
[INFO] Downloading from central: https://repo.maven.apache.org/maven2/org/springframework/boot/spring-boot-parent/1.5.9.RELEASE/spring-boot-parent-1.5.9.RELEASE.pom
[INFO] Downloaded from central: https://repo.maven.apache.org/maven2/org/springframework/boot/spring-boot-parent/1.5.9.RELEASE/spring-boot-parent-1.5.9.RELEASE.pom (28 kB at 888 kB/s)
[INFO] Downloading from central: https://repo.maven.apache.org/maven2/org/springframework/boot/spring-boot-maven-plugin/1.5.9.RELEASE/spring-boot-maven-plugin-1.5.9.RELEASE.jar
[INFO] Downloaded from central: https://repo.maven.apache.org/maven2/org/springframework/boot/spring-boot-maven-plugin/1.5.9.RELEASE/spring-boot-maven-plugin-1.5.9.RELEASE.jar (66 kB at 1.7 MB/s)
[INFO] Downloading from central: https://repo.maven.apache.org/maven2/org/jacoco/jacoco-maven-plugin/0.7.6.201602180812/jacoco-maven-plugin-0.7.6.201602180812.pom
[INFO] Downloaded from central: https://repo.maven.apache.org/maven2/org/jacoco/jacoco-maven-plugin/0.7.6.201602180812/jacoco-maven-plugin-0.7.6.201602180812.pom (3.9 kB at 123 kB/s)
[INFO] Downloading from central: https://repo.maven.apache.org/maven2/org/jacoco/org.jacoco.build/0.7.6.201602180812/org.jacoco.build-0.7.6.201602180812.pom
[INFO] Downloaded from central: https://repo.maven.apache.org/maven2/org/jacoco/org.jacoco.build/0.7.6.201602180812/org.jacoco.build-0.7.6.201602180812.pom (36 kB at 898 kB/s)
[INFO] Downloading from central: https://repo.maven.apache.org/maven2/org/jacoco/jacoco-maven-plugin/0.7.6.201602180812/jacoco-maven-plugin-0.7.6.201602180812.jar
[INFO] Downloaded from central: https://repo.maven.apache.org/maven2/org/jacoco/jacoco-maven-plugin/0.7.6.201602180812/jacoco-maven-plugin-0.7.6.201602180812.jar (52 kB at 420 kB/s)
[INFO] Downloading from central: https://repo.maven.apache.org/maven2/org/apache/maven/plugins/maven-resources-plugin/2.6/maven-resources-plugin-2.6.pom
[INFO] Downloaded from central: https://repo.maven.apache.org/maven2/org/apache/maven/plugins/maven-resources-plugin/2.6/maven-resources-plugin-2.6.pom (8.1 kB at 262 kB/s)
[INFO] Downloading from central: https://repo.maven.apache.org/maven2/org/apache/maven/plugins/maven-plugins/23/maven-plugins-23.pom
[INFO] Downloaded from central: https://repo.maven.apache.org/maven2/org/apache/maven/plugins/maven-plugins/23/maven-plugins-23.pom (9.2 kB at 307 kB/s)
[INFO] Downloading from central: https://repo.maven.apache.org/maven2/org/apache/maven/maven-parent/22/maven-parent-22.pom
[INFO] Downloaded from central: https://repo.maven.apache.org/maven2/org/apache/maven/maven-parent/22/maven-parent-22.pom (30 kB at 929 kB/s)
[INFO] Downloading from central: https://repo.maven.apache.org/maven2/org/apache/apache/11/apache-11.pom
[INFO] Downloaded from central: https://repo.maven.apache.org/maven2/org/apache/apache/11/apache-11.pom (15 kB at 529 kB/s)
[INFO] Downloading from central: https://repo.maven.apache.org/maven2/org/apache/maven/plugins/maven-resources-plugin/2.6/maven-resources-plugin-2.6.jar
[INFO] Downloaded from central: https://repo.maven.apache.org/maven2/org/apache/maven/plugins/maven-resources-plugin/2.6/maven-resources-plugin-2.6.jar (30 kB at 500 kB/s)
[INFO] Downloading from central: https://repo.maven.apache.org/maven2/org/apache/maven/plugins/maven-compiler-plugin/3.1/maven-compiler-plugin-3.1.pom
[INFO] Downloaded from central: https://repo.maven.apache.org/maven2/org/apache/maven/plugins/maven-compiler-plugin/3.1/maven-compiler-plugin-3.1.pom (10 kB at 365 kB/s)
[INFO] Downloading from central: https://repo.maven.apache.org/maven2/org/apache/maven/plugins/maven-plugins/24/maven-plugins-24.pom
[INFO] Downloaded from central: https://repo.maven.apache.org/maven2/org/apache/maven/plugins/maven-plugins/24/maven-plugins-24.pom (11 kB at 91 kB/s)
[INFO] Downloading from central: https://repo.maven.apache.org/maven2/org/apache/maven/maven-parent/23/maven-parent-23.pom
[INFO] Downloaded from central: https://repo.maven.apache.org/maven2/org/apache/maven/maven-parent/23/maven-parent-23.pom (33 kB at 319 kB/s)
[INFO] Downloading from central: https://repo.maven.apache.org/maven2/org/apache/apache/13/apache-13.pom
[INFO] Downloaded from central: https://repo.maven.apache.org/maven2/org/apache/apache/13/apache-13.pom (14 kB at 378 kB/s)
[INFO] Downloading from central: https://repo.maven.apache.org/maven2/org/apache/maven/plugins/maven-compiler-plugin/3.1/maven-compiler-plugin-3.1.jar
[INFO] Downloaded from central: https://repo.maven.apache.org/maven2/org/apache/maven/plugins/maven-compiler-plugin/3.1/maven-compiler-plugin-3.1.jar (43 kB at 1.5 MB/s)
[INFO] Downloading from central: https://repo.maven.apache.org/maven2/org/apache/maven/plugins/maven-surefire-plugin/2.18.1/maven-surefire-plugin-2.18.1.pom
[INFO] Downloaded from central: https://repo.maven.apache.org/maven2/org/apache/maven/plugins/maven-surefire-plugin/2.18.1/maven-surefire-plugin-2.18.1.pom (5.7 kB at 210 kB/s)
[INFO] Downloading from central: https://repo.maven.apache.org/maven2/org/apache/maven/surefire/surefire/2.18.1/surefire-2.18.1.pom
[INFO] Downloaded from central: https://repo.maven.apache.org/maven2/org/apache/maven/surefire/surefire/2.18.1/surefire-2.18.1.pom (17 kB at 579 kB/s)
[INFO] Downloading from central: https://repo.maven.apache.org/maven2/org/apache/maven/maven-parent/26/maven-parent-26.pom
[INFO] Downloaded from central: https://repo.maven.apache.org/maven2/org/apache/maven/maven-parent/26/maven-parent-26.pom (40 kB at 1.4 MB/s)
[INFO] Downloading from central: https://repo.maven.apache.org/maven2/org/apache/apache/16/apache-16.pom
[INFO] Downloaded from central: https://repo.maven.apache.org/maven2/org/apache/apache/16/apache-16.pom (15 kB at 570 kB/s)
[INFO] Downloading from central: https://repo.maven.apache.org/maven2/org/apache/maven/plugins/maven-surefire-plugin/2.18.1/maven-surefire-plugin-2.18.1.jar
[INFO] Downloaded from central: https://repo.maven.apache.org/maven2/org/apache/maven/plugins/maven-surefire-plugin/2.18.1/maven-surefire-plugin-2.18.1.jar (37 kB at 1.4 MB/s)
[INFO] Downloading from central: https://repo.maven.apache.org/maven2/org/apache/maven/plugins/maven-jar-plugin/2.6/maven-jar-plugin-2.6.pom
[INFO] Downloaded from central: https://repo.maven.apache.org/maven2/org/apache/maven/plugins/maven-jar-plugin/2.6/maven-jar-plugin-2.6.pom (5.9 kB at 210 kB/s)
[INFO] Downloading from central: https://repo.maven.apache.org/maven2/org/apache/maven/plugins/maven-plugins/27/maven-plugins-27.pom
[INFO] Downloaded from central: https://repo.maven.apache.org/maven2/org/apache/maven/plugins/maven-plugins/27/maven-plugins-27.pom (11 kB at 392 kB/s)
[INFO] Downloading from central: https://repo.maven.apache.org/maven2/org/apache/maven/plugins/maven-jar-plugin/2.6/maven-jar-plugin-2.6.jar
[INFO] Downloaded from central: https://repo.maven.apache.org/maven2/org/apache/maven/plugins/maven-jar-plugin/2.6/maven-jar-plugin-2.6.jar (26 kB at 884 kB/s)
[INFO] Downloading from central: https://repo.maven.apache.org/maven2/org/apache/maven/plugins/maven-install-plugin/2.5.2/maven-install-plugin-2.5.2.pom
[INFO] Downloaded from central: https://repo.maven.apache.org/maven2/org/apache/maven/plugins/maven-install-plugin/2.5.2/maven-install-plugin-2.5.2.pom (6.4 kB at 247 kB/s)
[INFO] Downloading from central: https://repo.maven.apache.org/maven2/org/apache/maven/plugins/maven-plugins/25/maven-plugins-25.pom
[INFO] Downloaded from central: https://repo.maven.apache.org/maven2/org/apache/maven/plugins/maven-plugins/25/maven-plugins-25.pom (9.6 kB at 239 kB/s)
[INFO] Downloading from central: https://repo.maven.apache.org/maven2/org/apache/maven/maven-parent/24/maven-parent-24.pom
[INFO] Downloaded from central: https://repo.maven.apache.org/maven2/org/apache/maven/maven-parent/24/maven-parent-24.pom (37 kB at 321 kB/s)
[INFO] Downloading from central: https://repo.maven.apache.org/maven2/org/apache/apache/14/apache-14.pom
[INFO] Downloaded from central: https://repo.maven.apache.org/maven2/org/apache/apache/14/apache-14.pom (15 kB at 490 kB/s)
[INFO] Downloading from central: https://repo.maven.apache.org/maven2/org/apache/maven/plugins/maven-install-plugin/2.5.2/maven-install-plugin-2.5.2.jar
[INFO] Downloaded from central: https://repo.maven.apache.org/maven2/org/apache/maven/plugins/maven-install-plugin/2.5.2/maven-install-plugin-2.5.2.jar (33 kB at 1.0 MB/s)
[INFO] Downloading from central: https://repo.maven.apache.org/maven2/org/springframework/boot/spring-boot-starter-test/1.5.9.RELEASE/spring-boot-starter-test-1.5.9.RELEASE.pom
[INFO] Downloaded from central: https://repo.maven.apache.org/maven2/org/springframework/boot/spring-boot-starter-test/1.5.9.RELEASE/spring-boot-starter-test-1.5.9.RELEASE.pom (3.1 kB at 121 kB/s)
[INFO] Downloading from central: https://repo.maven.apache.org/maven2/org/springframework/boot/spring-boot-starters/1.5.9.RELEASE/spring-boot-starters-1.5.9.RELEASE.pom
[INFO] Downloaded from central: https://repo.maven.apache.org/maven2/org/springframework/boot/spring-boot-starters/1.5.9.RELEASE/spring-boot-starters-1.5.9.RELEASE.pom (6.4 kB at 279 kB/s)
[INFO] Downloading from central: https://repo.maven.apache.org/maven2/org/springframework/boot/spring-boot-test/1.5.9.RELEASE/spring-boot-test-1.5.9.RELEASE.pom
[INFO] Downloaded from central: https://repo.maven.apache.org/maven2/org/springframework/boot/spring-boot-test/1.5.9.RELEASE/spring-boot-test-1.5.9.RELEASE.pom (5.1 kB at 206 kB/s)
[INFO] Downloading from central: https://repo.maven.apache.org/maven2/org/springframework/boot/spring-boot/1.5.9.RELEASE/spring-boot-1.5.9.RELEASE.pom
[INFO] Downloaded from central: https://repo.maven.apache.org/maven2/org/springframework/boot/spring-boot/1.5.9.RELEASE/spring-boot-1.5.9.RELEASE.pom (10 kB at 420 kB/s)
[INFO] Downloading from central: https://repo.maven.apache.org/maven2/org/springframework/spring-core/4.3.13.RELEASE/spring-core-4.3.13.RELEASE.pom
[INFO] Downloaded from central: https://repo.maven.apache.org/maven2/org/springframework/spring-core/4.3.13.RELEASE/spring-core-4.3.13.RELEASE.pom (2.5 kB at 92 kB/s)
[INFO] Downloading from central: https://repo.maven.apache.org/maven2/org/springframework/spring-context/4.3.13.RELEASE/spring-context-4.3.13.RELEASE.pom
[INFO] Downloaded from central: https://repo.maven.apache.org/maven2/org/springframework/spring-context/4.3.13.RELEASE/spring-context-4.3.13.RELEASE.pom (5.0 kB at 22 kB/s)
[INFO] Downloading from central: https://repo.maven.apache.org/maven2/org/springframework/spring-aop/4.3.13.RELEASE/spring-aop-4.3.13.RELEASE.pom
[INFO] Downloaded from central: https://repo.maven.apache.org/maven2/org/springframework/spring-aop/4.3.13.RELEASE/spring-aop-4.3.13.RELEASE.pom (2.7 kB at 117 kB/s)
[INFO] Downloading from central: https://repo.maven.apache.org/maven2/org/springframework/spring-beans/4.3.13.RELEASE/spring-beans-4.3.13.RELEASE.pom
[INFO] Downloaded from central: https://repo.maven.apache.org/maven2/org/springframework/spring-beans/4.3.13.RELEASE/spring-beans-4.3.13.RELEASE.pom (2.5 kB at 113 kB/s)
[INFO] Downloading from central: https://repo.maven.apache.org/maven2/org/springframework/spring-expression/4.3.13.RELEASE/spring-expression-4.3.13.RELEASE.pom
[INFO] Downloaded from central: https://repo.maven.apache.org/maven2/org/springframework/spring-expression/4.3.13.RELEASE/spring-expression-4.3.13.RELEASE.pom (1.7 kB at 74 kB/s)
[INFO] Downloading from central: https://repo.maven.apache.org/maven2/org/springframework/boot/spring-boot-test-autoconfigure/1.5.9.RELEASE/spring-boot-test-autoconfigure-1.5.9.RELEASE.pom
[INFO] Downloaded from central: https://repo.maven.apache.org/maven2/org/springframework/boot/spring-boot-test-autoconfigure/1.5.9.RELEASE/spring-boot-test-autoconfigure-1.5.9.RELEASE.pom (5.7 kB at 221 kB/s)
[INFO] Downloading from central: https://repo.maven.apache.org/maven2/org/springframework/boot/spring-boot-autoconfigure/1.5.9.RELEASE/spring-boot-autoconfigure-1.5.9.RELEASE.pom
[INFO] Downloaded from central: https://repo.maven.apache.org/maven2/org/springframework/boot/spring-boot-autoconfigure/1.5.9.RELEASE/spring-boot-autoconfigure-1.5.9.RELEASE.pom (21 kB at 416 kB/s)
[INFO] Downloading from central: https://repo.maven.apache.org/maven2/com/jayway/jsonpath/json-path/2.2.0/json-path-2.2.0.pom
[INFO] Downloaded from central: https://repo.maven.apache.org/maven2/com/jayway/jsonpath/json-path/2.2.0/json-path-2.2.0.pom (2.4 kB at 78 kB/s)
[INFO] Downloading from central: https://repo.maven.apache.org/maven2/net/minidev/json-smart/2.2.1/json-smart-2.2.1.pom
[INFO] Downloaded from central: https://repo.maven.apache.org/maven2/net/minidev/json-smart/2.2.1/json-smart-2.2.1.pom (12 kB at 403 kB/s)
[INFO] Downloading from central: https://repo.maven.apache.org/maven2/net/minidev/accessors-smart/1.1/accessors-smart-1.1.pom
[INFO] Downloaded from central: https://repo.maven.apache.org/maven2/net/minidev/accessors-smart/1.1/accessors-smart-1.1.pom (2.1 kB at 75 kB/s)
[INFO] Downloading from central: https://repo.maven.apache.org/maven2/net/minidev/minidev-parent/2.2/minidev-parent-2.2.pom
[INFO] Downloaded from central: https://repo.maven.apache.org/maven2/net/minidev/minidev-parent/2.2/minidev-parent-2.2.pom (9.1 kB at 294 kB/s)
[INFO] Downloading from central: https://repo.maven.apache.org/maven2/org/ow2/asm/asm/5.0.3/asm-5.0.3.pom
[INFO] Downloaded from central: https://repo.maven.apache.org/maven2/org/ow2/asm/asm/5.0.3/asm-5.0.3.pom (1.9 kB at 67 kB/s)
[INFO] Downloading from central: https://repo.maven.apache.org/maven2/org/ow2/asm/asm-parent/5.0.3/asm-parent-5.0.3.pom
[INFO] Downloaded from central: https://repo.maven.apache.org/maven2/org/ow2/asm/asm-parent/5.0.3/asm-parent-5.0.3.pom (5.5 kB at 211 kB/s)
[INFO] Downloading from central: https://repo.maven.apache.org/maven2/org/ow2/ow2/1.3/ow2-1.3.pom
[INFO] Downloaded from central: https://repo.maven.apache.org/maven2/org/ow2/ow2/1.3/ow2-1.3.pom (9.5 kB at 340 kB/s)
[INFO] Downloading from central: https://repo.maven.apache.org/maven2/org/slf4j/slf4j-api/1.7.25/slf4j-api-1.7.25.pom
[INFO] Downloaded from central: https://repo.maven.apache.org/maven2/org/slf4j/slf4j-api/1.7.25/slf4j-api-1.7.25.pom (3.8 kB at 30 kB/s)
[INFO] Downloading from central: https://repo.maven.apache.org/maven2/org/slf4j/slf4j-parent/1.7.25/slf4j-parent-1.7.25.pom
[INFO] Downloaded from central: https://repo.maven.apache.org/maven2/org/slf4j/slf4j-parent/1.7.25/slf4j-parent-1.7.25.pom (14 kB at 482 kB/s)
[INFO] Downloading from central: https://repo.maven.apache.org/maven2/junit/junit/4.12/junit-4.12.pom
[INFO] Downloaded from central: https://repo.maven.apache.org/maven2/junit/junit/4.12/junit-4.12.pom (24 kB at 846 kB/s)
[INFO] Downloading from central: https://repo.maven.apache.org/maven2/org/hamcrest/hamcrest-core/1.3/hamcrest-core-1.3.pom
[INFO] Downloaded from central: https://repo.maven.apache.org/maven2/org/hamcrest/hamcrest-core/1.3/hamcrest-core-1.3.pom (766 B at 26 kB/s)
[INFO] Downloading from central: https://repo.maven.apache.org/maven2/org/hamcrest/hamcrest-parent/1.3/hamcrest-parent-1.3.pom
[INFO] Downloaded from central: https://repo.maven.apache.org/maven2/org/hamcrest/hamcrest-parent/1.3/hamcrest-parent-1.3.pom (2.0 kB at 68 kB/s)
[INFO] Downloading from central: https://repo.maven.apache.org/maven2/org/assertj/assertj-core/2.6.0/assertj-core-2.6.0.pom
[INFO] Downloaded from central: https://repo.maven.apache.org/maven2/org/assertj/assertj-core/2.6.0/assertj-core-2.6.0.pom (7.0 kB at 225 kB/s)
[INFO] Downloading from central: https://repo.maven.apache.org/maven2/org/assertj/assertj-parent-pom/2.1.4/assertj-parent-pom-2.1.4.pom
[INFO] Downloaded from central: https://repo.maven.apache.org/maven2/org/assertj/assertj-parent-pom/2.1.4/assertj-parent-pom-2.1.4.pom (15 kB at 581 kB/s)
[INFO] Downloading from central: https://repo.maven.apache.org/maven2/org/mockito/mockito-core/1.10.19/mockito-core-1.10.19.pom
[INFO] Downloaded from central: https://repo.maven.apache.org/maven2/org/mockito/mockito-core/1.10.19/mockito-core-1.10.19.pom (1.3 kB at 47 kB/s)
[INFO] Downloading from central: https://repo.maven.apache.org/maven2/org/objenesis/objenesis/2.1/objenesis-2.1.pom
[INFO] Downloaded from central: https://repo.maven.apache.org/maven2/org/objenesis/objenesis/2.1/objenesis-2.1.pom (2.5 kB at 25 kB/s)
[INFO] Downloading from central: https://repo.maven.apache.org/maven2/org/objenesis/objenesis-parent/2.1/objenesis-parent-2.1.pom
[INFO] Downloaded from central: https://repo.maven.apache.org/maven2/org/objenesis/objenesis-parent/2.1/objenesis-parent-2.1.pom (17 kB at 576 kB/s)
[INFO] Downloading from central: https://repo.maven.apache.org/maven2/org/hamcrest/hamcrest-library/1.3/hamcrest-library-1.3.pom
[INFO] Downloaded from central: https://repo.maven.apache.org/maven2/org/hamcrest/hamcrest-library/1.3/hamcrest-library-1.3.pom (820 B at 7.7 kB/s)
[INFO] Downloading from central: https://repo.maven.apache.org/maven2/org/skyscreamer/jsonassert/1.4.0/jsonassert-1.4.0.pom
[INFO] Downloaded from central: https://repo.maven.apache.org/maven2/org/skyscreamer/jsonassert/1.4.0/jsonassert-1.4.0.pom (5.2 kB at 216 kB/s)
[INFO] Downloading from central: https://repo.maven.apache.org/maven2/org/sonatype/oss/oss-parent/7/oss-parent-7.pom
[INFO] Downloaded from central: https://repo.maven.apache.org/maven2/org/sonatype/oss/oss-parent/7/oss-parent-7.pom (4.8 kB at 201 kB/s)
[INFO] Downloading from central: https://repo.maven.apache.org/maven2/com/vaadin/external/google/android-json/0.0.20131108.vaadin1/android-json-0.0.20131108.vaadin1.pom
[INFO] Downloaded from central: https://repo.maven.apache.org/maven2/com/vaadin/external/google/android-json/0.0.20131108.vaadin1/android-json-0.0.20131108.vaadin1.pom (2.8 kB at 116 kB/s)
[INFO] Downloading from central: https://repo.maven.apache.org/maven2/org/springframework/spring-test/4.3.13.RELEASE/spring-test-4.3.13.RELEASE.pom
[INFO] Downloaded from central: https://repo.maven.apache.org/maven2/org/springframework/spring-test/4.3.13.RELEASE/spring-test-4.3.13.RELEASE.pom (8.2 kB at 303 kB/s)
[INFO] Downloading from central: https://repo.maven.apache.org/maven2/org/powermock/powermock-module-junit4/1.7.1/powermock-module-junit4-1.7.1.pom
[INFO] Downloaded from central: https://repo.maven.apache.org/maven2/org/powermock/powermock-module-junit4/1.7.1/powermock-module-junit4-1.7.1.pom (2.4 kB at 84 kB/s)
[INFO] Downloading from central: https://repo.maven.apache.org/maven2/org/powermock/powermock-module-junit4-common/1.7.1/powermock-module-junit4-common-1.7.1.pom
[INFO] Downloaded from central: https://repo.maven.apache.org/maven2/org/powermock/powermock-module-junit4-common/1.7.1/powermock-module-junit4-common-1.7.1.pom (2.5 kB at 110 kB/s)
[INFO] Downloading from central: https://repo.maven.apache.org/maven2/org/powermock/powermock-reflect/1.7.1/powermock-reflect-1.7.1.pom
[INFO] Downloaded from central: https://repo.maven.apache.org/maven2/org/powermock/powermock-reflect/1.7.1/powermock-reflect-1.7.1.pom (1.8 kB at 68 kB/s)
[INFO] Downloading from central: https://repo.maven.apache.org/maven2/org/objenesis/objenesis/2.4/objenesis-2.4.pom
[INFO] Downloaded from central: https://repo.maven.apache.org/maven2/org/objenesis/objenesis/2.4/objenesis-2.4.pom (2.4 kB at 85 kB/s)
[INFO] Downloading from central: https://repo.maven.apache.org/maven2/org/objenesis/objenesis-parent/2.4/objenesis-parent-2.4.pom
[INFO] Downloaded from central: https://repo.maven.apache.org/maven2/org/objenesis/objenesis-parent/2.4/objenesis-parent-2.4.pom (17 kB at 432 kB/s)
[INFO] Downloading from central: https://repo.maven.apache.org/maven2/org/powermock/powermock-core/1.7.1/powermock-core-1.7.1.pom
[INFO] Downloaded from central: https://repo.maven.apache.org/maven2/org/powermock/powermock-core/1.7.1/powermock-core-1.7.1.pom (2.2 kB at 84 kB/s)
[INFO] Downloading from central: https://repo.maven.apache.org/maven2/org/javassist/javassist/3.21.0-GA/javassist-3.21.0-GA.pom
[INFO] Downloaded from central: https://repo.maven.apache.org/maven2/org/javassist/javassist/3.21.0-GA/javassist-3.21.0-GA.pom (9.8 kB at 289 kB/s)
[WARNING] 1 problem was encountered while building the effective model for org.javassist:javassist:jar:3.21.0-GA during dependency collection step for project (use -X to see details)
[INFO] Downloading from central: https://repo.maven.apache.org/maven2/org/powermock/powermock-api-mockito/1.7.1/powermock-api-mockito-1.7.1.pom
[INFO] Downloaded from central: https://repo.maven.apache.org/maven2/org/powermock/powermock-api-mockito/1.7.1/powermock-api-mockito-1.7.1.pom (2.0 kB at 72 kB/s)
[INFO] Downloading from central: https://repo.maven.apache.org/maven2/org/powermock/powermock-api-mockito-common/1.7.1/powermock-api-mockito-common-1.7.1.pom
[INFO] Downloaded from central: https://repo.maven.apache.org/maven2/org/powermock/powermock-api-mockito-common/1.7.1/powermock-api-mockito-common-1.7.1.pom (2.6 kB at 24 kB/s)
[INFO] Downloading from central: https://repo.maven.apache.org/maven2/org/powermock/powermock-api-support/1.7.1/powermock-api-support-1.7.1.pom
[INFO] Downloaded from central: https://repo.maven.apache.org/maven2/org/powermock/powermock-api-support/1.7.1/powermock-api-support-1.7.1.pom (2.0 kB at 77 kB/s)
[INFO] Downloading from central: https://repo.maven.apache.org/maven2/org/springframework/boot/spring-boot-starter-test/1.5.9.RELEASE/spring-boot-starter-test-1.5.9.RELEASE.jar
[INFO] Downloaded from central: https://repo.maven.apache.org/maven2/org/springframework/boot/spring-boot-starter-test/1.5.9.RELEASE/spring-boot-starter-test-1.5.9.RELEASE.jar (2.7 kB at 116 kB/s)
[INFO] Downloading from central: https://repo.maven.apache.org/maven2/org/springframework/boot/spring-boot-test/1.5.9.RELEASE/spring-boot-test-1.5.9.RELEASE.jar
[INFO] Downloading from central: https://repo.maven.apache.org/maven2/org/springframework/boot/spring-boot/1.5.9.RELEASE/spring-boot-1.5.9.RELEASE.jar
[INFO] Downloading from central: https://repo.maven.apache.org/maven2/org/springframework/spring-context/4.3.13.RELEASE/spring-context-4.3.13.RELEASE.jar
[INFO] Downloading from central: https://repo.maven.apache.org/maven2/org/springframework/spring-aop/4.3.13.RELEASE/spring-aop-4.3.13.RELEASE.jar
[INFO] Downloading from central: https://repo.maven.apache.org/maven2/org/springframework/spring-beans/4.3.13.RELEASE/spring-beans-4.3.13.RELEASE.jar
[INFO] Downloaded from central: https://repo.maven.apache.org/maven2/org/springframework/boot/spring-boot-test/1.5.9.RELEASE/spring-boot-test-1.5.9.RELEASE.jar (146 kB at 3.6 MB/s)
[INFO] Downloading from central: https://repo.maven.apache.org/maven2/org/springframework/spring-expression/4.3.13.RELEASE/spring-expression-4.3.13.RELEASE.jar
[INFO] Downloaded from central: https://repo.maven.apache.org/maven2/org/springframework/spring-expression/4.3.13.RELEASE/spring-expression-4.3.13.RELEASE.jar (264 kB at 3.4 MB/s)
[INFO] Downloading from central: https://repo.maven.apache.org/maven2/org/springframework/boot/spring-boot-test-autoconfigure/1.5.9.RELEASE/spring-boot-test-autoconfigure-1.5.9.RELEASE.jar
[INFO] Downloaded from central: https://repo.maven.apache.org/maven2/org/springframework/spring-aop/4.3.13.RELEASE/spring-aop-4.3.13.RELEASE.jar (380 kB at 3.7 MB/s)
[INFO] Downloading from central: https://repo.maven.apache.org/maven2/org/springframework/boot/spring-boot-autoconfigure/1.5.9.RELEASE/spring-boot-autoconfigure-1.5.9.RELEASE.jar
[INFO] Downloaded from central: https://repo.maven.apache.org/maven2/org/springframework/boot/spring-boot/1.5.9.RELEASE/spring-boot-1.5.9.RELEASE.jar (674 kB at 5.6 MB/s)
[INFO] Downloading from central: https://repo.maven.apache.org/maven2/com/jayway/jsonpath/json-path/2.2.0/json-path-2.2.0.jar
[INFO] Downloaded from central: https://repo.maven.apache.org/maven2/org/springframework/boot/spring-boot-test-autoconfigure/1.5.9.RELEASE/spring-boot-test-autoconfigure-1.5.9.RELEASE.jar (123 kB at 1.1 MB/s)
[INFO] Downloading from central: https://repo.maven.apache.org/maven2/net/minidev/json-smart/2.2.1/json-smart-2.2.1.jar
[INFO] Downloaded from central: https://repo.maven.apache.org/maven2/org/springframework/spring-context/4.3.13.RELEASE/spring-context-4.3.13.RELEASE.jar (1.1 MB at 8.5 MB/s)
[INFO] Downloading from central: https://repo.maven.apache.org/maven2/net/minidev/accessors-smart/1.1/accessors-smart-1.1.jar
[INFO] Downloaded from central: https://repo.maven.apache.org/maven2/org/springframework/spring-beans/4.3.13.RELEASE/spring-beans-4.3.13.RELEASE.jar (763 kB at 5.7 MB/s)
[INFO] Downloading from central: https://repo.maven.apache.org/maven2/org/ow2/asm/asm/5.0.3/asm-5.0.3.jar
[INFO] Downloaded from central: https://repo.maven.apache.org/maven2/com/jayway/jsonpath/json-path/2.2.0/json-path-2.2.0.jar (207 kB at 1.4 MB/s)
[INFO] Downloading from central: https://repo.maven.apache.org/maven2/org/slf4j/slf4j-api/1.7.25/slf4j-api-1.7.25.jar
[INFO] Downloaded from central: https://repo.maven.apache.org/maven2/net/minidev/json-smart/2.2.1/json-smart-2.2.1.jar (121 kB at 772 kB/s)
[INFO] Downloading from central: https://repo.maven.apache.org/maven2/junit/junit/4.12/junit-4.12.jar
[INFO] Downloaded from central: https://repo.maven.apache.org/maven2/org/ow2/asm/asm/5.0.3/asm-5.0.3.jar (53 kB at 335 kB/s)
[INFO] Downloading from central: https://repo.maven.apache.org/maven2/org/assertj/assertj-core/2.6.0/assertj-core-2.6.0.jar
[INFO] Downloaded from central: https://repo.maven.apache.org/maven2/net/minidev/accessors-smart/1.1/accessors-smart-1.1.jar (81 kB at 492 kB/s)
[INFO] Downloading from central: https://repo.maven.apache.org/maven2/org/mockito/mockito-core/1.10.19/mockito-core-1.10.19.jar
[INFO] Downloaded from central: https://repo.maven.apache.org/maven2/org/springframework/boot/spring-boot-autoconfigure/1.5.9.RELEASE/spring-boot-autoconfigure-1.5.9.RELEASE.jar (1.1 MB at 6.2 MB/s)
[INFO] Downloading from central: https://repo.maven.apache.org/maven2/org/objenesis/objenesis/2.1/objenesis-2.1.jar
[INFO] Downloaded from central: https://repo.maven.apache.org/maven2/org/slf4j/slf4j-api/1.7.25/slf4j-api-1.7.25.jar (41 kB at 230 kB/s)
[INFO] Downloading from central: https://repo.maven.apache.org/maven2/org/hamcrest/hamcrest-core/1.3/hamcrest-core-1.3.jar
[INFO] Downloaded from central: https://repo.maven.apache.org/maven2/org/objenesis/objenesis/2.1/objenesis-2.1.jar (42 kB at 141 kB/s)
[INFO] Downloading from central: https://repo.maven.apache.org/maven2/org/hamcrest/hamcrest-library/1.3/hamcrest-library-1.3.jar
[INFO] Downloaded from central: https://repo.maven.apache.org/maven2/junit/junit/4.12/junit-4.12.jar (315 kB at 1.0 MB/s)
[INFO] Downloading from central: https://repo.maven.apache.org/maven2/org/skyscreamer/jsonassert/1.4.0/jsonassert-1.4.0.jar
[INFO] Downloaded from central: https://repo.maven.apache.org/maven2/org/hamcrest/hamcrest-core/1.3/hamcrest-core-1.3.jar (45 kB at 147 kB/s)
[INFO] Downloading from central: https://repo.maven.apache.org/maven2/com/vaadin/external/google/android-json/0.0.20131108.vaadin1/android-json-0.0.20131108.vaadin1.jar
[INFO] Downloaded from central: https://repo.maven.apache.org/maven2/org/assertj/assertj-core/2.6.0/assertj-core-2.6.0.jar (979 kB at 3.0 MB/s)
[INFO] Downloading from central: https://repo.maven.apache.org/maven2/org/springframework/spring-core/4.3.13.RELEASE/spring-core-4.3.13.RELEASE.jar
[INFO] Downloaded from central: https://repo.maven.apache.org/maven2/org/mockito/mockito-core/1.10.19/mockito-core-1.10.19.jar (1.2 MB at 3.5 MB/s)
[INFO] Downloading from central: https://repo.maven.apache.org/maven2/org/springframework/spring-test/4.3.13.RELEASE/spring-test-4.3.13.RELEASE.jar
[INFO] Downloaded from central: https://repo.maven.apache.org/maven2/com/vaadin/external/google/android-json/0.0.20131108.vaadin1/android-json-0.0.20131108.vaadin1.jar (18 kB at 45 kB/s)
[INFO] Downloading from central: https://repo.maven.apache.org/maven2/org/powermock/powermock-module-junit4/1.7.1/powermock-module-junit4-1.7.1.jar
[INFO] Downloaded from central: https://repo.maven.apache.org/maven2/org/skyscreamer/jsonassert/1.4.0/jsonassert-1.4.0.jar (29 kB at 72 kB/s)
[INFO] Downloading from central: https://repo.maven.apache.org/maven2/org/powermock/powermock-module-junit4-common/1.7.1/powermock-module-junit4-common-1.7.1.jar
[INFO] Downloaded from central: https://repo.maven.apache.org/maven2/org/hamcrest/hamcrest-library/1.3/hamcrest-library-1.3.jar (53 kB at 131 kB/s)
[INFO] Downloading from central: https://repo.maven.apache.org/maven2/org/powermock/powermock-reflect/1.7.1/powermock-reflect-1.7.1.jar
[INFO] Downloaded from central: https://repo.maven.apache.org/maven2/org/powermock/powermock-reflect/1.7.1/powermock-reflect-1.7.1.jar (65 kB at 152 kB/s)
[INFO] Downloading from central: https://repo.maven.apache.org/maven2/org/powermock/powermock-core/1.7.1/powermock-core-1.7.1.jar
[INFO] Downloaded from central: https://repo.maven.apache.org/maven2/org/powermock/powermock-module-junit4/1.7.1/powermock-module-junit4-1.7.1.jar (48 kB at 110 kB/s)
[INFO] Downloading from central: https://repo.maven.apache.org/maven2/org/javassist/javassist/3.21.0-GA/javassist-3.21.0-GA.jar
[INFO] Downloaded from central: https://repo.maven.apache.org/maven2/org/powermock/powermock-module-junit4-common/1.7.1/powermock-module-junit4-common-1.7.1.jar (18 kB at 41 kB/s)
[INFO] Downloading from central: https://repo.maven.apache.org/maven2/org/powermock/powermock-api-mockito/1.7.1/powermock-api-mockito-1.7.1.jar
[INFO] Downloaded from central: https://repo.maven.apache.org/maven2/org/springframework/spring-test/4.3.13.RELEASE/spring-test-4.3.13.RELEASE.jar (602 kB at 1.4 MB/s)
[INFO] Downloading from central: https://repo.maven.apache.org/maven2/org/powermock/powermock-api-mockito-common/1.7.1/powermock-api-mockito-common-1.7.1.jar
[INFO] Downloaded from central: https://repo.maven.apache.org/maven2/org/springframework/spring-core/4.3.13.RELEASE/spring-core-4.3.13.RELEASE.jar (1.1 MB at 2.5 MB/s)
[INFO] Downloading from central: https://repo.maven.apache.org/maven2/org/powermock/powermock-api-support/1.7.1/powermock-api-support-1.7.1.jar
[INFO] Downloaded from central: https://repo.maven.apache.org/maven2/org/powermock/powermock-core/1.7.1/powermock-core-1.7.1.jar (146 kB at 314 kB/s)
[INFO] Downloaded from central: https://repo.maven.apache.org/maven2/org/powermock/powermock-api-mockito/1.7.1/powermock-api-mockito-1.7.1.jar (86 kB at 184 kB/s)
[INFO] Downloaded from central: https://repo.maven.apache.org/maven2/org/powermock/powermock-api-mockito-common/1.7.1/powermock-api-mockito-common-1.7.1.jar (36 kB at 75 kB/s)
[INFO] Downloaded from central: https://repo.maven.apache.org/maven2/org/javassist/javassist/3.21.0-GA/javassist-3.21.0-GA.jar (735 kB at 1.5 MB/s)
[INFO] Downloaded from central: https://repo.maven.apache.org/maven2/org/powermock/powermock-api-support/1.7.1/powermock-api-support-1.7.1.jar (23 kB at 47 kB/s)
[INFO] 
[INFO] --- jacoco:0.7.6.201602180812:prepare-agent (prepare-agent) @ family-tree-xml-parser ---
[INFO] Downloading from central: https://repo.maven.apache.org/maven2/org/apache/maven/maven-plugin-api/2.2.1/maven-plugin-api-2.2.1.pom
[INFO] Downloaded from central: https://repo.maven.apache.org/maven2/org/apache/maven/maven-plugin-api/2.2.1/maven-plugin-api-2.2.1.pom (1.5 kB at 37 kB/s)
[INFO] Downloading from central: https://repo.maven.apache.org/maven2/org/apache/maven/maven/2.2.1/maven-2.2.1.pom
[INFO] Downloaded from central: https://repo.maven.apache.org/maven2/org/apache/maven/maven/2.2.1/maven-2.2.1.pom (22 kB at 723 kB/s)
[INFO] Downloading from central: https://repo.maven.apache.org/maven2/org/apache/maven/maven-parent/11/maven-parent-11.pom
[INFO] Downloaded from central: https://repo.maven.apache.org/maven2/org/apache/maven/maven-parent/11/maven-parent-11.pom (32 kB at 1.1 MB/s)
[INFO] Downloading from central: https://repo.maven.apache.org/maven2/org/apache/apache/5/apache-5.pom
[INFO] Downloaded from central: https://repo.maven.apache.org/maven2/org/apache/apache/5/apache-5.pom (4.1 kB at 137 kB/s)
[INFO] Downloading from central: https://repo.maven.apache.org/maven2/org/apache/maven/maven-project/2.2.1/maven-project-2.2.1.pom
[INFO] Downloaded from central: https://repo.maven.apache.org/maven2/org/apache/maven/maven-project/2.2.1/maven-project-2.2.1.pom (2.8 kB at 77 kB/s)
[INFO] Downloading from central: https://repo.maven.apache.org/maven2/org/apache/maven/maven-settings/2.2.1/maven-settings-2.2.1.pom
[INFO] Downloaded from central: https://repo.maven.apache.org/maven2/org/apache/maven/maven-settings/2.2.1/maven-settings-2.2.1.pom (2.2 kB at 73 kB/s)
[INFO] Downloading from central: https://repo.maven.apache.org/maven2/org/apache/maven/maven-model/2.2.1/maven-model-2.2.1.pom
[INFO] Downloaded from central: https://repo.maven.apache.org/maven2/org/apache/maven/maven-model/2.2.1/maven-model-2.2.1.pom (3.2 kB at 95 kB/s)
[INFO] Downloading from central: https://repo.maven.apache.org/maven2/org/codehaus/plexus/plexus-utils/1.5.15/plexus-utils-1.5.15.pom
[INFO] Downloaded from central: https://repo.maven.apache.org/maven2/org/codehaus/plexus/plexus-utils/1.5.15/plexus-utils-1.5.15.pom (6.8 kB at 56 kB/s)
[INFO] Downloading from central: https://repo.maven.apache.org/maven2/org/codehaus/plexus/plexus/2.0.2/plexus-2.0.2.pom
[INFO] Downloaded from central: https://repo.maven.apache.org/maven2/org/codehaus/plexus/plexus/2.0.2/plexus-2.0.2.pom (12 kB at 387 kB/s)
[INFO] Downloading from central: https://repo.maven.apache.org/maven2/org/codehaus/plexus/plexus-interpolation/1.11/plexus-interpolation-1.11.pom
[INFO] Downloaded from central: https://repo.maven.apache.org/maven2/org/codehaus/plexus/plexus-interpolation/1.11/plexus-interpolation-1.11.pom (889 B at 20 kB/s)
[INFO] Downloading from central: https://repo.maven.apache.org/maven2/org/codehaus/plexus/plexus-components/1.1.14/plexus-components-1.1.14.pom
[INFO] Downloaded from central: https://repo.maven.apache.org/maven2/org/codehaus/plexus/plexus-components/1.1.14/plexus-components-1.1.14.pom (5.8 kB at 195 kB/s)
[INFO] Downloading from central: https://repo.maven.apache.org/maven2/org/codehaus/plexus/plexus-container-default/1.0-alpha-9-stable-1/plexus-container-default-1.0-alpha-9-stable-1.pom
[INFO] Downloaded from central: https://repo.maven.apache.org/maven2/org/codehaus/plexus/plexus-container-default/1.0-alpha-9-stable-1/plexus-container-default-1.0-alpha-9-stable-1.pom (3.9 kB at 123 kB/s)
[INFO] Downloading from central: https://repo.maven.apache.org/maven2/org/codehaus/plexus/plexus-containers/1.0.3/plexus-containers-1.0.3.pom
[INFO] Downloaded from central: https://repo.maven.apache.org/maven2/org/codehaus/plexus/plexus-containers/1.0.3/plexus-containers-1.0.3.pom (492 B at 5.5 kB/s)
[INFO] Downloading from central: https://repo.maven.apache.org/maven2/org/codehaus/plexus/plexus/1.0.4/plexus-1.0.4.pom
[INFO] Downloaded from central: https://repo.maven.apache.org/maven2/org/codehaus/plexus/plexus/1.0.4/plexus-1.0.4.pom (5.7 kB at 159 kB/s)
[INFO] Downloading from central: https://repo.maven.apache.org/maven2/junit/junit/4.8.2/junit-4.8.2.pom
[INFO] Downloaded from central: https://repo.maven.apache.org/maven2/junit/junit/4.8.2/junit-4.8.2.pom (1.5 kB at 12 kB/s)
[INFO] Downloading from central: https://repo.maven.apache.org/maven2/org/codehaus/plexus/plexus-utils/1.0.4/plexus-utils-1.0.4.pom
[INFO] Downloaded from central: https://repo.maven.apache.org/maven2/org/codehaus/plexus/plexus-utils/1.0.4/plexus-utils-1.0.4.pom (6.9 kB at 61 kB/s)
[INFO] Downloading from central: https://repo.maven.apache.org/maven2/classworlds/classworlds/1.1-alpha-2/classworlds-1.1-alpha-2.pom
[INFO] Downloaded from central: https://repo.maven.apache.org/maven2/classworlds/classworlds/1.1-alpha-2/classworlds-1.1-alpha-2.pom (3.1 kB at 108 kB/s)
[INFO] Downloading from central: https://repo.maven.apache.org/maven2/org/apache/maven/maven-profile/2.2.1/maven-profile-2.2.1.pom
[INFO] Downloaded from central: https://repo.maven.apache.org/maven2/org/apache/maven/maven-profile/2.2.1/maven-profile-2.2.1.pom (2.2 kB at 75 kB/s)
[INFO] Downloading from central: https://repo.maven.apache.org/maven2/org/apache/maven/maven-artifact-manager/2.2.1/maven-artifact-manager-2.2.1.pom
[INFO] Downloaded from central: https://repo.maven.apache.org/maven2/org/apache/maven/maven-artifact-manager/2.2.1/maven-artifact-manager-2.2.1.pom (3.1 kB at 111 kB/s)
[INFO] Downloading from central: https://repo.maven.apache.org/maven2/org/apache/maven/maven-repository-metadata/2.2.1/maven-repository-metadata-2.2.1.pom
[INFO] Downloaded from central: https://repo.maven.apache.org/maven2/org/apache/maven/maven-repository-metadata/2.2.1/maven-repository-metadata-2.2.1.pom (1.9 kB at 57 kB/s)
[INFO] Downloading from central: https://repo.maven.apache.org/maven2/org/apache/maven/maven-artifact/2.2.1/maven-artifact-2.2.1.pom
[INFO] Downloaded from central: https://repo.maven.apache.org/maven2/org/apache/maven/maven-artifact/2.2.1/maven-artifact-2.2.1.pom (1.6 kB at 55 kB/s)
[INFO] Downloading from central: https://repo.maven.apache.org/maven2/backport-util-concurrent/backport-util-concurrent/3.1/backport-util-concurrent-3.1.pom
[INFO] Downloaded from central: https://repo.maven.apache.org/maven2/backport-util-concurrent/backport-util-concurrent/3.1/backport-util-concurrent-3.1.pom (880 B at 28 kB/s)
[INFO] Downloading from central: https://repo.maven.apache.org/maven2/org/apache/maven/maven-plugin-registry/2.2.1/maven-plugin-registry-2.2.1.pom
[INFO] Downloaded from central: https://repo.maven.apache.org/maven2/org/apache/maven/maven-plugin-registry/2.2.1/maven-plugin-registry-2.2.1.pom (1.9 kB at 69 kB/s)
[INFO] Downloading from central: https://repo.maven.apache.org/maven2/org/codehaus/plexus/plexus-utils/1.5.6/plexus-utils-1.5.6.pom
[INFO] Downloaded from central: https://repo.maven.apache.org/maven2/org/codehaus/plexus/plexus-utils/1.5.6/plexus-utils-1.5.6.pom (5.3 kB at 196 kB/s)
[INFO] Downloading from central: https://repo.maven.apache.org/maven2/org/codehaus/plexus/plexus/1.0.12/plexus-1.0.12.pom
[INFO] Downloaded from central: https://repo.maven.apache.org/maven2/org/codehaus/plexus/plexus/1.0.12/plexus-1.0.12.pom (9.8 kB at 251 kB/s)
[INFO] Downloading from central: https://repo.maven.apache.org/maven2/org/apache/maven/shared/file-management/1.2.1/file-management-1.2.1.pom
[INFO] Downloaded from central: https://repo.maven.apache.org/maven2/org/apache/maven/shared/file-management/1.2.1/file-management-1.2.1.pom (3.9 kB at 121 kB/s)
[INFO] Downloading from central: https://repo.maven.apache.org/maven2/org/apache/maven/shared/maven-shared-components/10/maven-shared-components-10.pom
[INFO] Downloaded from central: https://repo.maven.apache.org/maven2/org/apache/maven/shared/maven-shared-components/10/maven-shared-components-10.pom (8.4 kB at 69 kB/s)
[INFO] Downloading from central: https://repo.maven.apache.org/maven2/org/apache/maven/maven-parent/9/maven-parent-9.pom
[INFO] Downloaded from central: https://repo.maven.apache.org/maven2/org/apache/maven/maven-parent/9/maven-parent-9.pom (33 kB at 1.0 MB/s)
[INFO] Downloading from central: https://repo.maven.apache.org/maven2/org/apache/apache/4/apache-4.pom
[INFO] Downloaded from central: https://repo.maven.apache.org/maven2/org/apache/apache/4/apache-4.pom (4.5 kB at 155 kB/s)
[INFO] Downloading from central: https://repo.maven.apache.org/maven2/org/apache/maven/maven-plugin-api/2.0.6/maven-plugin-api-2.0.6.pom
[INFO] Downloaded from central: https://repo.maven.apache.org/maven2/org/apache/maven/maven-plugin-api/2.0.6/maven-plugin-api-2.0.6.pom (1.5 kB at 47 kB/s)
[INFO] Downloading from central: https://repo.maven.apache.org/maven2/org/apache/maven/maven/2.0.6/maven-2.0.6.pom
[INFO] Downloaded from central: https://repo.maven.apache.org/maven2/org/apache/maven/maven/2.0.6/maven-2.0.6.pom (9.0 kB at 312 kB/s)
[INFO] Downloading from central: https://repo.maven.apache.org/maven2/org/apache/maven/maven-parent/5/maven-parent-5.pom
[INFO] Downloaded from central: https://repo.maven.apache.org/maven2/org/apache/maven/maven-parent/5/maven-parent-5.pom (15 kB at 381 kB/s)
[INFO] Downloading from central: https://repo.maven.apache.org/maven2/org/apache/apache/3/apache-3.pom
[INFO] Downloaded from central: https://repo.maven.apache.org/maven2/org/apache/apache/3/apache-3.pom (3.4 kB at 122 kB/s)
[INFO] Downloading from central: https://repo.maven.apache.org/maven2/org/apache/maven/shared/maven-shared-io/1.1/maven-shared-io-1.1.pom
[INFO] Downloaded from central: https://repo.maven.apache.org/maven2/org/apache/maven/shared/maven-shared-io/1.1/maven-shared-io-1.1.pom (4.1 kB at 140 kB/s)
[INFO] Downloading from central: https://repo.maven.apache.org/maven2/org/apache/maven/shared/maven-shared-components/8/maven-shared-components-8.pom
[INFO] Downloaded from central: https://repo.maven.apache.org/maven2/org/apache/maven/shared/maven-shared-components/8/maven-shared-components-8.pom (2.7 kB at 59 kB/s)
[INFO] Downloading from central: https://repo.maven.apache.org/maven2/org/apache/maven/maven-parent/7/maven-parent-7.pom
[INFO] Downloaded from central: https://repo.maven.apache.org/maven2/org/apache/maven/maven-parent/7/maven-parent-7.pom (21 kB at 185 kB/s)
[INFO] Downloading from central: https://repo.maven.apache.org/maven2/org/apache/maven/maven-artifact/2.0.2/maven-artifact-2.0.2.pom
[INFO] Downloaded from central: https://repo.maven.apache.org/maven2/org/apache/maven/maven-artifact/2.0.2/maven-artifact-2.0.2.pom (765 B at 7.6 kB/s)
[INFO] Downloading from central: https://repo.maven.apache.org/maven2/org/apache/maven/maven/2.0.2/maven-2.0.2.pom
[INFO] Downloaded from central: https://repo.maven.apache.org/maven2/org/apache/maven/maven/2.0.2/maven-2.0.2.pom (13 kB at 387 kB/s)
[INFO] Downloading from central: https://repo.maven.apache.org/maven2/org/codehaus/plexus/plexus-utils/1.1/plexus-utils-1.1.pom
[INFO] Downloaded from central: https://repo.maven.apache.org/maven2/org/codehaus/plexus/plexus-utils/1.1/plexus-utils-1.1.pom (767 B at 17 kB/s)
[INFO] Downloading from central: https://repo.maven.apache.org/maven2/org/apache/maven/maven-artifact-manager/2.0.2/maven-artifact-manager-2.0.2.pom
[INFO] Downloaded from central: https://repo.maven.apache.org/maven2/org/apache/maven/maven-artifact-manager/2.0.2/maven-artifact-manager-2.0.2.pom (1.4 kB at 45 kB/s)
[INFO] Downloading from central: https://repo.maven.apache.org/maven2/org/apache/maven/maven-repository-metadata/2.0.2/maven-repository-metadata-2.0.2.pom
[INFO] Downloaded from central: https://repo.maven.apache.org/maven2/org/apache/maven/maven-repository-metadata/2.0.2/maven-repository-metadata-2.0.2.pom (1.3 kB at 44 kB/s)
[INFO] Downloading from central: https://repo.maven.apache.org/maven2/org/codehaus/plexus/plexus-container-default/1.0-alpha-9/plexus-container-default-1.0-alpha-9.pom
[INFO] Downloaded from central: https://repo.maven.apache.org/maven2/org/codehaus/plexus/plexus-container-default/1.0-alpha-9/plexus-container-default-1.0-alpha-9.pom (1.2 kB at 43 kB/s)
[INFO] Downloading from central: https://repo.maven.apache.org/maven2/org/apache/maven/wagon/wagon-provider-api/1.0-alpha-6/wagon-provider-api-1.0-alpha-6.pom
[INFO] Downloaded from central: https://repo.maven.apache.org/maven2/org/apache/maven/wagon/wagon-provider-api/1.0-alpha-6/wagon-provider-api-1.0-alpha-6.pom (588 B at 21 kB/s)
[INFO] Downloading from central: https://repo.maven.apache.org/maven2/org/apache/maven/wagon/wagon/1.0-alpha-6/wagon-1.0-alpha-6.pom
[INFO] Downloaded from central: https://repo.maven.apache.org/maven2/org/apache/maven/wagon/wagon/1.0-alpha-6/wagon-1.0-alpha-6.pom (6.4 kB at 229 kB/s)
[INFO] Downloading from central: https://repo.maven.apache.org/maven2/org/codehaus/plexus/plexus-utils/1.4.6/plexus-utils-1.4.6.pom
[INFO] Downloaded from central: https://repo.maven.apache.org/maven2/org/codehaus/plexus/plexus-utils/1.4.6/plexus-utils-1.4.6.pom (2.3 kB at 76 kB/s)
[INFO] Downloading from central: https://repo.maven.apache.org/maven2/org/codehaus/plexus/plexus/1.0.11/plexus-1.0.11.pom
[INFO] Downloaded from central: https://repo.maven.apache.org/maven2/org/codehaus/plexus/plexus/1.0.11/plexus-1.0.11.pom (9.0 kB at 309 kB/s)
[INFO] Downloading from central: https://repo.maven.apache.org/maven2/org/apache/maven/reporting/maven-reporting-api/2.2.1/maven-reporting-api-2.2.1.pom
[INFO] Downloaded from central: https://repo.maven.apache.org/maven2/org/apache/maven/reporting/maven-reporting-api/2.2.1/maven-reporting-api-2.2.1.pom (1.9 kB at 58 kB/s)
[INFO] Downloading from central: https://repo.maven.apache.org/maven2/org/apache/maven/reporting/maven-reporting/2.2.1/maven-reporting-2.2.1.pom
[INFO] Downloaded from central: https://repo.maven.apache.org/maven2/org/apache/maven/reporting/maven-reporting/2.2.1/maven-reporting-2.2.1.pom (1.4 kB at 60 kB/s)
[INFO] Downloading from central: https://repo.maven.apache.org/maven2/org/apache/maven/doxia/doxia-sink-api/1.1/doxia-sink-api-1.1.pom
[INFO] Downloaded from central: https://repo.maven.apache.org/maven2/org/apache/maven/doxia/doxia-sink-api/1.1/doxia-sink-api-1.1.pom (2.0 kB at 68 kB/s)
[INFO] Downloading from central: https://repo.maven.apache.org/maven2/org/apache/maven/doxia/doxia/1.1/doxia-1.1.pom
[INFO] Downloaded from central: https://repo.maven.apache.org/maven2/org/apache/maven/doxia/doxia/1.1/doxia-1.1.pom (15 kB at 123 kB/s)
[INFO] Downloading from central: https://repo.maven.apache.org/maven2/org/apache/maven/doxia/doxia-logging-api/1.1/doxia-logging-api-1.1.pom
[INFO] Downloaded from central: https://repo.maven.apache.org/maven2/org/apache/maven/doxia/doxia-logging-api/1.1/doxia-logging-api-1.1.pom (1.6 kB at 51 kB/s)
[INFO] Downloading from central: https://repo.maven.apache.org/maven2/org/codehaus/plexus/plexus-container-default/1.0-alpha-30/plexus-container-default-1.0-alpha-30.pom
[INFO] Downloaded from central: https://repo.maven.apache.org/maven2/org/codehaus/plexus/plexus-container-default/1.0-alpha-30/plexus-container-default-1.0-alpha-30.pom (3.5 kB at 129 kB/s)
[INFO] Downloading from central: https://repo.maven.apache.org/maven2/org/codehaus/plexus/plexus-containers/1.0-alpha-30/plexus-containers-1.0-alpha-30.pom
[INFO] Downloaded from central: https://repo.maven.apache.org/maven2/org/codehaus/plexus/plexus-containers/1.0-alpha-30/plexus-containers-1.0-alpha-30.pom (1.9 kB at 57 kB/s)
[INFO] Downloading from central: https://repo.maven.apache.org/maven2/org/codehaus/plexus/plexus-utils/1.4.5/plexus-utils-1.4.5.pom
[INFO] Downloaded from central: https://repo.maven.apache.org/maven2/org/codehaus/plexus/plexus-utils/1.4.5/plexus-utils-1.4.5.pom (2.3 kB at 61 kB/s)
[INFO] Downloading from central: https://repo.maven.apache.org/maven2/org/codehaus/plexus/plexus-classworlds/1.2-alpha-9/plexus-classworlds-1.2-alpha-9.pom
[INFO] Downloaded from central: https://repo.maven.apache.org/maven2/org/codehaus/plexus/plexus-classworlds/1.2-alpha-9/plexus-classworlds-1.2-alpha-9.pom (3.2 kB at 57 kB/s)
[INFO] Downloading from central: https://repo.maven.apache.org/maven2/org/codehaus/plexus/plexus/1.0.10/plexus-1.0.10.pom
[INFO] Downloaded from central: https://repo.maven.apache.org/maven2/org/codehaus/plexus/plexus/1.0.10/plexus-1.0.10.pom (8.2 kB at 284 kB/s)
[INFO] Downloading from central: https://repo.maven.apache.org/maven2/org/apache/maven/reporting/maven-reporting-impl/2.1/maven-reporting-impl-2.1.pom
[INFO] Downloaded from central: https://repo.maven.apache.org/maven2/org/apache/maven/reporting/maven-reporting-impl/2.1/maven-reporting-impl-2.1.pom (4.5 kB at 38 kB/s)
[INFO] Downloading from central: https://repo.maven.apache.org/maven2/org/apache/maven/shared/maven-shared-components/15/maven-shared-components-15.pom
[INFO] Downloaded from central: https://repo.maven.apache.org/maven2/org/apache/maven/shared/maven-shared-components/15/maven-shared-components-15.pom (9.3 kB at 346 kB/s)
[INFO] Downloading from central: https://repo.maven.apache.org/maven2/org/apache/maven/maven-parent/16/maven-parent-16.pom
[INFO] Downloaded from central: https://repo.maven.apache.org/maven2/org/apache/maven/maven-parent/16/maven-parent-16.pom (23 kB at 178 kB/s)
[INFO] Downloading from central: https://repo.maven.apache.org/maven2/org/apache/apache/7/apache-7.pom
[INFO] Downloaded from central: https://repo.maven.apache.org/maven2/org/apache/apache/7/apache-7.pom (14 kB at 451 kB/s)
[INFO] Downloading from central: https://repo.maven.apache.org/maven2/org/apache/maven/reporting/maven-reporting-api/3.0/maven-reporting-api-3.0.pom
[INFO] Downloaded from central: https://repo.maven.apache.org/maven2/org/apache/maven/reporting/maven-reporting-api/3.0/maven-reporting-api-3.0.pom (2.4 kB at 82 kB/s)
[INFO] Downloading from central: https://repo.maven.apache.org/maven2/org/apache/maven/doxia/doxia-sink-api/1.0/doxia-sink-api-1.0.pom
[INFO] Downloaded from central: https://repo.maven.apache.org/maven2/org/apache/maven/doxia/doxia-sink-api/1.0/doxia-sink-api-1.0.pom (1.4 kB at 41 kB/s)
[INFO] Downloading from central: https://repo.maven.apache.org/maven2/org/apache/maven/doxia/doxia/1.0/doxia-1.0.pom
[INFO] Downloaded from central: https://repo.maven.apache.org/maven2/org/apache/maven/doxia/doxia/1.0/doxia-1.0.pom (9.6 kB at 321 kB/s)
[INFO] Downloading from central: https://repo.maven.apache.org/maven2/org/apache/maven/maven-parent/10/maven-parent-10.pom
[INFO] Downloaded from central: https://repo.maven.apache.org/maven2/org/apache/maven/maven-parent/10/maven-parent-10.pom (32 kB at 1.1 MB/s)
[INFO] Downloading from central: https://repo.maven.apache.org/maven2/org/apache/maven/maven-project/2.0.10/maven-project-2.0.10.pom
[INFO] Downloaded from central: https://repo.maven.apache.org/maven2/org/apache/maven/maven-project/2.0.10/maven-project-2.0.10.pom (2.8 kB at 98 kB/s)
[INFO] Downloading from central: https://repo.maven.apache.org/maven2/org/apache/maven/maven/2.0.10/maven-2.0.10.pom
[INFO] Downloaded from central: https://repo.maven.apache.org/maven2/org/apache/maven/maven/2.0.10/maven-2.0.10.pom (24 kB at 809 kB/s)
[INFO] Downloading from central: https://repo.maven.apache.org/maven2/org/apache/maven/maven-settings/2.0.10/maven-settings-2.0.10.pom
[INFO] Downloaded from central: https://repo.maven.apache.org/maven2/org/apache/maven/maven-settings/2.0.10/maven-settings-2.0.10.pom (2.2 kB at 72 kB/s)
[INFO] Downloading from central: https://repo.maven.apache.org/maven2/org/apache/maven/maven-model/2.0.10/maven-model-2.0.10.pom
[INFO] Downloaded from central: https://repo.maven.apache.org/maven2/org/apache/maven/maven-model/2.0.10/maven-model-2.0.10.pom (3.3 kB at 128 kB/s)
[INFO] Downloading from central: https://repo.maven.apache.org/maven2/org/codehaus/plexus/plexus-utils/1.5.5/plexus-utils-1.5.5.pom
[INFO] Downloaded from central: https://repo.maven.apache.org/maven2/org/codehaus/plexus/plexus-utils/1.5.5/plexus-utils-1.5.5.pom (5.1 kB at 198 kB/s)
[INFO] Downloading from central: https://repo.maven.apache.org/maven2/org/codehaus/plexus/plexus-interpolation/1.1/plexus-interpolation-1.1.pom
[INFO] Downloaded from central: https://repo.maven.apache.org/maven2/org/codehaus/plexus/plexus-interpolation/1.1/plexus-interpolation-1.1.pom (1.4 kB at 53 kB/s)
[INFO] Downloading from central: https://repo.maven.apache.org/maven2/org/apache/maven/maven-profile/2.0.10/maven-profile-2.0.10.pom
[INFO] Downloaded from central: https://repo.maven.apache.org/maven2/org/apache/maven/maven-profile/2.0.10/maven-profile-2.0.10.pom (2.1 kB at 21 kB/s)
[INFO] Downloading from central: https://repo.maven.apache.org/maven2/org/apache/maven/maven-artifact-manager/2.0.10/maven-artifact-manager-2.0.10.pom
[INFO] Downloaded from central: https://repo.maven.apache.org/maven2/org/apache/maven/maven-artifact-manager/2.0.10/maven-artifact-manager-2.0.10.pom (2.7 kB at 90 kB/s)
[INFO] Downloading from central: https://repo.maven.apache.org/maven2/org/apache/maven/maven-repository-metadata/2.0.10/maven-repository-metadata-2.0.10.pom
[INFO] Downloaded from central: https://repo.maven.apache.org/maven2/org/apache/maven/maven-repository-metadata/2.0.10/maven-repository-metadata-2.0.10.pom (2.3 kB at 80 kB/s)
[INFO] Downloading from central: https://repo.maven.apache.org/maven2/org/apache/maven/maven-artifact/2.0.10/maven-artifact-2.0.10.pom
[INFO] Downloaded from central: https://repo.maven.apache.org/maven2/org/apache/maven/maven-artifact/2.0.10/maven-artifact-2.0.10.pom (1.6 kB at 56 kB/s)
[INFO] Downloading from central: https://repo.maven.apache.org/maven2/org/apache/maven/maven-plugin-registry/2.0.10/maven-plugin-registry-2.0.10.pom
[INFO] Downloaded from central: https://repo.maven.apache.org/maven2/org/apache/maven/maven-plugin-registry/2.0.10/maven-plugin-registry-2.0.10.pom (2.0 kB at 72 kB/s)
[INFO] Downloading from central: https://repo.maven.apache.org/maven2/org/apache/maven/maven-plugin-api/2.0.10/maven-plugin-api-2.0.10.pom
[INFO] Downloaded from central: https://repo.maven.apache.org/maven2/org/apache/maven/maven-plugin-api/2.0.10/maven-plugin-api-2.0.10.pom (1.5 kB at 48 kB/s)
[INFO] Downloading from central: https://repo.maven.apache.org/maven2/org/apache/maven/doxia/doxia-sink-api/1.1.2/doxia-sink-api-1.1.2.pom
[INFO] Downloaded from central: https://repo.maven.apache.org/maven2/org/apache/maven/doxia/doxia-sink-api/1.1.2/doxia-sink-api-1.1.2.pom (1.6 kB at 56 kB/s)
[INFO] Downloading from central: https://repo.maven.apache.org/maven2/org/apache/maven/doxia/doxia/1.1.2/doxia-1.1.2.pom
[INFO] Downloaded from central: https://repo.maven.apache.org/maven2/org/apache/maven/doxia/doxia/1.1.2/doxia-1.1.2.pom (18 kB at 648 kB/s)
[INFO] Downloading from central: https://repo.maven.apache.org/maven2/org/apache/maven/maven-parent/15/maven-parent-15.pom
[INFO] Downloaded from central: https://repo.maven.apache.org/maven2/org/apache/maven/maven-parent/15/maven-parent-15.pom (24 kB at 533 kB/s)
[INFO] Downloading from central: https://repo.maven.apache.org/maven2/org/apache/apache/6/apache-6.pom
[INFO] Downloaded from central: https://repo.maven.apache.org/maven2/org/apache/apache/6/apache-6.pom (13 kB at 108 kB/s)
[INFO] Downloading from central: https://repo.maven.apache.org/maven2/org/apache/maven/doxia/doxia-logging-api/1.1.2/doxia-logging-api-1.1.2.pom
[INFO] Downloaded from central: https://repo.maven.apache.org/maven2/org/apache/maven/doxia/doxia-logging-api/1.1.2/doxia-logging-api-1.1.2.pom (1.6 kB at 15 kB/s)
[INFO] Downloading from central: https://repo.maven.apache.org/maven2/org/apache/maven/doxia/doxia-core/1.1.2/doxia-core-1.1.2.pom
[INFO] Downloaded from central: https://repo.maven.apache.org/maven2/org/apache/maven/doxia/doxia-core/1.1.2/doxia-core-1.1.2.pom (3.7 kB at 120 kB/s)
[INFO] Downloading from central: https://repo.maven.apache.org/maven2/org/codehaus/plexus/plexus-utils/1.5.12/plexus-utils-1.5.12.pom
[INFO] Downloaded from central: https://repo.maven.apache.org/maven2/org/codehaus/plexus/plexus-utils/1.5.12/plexus-utils-1.5.12.pom (5.6 kB at 201 kB/s)
[INFO] Downloading from central: https://repo.maven.apache.org/maven2/xerces/xercesImpl/2.8.1/xercesImpl-2.8.1.pom
[INFO] Downloaded from central: https://repo.maven.apache.org/maven2/xerces/xercesImpl/2.8.1/xercesImpl-2.8.1.pom (2.2 kB at 76 kB/s)
[INFO] Downloading from central: https://repo.maven.apache.org/maven2/xml-apis/xml-apis/1.3.03/xml-apis-1.3.03.pom
[INFO] Downloaded from central: https://repo.maven.apache.org/maven2/xml-apis/xml-apis/1.3.03/xml-apis-1.3.03.pom (738 B at 28 kB/s)
[INFO] Downloading from central: https://repo.maven.apache.org/maven2/org/apache/apache/1/apache-1.pom
[INFO] Downloaded from central: https://repo.maven.apache.org/maven2/org/apache/apache/1/apache-1.pom (3.4 kB at 118 kB/s)
[INFO] Downloading from central: https://repo.maven.apache.org/maven2/commons-lang/commons-lang/2.4/commons-lang-2.4.pom
[INFO] Downloaded from central: https://repo.maven.apache.org/maven2/commons-lang/commons-lang/2.4/commons-lang-2.4.pom (14 kB at 437 kB/s)
[INFO] Downloading from central: https://repo.maven.apache.org/maven2/org/apache/commons/commons-parent/9/commons-parent-9.pom
[INFO] Downloaded from central: https://repo.maven.apache.org/maven2/org/apache/commons/commons-parent/9/commons-parent-9.pom (22 kB at 477 kB/s)
[INFO] Downloading from central: https://repo.maven.apache.org/maven2/commons-httpclient/commons-httpclient/3.1/commons-httpclient-3.1.pom
[INFO] Downloaded from central: https://repo.maven.apache.org/maven2/commons-httpclient/commons-httpclient/3.1/commons-httpclient-3.1.pom (7.8 kB at 243 kB/s)
[INFO] Downloading from central: https://repo.maven.apache.org/maven2/commons-logging/commons-logging/1.0.4/commons-logging-1.0.4.pom
[INFO] Downloaded from central: https://repo.maven.apache.org/maven2/commons-logging/commons-logging/1.0.4/commons-logging-1.0.4.pom (5.3 kB at 175 kB/s)
[INFO] Downloading from central: https://repo.maven.apache.org/maven2/commons-codec/commons-codec/1.2/commons-codec-1.2.pom
[INFO] Downloaded from central: https://repo.maven.apache.org/maven2/commons-codec/commons-codec/1.2/commons-codec-1.2.pom (3.8 kB at 120 kB/s)
[INFO] Downloading from central: https://repo.maven.apache.org/maven2/org/apache/maven/doxia/doxia-site-renderer/1.1.2/doxia-site-renderer-1.1.2.pom
[INFO] Downloaded from central: https://repo.maven.apache.org/maven2/org/apache/maven/doxia/doxia-site-renderer/1.1.2/doxia-site-renderer-1.1.2.pom (6.1 kB at 219 kB/s)
[INFO] Downloading from central: https://repo.maven.apache.org/maven2/org/apache/maven/doxia/doxia-sitetools/1.1.2/doxia-sitetools-1.1.2.pom
[INFO] Downloaded from central: https://repo.maven.apache.org/maven2/org/apache/maven/doxia/doxia-sitetools/1.1.2/doxia-sitetools-1.1.2.pom (15 kB at 463 kB/s)
[INFO] Downloading from central: https://repo.maven.apache.org/maven2/org/apache/maven/doxia/doxia-decoration-model/1.1.2/doxia-decoration-model-1.1.2.pom
[INFO] Downloaded from central: https://repo.maven.apache.org/maven2/org/apache/maven/doxia/doxia-decoration-model/1.1.2/doxia-decoration-model-1.1.2.pom (3.0 kB at 26 kB/s)
[INFO] Downloading from central: https://repo.maven.apache.org/maven2/org/apache/maven/doxia/doxia-module-xhtml/1.1.2/doxia-module-xhtml-1.1.2.pom
[INFO] Downloaded from central: https://repo.maven.apache.org/maven2/org/apache/maven/doxia/doxia-module-xhtml/1.1.2/doxia-module-xhtml-1.1.2.pom (1.6 kB at 53 kB/s)
[INFO] Downloading from central: https://repo.maven.apache.org/maven2/org/apache/maven/doxia/doxia-modules/1.1.2/doxia-modules-1.1.2.pom
[INFO] Downloaded from central: https://repo.maven.apache.org/maven2/org/apache/maven/doxia/doxia-modules/1.1.2/doxia-modules-1.1.2.pom (2.4 kB at 87 kB/s)
[INFO] Downloading from central: https://repo.maven.apache.org/maven2/org/apache/maven/doxia/doxia-module-fml/1.1.2/doxia-module-fml-1.1.2.pom
[INFO] Downloaded from central: https://repo.maven.apache.org/maven2/org/apache/maven/doxia/doxia-module-fml/1.1.2/doxia-module-fml-1.1.2.pom (5.5 kB at 183 kB/s)
[INFO] Downloading from central: https://repo.maven.apache.org/maven2/org/codehaus/plexus/plexus-i18n/1.0-beta-7/plexus-i18n-1.0-beta-7.pom
[INFO] Downloaded from central: https://repo.maven.apache.org/maven2/org/codehaus/plexus/plexus-i18n/1.0-beta-7/plexus-i18n-1.0-beta-7.pom (1.1 kB at 25 kB/s)
[INFO] Downloading from central: https://repo.maven.apache.org/maven2/org/codehaus/plexus/plexus-components/1.1.12/plexus-components-1.1.12.pom
[INFO] Downloaded from central: https://repo.maven.apache.org/maven2/org/codehaus/plexus/plexus-components/1.1.12/plexus-components-1.1.12.pom (3.0 kB at 100 kB/s)
[INFO] Downloading from central: https://repo.maven.apache.org/maven2/org/codehaus/plexus/plexus-utils/1.4.1/plexus-utils-1.4.1.pom
[INFO] Downloaded from central: https://repo.maven.apache.org/maven2/org/codehaus/plexus/plexus-utils/1.4.1/plexus-utils-1.4.1.pom (1.9 kB at 71 kB/s)
[INFO] Downloading from central: https://repo.maven.apache.org/maven2/org/codehaus/plexus/plexus-velocity/1.1.7/plexus-velocity-1.1.7.pom
[INFO] Downloaded from central: https://repo.maven.apache.org/maven2/org/codehaus/plexus/plexus-velocity/1.1.7/plexus-velocity-1.1.7.pom (2.0 kB at 67 kB/s)
[INFO] Downloading from central: https://repo.maven.apache.org/maven2/org/codehaus/plexus/plexus-container-default/1.0-alpha-20/plexus-container-default-1.0-alpha-20.pom
[INFO] Downloaded from central: https://repo.maven.apache.org/maven2/org/codehaus/plexus/plexus-container-default/1.0-alpha-20/plexus-container-default-1.0-alpha-20.pom (3.0 kB at 26 kB/s)
[INFO] Downloading from central: https://repo.maven.apache.org/maven2/org/codehaus/plexus/plexus-containers/1.0-alpha-20/plexus-containers-1.0-alpha-20.pom
[INFO] Downloaded from central: https://repo.maven.apache.org/maven2/org/codehaus/plexus/plexus-containers/1.0-alpha-20/plexus-containers-1.0-alpha-20.pom (1.9 kB at 65 kB/s)
[INFO] Downloading from central: https://repo.maven.apache.org/maven2/org/codehaus/plexus/plexus-utils/1.3/plexus-utils-1.3.pom
[INFO] Downloaded from central: https://repo.maven.apache.org/maven2/org/codehaus/plexus/plexus-utils/1.3/plexus-utils-1.3.pom (1.0 kB at 9.0 kB/s)
[INFO] Downloading from central: https://repo.maven.apache.org/maven2/org/codehaus/plexus/plexus/1.0.8/plexus-1.0.8.pom
[INFO] Downloaded from central: https://repo.maven.apache.org/maven2/org/codehaus/plexus/plexus/1.0.8/plexus-1.0.8.pom (7.2 kB at 278 kB/s)
[INFO] Downloading from central: https://repo.maven.apache.org/maven2/org/codehaus/plexus/plexus-classworlds/1.2-alpha-7/plexus-classworlds-1.2-alpha-7.pom
[INFO] Downloaded from central: https://repo.maven.apache.org/maven2/org/codehaus/plexus/plexus-classworlds/1.2-alpha-7/plexus-classworlds-1.2-alpha-7.pom (2.4 kB at 59 kB/s)
[INFO] Downloading from central: https://repo.maven.apache.org/maven2/org/codehaus/plexus/plexus/1.0.9/plexus-1.0.9.pom
[INFO] Downloaded from central: https://repo.maven.apache.org/maven2/org/codehaus/plexus/plexus/1.0.9/plexus-1.0.9.pom (7.7 kB at 284 kB/s)
[INFO] Downloading from central: https://repo.maven.apache.org/maven2/org/apache/velocity/velocity/1.5/velocity-1.5.pom
[INFO] Downloaded from central: https://repo.maven.apache.org/maven2/org/apache/velocity/velocity/1.5/velocity-1.5.pom (7.8 kB at 268 kB/s)
[INFO] Downloading from central: https://repo.maven.apache.org/maven2/commons-collections/commons-collections/3.1/commons-collections-3.1.pom
[INFO] Downloaded from central: https://repo.maven.apache.org/maven2/commons-collections/commons-collections/3.1/commons-collections-3.1.pom (6.1 kB at 217 kB/s)
[INFO] Downloading from central: https://repo.maven.apache.org/maven2/commons-lang/commons-lang/2.1/commons-lang-2.1.pom
[INFO] Downloaded from central: https://repo.maven.apache.org/maven2/commons-lang/commons-lang/2.1/commons-lang-2.1.pom (9.9 kB at 382 kB/s)
[INFO] Downloading from central: https://repo.maven.apache.org/maven2/oro/oro/2.0.8/oro-2.0.8.pom
[INFO] Downloaded from central: https://repo.maven.apache.org/maven2/oro/oro/2.0.8/oro-2.0.8.pom (140 B at 4.1 kB/s)
[INFO] Downloading from central: https://repo.maven.apache.org/maven2/commons-collections/commons-collections/3.2/commons-collections-3.2.pom
[INFO] Downloaded from central: https://repo.maven.apache.org/maven2/commons-collections/commons-collections/3.2/commons-collections-3.2.pom (11 kB at 230 kB/s)
[INFO] Downloading from central: https://repo.maven.apache.org/maven2/commons-validator/commons-validator/1.2.0/commons-validator-1.2.0.pom
[INFO] Downloaded from central: https://repo.maven.apache.org/maven2/commons-validator/commons-validator/1.2.0/commons-validator-1.2.0.pom (9.1 kB at 284 kB/s)
[INFO] Downloading from central: https://repo.maven.apache.org/maven2/commons-beanutils/commons-beanutils/1.7.0/commons-beanutils-1.7.0.pom
[INFO] Downloaded from central: https://repo.maven.apache.org/maven2/commons-beanutils/commons-beanutils/1.7.0/commons-beanutils-1.7.0.pom (357 B at 11 kB/s)
[INFO] Downloading from central: https://repo.maven.apache.org/maven2/commons-logging/commons-logging/1.0.3/commons-logging-1.0.3.pom
[INFO] Downloaded from central: https://repo.maven.apache.org/maven2/commons-logging/commons-logging/1.0.3/commons-logging-1.0.3.pom (866 B at 31 kB/s)
[INFO] Downloading from central: https://repo.maven.apache.org/maven2/commons-digester/commons-digester/1.6/commons-digester-1.6.pom
[INFO] Downloaded from central: https://repo.maven.apache.org/maven2/commons-digester/commons-digester/1.6/commons-digester-1.6.pom (974 B at 9.8 kB/s)
[INFO] Downloading from central: https://repo.maven.apache.org/maven2/commons-beanutils/commons-beanutils/1.6/commons-beanutils-1.6.pom
[INFO] Downloaded from central: https://repo.maven.apache.org/maven2/commons-beanutils/commons-beanutils/1.6/commons-beanutils-1.6.pom (2.3 kB at 80 kB/s)
[INFO] Downloading from central: https://repo.maven.apache.org/maven2/commons-logging/commons-logging/1.0/commons-logging-1.0.pom
[INFO] Downloaded from central: https://repo.maven.apache.org/maven2/commons-logging/commons-logging/1.0/commons-logging-1.0.pom (163 B at 6.0 kB/s)
[INFO] Downloading from central: https://repo.maven.apache.org/maven2/commons-collections/commons-collections/2.0/commons-collections-2.0.pom
[INFO] Downloaded from central: https://repo.maven.apache.org/maven2/commons-collections/commons-collections/2.0/commons-collections-2.0.pom (171 B at 6.3 kB/s)
[INFO] Downloading from central: https://repo.maven.apache.org/maven2/commons-collections/commons-collections/2.1/commons-collections-2.1.pom
[INFO] Downloaded from central: https://repo.maven.apache.org/maven2/commons-collections/commons-collections/2.1/commons-collections-2.1.pom (3.3 kB at 119 kB/s)
[INFO] Downloading from central: https://repo.maven.apache.org/maven2/xml-apis/xml-apis/1.0.b2/xml-apis-1.0.b2.pom
[INFO] Downloaded from central: https://repo.maven.apache.org/maven2/xml-apis/xml-apis/1.0.b2/xml-apis-1.0.b2.pom (2.2 kB at 83 kB/s)
[INFO] Downloading from central: https://repo.maven.apache.org/maven2/xml-apis/xml-apis/2.0.2/xml-apis-2.0.2.pom
[INFO] Downloaded from central: https://repo.maven.apache.org/maven2/xml-apis/xml-apis/2.0.2/xml-apis-2.0.2.pom (346 B at 14 kB/s)
[INFO] Downloading from central: https://repo.maven.apache.org/maven2/org/codehaus/plexus/plexus-utils/1.5.8/plexus-utils-1.5.8.pom
[INFO] Downloaded from central: https://repo.maven.apache.org/maven2/org/codehaus/plexus/plexus-utils/1.5.8/plexus-utils-1.5.8.pom (8.1 kB at 252 kB/s)
[INFO] Downloading from central: https://repo.maven.apache.org/maven2/org/jacoco/org.jacoco.agent/0.7.6.201602180812/org.jacoco.agent-0.7.6.201602180812.pom
[INFO] Downloaded from central: https://repo.maven.apache.org/maven2/org/jacoco/org.jacoco.agent/0.7.6.201602180812/org.jacoco.agent-0.7.6.201602180812.pom (2.9 kB at 85 kB/s)
[INFO] Downloading from central: https://repo.maven.apache.org/maven2/org/jacoco/org.jacoco.core/0.7.6.201602180812/org.jacoco.core-0.7.6.201602180812.pom
[INFO] Downloaded from central: https://repo.maven.apache.org/maven2/org/jacoco/org.jacoco.core/0.7.6.201602180812/org.jacoco.core-0.7.6.201602180812.pom (1.2 kB at 10 kB/s)
[INFO] Downloading from central: https://repo.maven.apache.org/maven2/org/ow2/asm/asm-debug-all/5.0.4/asm-debug-all-5.0.4.pom
[INFO] Downloaded from central: https://repo.maven.apache.org/maven2/org/ow2/asm/asm-debug-all/5.0.4/asm-debug-all-5.0.4.pom (2.0 kB at 16 kB/s)
[INFO] Downloading from central: https://repo.maven.apache.org/maven2/org/ow2/asm/asm-parent/5.0.4/asm-parent-5.0.4.pom
[INFO] Downloaded from central: https://repo.maven.apache.org/maven2/org/ow2/asm/asm-parent/5.0.4/asm-parent-5.0.4.pom (5.5 kB at 153 kB/s)
[INFO] Downloading from central: https://repo.maven.apache.org/maven2/org/jacoco/org.jacoco.report/0.7.6.201602180812/org.jacoco.report-0.7.6.201602180812.pom
[INFO] Downloaded from central: https://repo.maven.apache.org/maven2/org/jacoco/org.jacoco.report/0.7.6.201602180812/org.jacoco.report-0.7.6.201602180812.pom (1.4 kB at 47 kB/s)
[INFO] Downloading from central: https://repo.maven.apache.org/maven2/org/apache/maven/maven-plugin-api/2.2.1/maven-plugin-api-2.2.1.jar
[INFO] Downloaded from central: https://repo.maven.apache.org/maven2/org/apache/maven/maven-plugin-api/2.2.1/maven-plugin-api-2.2.1.jar (12 kB at 476 kB/s)
[INFO] Downloading from central: https://repo.maven.apache.org/maven2/org/apache/maven/maven-project/2.2.1/maven-project-2.2.1.jar
[INFO] Downloading from central: https://repo.maven.apache.org/maven2/org/apache/maven/maven-settings/2.2.1/maven-settings-2.2.1.jar
[INFO] Downloading from central: https://repo.maven.apache.org/maven2/org/apache/maven/maven-profile/2.2.1/maven-profile-2.2.1.jar
[INFO] Downloading from central: https://repo.maven.apache.org/maven2/org/apache/maven/maven-model/2.2.1/maven-model-2.2.1.jar
[INFO] Downloading from central: https://repo.maven.apache.org/maven2/org/apache/maven/maven-artifact-manager/2.2.1/maven-artifact-manager-2.2.1.jar
[INFO] Downloaded from central: https://repo.maven.apache.org/maven2/org/apache/maven/maven-artifact-manager/2.2.1/maven-artifact-manager-2.2.1.jar (68 kB at 2.0 MB/s)
[INFO] Downloading from central: https://repo.maven.apache.org/maven2/org/apache/maven/maven-repository-metadata/2.2.1/maven-repository-metadata-2.2.1.jar
[INFO] Downloaded from central: https://repo.maven.apache.org/maven2/org/apache/maven/maven-project/2.2.1/maven-project-2.2.1.jar (156 kB at 4.1 MB/s)
[INFO] Downloading from central: https://repo.maven.apache.org/maven2/backport-util-concurrent/backport-util-concurrent/3.1/backport-util-concurrent-3.1.jar
[INFO] Downloaded from central: https://repo.maven.apache.org/maven2/org/apache/maven/maven-model/2.2.1/maven-model-2.2.1.jar (88 kB at 2.4 MB/s)
[INFO] Downloading from central: https://repo.maven.apache.org/maven2/org/apache/maven/maven-plugin-registry/2.2.1/maven-plugin-registry-2.2.1.jar
[INFO] Downloaded from central: https://repo.maven.apache.org/maven2/org/apache/maven/maven-profile/2.2.1/maven-profile-2.2.1.jar (35 kB at 931 kB/s)
[INFO] Downloading from central: https://repo.maven.apache.org/maven2/org/codehaus/plexus/plexus-interpolation/1.11/plexus-interpolation-1.11.jar
[INFO] Downloaded from central: https://repo.maven.apache.org/maven2/org/apache/maven/maven-settings/2.2.1/maven-settings-2.2.1.jar (49 kB at 1.2 MB/s)
[INFO] Downloading from central: https://repo.maven.apache.org/maven2/org/apache/maven/maven-artifact/2.2.1/maven-artifact-2.2.1.jar
[INFO] Downloaded from central: https://repo.maven.apache.org/maven2/org/apache/maven/maven-repository-metadata/2.2.1/maven-repository-metadata-2.2.1.jar (26 kB at 435 kB/s)
[INFO] Downloading from central: https://repo.maven.apache.org/maven2/org/codehaus/plexus/plexus-container-default/1.0-alpha-9-stable-1/plexus-container-default-1.0-alpha-9-stable-1.jar
[INFO] Downloaded from central: https://repo.maven.apache.org/maven2/org/apache/maven/maven-artifact/2.2.1/maven-artifact-2.2.1.jar (80 kB at 1.2 MB/s)
[INFO] Downloading from central: https://repo.maven.apache.org/maven2/junit/junit/4.8.2/junit-4.8.2.jar
[INFO] Downloaded from central: https://repo.maven.apache.org/maven2/backport-util-concurrent/backport-util-concurrent/3.1/backport-util-concurrent-3.1.jar (332 kB at 5.0 MB/s)
[INFO] Downloading from central: https://repo.maven.apache.org/maven2/classworlds/classworlds/1.1-alpha-2/classworlds-1.1-alpha-2.jar
[INFO] Downloaded from central: https://repo.maven.apache.org/maven2/org/codehaus/plexus/plexus-interpolation/1.11/plexus-interpolation-1.11.jar (51 kB at 760 kB/s)
[INFO] Downloading from central: https://repo.maven.apache.org/maven2/org/codehaus/plexus/plexus-utils/1.5.6/plexus-utils-1.5.6.jar
[INFO] Downloaded from central: https://repo.maven.apache.org/maven2/org/apache/maven/maven-plugin-registry/2.2.1/maven-plugin-registry-2.2.1.jar (30 kB at 437 kB/s)
[INFO] Downloading from central: https://repo.maven.apache.org/maven2/org/apache/maven/shared/file-management/1.2.1/file-management-1.2.1.jar
[INFO] Downloaded from central: https://repo.maven.apache.org/maven2/org/codehaus/plexus/plexus-container-default/1.0-alpha-9-stable-1/plexus-container-default-1.0-alpha-9-stable-1.jar (194 kB at 2.1 MB/s)
[INFO] Downloading from central: https://repo.maven.apache.org/maven2/org/apache/maven/shared/maven-shared-io/1.1/maven-shared-io-1.1.jar
[INFO] Downloaded from central: https://repo.maven.apache.org/maven2/classworlds/classworlds/1.1-alpha-2/classworlds-1.1-alpha-2.jar (38 kB at 368 kB/s)
[INFO] Downloading from central: https://repo.maven.apache.org/maven2/org/apache/maven/wagon/wagon-provider-api/1.0-alpha-6/wagon-provider-api-1.0-alpha-6.jar
[INFO] Downloaded from central: https://repo.maven.apache.org/maven2/org/codehaus/plexus/plexus-utils/1.5.6/plexus-utils-1.5.6.jar (251 kB at 2.5 MB/s)
[INFO] Downloading from central: https://repo.maven.apache.org/maven2/org/apache/maven/reporting/maven-reporting-api/2.2.1/maven-reporting-api-2.2.1.jar
[INFO] Downloaded from central: https://repo.maven.apache.org/maven2/org/apache/maven/shared/file-management/1.2.1/file-management-1.2.1.jar (38 kB at 368 kB/s)
[INFO] Downloading from central: https://repo.maven.apache.org/maven2/org/apache/maven/doxia/doxia-sink-api/1.1/doxia-sink-api-1.1.jar
[INFO] Downloaded from central: https://repo.maven.apache.org/maven2/junit/junit/4.8.2/junit-4.8.2.jar (237 kB at 2.3 MB/s)
[INFO] Downloading from central: https://repo.maven.apache.org/maven2/org/apache/maven/doxia/doxia-logging-api/1.1/doxia-logging-api-1.1.jar
[INFO] Downloaded from central: https://repo.maven.apache.org/maven2/org/apache/maven/shared/maven-shared-io/1.1/maven-shared-io-1.1.jar (39 kB at 316 kB/s)
[INFO] Downloading from central: https://repo.maven.apache.org/maven2/org/apache/maven/reporting/maven-reporting-impl/2.1/maven-reporting-impl-2.1.jar
[INFO] Downloaded from central: https://repo.maven.apache.org/maven2/org/apache/maven/doxia/doxia-sink-api/1.1/doxia-sink-api-1.1.jar (13 kB at 98 kB/s)
[INFO] Downloaded from central: https://repo.maven.apache.org/maven2/org/apache/maven/wagon/wagon-provider-api/1.0-alpha-6/wagon-provider-api-1.0-alpha-6.jar (43 kB at 326 kB/s)
[INFO] Downloading from central: https://repo.maven.apache.org/maven2/xerces/xercesImpl/2.8.1/xercesImpl-2.8.1.jar
[INFO] Downloading from central: https://repo.maven.apache.org/maven2/org/apache/maven/doxia/doxia-core/1.1.2/doxia-core-1.1.2.jar
[INFO] Downloaded from central: https://repo.maven.apache.org/maven2/org/apache/maven/reporting/maven-reporting-api/2.2.1/maven-reporting-api-2.2.1.jar (9.8 kB at 72 kB/s)
[INFO] Downloading from central: https://repo.maven.apache.org/maven2/commons-lang/commons-lang/2.4/commons-lang-2.4.jar
[INFO] Downloaded from central: https://repo.maven.apache.org/maven2/org/apache/maven/doxia/doxia-logging-api/1.1/doxia-logging-api-1.1.jar (11 kB at 83 kB/s)
[INFO] Downloading from central: https://repo.maven.apache.org/maven2/commons-httpclient/commons-httpclient/3.1/commons-httpclient-3.1.jar
[INFO] Downloaded from central: https://repo.maven.apache.org/maven2/org/apache/maven/reporting/maven-reporting-impl/2.1/maven-reporting-impl-2.1.jar (17 kB at 107 kB/s)
[INFO] Downloading from central: https://repo.maven.apache.org/maven2/commons-codec/commons-codec/1.2/commons-codec-1.2.jar
[INFO] Downloaded from central: https://repo.maven.apache.org/maven2/org/apache/maven/doxia/doxia-core/1.1.2/doxia-core-1.1.2.jar (158 kB at 954 kB/s)
[INFO] Downloading from central: https://repo.maven.apache.org/maven2/org/apache/maven/doxia/doxia-site-renderer/1.1.2/doxia-site-renderer-1.1.2.jar
[INFO] Downloaded from central: https://repo.maven.apache.org/maven2/commons-httpclient/commons-httpclient/3.1/commons-httpclient-3.1.jar (305 kB at 1.8 MB/s)
[INFO] Downloading from central: https://repo.maven.apache.org/maven2/org/apache/maven/doxia/doxia-decoration-model/1.1.2/doxia-decoration-model-1.1.2.jar
[INFO] Downloaded from central: https://repo.maven.apache.org/maven2/commons-lang/commons-lang/2.4/commons-lang-2.4.jar (262 kB at 1.5 MB/s)
[INFO] Downloading from central: https://repo.maven.apache.org/maven2/org/apache/maven/doxia/doxia-module-xhtml/1.1.2/doxia-module-xhtml-1.1.2.jar
[INFO] Downloaded from central: https://repo.maven.apache.org/maven2/xerces/xercesImpl/2.8.1/xercesImpl-2.8.1.jar (1.2 MB at 6.7 MB/s)
[INFO] Downloading from central: https://repo.maven.apache.org/maven2/org/apache/maven/doxia/doxia-module-fml/1.1.2/doxia-module-fml-1.1.2.jar
[INFO] Downloaded from central: https://repo.maven.apache.org/maven2/commons-codec/commons-codec/1.2/commons-codec-1.2.jar (30 kB at 164 kB/s)
[INFO] Downloading from central: https://repo.maven.apache.org/maven2/org/codehaus/plexus/plexus-i18n/1.0-beta-7/plexus-i18n-1.0-beta-7.jar
[INFO] Downloaded from central: https://repo.maven.apache.org/maven2/org/apache/maven/doxia/doxia-decoration-model/1.1.2/doxia-decoration-model-1.1.2.jar (52 kB at 263 kB/s)
[INFO] Downloading from central: https://repo.maven.apache.org/maven2/org/codehaus/plexus/plexus-velocity/1.1.7/plexus-velocity-1.1.7.jar
[INFO] Downloaded from central: https://repo.maven.apache.org/maven2/org/apache/maven/doxia/doxia-site-renderer/1.1.2/doxia-site-renderer-1.1.2.jar (50 kB at 252 kB/s)
[INFO] Downloading from central: https://repo.maven.apache.org/maven2/org/apache/velocity/velocity/1.5/velocity-1.5.jar
[INFO] Downloaded from central: https://repo.maven.apache.org/maven2/org/apache/maven/doxia/doxia-module-fml/1.1.2/doxia-module-fml-1.1.2.jar (37 kB at 183 kB/s)
[INFO] Downloading from central: https://repo.maven.apache.org/maven2/commons-collections/commons-collections/3.2/commons-collections-3.2.jar
[INFO] Downloaded from central: https://repo.maven.apache.org/maven2/org/codehaus/plexus/plexus-i18n/1.0-beta-7/plexus-i18n-1.0-beta-7.jar (11 kB at 50 kB/s)
[INFO] Downloading from central: https://repo.maven.apache.org/maven2/commons-validator/commons-validator/1.2.0/commons-validator-1.2.0.jar
[INFO] Downloaded from central: https://repo.maven.apache.org/maven2/org/apache/maven/doxia/doxia-module-xhtml/1.1.2/doxia-module-xhtml-1.1.2.jar (15 kB at 70 kB/s)
[INFO] Downloading from central: https://repo.maven.apache.org/maven2/commons-beanutils/commons-beanutils/1.7.0/commons-beanutils-1.7.0.jar
[INFO] Downloaded from central: https://repo.maven.apache.org/maven2/org/codehaus/plexus/plexus-velocity/1.1.7/plexus-velocity-1.1.7.jar (7.7 kB at 34 kB/s)
[INFO] Downloading from central: https://repo.maven.apache.org/maven2/commons-digester/commons-digester/1.6/commons-digester-1.6.jar
[INFO] Downloaded from central: https://repo.maven.apache.org/maven2/org/apache/velocity/velocity/1.5/velocity-1.5.jar (392 kB at 1.7 MB/s)
[INFO] Downloading from central: https://repo.maven.apache.org/maven2/commons-logging/commons-logging/1.0.4/commons-logging-1.0.4.jar
[INFO] Downloaded from central: https://repo.maven.apache.org/maven2/commons-collections/commons-collections/3.2/commons-collections-3.2.jar (571 kB at 2.4 MB/s)
[INFO] Downloading from central: https://repo.maven.apache.org/maven2/oro/oro/2.0.8/oro-2.0.8.jar
[INFO] Downloaded from central: https://repo.maven.apache.org/maven2/commons-validator/commons-validator/1.2.0/commons-validator-1.2.0.jar (91 kB at 381 kB/s)
[INFO] Downloading from central: https://repo.maven.apache.org/maven2/xml-apis/xml-apis/1.0.b2/xml-apis-1.0.b2.jar
[INFO] Downloaded from central: https://repo.maven.apache.org/maven2/commons-beanutils/commons-beanutils/1.7.0/commons-beanutils-1.7.0.jar (189 kB at 773 kB/s)
[INFO] Downloading from central: https://repo.maven.apache.org/maven2/org/jacoco/org.jacoco.agent/0.7.6.201602180812/org.jacoco.agent-0.7.6.201602180812-runtime.jar
[INFO] Downloaded from central: https://repo.maven.apache.org/maven2/commons-logging/commons-logging/1.0.4/commons-logging-1.0.4.jar (38 kB at 145 kB/s)
[INFO] Downloading from central: https://repo.maven.apache.org/maven2/org/jacoco/org.jacoco.core/0.7.6.201602180812/org.jacoco.core-0.7.6.201602180812.jar
[INFO] Downloaded from central: https://repo.maven.apache.org/maven2/commons-digester/commons-digester/1.6/commons-digester-1.6.jar (168 kB at 638 kB/s)
[INFO] Downloading from central: https://repo.maven.apache.org/maven2/org/ow2/asm/asm-debug-all/5.0.4/asm-debug-all-5.0.4.jar
[INFO] Downloaded from central: https://repo.maven.apache.org/maven2/xml-apis/xml-apis/1.0.b2/xml-apis-1.0.b2.jar (109 kB at 413 kB/s)
[INFO] Downloading from central: https://repo.maven.apache.org/maven2/org/jacoco/org.jacoco.report/0.7.6.201602180812/org.jacoco.report-0.7.6.201602180812.jar
[INFO] Downloaded from central: https://repo.maven.apache.org/maven2/oro/oro/2.0.8/oro-2.0.8.jar (65 kB at 245 kB/s)
[INFO] Downloaded from central: https://repo.maven.apache.org/maven2/org/jacoco/org.jacoco.agent/0.7.6.201602180812/org.jacoco.agent-0.7.6.201602180812-runtime.jar (289 kB at 1.0 MB/s)
[INFO] Downloaded from central: https://repo.maven.apache.org/maven2/org/jacoco/org.jacoco.core/0.7.6.201602180812/org.jacoco.core-0.7.6.201602180812.jar (136 kB at 465 kB/s)
[INFO] Downloaded from central: https://repo.maven.apache.org/maven2/org/jacoco/org.jacoco.report/0.7.6.201602180812/org.jacoco.report-0.7.6.201602180812.jar (142 kB at 477 kB/s)
[INFO] Downloaded from central: https://repo.maven.apache.org/maven2/org/ow2/asm/asm-debug-all/5.0.4/asm-debug-all-5.0.4.jar (379 kB at 1.3 MB/s)
[INFO] argLine set to -javaagent:/root/.m2/repository/org/jacoco/org.jacoco.agent/0.7.6.201602180812/org.jacoco.agent-0.7.6.201602180812-runtime.jar=destfile=/project/target/jacoco.exec
[INFO] 
[INFO] --- resources:2.6:resources (default-resources) @ family-tree-xml-parser ---
[INFO] Downloading from central: https://repo.maven.apache.org/maven2/org/apache/maven/maven-project/2.0.6/maven-project-2.0.6.pom
[INFO] Downloaded from central: https://repo.maven.apache.org/maven2/org/apache/maven/maven-project/2.0.6/maven-project-2.0.6.pom (2.6 kB at 126 kB/s)
[INFO] Downloading from central: https://repo.maven.apache.org/maven2/org/apache/maven/maven-settings/2.0.6/maven-settings-2.0.6.pom
[INFO] Downloaded from central: https://repo.maven.apache.org/maven2/org/apache/maven/maven-settings/2.0.6/maven-settings-2.0.6.pom (2.0 kB at 91 kB/s)
[INFO] Downloading from central: https://repo.maven.apache.org/maven2/org/apache/maven/maven-model/2.0.6/maven-model-2.0.6.pom
[INFO] Downloaded from central: https://repo.maven.apache.org/maven2/org/apache/maven/maven-model/2.0.6/maven-model-2.0.6.pom (3.0 kB at 127 kB/s)
[INFO] Downloading from central: https://repo.maven.apache.org/maven2/junit/junit/3.8.1/junit-3.8.1.pom
[INFO] Downloaded from central: https://repo.maven.apache.org/maven2/junit/junit/3.8.1/junit-3.8.1.pom (998 B at 40 kB/s)
[INFO] Downloading from central: https://repo.maven.apache.org/maven2/org/apache/maven/maven-profile/2.0.6/maven-profile-2.0.6.pom
[INFO] Downloaded from central: https://repo.maven.apache.org/maven2/org/apache/maven/maven-profile/2.0.6/maven-profile-2.0.6.pom (2.0 kB at 82 kB/s)
[INFO] Downloading from central: https://repo.maven.apache.org/maven2/org/apache/maven/maven-artifact-manager/2.0.6/maven-artifact-manager-2.0.6.pom
[INFO] Downloaded from central: https://repo.maven.apache.org/maven2/org/apache/maven/maven-artifact-manager/2.0.6/maven-artifact-manager-2.0.6.pom (2.6 kB at 119 kB/s)
[INFO] Downloading from central: https://repo.maven.apache.org/maven2/org/apache/maven/maven-repository-metadata/2.0.6/maven-repository-metadata-2.0.6.pom
[INFO] Downloaded from central: https://repo.maven.apache.org/maven2/org/apache/maven/maven-repository-metadata/2.0.6/maven-repository-metadata-2.0.6.pom (1.9 kB at 16 kB/s)
[INFO] Downloading from central: https://repo.maven.apache.org/maven2/org/apache/maven/maven-artifact/2.0.6/maven-artifact-2.0.6.pom
[INFO] Downloaded from central: https://repo.maven.apache.org/maven2/org/apache/maven/maven-artifact/2.0.6/maven-artifact-2.0.6.pom (1.6 kB at 54 kB/s)
[INFO] Downloading from central: https://repo.maven.apache.org/maven2/org/apache/maven/maven-plugin-registry/2.0.6/maven-plugin-registry-2.0.6.pom
[INFO] Downloaded from central: https://repo.maven.apache.org/maven2/org/apache/maven/maven-plugin-registry/2.0.6/maven-plugin-registry-2.0.6.pom (1.9 kB at 17 kB/s)
[INFO] Downloading from central: https://repo.maven.apache.org/maven2/org/apache/maven/maven-core/2.0.6/maven-core-2.0.6.pom
[INFO] Downloaded from central: https://repo.maven.apache.org/maven2/org/apache/maven/maven-core/2.0.6/maven-core-2.0.6.pom (6.7 kB at 249 kB/s)
[INFO] Downloading from central: https://repo.maven.apache.org/maven2/org/apache/maven/maven-plugin-parameter-documenter/2.0.6/maven-plugin-parameter-documenter-2.0.6.pom
[INFO] Downloaded from central: https://repo.maven.apache.org/maven2/org/apache/maven/maven-plugin-parameter-documenter/2.0.6/maven-plugin-parameter-documenter-2.0.6.pom (1.9 kB at 87 kB/s)
[INFO] Downloading from central: https://repo.maven.apache.org/maven2/org/apache/maven/reporting/maven-reporting-api/2.0.6/maven-reporting-api-2.0.6.pom
[INFO] Downloaded from central: https://repo.maven.apache.org/maven2/org/apache/maven/reporting/maven-reporting-api/2.0.6/maven-reporting-api-2.0.6.pom (1.8 kB at 73 kB/s)
[INFO] Downloading from central: https://repo.maven.apache.org/maven2/org/apache/maven/reporting/maven-reporting/2.0.6/maven-reporting-2.0.6.pom
[INFO] Downloaded from central: https://repo.maven.apache.org/maven2/org/apache/maven/reporting/maven-reporting/2.0.6/maven-reporting-2.0.6.pom (1.4 kB at 55 kB/s)
[INFO] Downloading from central: https://repo.maven.apache.org/maven2/org/apache/maven/doxia/doxia-sink-api/1.0-alpha-7/doxia-sink-api-1.0-alpha-7.pom
[INFO] Downloaded from central: https://repo.maven.apache.org/maven2/org/apache/maven/doxia/doxia-sink-api/1.0-alpha-7/doxia-sink-api-1.0-alpha-7.pom (424 B at 15 kB/s)
[INFO] Downloading from central: https://repo.maven.apache.org/maven2/org/apache/maven/doxia/doxia/1.0-alpha-7/doxia-1.0-alpha-7.pom
[INFO] Downloaded from central: https://repo.maven.apache.org/maven2/org/apache/maven/doxia/doxia/1.0-alpha-7/doxia-1.0-alpha-7.pom (3.9 kB at 163 kB/s)
[INFO] Downloading from central: https://repo.maven.apache.org/maven2/org/apache/maven/maven-error-diagnostics/2.0.6/maven-error-diagnostics-2.0.6.pom
[INFO] Downloaded from central: https://repo.maven.apache.org/maven2/org/apache/maven/maven-error-diagnostics/2.0.6/maven-error-diagnostics-2.0.6.pom (1.7 kB at 50 kB/s)
[INFO] Downloading from central: https://repo.maven.apache.org/maven2/commons-cli/commons-cli/1.0/commons-cli-1.0.pom
[INFO] Downloaded from central: https://repo.maven.apache.org/maven2/commons-cli/commons-cli/1.0/commons-cli-1.0.pom (2.1 kB at 73 kB/s)
[INFO] Downloading from central: https://repo.maven.apache.org/maven2/org/apache/maven/maven-plugin-descriptor/2.0.6/maven-plugin-descriptor-2.0.6.pom
[INFO] Downloaded from central: https://repo.maven.apache.org/maven2/org/apache/maven/maven-plugin-descriptor/2.0.6/maven-plugin-descriptor-2.0.6.pom (2.0 kB at 78 kB/s)
[INFO] Downloading from central: https://repo.maven.apache.org/maven2/org/codehaus/plexus/plexus-interactivity-api/1.0-alpha-4/plexus-interactivity-api-1.0-alpha-4.pom
[INFO] Downloaded from central: https://repo.maven.apache.org/maven2/org/codehaus/plexus/plexus-interactivity-api/1.0-alpha-4/plexus-interactivity-api-1.0-alpha-4.pom (7.1 kB at 177 kB/s)
[INFO] Downloading from central: https://repo.maven.apache.org/maven2/org/apache/maven/maven-monitor/2.0.6/maven-monitor-2.0.6.pom
[INFO] Downloaded from central: https://repo.maven.apache.org/maven2/org/apache/maven/maven-monitor/2.0.6/maven-monitor-2.0.6.pom (1.3 kB at 57 kB/s)
[INFO] Downloading from central: https://repo.maven.apache.org/maven2/classworlds/classworlds/1.1/classworlds-1.1.pom
[INFO] Downloaded from central: https://repo.maven.apache.org/maven2/classworlds/classworlds/1.1/classworlds-1.1.pom (3.3 kB at 133 kB/s)
[INFO] Downloading from central: https://repo.maven.apache.org/maven2/org/codehaus/plexus/plexus-utils/2.0.5/plexus-utils-2.0.5.pom
[INFO] Downloaded from central: https://repo.maven.apache.org/maven2/org/codehaus/plexus/plexus-utils/2.0.5/plexus-utils-2.0.5.pom (3.3 kB at 30 kB/s)
[INFO] Downloading from central: https://repo.maven.apache.org/maven2/org/codehaus/plexus/plexus/2.0.6/plexus-2.0.6.pom
[INFO] Downloaded from central: https://repo.maven.apache.org/maven2/org/codehaus/plexus/plexus/2.0.6/plexus-2.0.6.pom (17 kB at 493 kB/s)
[INFO] Downloading from central: https://repo.maven.apache.org/maven2/org/apache/maven/shared/maven-filtering/1.1/maven-filtering-1.1.pom
[INFO] Downloaded from central: https://repo.maven.apache.org/maven2/org/apache/maven/shared/maven-filtering/1.1/maven-filtering-1.1.pom (5.8 kB at 207 kB/s)
[INFO] Downloading from central: https://repo.maven.apache.org/maven2/org/apache/maven/shared/maven-shared-components/17/maven-shared-components-17.pom
[INFO] Downloaded from central: https://repo.maven.apache.org/maven2/org/apache/maven/shared/maven-shared-components/17/maven-shared-components-17.pom (8.7 kB at 378 kB/s)
[INFO] Downloading from central: https://repo.maven.apache.org/maven2/org/apache/maven/maven-parent/21/maven-parent-21.pom
[INFO] Downloaded from central: https://repo.maven.apache.org/maven2/org/apache/maven/maven-parent/21/maven-parent-21.pom (26 kB at 976 kB/s)
[INFO] Downloading from central: https://repo.maven.apache.org/maven2/org/apache/apache/10/apache-10.pom
[INFO] Downloaded from central: https://repo.maven.apache.org/maven2/org/apache/apache/10/apache-10.pom (15 kB at 400 kB/s)
[INFO] Downloading from central: https://repo.maven.apache.org/maven2/org/codehaus/plexus/plexus-interpolation/1.12/plexus-interpolation-1.12.pom
[INFO] Downloaded from central: https://repo.maven.apache.org/maven2/org/codehaus/plexus/plexus-interpolation/1.12/plexus-interpolation-1.12.pom (889 B at 28 kB/s)
[INFO] Downloading from central: https://repo.maven.apache.org/maven2/org/sonatype/plexus/plexus-build-api/0.0.4/plexus-build-api-0.0.4.pom
[INFO] Downloaded from central: https://repo.maven.apache.org/maven2/org/sonatype/plexus/plexus-build-api/0.0.4/plexus-build-api-0.0.4.pom (2.9 kB at 115 kB/s)
[INFO] Downloading from central: https://repo.maven.apache.org/maven2/org/sonatype/spice/spice-parent/10/spice-parent-10.pom
[INFO] Downloaded from central: https://repo.maven.apache.org/maven2/org/sonatype/spice/spice-parent/10/spice-parent-10.pom (3.0 kB at 116 kB/s)
[INFO] Downloading from central: https://repo.maven.apache.org/maven2/org/sonatype/forge/forge-parent/3/forge-parent-3.pom
[INFO] Downloaded from central: https://repo.maven.apache.org/maven2/org/sonatype/forge/forge-parent/3/forge-parent-3.pom (5.0 kB at 210 kB/s)
[INFO] Downloading from central: https://repo.maven.apache.org/maven2/org/codehaus/plexus/plexus-interpolation/1.13/plexus-interpolation-1.13.pom
[INFO] Downloaded from central: https://repo.maven.apache.org/maven2/org/codehaus/plexus/plexus-interpolation/1.13/plexus-interpolation-1.13.pom (890 B at 7.7 kB/s)
[INFO] Downloading from central: https://repo.maven.apache.org/maven2/org/codehaus/plexus/plexus-components/1.1.15/plexus-components-1.1.15.pom
[INFO] Downloaded from central: https://repo.maven.apache.org/maven2/org/codehaus/plexus/plexus-components/1.1.15/plexus-components-1.1.15.pom (2.8 kB at 27 kB/s)
[INFO] Downloading from central: https://repo.maven.apache.org/maven2/org/codehaus/plexus/plexus/2.0.3/plexus-2.0.3.pom
[INFO] Downloaded from central: https://repo.maven.apache.org/maven2/org/codehaus/plexus/plexus/2.0.3/plexus-2.0.3.pom (15 kB at 595 kB/s)
[INFO] Downloading from central: https://repo.maven.apache.org/maven2/org/apache/maven/maven-plugin-api/2.0.6/maven-plugin-api-2.0.6.jar
[INFO] Downloaded from central: https://repo.maven.apache.org/maven2/org/apache/maven/maven-plugin-api/2.0.6/maven-plugin-api-2.0.6.jar (13 kB at 348 kB/s)
[INFO] Downloading from central: https://repo.maven.apache.org/maven2/org/apache/maven/maven-project/2.0.6/maven-project-2.0.6.jar
[INFO] Downloading from central: https://repo.maven.apache.org/maven2/org/apache/maven/maven-profile/2.0.6/maven-profile-2.0.6.jar
[INFO] Downloading from central: https://repo.maven.apache.org/maven2/org/apache/maven/maven-artifact-manager/2.0.6/maven-artifact-manager-2.0.6.jar
[INFO] Downloading from central: https://repo.maven.apache.org/maven2/org/apache/maven/maven-plugin-registry/2.0.6/maven-plugin-registry-2.0.6.jar
[INFO] Downloading from central: https://repo.maven.apache.org/maven2/org/apache/maven/maven-core/2.0.6/maven-core-2.0.6.jar
[INFO] Downloaded from central: https://repo.maven.apache.org/maven2/org/apache/maven/maven-profile/2.0.6/maven-profile-2.0.6.jar (35 kB at 1.2 MB/s)
[INFO] Downloading from central: https://repo.maven.apache.org/maven2/org/apache/maven/maven-plugin-parameter-documenter/2.0.6/maven-plugin-parameter-documenter-2.0.6.jar
[INFO] Downloaded from central: https://repo.maven.apache.org/maven2/org/apache/maven/maven-core/2.0.6/maven-core-2.0.6.jar (152 kB at 5.6 MB/s)
[INFO] Downloading from central: https://repo.maven.apache.org/maven2/org/apache/maven/reporting/maven-reporting-api/2.0.6/maven-reporting-api-2.0.6.jar
[INFO] Downloaded from central: https://repo.maven.apache.org/maven2/org/apache/maven/maven-plugin-registry/2.0.6/maven-plugin-registry-2.0.6.jar (29 kB at 964 kB/s)
[INFO] Downloading from central: https://repo.maven.apache.org/maven2/org/apache/maven/doxia/doxia-sink-api/1.0-alpha-7/doxia-sink-api-1.0-alpha-7.jar
[INFO] Downloaded from central: https://repo.maven.apache.org/maven2/org/apache/maven/maven-project/2.0.6/maven-project-2.0.6.jar (116 kB at 3.4 MB/s)
[INFO] Downloaded from central: https://repo.maven.apache.org/maven2/org/apache/maven/maven-artifact-manager/2.0.6/maven-artifact-manager-2.0.6.jar (57 kB at 1.7 MB/s)
[INFO] Downloading from central: https://repo.maven.apache.org/maven2/org/apache/maven/maven-repository-metadata/2.0.6/maven-repository-metadata-2.0.6.jar
[INFO] Downloading from central: https://repo.maven.apache.org/maven2/org/apache/maven/maven-error-diagnostics/2.0.6/maven-error-diagnostics-2.0.6.jar
[INFO] Downloaded from central: https://repo.maven.apache.org/maven2/org/apache/maven/maven-plugin-parameter-documenter/2.0.6/maven-plugin-parameter-documenter-2.0.6.jar (21 kB at 399 kB/s)
[INFO] Downloading from central: https://repo.maven.apache.org/maven2/commons-cli/commons-cli/1.0/commons-cli-1.0.jar
[INFO] Downloaded from central: https://repo.maven.apache.org/maven2/org/apache/maven/doxia/doxia-sink-api/1.0-alpha-7/doxia-sink-api-1.0-alpha-7.jar (5.9 kB at 114 kB/s)
[INFO] Downloading from central: https://repo.maven.apache.org/maven2/org/apache/maven/maven-plugin-descriptor/2.0.6/maven-plugin-descriptor-2.0.6.jar
[INFO] Downloaded from central: https://repo.maven.apache.org/maven2/org/apache/maven/maven-error-diagnostics/2.0.6/maven-error-diagnostics-2.0.6.jar (14 kB at 257 kB/s)
[INFO] Downloading from central: https://repo.maven.apache.org/maven2/org/codehaus/plexus/plexus-interactivity-api/1.0-alpha-4/plexus-interactivity-api-1.0-alpha-4.jar
[INFO] Downloaded from central: https://repo.maven.apache.org/maven2/org/apache/maven/reporting/maven-reporting-api/2.0.6/maven-reporting-api-2.0.6.jar (9.9 kB at 168 kB/s)
[INFO] Downloading from central: https://repo.maven.apache.org/maven2/classworlds/classworlds/1.1/classworlds-1.1.jar
[INFO] Downloaded from central: https://repo.maven.apache.org/maven2/org/apache/maven/maven-repository-metadata/2.0.6/maven-repository-metadata-2.0.6.jar (24 kB at 388 kB/s)
[INFO] Downloading from central: https://repo.maven.apache.org/maven2/org/apache/maven/maven-artifact/2.0.6/maven-artifact-2.0.6.jar
[INFO] Downloaded from central: https://repo.maven.apache.org/maven2/commons-cli/commons-cli/1.0/commons-cli-1.0.jar (30 kB at 402 kB/s)
[INFO] Downloading from central: https://repo.maven.apache.org/maven2/org/apache/maven/maven-settings/2.0.6/maven-settings-2.0.6.jar
[INFO] Downloaded from central: https://repo.maven.apache.org/maven2/org/apache/maven/maven-plugin-descriptor/2.0.6/maven-plugin-descriptor-2.0.6.jar (37 kB at 492 kB/s)
[INFO] Downloading from central: https://repo.maven.apache.org/maven2/org/apache/maven/maven-model/2.0.6/maven-model-2.0.6.jar
[INFO] Downloaded from central: https://repo.maven.apache.org/maven2/org/codehaus/plexus/plexus-interactivity-api/1.0-alpha-4/plexus-interactivity-api-1.0-alpha-4.jar (13 kB at 164 kB/s)
[INFO] Downloading from central: https://repo.maven.apache.org/maven2/org/apache/maven/maven-monitor/2.0.6/maven-monitor-2.0.6.jar
[INFO] Downloaded from central: https://repo.maven.apache.org/maven2/classworlds/classworlds/1.1/classworlds-1.1.jar (38 kB at 440 kB/s)
[INFO] Downloading from central: https://repo.maven.apache.org/maven2/junit/junit/3.8.1/junit-3.8.1.jar
[INFO] Downloaded from central: https://repo.maven.apache.org/maven2/org/apache/maven/maven-artifact/2.0.6/maven-artifact-2.0.6.jar (87 kB at 950 kB/s)
[INFO] Downloading from central: https://repo.maven.apache.org/maven2/org/codehaus/plexus/plexus-utils/2.0.5/plexus-utils-2.0.5.jar
[INFO] Downloaded from central: https://repo.maven.apache.org/maven2/org/apache/maven/maven-model/2.0.6/maven-model-2.0.6.jar (86 kB at 873 kB/s)
[INFO] Downloading from central: https://repo.maven.apache.org/maven2/org/apache/maven/shared/maven-filtering/1.1/maven-filtering-1.1.jar
[INFO] Downloaded from central: https://repo.maven.apache.org/maven2/org/apache/maven/maven-settings/2.0.6/maven-settings-2.0.6.jar (49 kB at 486 kB/s)
[INFO] Downloading from central: https://repo.maven.apache.org/maven2/org/sonatype/plexus/plexus-build-api/0.0.4/plexus-build-api-0.0.4.jar
[INFO] Downloaded from central: https://repo.maven.apache.org/maven2/org/apache/maven/maven-monitor/2.0.6/maven-monitor-2.0.6.jar (10 kB at 94 kB/s)
[INFO] Downloading from central: https://repo.maven.apache.org/maven2/org/codehaus/plexus/plexus-interpolation/1.13/plexus-interpolation-1.13.jar
[INFO] Downloaded from central: https://repo.maven.apache.org/maven2/junit/junit/3.8.1/junit-3.8.1.jar (121 kB at 1.0 MB/s)
[INFO] Downloaded from central: https://repo.maven.apache.org/maven2/org/sonatype/plexus/plexus-build-api/0.0.4/plexus-build-api-0.0.4.jar (6.8 kB at 56 kB/s)
[INFO] Downloaded from central: https://repo.maven.apache.org/maven2/org/codehaus/plexus/plexus-utils/2.0.5/plexus-utils-2.0.5.jar (223 kB at 1.8 MB/s)
[INFO] Downloaded from central: https://repo.maven.apache.org/maven2/org/codehaus/plexus/plexus-interpolation/1.13/plexus-interpolation-1.13.jar (61 kB at 452 kB/s)
[INFO] Downloaded from central: https://repo.maven.apache.org/maven2/org/apache/maven/shared/maven-filtering/1.1/maven-filtering-1.1.jar (43 kB at 244 kB/s)
[INFO] Using 'UTF-8' encoding to copy filtered resources.
[INFO] Copying 3 resources
[INFO] Copying 1 resource
[INFO] 
[INFO] --- compiler:3.1:compile (default-compile) @ family-tree-xml-parser ---
[INFO] Downloading from central: https://repo.maven.apache.org/maven2/org/apache/maven/maven-plugin-api/2.0.9/maven-plugin-api-2.0.9.pom
[INFO] Downloaded from central: https://repo.maven.apache.org/maven2/org/apache/maven/maven-plugin-api/2.0.9/maven-plugin-api-2.0.9.pom (1.5 kB at 71 kB/s)
[INFO] Downloading from central: https://repo.maven.apache.org/maven2/org/apache/maven/maven/2.0.9/maven-2.0.9.pom
[INFO] Downloaded from central: https://repo.maven.apache.org/maven2/org/apache/maven/maven/2.0.9/maven-2.0.9.pom (19 kB at 859 kB/s)
[INFO] Downloading from central: https://repo.maven.apache.org/maven2/org/apache/maven/maven-parent/8/maven-parent-8.pom
[INFO] Downloaded from central: https://repo.maven.apache.org/maven2/org/apache/maven/maven-parent/8/maven-parent-8.pom (24 kB at 208 kB/s)
[INFO] Downloading from central: https://repo.maven.apache.org/maven2/org/apache/maven/maven-artifact/2.0.9/maven-artifact-2.0.9.pom
[INFO] Downloaded from central: https://repo.maven.apache.org/maven2/org/apache/maven/maven-artifact/2.0.9/maven-artifact-2.0.9.pom (1.6 kB at 77 kB/s)
[INFO] Downloading from central: https://repo.maven.apache.org/maven2/org/codehaus/plexus/plexus-utils/1.5.1/plexus-utils-1.5.1.pom
[INFO] Downloaded from central: https://repo.maven.apache.org/maven2/org/codehaus/plexus/plexus-utils/1.5.1/plexus-utils-1.5.1.pom (2.3 kB at 100 kB/s)
[INFO] Downloading from central: https://repo.maven.apache.org/maven2/org/apache/maven/maven-core/2.0.9/maven-core-2.0.9.pom
[INFO] Downloaded from central: https://repo.maven.apache.org/maven2/org/apache/maven/maven-core/2.0.9/maven-core-2.0.9.pom (7.8 kB at 299 kB/s)
[INFO] Downloading from central: https://repo.maven.apache.org/maven2/org/apache/maven/maven-settings/2.0.9/maven-settings-2.0.9.pom
[INFO] Downloaded from central: https://repo.maven.apache.org/maven2/org/apache/maven/maven-settings/2.0.9/maven-settings-2.0.9.pom (2.1 kB at 108 kB/s)
[INFO] Downloading from central: https://repo.maven.apache.org/maven2/org/apache/maven/maven-model/2.0.9/maven-model-2.0.9.pom
[INFO] Downloaded from central: https://repo.maven.apache.org/maven2/org/apache/maven/maven-model/2.0.9/maven-model-2.0.9.pom (3.1 kB at 137 kB/s)
[INFO] Downloading from central: https://repo.maven.apache.org/maven2/org/apache/maven/maven-plugin-parameter-documenter/2.0.9/maven-plugin-parameter-documenter-2.0.9.pom
[INFO] Downloaded from central: https://repo.maven.apache.org/maven2/org/apache/maven/maven-plugin-parameter-documenter/2.0.9/maven-plugin-parameter-documenter-2.0.9.pom (2.0 kB at 73 kB/s)
[INFO] Downloading from central: https://repo.maven.apache.org/maven2/org/apache/maven/maven-profile/2.0.9/maven-profile-2.0.9.pom
[INFO] Downloaded from central: https://repo.maven.apache.org/maven2/org/apache/maven/maven-profile/2.0.9/maven-profile-2.0.9.pom (2.0 kB at 98 kB/s)
[INFO] Downloading from central: https://repo.maven.apache.org/maven2/org/apache/maven/maven-repository-metadata/2.0.9/maven-repository-metadata-2.0.9.pom
[INFO] Downloaded from central: https://repo.maven.apache.org/maven2/org/apache/maven/maven-repository-metadata/2.0.9/maven-repository-metadata-2.0.9.pom (1.9 kB at 41 kB/s)
[INFO] Downloading from central: https://repo.maven.apache.org/maven2/org/apache/maven/maven-error-diagnostics/2.0.9/maven-error-diagnostics-2.0.9.pom
[INFO] Downloaded from central: https://repo.maven.apache.org/maven2/org/apache/maven/maven-error-diagnostics/2.0.9/maven-error-diagnostics-2.0.9.pom (1.7 kB at 79 kB/s)
[INFO] Downloading from central: https://repo.maven.apache.org/maven2/org/apache/maven/maven-project/2.0.9/maven-project-2.0.9.pom
[INFO] Downloaded from central: https://repo.maven.apache.org/maven2/org/apache/maven/maven-project/2.0.9/maven-project-2.0.9.pom (2.7 kB at 118 kB/s)
[INFO] Downloading from central: https://repo.maven.apache.org/maven2/org/apache/maven/maven-artifact-manager/2.0.9/maven-artifact-manager-2.0.9.pom
[INFO] Downloaded from central: https://repo.maven.apache.org/maven2/org/apache/maven/maven-artifact-manager/2.0.9/maven-artifact-manager-2.0.9.pom (2.7 kB at 25 kB/s)
[INFO] Downloading from central: https://repo.maven.apache.org/maven2/org/apache/maven/maven-plugin-registry/2.0.9/maven-plugin-registry-2.0.9.pom
[INFO] Downloaded from central: https://repo.maven.apache.org/maven2/org/apache/maven/maven-plugin-registry/2.0.9/maven-plugin-registry-2.0.9.pom (2.0 kB at 21 kB/s)
[INFO] Downloading from central: https://repo.maven.apache.org/maven2/org/apache/maven/maven-plugin-descriptor/2.0.9/maven-plugin-descriptor-2.0.9.pom
[INFO] Downloaded from central: https://repo.maven.apache.org/maven2/org/apache/maven/maven-plugin-descriptor/2.0.9/maven-plugin-descriptor-2.0.9.pom (2.1 kB at 55 kB/s)
[INFO] Downloading from central: https://repo.maven.apache.org/maven2/org/apache/maven/maven-monitor/2.0.9/maven-monitor-2.0.9.pom
[INFO] Downloaded from central: https://repo.maven.apache.org/maven2/org/apache/maven/maven-monitor/2.0.9/maven-monitor-2.0.9.pom (1.3 kB at 56 kB/s)
[INFO] Downloading from central: https://repo.maven.apache.org/maven2/org/apache/maven/maven-toolchain/1.0/maven-toolchain-1.0.pom
[INFO] Downloaded from central: https://repo.maven.apache.org/maven2/org/apache/maven/maven-toolchain/1.0/maven-toolchain-1.0.pom (3.4 kB at 142 kB/s)
[INFO] Downloading from central: https://repo.maven.apache.org/maven2/org/apache/maven/shared/maven-shared-utils/0.1/maven-shared-utils-0.1.pom
[INFO] Downloaded from central: https://repo.maven.apache.org/maven2/org/apache/maven/shared/maven-shared-utils/0.1/maven-shared-utils-0.1.pom (4.0 kB at 193 kB/s)
[INFO] Downloading from central: https://repo.maven.apache.org/maven2/org/apache/maven/shared/maven-shared-components/18/maven-shared-components-18.pom
[INFO] Downloaded from central: https://repo.maven.apache.org/maven2/org/apache/maven/shared/maven-shared-components/18/maven-shared-components-18.pom (4.9 kB at 183 kB/s)
[INFO] Downloading from central: https://repo.maven.apache.org/maven2/com/google/code/findbugs/jsr305/2.0.1/jsr305-2.0.1.pom
[INFO] Downloaded from central: https://repo.maven.apache.org/maven2/com/google/code/findbugs/jsr305/2.0.1/jsr305-2.0.1.pom (965 B at 39 kB/s)
[INFO] Downloading from central: https://repo.maven.apache.org/maven2/org/apache/maven/shared/maven-shared-incremental/1.1/maven-shared-incremental-1.1.pom
[INFO] Downloaded from central: https://repo.maven.apache.org/maven2/org/apache/maven/shared/maven-shared-incremental/1.1/maven-shared-incremental-1.1.pom (4.7 kB at 206 kB/s)
[INFO] Downloading from central: https://repo.maven.apache.org/maven2/org/apache/maven/shared/maven-shared-components/19/maven-shared-components-19.pom
[INFO] Downloaded from central: https://repo.maven.apache.org/maven2/org/apache/maven/shared/maven-shared-components/19/maven-shared-components-19.pom (6.4 kB at 276 kB/s)
[INFO] Downloading from central: https://repo.maven.apache.org/maven2/org/apache/maven/maven-core/2.2.1/maven-core-2.2.1.pom
[INFO] Downloaded from central: https://repo.maven.apache.org/maven2/org/apache/maven/maven-core/2.2.1/maven-core-2.2.1.pom (12 kB at 554 kB/s)
[INFO] Downloading from central: https://repo.maven.apache.org/maven2/org/apache/maven/maven-plugin-parameter-documenter/2.2.1/maven-plugin-parameter-documenter-2.2.1.pom
[INFO] Downloaded from central: https://repo.maven.apache.org/maven2/org/apache/maven/maven-plugin-parameter-documenter/2.2.1/maven-plugin-parameter-documenter-2.2.1.pom (2.0 kB at 82 kB/s)
[INFO] Downloading from central: https://repo.maven.apache.org/maven2/org/slf4j/slf4j-jdk14/1.5.6/slf4j-jdk14-1.5.6.pom
[INFO] Downloaded from central: https://repo.maven.apache.org/maven2/org/slf4j/slf4j-jdk14/1.5.6/slf4j-jdk14-1.5.6.pom (1.9 kB at 79 kB/s)
[INFO] Downloading from central: https://repo.maven.apache.org/maven2/org/slf4j/slf4j-parent/1.5.6/slf4j-parent-1.5.6.pom
[INFO] Downloaded from central: https://repo.maven.apache.org/maven2/org/slf4j/slf4j-parent/1.5.6/slf4j-parent-1.5.6.pom (7.9 kB at 317 kB/s)
[INFO] Downloading from central: https://repo.maven.apache.org/maven2/org/slf4j/slf4j-api/1.5.6/slf4j-api-1.5.6.pom
[INFO] Downloaded from central: https://repo.maven.apache.org/maven2/org/slf4j/slf4j-api/1.5.6/slf4j-api-1.5.6.pom (3.0 kB at 142 kB/s)
[INFO] Downloading from central: https://repo.maven.apache.org/maven2/org/slf4j/jcl-over-slf4j/1.5.6/jcl-over-slf4j-1.5.6.pom
[INFO] Downloaded from central: https://repo.maven.apache.org/maven2/org/slf4j/jcl-over-slf4j/1.5.6/jcl-over-slf4j-1.5.6.pom (2.2 kB at 90 kB/s)
[INFO] Downloading from central: https://repo.maven.apache.org/maven2/org/apache/maven/maven-error-diagnostics/2.2.1/maven-error-diagnostics-2.2.1.pom
[INFO] Downloaded from central: https://repo.maven.apache.org/maven2/org/apache/maven/maven-error-diagnostics/2.2.1/maven-error-diagnostics-2.2.1.pom (1.7 kB at 71 kB/s)
[INFO] Downloading from central: https://repo.maven.apache.org/maven2/org/apache/maven/maven-plugin-descriptor/2.2.1/maven-plugin-descriptor-2.2.1.pom
[INFO] Downloaded from central: https://repo.maven.apache.org/maven2/org/apache/maven/maven-plugin-descriptor/2.2.1/maven-plugin-descriptor-2.2.1.pom (2.1 kB at 19 kB/s)
[INFO] Downloading from central: https://repo.maven.apache.org/maven2/org/apache/maven/maven-monitor/2.2.1/maven-monitor-2.2.1.pom
[INFO] Downloaded from central: https://repo.maven.apache.org/maven2/org/apache/maven/maven-monitor/2.2.1/maven-monitor-2.2.1.pom (1.3 kB at 60 kB/s)
[INFO] Downloading from central: https://repo.maven.apache.org/maven2/org/sonatype/plexus/plexus-sec-dispatcher/1.3/plexus-sec-dispatcher-1.3.pom
[INFO] Downloaded from central: https://repo.maven.apache.org/maven2/org/sonatype/plexus/plexus-sec-dispatcher/1.3/plexus-sec-dispatcher-1.3.pom (3.0 kB at 123 kB/s)
[INFO] Downloading from central: https://repo.maven.apache.org/maven2/org/sonatype/spice/spice-parent/12/spice-parent-12.pom
[INFO] Downloaded from central: https://repo.maven.apache.org/maven2/org/sonatype/spice/spice-parent/12/spice-parent-12.pom (6.8 kB at 296 kB/s)
[INFO] Downloading from central: https://repo.maven.apache.org/maven2/org/sonatype/forge/forge-parent/4/forge-parent-4.pom
[INFO] Downloaded from central: https://repo.maven.apache.org/maven2/org/sonatype/forge/forge-parent/4/forge-parent-4.pom (8.4 kB at 365 kB/s)
[INFO] Downloading from central: https://repo.maven.apache.org/maven2/org/sonatype/plexus/plexus-cipher/1.4/plexus-cipher-1.4.pom
[INFO] Downloaded from central: https://repo.maven.apache.org/maven2/org/sonatype/plexus/plexus-cipher/1.4/plexus-cipher-1.4.pom (2.1 kB at 86 kB/s)
[INFO] Downloading from central: https://repo.maven.apache.org/maven2/org/codehaus/plexus/plexus-component-annotations/1.5.5/plexus-component-annotations-1.5.5.pom
[INFO] Downloaded from central: https://repo.maven.apache.org/maven2/org/codehaus/plexus/plexus-component-annotations/1.5.5/plexus-component-annotations-1.5.5.pom (815 B at 35 kB/s)
[INFO] Downloading from central: https://repo.maven.apache.org/maven2/org/codehaus/plexus/plexus-containers/1.5.5/plexus-containers-1.5.5.pom
[INFO] Downloaded from central: https://repo.maven.apache.org/maven2/org/codehaus/plexus/plexus-containers/1.5.5/plexus-containers-1.5.5.pom (4.2 kB at 184 kB/s)
[INFO] Downloading from central: https://repo.maven.apache.org/maven2/org/codehaus/plexus/plexus/2.0.7/plexus-2.0.7.pom
[INFO] Downloaded from central: https://repo.maven.apache.org/maven2/org/codehaus/plexus/plexus/2.0.7/plexus-2.0.7.pom (17 kB at 692 kB/s)
[INFO] Downloading from central: https://repo.maven.apache.org/maven2/org/codehaus/plexus/plexus-compiler-api/2.2/plexus-compiler-api-2.2.pom
[INFO] Downloaded from central: https://repo.maven.apache.org/maven2/org/codehaus/plexus/plexus-compiler-api/2.2/plexus-compiler-api-2.2.pom (865 B at 39 kB/s)
[INFO] Downloading from central: https://repo.maven.apache.org/maven2/org/codehaus/plexus/plexus-compiler/2.2/plexus-compiler-2.2.pom
[INFO] Downloaded from central: https://repo.maven.apache.org/maven2/org/codehaus/plexus/plexus-compiler/2.2/plexus-compiler-2.2.pom (3.6 kB at 93 kB/s)
[INFO] Downloading from central: https://repo.maven.apache.org/maven2/org/codehaus/plexus/plexus-components/1.3.1/plexus-components-1.3.1.pom
[INFO] Downloaded from central: https://repo.maven.apache.org/maven2/org/codehaus/plexus/plexus-components/1.3.1/plexus-components-1.3.1.pom (3.1 kB at 27 kB/s)
[INFO] Downloading from central: https://repo.maven.apache.org/maven2/org/codehaus/plexus/plexus/3.3.1/plexus-3.3.1.pom
[INFO] Downloaded from central: https://repo.maven.apache.org/maven2/org/codehaus/plexus/plexus/3.3.1/plexus-3.3.1.pom (20 kB at 188 kB/s)
[INFO] Downloading from central: https://repo.maven.apache.org/maven2/org/sonatype/spice/spice-parent/17/spice-parent-17.pom
[INFO] Downloaded from central: https://repo.maven.apache.org/maven2/org/sonatype/spice/spice-parent/17/spice-parent-17.pom (6.8 kB at 233 kB/s)
[INFO] Downloading from central: https://repo.maven.apache.org/maven2/org/sonatype/forge/forge-parent/10/forge-parent-10.pom
[INFO] Downloaded from central: https://repo.maven.apache.org/maven2/org/sonatype/forge/forge-parent/10/forge-parent-10.pom (14 kB at 616 kB/s)
[INFO] Downloading from central: https://repo.maven.apache.org/maven2/org/codehaus/plexus/plexus-utils/3.0.8/plexus-utils-3.0.8.pom
[INFO] Downloaded from central: https://repo.maven.apache.org/maven2/org/codehaus/plexus/plexus-utils/3.0.8/plexus-utils-3.0.8.pom (3.1 kB at 150 kB/s)
[INFO] Downloading from central: https://repo.maven.apache.org/maven2/org/codehaus/plexus/plexus/3.2/plexus-3.2.pom
[INFO] Downloaded from central: https://repo.maven.apache.org/maven2/org/codehaus/plexus/plexus/3.2/plexus-3.2.pom (19 kB at 721 kB/s)
[INFO] Downloading from central: https://repo.maven.apache.org/maven2/org/codehaus/plexus/plexus-compiler-manager/2.2/plexus-compiler-manager-2.2.pom
[INFO] Downloaded from central: https://repo.maven.apache.org/maven2/org/codehaus/plexus/plexus-compiler-manager/2.2/plexus-compiler-manager-2.2.pom (690 B at 29 kB/s)
[INFO] Downloading from central: https://repo.maven.apache.org/maven2/org/codehaus/plexus/plexus-compiler-javac/2.2/plexus-compiler-javac-2.2.pom
[INFO] Downloaded from central: https://repo.maven.apache.org/maven2/org/codehaus/plexus/plexus-compiler-javac/2.2/plexus-compiler-javac-2.2.pom (769 B at 33 kB/s)
[INFO] Downloading from central: https://repo.maven.apache.org/maven2/org/codehaus/plexus/plexus-compilers/2.2/plexus-compilers-2.2.pom
[INFO] Downloaded from central: https://repo.maven.apache.org/maven2/org/codehaus/plexus/plexus-compilers/2.2/plexus-compilers-2.2.pom (1.2 kB at 44 kB/s)
[INFO] Downloading from central: https://repo.maven.apache.org/maven2/org/codehaus/plexus/plexus-container-default/1.5.5/plexus-container-default-1.5.5.pom
[INFO] Downloaded from central: https://repo.maven.apache.org/maven2/org/codehaus/plexus/plexus-container-default/1.5.5/plexus-container-default-1.5.5.pom (2.8 kB at 63 kB/s)
[INFO] Downloading from central: https://repo.maven.apache.org/maven2/org/codehaus/plexus/plexus-classworlds/2.2.2/plexus-classworlds-2.2.2.pom
[INFO] Downloaded from central: https://repo.maven.apache.org/maven2/org/codehaus/plexus/plexus-classworlds/2.2.2/plexus-classworlds-2.2.2.pom (4.0 kB at 130 kB/s)
[INFO] Downloading from central: https://repo.maven.apache.org/maven2/org/apache/xbean/xbean-reflect/3.4/xbean-reflect-3.4.pom
[INFO] Downloaded from central: https://repo.maven.apache.org/maven2/org/apache/xbean/xbean-reflect/3.4/xbean-reflect-3.4.pom (2.8 kB at 108 kB/s)
[INFO] Downloading from central: https://repo.maven.apache.org/maven2/org/apache/xbean/xbean/3.4/xbean-3.4.pom
[INFO] Downloaded from central: https://repo.maven.apache.org/maven2/org/apache/xbean/xbean/3.4/xbean-3.4.pom (19 kB at 662 kB/s)
[INFO] Downloading from central: https://repo.maven.apache.org/maven2/log4j/log4j/1.2.12/log4j-1.2.12.pom
[INFO] Downloaded from central: https://repo.maven.apache.org/maven2/log4j/log4j/1.2.12/log4j-1.2.12.pom (145 B at 5.0 kB/s)
[INFO] Downloading from central: https://repo.maven.apache.org/maven2/commons-logging/commons-logging-api/1.1/commons-logging-api-1.1.pom
[INFO] Downloaded from central: https://repo.maven.apache.org/maven2/commons-logging/commons-logging-api/1.1/commons-logging-api-1.1.pom (5.3 kB at 198 kB/s)
[INFO] Downloading from central: https://repo.maven.apache.org/maven2/com/google/collections/google-collections/1.0/google-collections-1.0.pom
[INFO] Downloaded from central: https://repo.maven.apache.org/maven2/com/google/collections/google-collections/1.0/google-collections-1.0.pom (2.5 kB at 22 kB/s)
[INFO] Downloading from central: https://repo.maven.apache.org/maven2/com/google/google/1/google-1.pom
[INFO] Downloaded from central: https://repo.maven.apache.org/maven2/com/google/google/1/google-1.pom (1.6 kB at 50 kB/s)
[INFO] Downloading from central: https://repo.maven.apache.org/maven2/junit/junit/3.8.2/junit-3.8.2.pom
[INFO] Downloaded from central: https://repo.maven.apache.org/maven2/junit/junit/3.8.2/junit-3.8.2.pom (747 B at 31 kB/s)
[INFO] Downloading from central: https://repo.maven.apache.org/maven2/org/apache/maven/maven-plugin-api/2.0.9/maven-plugin-api-2.0.9.jar
[INFO] Downloaded from central: https://repo.maven.apache.org/maven2/org/apache/maven/maven-plugin-api/2.0.9/maven-plugin-api-2.0.9.jar (13 kB at 561 kB/s)
[INFO] Downloading from central: https://repo.maven.apache.org/maven2/org/apache/maven/maven-artifact/2.0.9/maven-artifact-2.0.9.jar
[INFO] Downloading from central: https://repo.maven.apache.org/maven2/org/codehaus/plexus/plexus-utils/1.5.1/plexus-utils-1.5.1.jar
[INFO] Downloading from central: https://repo.maven.apache.org/maven2/org/apache/maven/maven-core/2.0.9/maven-core-2.0.9.jar
[INFO] Downloading from central: https://repo.maven.apache.org/maven2/org/apache/maven/maven-settings/2.0.9/maven-settings-2.0.9.jar
[INFO] Downloading from central: https://repo.maven.apache.org/maven2/org/apache/maven/maven-plugin-parameter-documenter/2.0.9/maven-plugin-parameter-documenter-2.0.9.jar
[INFO] Downloaded from central: https://repo.maven.apache.org/maven2/org/apache/maven/maven-artifact/2.0.9/maven-artifact-2.0.9.jar (89 kB at 3.3 MB/s)
[INFO] Downloading from central: https://repo.maven.apache.org/maven2/org/apache/maven/maven-profile/2.0.9/maven-profile-2.0.9.jar
[INFO] Downloaded from central: https://repo.maven.apache.org/maven2/org/apache/maven/maven-settings/2.0.9/maven-settings-2.0.9.jar (49 kB at 1.6 MB/s)
[INFO] Downloading from central: https://repo.maven.apache.org/maven2/org/apache/maven/maven-model/2.0.9/maven-model-2.0.9.jar
[INFO] Downloaded from central: https://repo.maven.apache.org/maven2/org/codehaus/plexus/plexus-utils/1.5.1/plexus-utils-1.5.1.jar (211 kB at 6.6 MB/s)
[INFO] Downloading from central: https://repo.maven.apache.org/maven2/org/apache/maven/maven-repository-metadata/2.0.9/maven-repository-metadata-2.0.9.jar
[INFO] Downloaded from central: https://repo.maven.apache.org/maven2/org/apache/maven/maven-core/2.0.9/maven-core-2.0.9.jar (160 kB at 3.3 MB/s)
[INFO] Downloading from central: https://repo.maven.apache.org/maven2/org/apache/maven/maven-error-diagnostics/2.0.9/maven-error-diagnostics-2.0.9.jar
[INFO] Downloaded from central: https://repo.maven.apache.org/maven2/org/apache/maven/maven-plugin-parameter-documenter/2.0.9/maven-plugin-parameter-documenter-2.0.9.jar (21 kB at 444 kB/s)
[INFO] Downloading from central: https://repo.maven.apache.org/maven2/org/apache/maven/maven-project/2.0.9/maven-project-2.0.9.jar
[INFO] Downloaded from central: https://repo.maven.apache.org/maven2/org/apache/maven/maven-profile/2.0.9/maven-profile-2.0.9.jar (35 kB at 722 kB/s)
[INFO] Downloading from central: https://repo.maven.apache.org/maven2/org/apache/maven/maven-plugin-registry/2.0.9/maven-plugin-registry-2.0.9.jar
[INFO] Downloaded from central: https://repo.maven.apache.org/maven2/org/apache/maven/maven-model/2.0.9/maven-model-2.0.9.jar (87 kB at 1.3 MB/s)
[INFO] Downloaded from central: https://repo.maven.apache.org/maven2/org/apache/maven/maven-repository-metadata/2.0.9/maven-repository-metadata-2.0.9.jar (25 kB at 361 kB/s)
[INFO] Downloading from central: https://repo.maven.apache.org/maven2/org/apache/maven/maven-plugin-descriptor/2.0.9/maven-plugin-descriptor-2.0.9.jar
[INFO] Downloading from central: https://repo.maven.apache.org/maven2/org/apache/maven/maven-artifact-manager/2.0.9/maven-artifact-manager-2.0.9.jar
[INFO] Downloaded from central: https://repo.maven.apache.org/maven2/org/apache/maven/maven-project/2.0.9/maven-project-2.0.9.jar (122 kB at 1.7 MB/s)
[INFO] Downloading from central: https://repo.maven.apache.org/maven2/org/apache/maven/maven-monitor/2.0.9/maven-monitor-2.0.9.jar
[INFO] Downloaded from central: https://repo.maven.apache.org/maven2/org/apache/maven/maven-plugin-registry/2.0.9/maven-plugin-registry-2.0.9.jar (29 kB at 383 kB/s)
[INFO] Downloading from central: https://repo.maven.apache.org/maven2/org/apache/maven/maven-toolchain/1.0/maven-toolchain-1.0.jar
[INFO] Downloaded from central: https://repo.maven.apache.org/maven2/org/apache/maven/maven-error-diagnostics/2.0.9/maven-error-diagnostics-2.0.9.jar (14 kB at 172 kB/s)
[INFO] Downloading from central: https://repo.maven.apache.org/maven2/org/apache/maven/shared/maven-shared-utils/0.1/maven-shared-utils-0.1.jar
[INFO] Downloaded from central: https://repo.maven.apache.org/maven2/org/apache/maven/maven-plugin-descriptor/2.0.9/maven-plugin-descriptor-2.0.9.jar (37 kB at 407 kB/s)
[INFO] Downloaded from central: https://repo.maven.apache.org/maven2/org/apache/maven/maven-artifact-manager/2.0.9/maven-artifact-manager-2.0.9.jar (58 kB at 636 kB/s)
[INFO] Downloading from central: https://repo.maven.apache.org/maven2/com/google/code/findbugs/jsr305/2.0.1/jsr305-2.0.1.jar
[INFO] Downloading from central: https://repo.maven.apache.org/maven2/org/apache/maven/shared/maven-shared-incremental/1.1/maven-shared-incremental-1.1.jar
[INFO] Downloaded from central: https://repo.maven.apache.org/maven2/org/apache/maven/maven-monitor/2.0.9/maven-monitor-2.0.9.jar (10 kB at 109 kB/s)
[INFO] Downloading from central: https://repo.maven.apache.org/maven2/org/codehaus/plexus/plexus-component-annotations/1.5.5/plexus-component-annotations-1.5.5.jar
[INFO] Downloaded from central: https://repo.maven.apache.org/maven2/org/apache/maven/maven-toolchain/1.0/maven-toolchain-1.0.jar (33 kB at 305 kB/s)
[INFO] Downloading from central: https://repo.maven.apache.org/maven2/org/codehaus/plexus/plexus-compiler-api/2.2/plexus-compiler-api-2.2.jar
[INFO] Downloaded from central: https://repo.maven.apache.org/maven2/org/apache/maven/shared/maven-shared-utils/0.1/maven-shared-utils-0.1.jar (155 kB at 1.4 MB/s)
[INFO] Downloading from central: https://repo.maven.apache.org/maven2/org/codehaus/plexus/plexus-compiler-manager/2.2/plexus-compiler-manager-2.2.jar
[INFO] Downloaded from central: https://repo.maven.apache.org/maven2/org/codehaus/plexus/plexus-component-annotations/1.5.5/plexus-component-annotations-1.5.5.jar (4.2 kB at 37 kB/s)
[INFO] Downloaded from central: https://repo.maven.apache.org/maven2/com/google/code/findbugs/jsr305/2.0.1/jsr305-2.0.1.jar (32 kB at 277 kB/s)
[INFO] Downloading from central: https://repo.maven.apache.org/maven2/org/codehaus/plexus/plexus-compiler-javac/2.2/plexus-compiler-javac-2.2.jar
[INFO] Downloading from central: https://repo.maven.apache.org/maven2/org/codehaus/plexus/plexus-container-default/1.5.5/plexus-container-default-1.5.5.jar
[INFO] Downloaded from central: https://repo.maven.apache.org/maven2/org/apache/maven/shared/maven-shared-incremental/1.1/maven-shared-incremental-1.1.jar (14 kB at 116 kB/s)
[INFO] Downloading from central: https://repo.maven.apache.org/maven2/org/codehaus/plexus/plexus-classworlds/2.2.2/plexus-classworlds-2.2.2.jar
[INFO] Downloaded from central: https://repo.maven.apache.org/maven2/org/codehaus/plexus/plexus-compiler-api/2.2/plexus-compiler-api-2.2.jar (25 kB at 180 kB/s)
[INFO] Downloading from central: https://repo.maven.apache.org/maven2/org/apache/xbean/xbean-reflect/3.4/xbean-reflect-3.4.jar
[INFO] Downloaded from central: https://repo.maven.apache.org/maven2/org/codehaus/plexus/plexus-classworlds/2.2.2/plexus-classworlds-2.2.2.jar (46 kB at 332 kB/s)
[INFO] Downloading from central: https://repo.maven.apache.org/maven2/log4j/log4j/1.2.12/log4j-1.2.12.jar
[INFO] Downloaded from central: https://repo.maven.apache.org/maven2/org/codehaus/plexus/plexus-compiler-javac/2.2/plexus-compiler-javac-2.2.jar (19 kB at 134 kB/s)
[INFO] Downloaded from central: https://repo.maven.apache.org/maven2/org/codehaus/plexus/plexus-container-default/1.5.5/plexus-container-default-1.5.5.jar (217 kB at 1.5 MB/s)
[INFO] Downloading from central: https://repo.maven.apache.org/maven2/commons-logging/commons-logging-api/1.1/commons-logging-api-1.1.jar
[INFO] Downloading from central: https://repo.maven.apache.org/maven2/com/google/collections/google-collections/1.0/google-collections-1.0.jar
[INFO] Downloaded from central: https://repo.maven.apache.org/maven2/org/codehaus/plexus/plexus-compiler-manager/2.2/plexus-compiler-manager-2.2.jar (4.6 kB at 31 kB/s)
[INFO] Downloading from central: https://repo.maven.apache.org/maven2/junit/junit/3.8.2/junit-3.8.2.jar
[INFO] Downloaded from central: https://repo.maven.apache.org/maven2/org/apache/xbean/xbean-reflect/3.4/xbean-reflect-3.4.jar (134 kB at 816 kB/s)
[INFO] Downloaded from central: https://repo.maven.apache.org/maven2/commons-logging/commons-logging-api/1.1/commons-logging-api-1.1.jar (45 kB at 261 kB/s)
[INFO] Downloaded from central: https://repo.maven.apache.org/maven2/com/google/collections/google-collections/1.0/google-collections-1.0.jar (640 kB at 3.6 MB/s)
[INFO] Downloaded from central: https://repo.maven.apache.org/maven2/log4j/log4j/1.2.12/log4j-1.2.12.jar (358 kB at 2.0 MB/s)
[INFO] Downloaded from central: https://repo.maven.apache.org/maven2/junit/junit/3.8.2/junit-3.8.2.jar (121 kB at 674 kB/s)
[INFO] Changes detected - recompiling the module!
[INFO] Compiling 14 source files to /project/target/classes
[INFO] -------------------------------------------------------------
[ERROR] COMPILATION ERROR : 
[INFO] -------------------------------------------------------------
[ERROR] /project/src/main/java/com/programmingskillz/familytreexmlparser/domain/Entries.java:[5,33] package javax.xml.bind.annotation does not exist
[ERROR] /project/src/main/java/com/programmingskillz/familytreexmlparser/domain/Entries.java:[6,33] package javax.xml.bind.annotation does not exist
[ERROR] /project/src/main/java/com/programmingskillz/familytreexmlparser/domain/Entries.java:[8,2] cannot find symbol
  symbol: class XmlRootElement
[ERROR] /project/src/main/java/com/programmingskillz/familytreexmlparser/domain/Entry.java:[3,33] package javax.xml.bind.annotation does not exist
[ERROR] /project/src/main/java/com/programmingskillz/familytreexmlparser/domain/Entry.java:[4,33] package javax.xml.bind.annotation does not exist
[ERROR] /project/src/main/java/com/programmingskillz/familytreexmlparser/domain/Entry.java:[5,33] package javax.xml.bind.annotation does not exist
[ERROR] /project/src/main/java/com/programmingskillz/familytreexmlparser/domain/Entry.java:[7,2] cannot find symbol
  symbol: class XmlRootElement
[ERROR] /project/src/main/java/com/programmingskillz/familytreexmlparser/infrastructure/ScheduledFileReader.java:[6,17] package org.slf4j does not exist
[ERROR] /project/src/main/java/com/programmingskillz/familytreexmlparser/infrastructure/ScheduledFileReader.java:[7,17] package org.slf4j does not exist
[ERROR] /project/src/main/java/com/programmingskillz/familytreexmlparser/infrastructure/ScheduledFileReader.java:[8,52] package org.springframework.beans.factory.annotation does not exist
[ERROR] /project/src/main/java/com/programmingskillz/familytreexmlparser/infrastructure/ScheduledFileReader.java:[9,52] package org.springframework.beans.factory.annotation does not exist
[ERROR] /project/src/main/java/com/programmingskillz/familytreexmlparser/infrastructure/ScheduledFileReader.java:[10,49] package org.springframework.scheduling.annotation does not exist
[ERROR] /project/src/main/java/com/programmingskillz/familytreexmlparser/infrastructure/ScheduledFileReader.java:[11,38] package org.springframework.stereotype does not exist
[ERROR] /project/src/main/java/com/programmingskillz/familytreexmlparser/infrastructure/ScheduledFileReader.java:[19,2] cannot find symbol
  symbol: class Component
[ERROR] /project/src/main/java/com/programmingskillz/familytreexmlparser/infrastructure/ScheduledFileReader.java:[22,24] cannot find symbol
  symbol:   class Logger
  location: class com.programmingskillz.familytreexmlparser.infrastructure.ScheduledFileReader
[ERROR] /project/src/main/java/com/programmingskillz/familytreexmlparser/application/validator/PathValidator.java:[3,17] package org.slf4j does not exist
[ERROR] /project/src/main/java/com/programmingskillz/familytreexmlparser/application/validator/PathValidator.java:[4,17] package org.slf4j does not exist
[ERROR] /project/src/main/java/com/programmingskillz/familytreexmlparser/application/validator/PathValidator.java:[5,38] package org.springframework.stereotype does not exist
[ERROR] /project/src/main/java/com/programmingskillz/familytreexmlparser/application/validator/PathValidator.java:[9,2] cannot find symbol
  symbol: class Component
[ERROR] /project/src/main/java/com/programmingskillz/familytreexmlparser/application/EntriesXmlParser.java:[4,17] package org.slf4j does not exist
[ERROR] /project/src/main/java/com/programmingskillz/familytreexmlparser/application/EntriesXmlParser.java:[5,17] package org.slf4j does not exist
[ERROR] /project/src/main/java/com/programmingskillz/familytreexmlparser/application/EntriesXmlParser.java:[6,38] package org.springframework.stereotype does not exist
[ERROR] /project/src/main/java/com/programmingskillz/familytreexmlparser/application/EntriesXmlParser.java:[10,22] package javax.xml.bind does not exist
[ERROR] /project/src/main/java/com/programmingskillz/familytreexmlparser/application/EntriesXmlParser.java:[11,22] package javax.xml.bind does not exist
[ERROR] /project/src/main/java/com/programmingskillz/familytreexmlparser/application/EntriesXmlParser.java:[12,22] package javax.xml.bind does not exist
[ERROR] /project/src/main/java/com/programmingskillz/familytreexmlparser/application/EntriesXmlParser.java:[14,2] cannot find symbol
  symbol: class Component
[ERROR] /project/src/main/java/com/programmingskillz/familytreexmlparser/application/DocumentService.java:[8,52] package org.springframework.beans.factory.annotation does not exist
[ERROR] /project/src/main/java/com/programmingskillz/familytreexmlparser/application/DocumentService.java:[9,38] package org.springframework.stereotype does not exist
[ERROR] /project/src/main/java/com/programmingskillz/familytreexmlparser/application/DocumentService.java:[13,2] cannot find symbol
  symbol: class Service
[ERROR] /project/src/main/java/com/programmingskillz/familytreexmlparser/application/validator/EntriesValidator.java:[6,38] package org.springframework.stereotype does not exist
[ERROR] /project/src/main/java/com/programmingskillz/familytreexmlparser/application/validator/EntriesValidator.java:[8,2] cannot find symbol
  symbol: class Component
[ERROR] /project/src/main/java/com/programmingskillz/familytreexmlparser/infrastructure/DocumentRepository.java:[4,52] package org.springframework.beans.factory.annotation does not exist
[ERROR] /project/src/main/java/com/programmingskillz/familytreexmlparser/infrastructure/DocumentRepository.java:[5,37] package org.springframework.jdbc.core does not exist
[ERROR] /project/src/main/java/com/programmingskillz/familytreexmlparser/infrastructure/DocumentRepository.java:[6,40] package org.springframework.jdbc.support does not exist
[ERROR] /project/src/main/java/com/programmingskillz/familytreexmlparser/infrastructure/DocumentRepository.java:[7,40] package org.springframework.jdbc.support does not exist
[ERROR] /project/src/main/java/com/programmingskillz/familytreexmlparser/infrastructure/DocumentRepository.java:[8,38] package org.springframework.stereotype does not exist
[ERROR] /project/src/main/java/com/programmingskillz/familytreexmlparser/infrastructure/DocumentRepository.java:[13,2] cannot find symbol
  symbol: class Repository
[ERROR] /project/src/main/java/com/programmingskillz/familytreexmlparser/infrastructure/DocumentRepository.java:[16,11] cannot find symbol
  symbol:   class JdbcTemplate
  location: class com.programmingskillz.familytreexmlparser.infrastructure.DocumentRepository
[ERROR] /project/src/main/java/com/programmingskillz/familytreexmlparser/infrastructure/DocumentRepository.java:[19,29] cannot find symbol
  symbol:   class JdbcTemplate
  location: class com.programmingskillz.familytreexmlparser.infrastructure.DocumentRepository
[ERROR] /project/src/main/java/com/programmingskillz/familytreexmlparser/application/EntriesXmlParser.java:[17,24] cannot find symbol
  symbol:   class Logger
  location: class com.programmingskillz.familytreexmlparser.application.EntriesXmlParser
[ERROR] /project/src/main/java/com/programmingskillz/familytreexmlparser/application/validator/PathValidator.java:[12,24] cannot find symbol
  symbol:   class Logger
  location: class com.programmingskillz.familytreexmlparser.application.validator.PathValidator
[ERROR] /project/src/main/java/com/programmingskillz/FamilyTreeXmlParserApplication.java:[3,32] package org.springframework.boot does not exist
[ERROR] /project/src/main/java/com/programmingskillz/FamilyTreeXmlParserApplication.java:[4,46] package org.springframework.boot.autoconfigure does not exist
[ERROR] /project/src/main/java/com/programmingskillz/FamilyTreeXmlParserApplication.java:[5,49] package org.springframework.scheduling.annotation does not exist
[ERROR] /project/src/main/java/com/programmingskillz/FamilyTreeXmlParserApplication.java:[7,2] cannot find symbol
  symbol: class EnableScheduling
[ERROR] /project/src/main/java/com/programmingskillz/FamilyTreeXmlParserApplication.java:[8,2] cannot find symbol
  symbol: class SpringBootApplication
[ERROR] /project/src/main/java/com/programmingskillz/familytreexmlparser/api/DocumentController.java:[5,52] package org.springframework.beans.factory.annotation does not exist
[ERROR] /project/src/main/java/com/programmingskillz/familytreexmlparser/api/DocumentController.java:[6,32] package org.springframework.http does not exist
[ERROR] /project/src/main/java/com/programmingskillz/familytreexmlparser/api/DocumentController.java:[7,32] package org.springframework.http does not exist
[ERROR] /project/src/main/java/com/programmingskillz/familytreexmlparser/api/DocumentController.java:[8,32] package org.springframework.http does not exist
[ERROR] /project/src/main/java/com/programmingskillz/familytreexmlparser/api/DocumentController.java:[9,47] package org.springframework.web.bind.annotation does not exist
[ERROR] /project/src/main/java/com/programmingskillz/familytreexmlparser/api/DocumentController.java:[10,47] package org.springframework.web.bind.annotation does not exist
[ERROR] /project/src/main/java/com/programmingskillz/familytreexmlparser/api/DocumentController.java:[11,47] package org.springframework.web.bind.annotation does not exist
[ERROR] /project/src/main/java/com/programmingskillz/familytreexmlparser/api/DocumentController.java:[13,2] cannot find symbol
  symbol: class RestController
[ERROR] /project/src/main/java/com/programmingskillz/familytreexmlparser/api/DocumentController.java:[24,10] cannot find symbol
  symbol:   class ResponseEntity
  location: class com.programmingskillz.familytreexmlparser.api.DocumentController
[ERROR] /project/src/main/java/com/programmingskillz/familytreexmlparser/api/ErrorHandler.java:[5,32] package org.springframework.http does not exist
[ERROR] /project/src/main/java/com/programmingskillz/familytreexmlparser/api/ErrorHandler.java:[6,32] package org.springframework.http does not exist
[ERROR] /project/src/main/java/com/programmingskillz/familytreexmlparser/api/ErrorHandler.java:[7,32] package org.springframework.http does not exist
[ERROR] /project/src/main/java/com/programmingskillz/familytreexmlparser/api/ErrorHandler.java:[8,47] package org.springframework.web.bind.annotation does not exist
[ERROR] /project/src/main/java/com/programmingskillz/familytreexmlparser/api/ErrorHandler.java:[9,47] package org.springframework.web.bind.annotation does not exist
[ERROR] /project/src/main/java/com/programmingskillz/familytreexmlparser/api/ErrorHandler.java:[11,2] cannot find symbol
  symbol: class RestControllerAdvice
[ERROR] /project/src/main/java/com/programmingskillz/familytreexmlparser/api/ErrorHandler.java:[15,10] cannot find symbol
  symbol:   class ResponseEntity
  location: class com.programmingskillz.familytreexmlparser.api.ErrorHandler
[ERROR] /project/src/main/java/com/programmingskillz/familytreexmlparser/api/ErrorHandler.java:[22,10] cannot find symbol
  symbol:   class ResponseEntity
  location: class com.programmingskillz.familytreexmlparser.api.ErrorHandler
[ERROR] /project/src/main/java/com/programmingskillz/familytreexmlparser/domain/Entries.java:[17,4] cannot find symbol
  symbol:   class XmlElement
  location: class com.programmingskillz.familytreexmlparser.domain.Entries
[ERROR] /project/src/main/java/com/programmingskillz/familytreexmlparser/domain/Entry.java:[17,4] cannot find symbol
  symbol:   class XmlAttribute
  location: class com.programmingskillz.familytreexmlparser.domain.Entry
[ERROR] /project/src/main/java/com/programmingskillz/familytreexmlparser/domain/Entry.java:[26,4] cannot find symbol
  symbol:   class XmlValue
  location: class com.programmingskillz.familytreexmlparser.domain.Entry
[ERROR] /project/src/main/java/com/programmingskillz/familytreexmlparser/infrastructure/ScheduledFileReader.java:[24,4] cannot find symbol
  symbol:   class Value
  location: class com.programmingskillz.familytreexmlparser.infrastructure.ScheduledFileReader
[ERROR] /project/src/main/java/com/programmingskillz/familytreexmlparser/infrastructure/ScheduledFileReader.java:[31,4] cannot find symbol
  symbol:   class Autowired
  location: class com.programmingskillz.familytreexmlparser.infrastructure.ScheduledFileReader
[ERROR] /project/src/main/java/com/programmingskillz/familytreexmlparser/infrastructure/ScheduledFileReader.java:[39,4] cannot find symbol
  symbol:   class Scheduled
  location: class com.programmingskillz.familytreexmlparser.infrastructure.ScheduledFileReader
[ERROR] /project/src/main/java/com/programmingskillz/familytreexmlparser/application/DocumentService.java:[19,4] cannot find symbol
  symbol:   class Autowired
  location: class com.programmingskillz.familytreexmlparser.application.DocumentService
[ERROR] /project/src/main/java/com/programmingskillz/familytreexmlparser/infrastructure/DocumentRepository.java:[18,4] cannot find symbol
  symbol:   class Autowired
  location: class com.programmingskillz.familytreexmlparser.infrastructure.DocumentRepository
[ERROR] /project/src/main/java/com/programmingskillz/familytreexmlparser/api/DocumentController.java:[18,4] cannot find symbol
  symbol:   class Autowired
  location: class com.programmingskillz.familytreexmlparser.api.DocumentController
[ERROR] /project/src/main/java/com/programmingskillz/familytreexmlparser/api/DocumentController.java:[24,43] cannot find symbol
  symbol:   class RequestBody
  location: class com.programmingskillz.familytreexmlparser.api.DocumentController
[ERROR] /project/src/main/java/com/programmingskillz/familytreexmlparser/api/DocumentController.java:[23,4] cannot find symbol
  symbol:   class PostMapping
  location: class com.programmingskillz.familytreexmlparser.api.DocumentController
[ERROR] /project/src/main/java/com/programmingskillz/familytreexmlparser/api/DocumentController.java:[23,48] cannot find symbol
  symbol:   variable MediaType
  location: class com.programmingskillz.familytreexmlparser.api.DocumentController
[ERROR] /project/src/main/java/com/programmingskillz/familytreexmlparser/api/ErrorHandler.java:[14,4] cannot find symbol
  symbol:   class ExceptionHandler
  location: class com.programmingskillz.familytreexmlparser.api.ErrorHandler
[ERROR] /project/src/main/java/com/programmingskillz/familytreexmlparser/api/ErrorHandler.java:[21,4] cannot find symbol
  symbol:   class ExceptionHandler
  location: class com.programmingskillz.familytreexmlparser.api.ErrorHandler
[ERROR] /project/src/main/java/com/programmingskillz/familytreexmlparser/infrastructure/ScheduledFileReader.java:[22,37] cannot find symbol
  symbol:   variable LoggerFactory
  location: class com.programmingskillz.familytreexmlparser.infrastructure.ScheduledFileReader
[ERROR] /project/src/main/java/com/programmingskillz/familytreexmlparser/application/validator/PathValidator.java:[12,37] cannot find symbol
  symbol:   variable LoggerFactory
  location: class com.programmingskillz.familytreexmlparser.application.validator.PathValidator
[ERROR] /project/src/main/java/com/programmingskillz/familytreexmlparser/application/EntriesXmlParser.java:[17,37] cannot find symbol
  symbol:   variable LoggerFactory
  location: class com.programmingskillz.familytreexmlparser.application.EntriesXmlParser
[ERROR] /project/src/main/java/com/programmingskillz/familytreexmlparser/application/EntriesXmlParser.java:[21,7] cannot find symbol
  symbol:   class JAXBContext
  location: class com.programmingskillz.familytreexmlparser.application.EntriesXmlParser
[ERROR] /project/src/main/java/com/programmingskillz/familytreexmlparser/application/EntriesXmlParser.java:[21,29] cannot find symbol
  symbol:   variable JAXBContext
  location: class com.programmingskillz.familytreexmlparser.application.EntriesXmlParser
[ERROR] /project/src/main/java/com/programmingskillz/familytreexmlparser/application/EntriesXmlParser.java:[22,7] cannot find symbol
  symbol:   class Unmarshaller
  location: class com.programmingskillz.familytreexmlparser.application.EntriesXmlParser
[ERROR] /project/src/main/java/com/programmingskillz/familytreexmlparser/application/EntriesXmlParser.java:[24,14] cannot find symbol
  symbol:   class JAXBException
  location: class com.programmingskillz.familytreexmlparser.application.EntriesXmlParser
[ERROR] /project/src/main/java/com/programmingskillz/familytreexmlparser/infrastructure/DocumentRepository.java:[38,5] cannot find symbol
  symbol:   class KeyHolder
  location: class com.programmingskillz.familytreexmlparser.infrastructure.DocumentRepository
[ERROR] /project/src/main/java/com/programmingskillz/familytreexmlparser/infrastructure/DocumentRepository.java:[38,31] cannot find symbol
  symbol:   class GeneratedKeyHolder
  location: class com.programmingskillz.familytreexmlparser.infrastructure.DocumentRepository
[ERROR] /project/src/main/java/com/programmingskillz/FamilyTreeXmlParserApplication.java:[11,5] cannot find symbol
  symbol:   variable SpringApplication
  location: class com.programmingskillz.FamilyTreeXmlParserApplication
[ERROR] /project/src/main/java/com/programmingskillz/familytreexmlparser/api/DocumentController.java:[29,22] cannot find symbol
  symbol:   variable MediaType
  location: class com.programmingskillz.familytreexmlparser.api.DocumentController
[ERROR] /project/src/main/java/com/programmingskillz/familytreexmlparser/api/DocumentController.java:[28,34] cannot find symbol
  symbol:   variable HttpStatus
  location: class com.programmingskillz.familytreexmlparser.api.DocumentController
[ERROR] /project/src/main/java/com/programmingskillz/familytreexmlparser/api/DocumentController.java:[28,12] cannot find symbol
  symbol:   variable ResponseEntity
  location: class com.programmingskillz.familytreexmlparser.api.DocumentController
[ERROR] /project/src/main/java/com/programmingskillz/familytreexmlparser/api/ErrorHandler.java:[17,22] cannot find symbol
  symbol:   variable MediaType
  location: class com.programmingskillz.familytreexmlparser.api.ErrorHandler
[ERROR] /project/src/main/java/com/programmingskillz/familytreexmlparser/api/ErrorHandler.java:[16,34] cannot find symbol
  symbol:   variable HttpStatus
  location: class com.programmingskillz.familytreexmlparser.api.ErrorHandler
[ERROR] /project/src/main/java/com/programmingskillz/familytreexmlparser/api/ErrorHandler.java:[16,12] cannot find symbol
  symbol:   variable ResponseEntity
  location: class com.programmingskillz.familytreexmlparser.api.ErrorHandler
[ERROR] /project/src/main/java/com/programmingskillz/familytreexmlparser/api/ErrorHandler.java:[24,22] cannot find symbol
  symbol:   variable MediaType
  location: class com.programmingskillz.familytreexmlparser.api.ErrorHandler
[ERROR] /project/src/main/java/com/programmingskillz/familytreexmlparser/api/ErrorHandler.java:[23,34] cannot find symbol
  symbol:   variable HttpStatus
  location: class com.programmingskillz.familytreexmlparser.api.ErrorHandler
[ERROR] /project/src/main/java/com/programmingskillz/familytreexmlparser/api/ErrorHandler.java:[23,12] cannot find symbol
  symbol:   variable ResponseEntity
  location: class com.programmingskillz.familytreexmlparser.api.ErrorHandler
[INFO] 96 errors 
[INFO] -------------------------------------------------------------
[INFO] ------------------------------------------------------------------------
[INFO] BUILD FAILURE
[INFO] ------------------------------------------------------------------------
[INFO] Total time:  18.027 s
[INFO] Finished at: 2026-06-16T21:32:16Z
[INFO] ------------------------------------------------------------------------
[ERROR] Failed to execute goal org.apache.maven.plugins:maven-compiler-plugin:3.1:compile (default-compile) on project family-tree-xml-parser: Compilation failure: Compilation failure: 
[ERROR] /project/src/main/java/com/programmingskillz/familytreexmlparser/domain/Entries.java:[5,33] package javax.xml.bind.annotation does not exist
[ERROR] /project/src/main/java/com/programmingskillz/familytreexmlparser/domain/Entries.java:[6,33] package javax.xml.bind.annotation does not exist
[ERROR] /project/src/main/java/com/programmingskillz/familytreexmlparser/domain/Entries.java:[8,2] cannot find symbol
[ERROR]   symbol: class XmlRootElement
[ERROR] /project/src/main/java/com/programmingskillz/familytreexmlparser/domain/Entry.java:[3,33] package javax.xml.bind.annotation does not exist
[ERROR] /project/src/main/java/com/programmingskillz/familytreexmlparser/domain/Entry.java:[4,33] package javax.xml.bind.annotation does not exist
[ERROR] /project/src/main/java/com/programmingskillz/familytreexmlparser/domain/Entry.java:[5,33] package javax.xml.bind.annotation does not exist
[ERROR] /project/src/main/java/com/programmingskillz/familytreexmlparser/domain/Entry.java:[7,2] cannot find symbol
[ERROR]   symbol: class XmlRootElement
[ERROR] /project/src/main/java/com/programmingskillz/familytreexmlparser/infrastructure/ScheduledFileReader.java:[6,17] package org.slf4j does not exist
[ERROR] /project/src/main/java/com/programmingskillz/familytreexmlparser/infrastructure/ScheduledFileReader.java:[7,17] package org.slf4j does not exist
[ERROR] /project/src/main/java/com/programmingskillz/familytreexmlparser/infrastructure/ScheduledFileReader.java:[8,52] package org.springframework.beans.factory.annotation does not exist
[ERROR] /project/src/main/java/com/programmingskillz/familytreexmlparser/infrastructure/ScheduledFileReader.java:[9,52] package org.springframework.beans.factory.annotation does not exist
[ERROR] /project/src/main/java/com/programmingskillz/familytreexmlparser/infrastructure/ScheduledFileReader.java:[10,49] package org.springframework.scheduling.annotation does not exist
[ERROR] /project/src/main/java/com/programmingskillz/familytreexmlparser/infrastructure/ScheduledFileReader.java:[11,38] package org.springframework.stereotype does not exist
[ERROR] /project/src/main/java/com/programmingskillz/familytreexmlparser/infrastructure/ScheduledFileReader.java:[19,2] cannot find symbol
[ERROR]   symbol: class Component
[ERROR] /project/src/main/java/com/programmingskillz/familytreexmlparser/infrastructure/ScheduledFileReader.java:[22,24] cannot find symbol
[ERROR]   symbol:   class Logger
[ERROR]   location: class com.programmingskillz.familytreexmlparser.infrastructure.ScheduledFileReader
[ERROR] /project/src/main/java/com/programmingskillz/familytreexmlparser/application/validator/PathValidator.java:[3,17] package org.slf4j does not exist
[ERROR] /project/src/main/java/com/programmingskillz/familytreexmlparser/application/validator/PathValidator.java:[4,17] package org.slf4j does not exist
[ERROR] /project/src/main/java/com/programmingskillz/familytreexmlparser/application/validator/PathValidator.java:[5,38] package org.springframework.stereotype does not exist
[ERROR] /project/src/main/java/com/programmingskillz/familytreexmlparser/application/validator/PathValidator.java:[9,2] cannot find symbol
[ERROR]   symbol: class Component
[ERROR] /project/src/main/java/com/programmingskillz/familytreexmlparser/application/EntriesXmlParser.java:[4,17] package org.slf4j does not exist
[ERROR] /project/src/main/java/com/programmingskillz/familytreexmlparser/application/EntriesXmlParser.java:[5,17] package org.slf4j does not exist
[ERROR] /project/src/main/java/com/programmingskillz/familytreexmlparser/application/EntriesXmlParser.java:[6,38] package org.springframework.stereotype does not exist
[ERROR] /project/src/main/java/com/programmingskillz/familytreexmlparser/application/EntriesXmlParser.java:[10,22] package javax.xml.bind does not exist
[ERROR] /project/src/main/java/com/programmingskillz/familytreexmlparser/application/EntriesXmlParser.java:[11,22] package javax.xml.bind does not exist
[ERROR] /project/src/main/java/com/programmingskillz/familytreexmlparser/application/EntriesXmlParser.java:[12,22] package javax.xml.bind does not exist
[ERROR] /project/src/main/java/com/programmingskillz/familytreexmlparser/application/EntriesXmlParser.java:[14,2] cannot find symbol
[ERROR]   symbol: class Component
[ERROR] /project/src/main/java/com/programmingskillz/familytreexmlparser/application/DocumentService.java:[8,52] package org.springframework.beans.factory.annotation does not exist
[ERROR] /project/src/main/java/com/programmingskillz/familytreexmlparser/application/DocumentService.java:[9,38] package org.springframework.stereotype does not exist
[ERROR] /project/src/main/java/com/programmingskillz/familytreexmlparser/application/DocumentService.java:[13,2] cannot find symbol
[ERROR]   symbol: class Service
[ERROR] /project/src/main/java/com/programmingskillz/familytreexmlparser/application/validator/EntriesValidator.java:[6,38] package org.springframework.stereotype does not exist
[ERROR] /project/src/main/java/com/programmingskillz/familytreexmlparser/application/validator/EntriesValidator.java:[8,2] cannot find symbol
[ERROR]   symbol: class Component
[ERROR] /project/src/main/java/com/programmingskillz/familytreexmlparser/infrastructure/DocumentRepository.java:[4,52] package org.springframework.beans.factory.annotation does not exist
[ERROR] /project/src/main/java/com/programmingskillz/familytreexmlparser/infrastructure/DocumentRepository.java:[5,37] package org.springframework.jdbc.core does not exist
[ERROR] /project/src/main/java/com/programmingskillz/familytreexmlparser/infrastructure/DocumentRepository.java:[6,40] package org.springframework.jdbc.support does not exist
[ERROR] /project/src/main/java/com/programmingskillz/familytreexmlparser/infrastructure/DocumentRepository.java:[7,40] package org.springframework.jdbc.support does not exist
[ERROR] /project/src/main/java/com/programmingskillz/familytreexmlparser/infrastructure/DocumentRepository.java:[8,38] package org.springframework.stereotype does not exist
[ERROR] /project/src/main/java/com/programmingskillz/familytreexmlparser/infrastructure/DocumentRepository.java:[13,2] cannot find symbol
[ERROR]   symbol: class Repository
[ERROR] /project/src/main/java/com/programmingskillz/familytreexmlparser/infrastructure/DocumentRepository.java:[16,11] cannot find symbol
[ERROR]   symbol:   class JdbcTemplate
[ERROR]   location: class com.programmingskillz.familytreexmlparser.infrastructure.DocumentRepository
[ERROR] /project/src/main/java/com/programmingskillz/familytreexmlparser/infrastructure/DocumentRepository.java:[19,29] cannot find symbol
[ERROR]   symbol:   class JdbcTemplate
[ERROR]   location: class com.programmingskillz.familytreexmlparser.infrastructure.DocumentRepository
[ERROR] /project/src/main/java/com/programmingskillz/familytreexmlparser/application/EntriesXmlParser.java:[17,24] cannot find symbol
[ERROR]   symbol:   class Logger
[ERROR]   location: class com.programmingskillz.familytreexmlparser.application.EntriesXmlParser
[ERROR] /project/src/main/java/com/programmingskillz/familytreexmlparser/application/validator/PathValidator.java:[12,24] cannot find symbol
[ERROR]   symbol:   class Logger
[ERROR]   location: class com.programmingskillz.familytreexmlparser.application.validator.PathValidator
[ERROR] /project/src/main/java/com/programmingskillz/FamilyTreeXmlParserApplication.java:[3,32] package org.springframework.boot does not exist
[ERROR] /project/src/main/java/com/programmingskillz/FamilyTreeXmlParserApplication.java:[4,46] package org.springframework.boot.autoconfigure does not exist
[ERROR] /project/src/main/java/com/programmingskillz/FamilyTreeXmlParserApplication.java:[5,49] package org.springframework.scheduling.annotation does not exist
[ERROR] /project/src/main/java/com/programmingskillz/FamilyTreeXmlParserApplication.java:[7,2] cannot find symbol
[ERROR]   symbol: class EnableScheduling
[ERROR] /project/src/main/java/com/programmingskillz/FamilyTreeXmlParserApplication.java:[8,2] cannot find symbol
[ERROR]   symbol: class SpringBootApplication
[ERROR] /project/src/main/java/com/programmingskillz/familytreexmlparser/api/DocumentController.java:[5,52] package org.springframework.beans.factory.annotation does not exist
[ERROR] /project/src/main/java/com/programmingskillz/familytreexmlparser/api/DocumentController.java:[6,32] package org.springframework.http does not exist
[ERROR] /project/src/main/java/com/programmingskillz/familytreexmlparser/api/DocumentController.java:[7,32] package org.springframework.http does not exist
[ERROR] /project/src/main/java/com/programmingskillz/familytreexmlparser/api/DocumentController.java:[8,32] package org.springframework.http does not exist
[ERROR] /project/src/main/java/com/programmingskillz/familytreexmlparser/api/DocumentController.java:[9,47] package org.springframework.web.bind.annotation does not exist
[ERROR] /project/src/main/java/com/programmingskillz/familytreexmlparser/api/DocumentController.java:[10,47] package org.springframework.web.bind.annotation does not exist
[ERROR] /project/src/main/java/com/programmingskillz/familytreexmlparser/api/DocumentController.java:[11,47] package org.springframework.web.bind.annotation does not exist
[ERROR] /project/src/main/java/com/programmingskillz/familytreexmlparser/api/DocumentController.java:[13,2] cannot find symbol
[ERROR]   symbol: class RestController
[ERROR] /project/src/main/java/com/programmingskillz/familytreexmlparser/api/DocumentController.java:[24,10] cannot find symbol
[ERROR]   symbol:   class ResponseEntity
[ERROR]   location: class com.programmingskillz.familytreexmlparser.api.DocumentController
[ERROR] /project/src/main/java/com/programmingskillz/familytreexmlparser/api/ErrorHandler.java:[5,32] package org.springframework.http does not exist
[ERROR] /project/src/main/java/com/programmingskillz/familytreexmlparser/api/ErrorHandler.java:[6,32] package org.springframework.http does not exist
[ERROR] /project/src/main/java/com/programmingskillz/familytreexmlparser/api/ErrorHandler.java:[7,32] package org.springframework.http does not exist
[ERROR] /project/src/main/java/com/programmingskillz/familytreexmlparser/api/ErrorHandler.java:[8,47] package org.springframework.web.bind.annotation does not exist
[ERROR] /project/src/main/java/com/programmingskillz/familytreexmlparser/api/ErrorHandler.java:[9,47] package org.springframework.web.bind.annotation does not exist
[ERROR] /project/src/main/java/com/programmingskillz/familytreexmlparser/api/ErrorHandler.java:[11,2] cannot find symbol
[ERROR]   symbol: class RestControllerAdvice
[ERROR] /project/src/main/java/com/programmingskillz/familytreexmlparser/api/ErrorHandler.java:[15,10] cannot find symbol
[ERROR]   symbol:   class ResponseEntity
[ERROR]   location: class com.programmingskillz.familytreexmlparser.api.ErrorHandler
[ERROR] /project/src/main/java/com/programmingskillz/familytreexmlparser/api/ErrorHandler.java:[22,10] cannot find symbol
[ERROR]   symbol:   class ResponseEntity
[ERROR]   location: class com.programmingskillz.familytreexmlparser.api.ErrorHandler
[ERROR] /project/src/main/java/com/programmingskillz/familytreexmlparser/domain/Entries.java:[17,4] cannot find symbol
[ERROR]   symbol:   class XmlElement
[ERROR]   location: class com.programmingskillz.familytreexmlparser.domain.Entries
[ERROR] /project/src/main/java/com/programmingskillz/familytreexmlparser/domain/Entry.java:[17,4] cannot find symbol
[ERROR]   symbol:   class XmlAttribute
[ERROR]   location: class com.programmingskillz.familytreexmlparser.domain.Entry
[ERROR] /project/src/main/java/com/programmingskillz/familytreexmlparser/domain/Entry.java:[26,4] cannot find symbol
[ERROR]   symbol:   class XmlValue
[ERROR]   location: class com.programmingskillz.familytreexmlparser.domain.Entry
[ERROR] /project/src/main/java/com/programmingskillz/familytreexmlparser/infrastructure/ScheduledFileReader.java:[24,4] cannot find symbol
[ERROR]   symbol:   class Value
[ERROR]   location: class com.programmingskillz.familytreexmlparser.infrastructure.ScheduledFileReader
[ERROR] /project/src/main/java/com/programmingskillz/familytreexmlparser/infrastructure/ScheduledFileReader.java:[31,4] cannot find symbol
[ERROR]   symbol:   class Autowired
[ERROR]   location: class com.programmingskillz.familytreexmlparser.infrastructure.ScheduledFileReader
[ERROR] /project/src/main/java/com/programmingskillz/familytreexmlparser/infrastructure/ScheduledFileReader.java:[39,4] cannot find symbol
[ERROR]   symbol:   class Scheduled
[ERROR]   location: class com.programmingskillz.familytreexmlparser.infrastructure.ScheduledFileReader
[ERROR] /project/src/main/java/com/programmingskillz/familytreexmlparser/application/DocumentService.java:[19,4] cannot find symbol
[ERROR]   symbol:   class Autowired
[ERROR]   location: class com.programmingskillz.familytreexmlparser.application.DocumentService
[ERROR] /project/src/main/java/com/programmingskillz/familytreexmlparser/infrastructure/DocumentRepository.java:[18,4] cannot find symbol
[ERROR]   symbol:   class Autowired
[ERROR]   location: class com.programmingskillz.familytreexmlparser.infrastructure.DocumentRepository
[ERROR] /project/src/main/java/com/programmingskillz/familytreexmlparser/api/DocumentController.java:[18,4] cannot find symbol
[ERROR]   symbol:   class Autowired
[ERROR]   location: class com.programmingskillz.familytreexmlparser.api.DocumentController
[ERROR] /project/src/main/java/com/programmingskillz/familytreexmlparser/api/DocumentController.java:[24,43] cannot find symbol
[ERROR]   symbol:   class RequestBody
[ERROR]   location: class com.programmingskillz.familytreexmlparser.api.DocumentController
[ERROR] /project/src/main/java/com/programmingskillz/familytreexmlparser/api/DocumentController.java:[23,4] cannot find symbol
[ERROR]   symbol:   class PostMapping
[ERROR]   location: class com.programmingskillz.familytreexmlparser.api.DocumentController
[ERROR] /project/src/main/java/com/programmingskillz/familytreexmlparser/api/DocumentController.java:[23,48] cannot find symbol
[ERROR]   symbol:   variable MediaType
[ERROR]   location: class com.programmingskillz.familytreexmlparser.api.DocumentController
[ERROR] /project/src/main/java/com/programmingskillz/familytreexmlparser/api/ErrorHandler.java:[14,4] cannot find symbol
[ERROR]   symbol:   class ExceptionHandler
[ERROR]   location: class com.programmingskillz.familytreexmlparser.api.ErrorHandler
[ERROR] /project/src/main/java/com/programmingskillz/familytreexmlparser/api/ErrorHandler.java:[21,4] cannot find symbol
[ERROR]   symbol:   class ExceptionHandler
[ERROR]   location: class com.programmingskillz.familytreexmlparser.api.ErrorHandler
[ERROR] /project/src/main/java/com/programmingskillz/familytreexmlparser/infrastructure/ScheduledFileReader.java:[22,37] cannot find symbol
[ERROR]   symbol:   variable LoggerFactory
[ERROR]   location: class com.programmingskillz.familytreexmlparser.infrastructure.ScheduledFileReader
[ERROR] /project/src/main/java/com/programmingskillz/familytreexmlparser/application/validator/PathValidator.java:[12,37] cannot find symbol
[ERROR]   symbol:   variable LoggerFactory
[ERROR]   location: class com.programmingskillz.familytreexmlparser.application.validator.PathValidator
[ERROR] /project/src/main/java/com/programmingskillz/familytreexmlparser/application/EntriesXmlParser.java:[17,37] cannot find symbol
[ERROR]   symbol:   variable LoggerFactory
[ERROR]   location: class com.programmingskillz.familytreexmlparser.application.EntriesXmlParser
[ERROR] /project/src/main/java/com/programmingskillz/familytreexmlparser/application/EntriesXmlParser.java:[21,7] cannot find symbol
[ERROR]   symbol:   class JAXBContext
[ERROR]   location: class com.programmingskillz.familytreexmlparser.application.EntriesXmlParser
[ERROR] /project/src/main/java/com/programmingskillz/familytreexmlparser/application/EntriesXmlParser.java:[21,29] cannot find symbol
[ERROR]   symbol:   variable JAXBContext
[ERROR]   location: class com.programmingskillz.familytreexmlparser.application.EntriesXmlParser
[ERROR] /project/src/main/java/com/programmingskillz/familytreexmlparser/application/EntriesXmlParser.java:[22,7] cannot find symbol
[ERROR]   symbol:   class Unmarshaller
[ERROR]   location: class com.programmingskillz.familytreexmlparser.application.EntriesXmlParser
[ERROR] /project/src/main/java/com/programmingskillz/familytreexmlparser/application/EntriesXmlParser.java:[24,14] cannot find symbol
[ERROR]   symbol:   class JAXBException
[ERROR]   location: class com.programmingskillz.familytreexmlparser.application.EntriesXmlParser
[ERROR] /project/src/main/java/com/programmingskillz/familytreexmlparser/infrastructure/DocumentRepository.java:[38,5] cannot find symbol
[ERROR]   symbol:   class KeyHolder
[ERROR]   location: class com.programmingskillz.familytreexmlparser.infrastructure.DocumentRepository
[ERROR] /project/src/main/java/com/programmingskillz/familytreexmlparser/infrastructure/DocumentRepository.java:[38,31] cannot find symbol
[ERROR]   symbol:   class GeneratedKeyHolder
[ERROR]   location: class com.programmingskillz.familytreexmlparser.infrastructure.DocumentRepository
[ERROR] /project/src/main/java/com/programmingskillz/FamilyTreeXmlParserApplication.java:[11,5] cannot find symbol
[ERROR]   symbol:   variable SpringApplication
[ERROR]   location: class com.programmingskillz.FamilyTreeXmlParserApplication
[ERROR] /project/src/main/java/com/programmingskillz/familytreexmlparser/api/DocumentController.java:[29,22] cannot find symbol
[ERROR]   symbol:   variable MediaType
[ERROR]   location: class com.programmingskillz.familytreexmlparser.api.DocumentController
[ERROR] /project/src/main/java/com/programmingskillz/familytreexmlparser/api/DocumentController.java:[28,34] cannot find symbol
[ERROR]   symbol:   variable HttpStatus
[ERROR]   location: class com.programmingskillz.familytreexmlparser.api.DocumentController
[ERROR] /project/src/main/java/com/programmingskillz/familytreexmlparser/api/DocumentController.java:[28,12] cannot find symbol
[ERROR]   symbol:   variable ResponseEntity
[ERROR]   location: class com.programmingskillz.familytreexmlparser.api.DocumentController
[ERROR] /project/src/main/java/com/programmingskillz/familytreexmlparser/api/ErrorHandler.java:[17,22] cannot find symbol
[ERROR]   symbol:   variable MediaType
[ERROR]   location: class com.programmingskillz.familytreexmlparser.api.ErrorHandler
[ERROR] /project/src/main/java/com/programmingskillz/familytreexmlparser/api/ErrorHandler.java:[16,34] cannot find symbol
[ERROR]   symbol:   variable HttpStatus
[ERROR]   location: class com.programmingskillz.familytreexmlparser.api.ErrorHandler
[ERROR] /project/src/main/java/com/programmingskillz/familytreexmlparser/api/ErrorHandler.java:[16,12] cannot find symbol
[ERROR]   symbol:   variable ResponseEntity
[ERROR]   location: class com.programmingskillz.familytreexmlparser.api.ErrorHandler
[ERROR] /project/src/main/java/com/programmingskillz/familytreexmlparser/api/ErrorHandler.java:[24,22] cannot find symbol
[ERROR]   symbol:   variable MediaType
[ERROR]   location: class com.programmingskillz.familytreexmlparser.api.ErrorHandler
[ERROR] /project/src/main/java/com/programmingskillz/familytreexmlparser/api/ErrorHandler.java:[23,34] cannot find symbol
[ERROR]   symbol:   variable HttpStatus
[ERROR]   location: class com.programmingskillz.familytreexmlparser.api.ErrorHandler
[ERROR] /project/src/main/java/com/programmingskillz/familytreexmlparser/api/ErrorHandler.java:[23,12] cannot find symbol
[ERROR]   symbol:   variable ResponseEntity
[ERROR]   location: class com.programmingskillz.familytreexmlparser.api.ErrorHandler
[ERROR] -> [Help 1]
[ERROR] 
[ERROR] To see the full stack trace of the errors, re-run Maven with the -e switch.
[ERROR] Re-run Maven using the -X switch to enable full debug logging.
[ERROR] 
[ERROR] For more information about the errors and possible solutions, please read the following articles:
[ERROR] [Help 1] http://cwiki.apache.org/confluence/display/MAVEN/MojoFailureException
